mun_upp,CNPJ,TELEFONE,CIDADE,ESTADO,ENDERECO,PRODUTO,CREDENCIADO,BAIRRO,RAMO_ATIVIDADE,bairro_upp
ABAIARA,2846511000154,,Abaiara,CE,VL SAO JOSE DAS LAJES 32,CARTAO CEARA SEM FOME,SAO JOSE SUPERMERCADO,Centro,Supermercado,CENTRO
ABAIARA,10410965000106,,Abaiara,CE,R JOSE LEITE TAVARES 120,CARTAO CEARA SEM FOME,MERCANTIL DOIS IRMAOS,Centro,Mercado / Mini Mercado,CENTRO
ABAIARA,11386012000112,,Abaiara,CE,R MIZAEL ALVES MEDEIRO 302,CARTAO CEARA SEM FOME,MERCANTIL OLIVEIRA,Centro,Mercado / Mini Mercado,CENTRO
ABAIARA,41466210000157,,Abaiara,CE,AV CEL HUMBERTO BEZERRA 297,CARTAO CEARA SEM FOME,VALDEMIRO JOAO DE OLIVEIRA,Centro,Mercado / Mini Mercado,CENTRO
ABAIARA,69368983000110,,Abaiara,CE,R EXPEDITO O DAS NEVES 59,CARTAO CEARA SEM FOME,MERCADINHO WILSON,Centro,Mercado / Mini Mercado,CENTRO
ABAIARA,86841855000160,(88) 3558-1175,Abaiara,CE,AV CORONEL HUMBERTO BEZERRA 30,CARTAO CEARA SEM FOME,MERCEARIA SAO JOSE,Centro,Mercado / Mini Mercado,CENTRO
ACARAPE,3659467000136,(85) 9612-2636,Acarape,CE,R HENRIQUE BESSA 199,CARTAO CEARA SEM FOME,COMERCIAL PARAISO,Centro,Mercado / Mini Mercado,CENTRO
ACARAPE,7486451000120,(85) 9871-48200,Acarape,CE,R JOSE GUILHERME COSTA 124,CARTAO CEARA SEM FOME,SUPERMERCADO TEND TUDO,Centro,Mercado / Mini Mercado,CENTRO
ACARAPE,9517617000820,,Acarape,CE,AV HELLADIO VASCONCELOS FERREIRA 106,CARTAO CEARA SEM FOME,SUPER TELEFRANGO,Centro,Supermercado,CENTRO
ACARAPE,26733875000196,(85) 3332-1001,Acarape,CE,R JOSE CRISTINO 155,CARTAO CEARA SEM FOME,MERCANTIL ALIANÇA,Centro,Mercado / Mini Mercado,CENTRO
ACARAPE,49595032000176,(88) 9852-58141,Acarape,CE,HENRIQUE BESSA 65,CARTAO CEARA SEM FOME,SUPERMERCADO ALIANCA,Centro,Supermercado,CENTRO
ACARAÚ,4163766001705,(85) 4008-2410,Acaraú,CE,rua coronel sales s/n,CARTAO CEARA SEM FOME,MERCADO BOM VIZINHO,Centro,Supermercado,CENTRO
ACARAÚ,11359718000195,,Acaraú,CE,LIVINO GRACIANO DA SILVEIRA 05,CARTAO CEARA SEM FOME,JURITIANHA COMERCIO,Centro,Mercado / Mini Mercado,CENTRO
ACARAÚ,12289475000200,(88) 3667-1690,Acaraú,CE,"RUA CORONEL SALES, 290  ",CARTAO CEARA SEM FOME,SUPERMERCADO BOM JES,CENTRO,Supermercado,CENTRO
ACARAÚ,12524164000105,(88) 9631-9897,Acaraú,CE,AV JOSE MONTEIRO DE MELO 1180,CARTAO CEARA SEM FOME,MERCADINHO LIDERANCA,Centro,Mercado / Mini Mercado,CENTRO
ACARAÚ,14571468000140,,Acaraú,CE,R PEDRO LOURENCO DA ROCHA SN,CARTAO CEARA SEM FOME,SUPER BOM PREÇO,Centro,Supermercado,CENTRO
ACARAÚ,15049735000187,,Acaraú,CE,R MIGUEL ARCANJO MENEZES 323,CARTAO CEARA SEM FOME,SUPERMERCADO BOM PRECO,Centro,Supermercado,CENTRO
ACARAÚ,16435559000184,(88) 2140-0626,Acaraú,CE,R EXPEDITO FARIAS 259,CARTAO CEARA SEM FOME,MERCANTIL C & E,Centro,Mercado / Mini Mercado,CENTRO
ACARAÚ,17030442000183,,Acaraú,CE,R EXPEDITO FARIAS 328,CARTAO CEARA SEM FOME,PORTO SEGURO MERCANTIL,Centro,Supermercado,CENTRO
ACARAÚ,17030442000345,(85) 9843-12997,Acaraú,CE,AV GERALDO LOPES 46,CARTAO CEARA SEM FOME,PORTO SEGURO SUPERMERCADO,Centro,Supermercado,CENTRO
ACARAÚ,23454210000155,,Acaraú,CE,R DEPUTADO AMADEU GOMES 64,CARTAO CEARA SEM FOME,FRIGOMAX,Centro,Açougue,CENTRO
ACARAÚ,26722878000124,,Acaraú,CE,R MARIA ADEZIA DE ALBUQUERQUE 14,CARTAO CEARA SEM FOME,MERCEARIA GERALDO NONATO,Centro,Mercado / Mini Mercado,CENTRO
ACARAÚ,28086399000194,,Acaraú,CE,R POVOADO DE IMBE SN,CARTAO CEARA SEM FOME,MERCADINHO M.A.C.,Centro,Mercado / Mini Mercado,CENTRO
ACARAÚ,30721896000169,,Acaraú,CE,AV DESEMBARGADOR ARMANDO DE SOUZA LOUZAD 105,CARTAO CEARA SEM FOME,DATERRA,Centro,Supermercado,CENTRO
ACARAÚ,32768826000191,,Acaraú,CE,hugo martins 331,CARTAO CEARA SEM FOME,ATACADO DO VALE,Centro,Mercado / Mini Mercado,CENTRO
ACARAÚ,42757235000172,,Acaraú,CE,itapuan sn,CARTAO CEARA SEM FOME,MERCADINHO DO EKSON,Centro,Mercado / Mini Mercado,CENTRO
ACARAÚ,47681966000103,,Acaraú,CE,NEON SALES LOPES 255,CARTAO CEARA SEM FOME,MERCADINHO POMPEU,Centro,Mercado / Mini Mercado,CENTRO
ACARAÚ,49317071000101,,Acaraú,CE,AV JOAO JAIME FERREIRA GOMES 349,CARTAO CEARA SEM FOME,PARAISO DAS FRUTAS HORTIFRUTI,Centro,Mercado / Mini Mercado,CENTRO
ACARAÚ,50122821000179,,Acaraú,CE,R EXPEDITO JOSE SOUSA FARIAS 305,CARTAO CEARA SEM FOME,SUPER LIDERANCA ATACADISTA,Centro,Mercado / Mini Mercado,CENTRO
ACARAÚ,53569896000190,,Acaraú,CE,R LIVINO GRACIANO DA SILVEIRA 25,CARTAO CEARA SEM FOME,PR MERCANTIL,Centro,Mercado / Mini Mercado,CENTRO
ACOPIARA,148553000196,(88) 9972-93613,Acopiara,CE,R PEDRO ALVES 534,CARTAO CEARA SEM FOME,MERCADINHO AIRES,Centro,Mercado / Mini Mercado,CENTRO
ACOPIARA,783328000121,,Acopiara,CE,MARECHAL DEODORO 397,CARTAO CEARA SEM FOME,MERCANTIL MANIA,Centro,Mercado / Mini Mercado,CENTRO
ACOPIARA,5456000000114,(88) 3565-0098,Acopiara,CE,PADRE LEOPOLDO ROLIM 62,CARTAO CEARA SEM FOME,MERCADINHO SAO FRANCISCO,Centro,Mercado / Mini Mercado,CENTRO
ACOPIARA,5999148000103,(88) 3565-0714,Acopiara,CE,"AVENIDA CAZUZINHA MARQUES, N 154 ",CARTAO CEARA SEM FOME,MERCANTIL ALBUQUERQUE,CENTRO,Mercado / Mini Mercado,CENTRO
ACOPIARA,7009673000151,(88) 9815-28067,Acopiara,CE,MARECHAL DEODORO 445 A,CARTAO CEARA SEM FOME,J CLEANTO SUPERMERCADO,Centro,Mercado / Mini Mercado,CENTRO
ACOPIARA,9078872000147,,Acopiara,CE,R FRANCISCO GURGEL VALENTE 155,CARTAO CEARA SEM FOME,FRIGOTIL,Centro,Mercado / Mini Mercado,CENTRO
ACOPIARA,9305029000660,(88) 3561-2361,Acopiara,CE,AV JOSE MARQUES FILHO 54,CARTAO CEARA SEM FOME,SUPER QUEIROZ,Centro,Supermercado,CENTRO
ACOPIARA,10674571000165,,Acopiara,CE,AV LINDOVAL JOSE DE LIMA 377,CARTAO CEARA SEM FOME,MERCANTIL ARTUR,Centro,Mercado / Mini Mercado,CENTRO
ACOPIARA,14693909000187,,Acopiara,CE,AV PEDRO ALVES DE OLIVEIRA 631,CARTAO CEARA SEM FOME,ACOPIFRIOS,Centro,Outros,CENTRO
ACOPIARA,15496610000103,,Acopiara,CE,JOSE DE MORAES PINHO 718,CARTAO CEARA SEM FOME,MERCADINHO MARTINS,Centro,Mercado / Mini Mercado,CENTRO
ACOPIARA,20528192000110,(88) 3581-4905,Acopiara,CE,R MUTIRAO IV 86,CARTAO CEARA SEM FOME,CICERA DA SILVA,Centro,Loja de Armarinho,CENTRO
ACOPIARA,24657301000150,,Acopiara,CE,TANCREDO NEVES 243,CARTAO CEARA SEM FOME,VAREJAO RENATO,Centro,Mercado / Mini Mercado,CENTRO
ACOPIARA,30227040000131,,Acopiara,CE,JOSE DE MORAIS PINHO 783,CARTAO CEARA SEM FOME,MERCADINHO CENTRAL,Centro,Mercado / Mini Mercado,CENTRO
ACOPIARA,32939299000130,,Acopiara,CE,R LUIZ GONZAGA DE MENDONCA 25,CARTAO CEARA SEM FOME,DI VARIEDADES,Centro,Mercado / Mini Mercado,CENTRO
ACOPIARA,37379541000182,,Acopiara,CE,LINDOVAL JOSE LIMA 383,CARTAO CEARA SEM FOME,FRIGORIFICO BOI FORTE,Centro,Açougue,CENTRO
ACOPIARA,47002585000142,,Acopiara,CE,SIT SITIO SANTA LUZIA SN,CARTAO CEARA SEM FOME,MERCADINHO CASA DO PÃO,Centro,Mercado / Mini Mercado,CENTRO
ACOPIARA,50484262000147,,Acopiara,CE,R NOSSA SENHORA DO CARMO 01,CARTAO CEARA SEM FOME,FRIGORIFICO CARVALHO,Centro,Frigorifico,CENTRO
AIUABA,12799765000112,,Aiuaba,CE,santa rita 80,CARTAO CEARA SEM FOME,MERCADINHO ANDRADE E VARIEDADES,Centro,Mercado / Mini Mercado,CENTRO
AIUABA,13172626000127,(88) 9932-65428,Aiuaba,CE,JOSE MORAIS FEITOSA 104,CARTAO CEARA SEM FOME,MERCANTIL CAICARA,Centro,Mercado / Mini Mercado,CENTRO
AIUABA,15536611000126,,Aiuaba,CE,OTONIO DE ANDRADE 101,CARTAO CEARA SEM FOME,AKI FRIOS,Centro,Mercado / Mini Mercado,CENTRO
AIUABA,21891952000112,(88) 9997-42855,Aiuaba,CE,R ANTONIO BATISTA CAVALCANTE 81,CARTAO CEARA SEM FOME,MERCANTIL BATISTA,Centro,Mercado / Mini Mercado,CENTRO
AIUABA,23299558000115,,Aiuaba,CE,SIT ASSENTAMENTO CHAPADA DAS MELANCIAS 114,CARTAO CEARA SEM FOME,MERCANTIL NOSSA SENHORA DA CONCEICAO,Centro,Mercado / Mini Mercado,CENTRO
AIUABA,23335189000179,,Aiuaba,CE,R ARMANDO FEITOSA 150,CARTAO CEARA SEM FOME,MERCADINHO DISK AGUA,Centro,Mercado / Mini Mercado,CENTRO
AIUABA,26967768000122,(88) 9944-05732,Aiuaba,CE,R FRANCISCO ALVES ROCHA 52,CARTAO CEARA SEM FOME,MERCADINHO PAIVA,Centro,Mercado / Mini Mercado,CENTRO
AIUABA,30530716000161,(88) 9803-23959,Aiuaba,CE,R RUA DO COMERCIO 05,CARTAO CEARA SEM FOME,MERCEARIA AIUABA,Centro,Mercado / Mini Mercado,CENTRO
AIUABA,35113086000143,(88) 9818-72427,Aiuaba,CE,R LEANDRO DE MORAIS FEITSOA 53,CARTAO CEARA SEM FOME,MERCADINHO ALCANTARA,Centro,Mercado / Mini Mercado,CENTRO
AIUABA,35501392000157,,Aiuaba,CE,FRANCISCO VALDEVINO SOUSA 31,CARTAO CEARA SEM FOME,JUAREZ VILAR,Centro,Mercado / Mini Mercado,CENTRO
AIUABA,44212732000110,,Aiuaba,CE,R BENTO HERCULES 11,CARTAO CEARA SEM FOME,IMPERIO VARIEDADES,Centro,Mercado / Mini Mercado,CENTRO
AIUABA,47118478000184,(41) 9983-95973,Aiuaba,CE,R JOSE FEREIRA BARBOSA 36,CARTAO CEARA SEM FOME,FG MERCADINHO,Centro,Supermercado,CENTRO
AIUABA,47589230000100,,Aiuaba,CE,nicolau 49,CARTAO CEARA SEM FOME,MERCADINHO SOUSA LAR,Centro,Mercado / Mini Mercado,CENTRO
AIUABA,60014182000181,,Aiuaba,CE,R ANTONIO BATISTA CAVALCANTE 81,CARTAO CEARA SEM FOME,MERCANTIL BATISTA,Centro,Mercado / Mini Mercado,CENTRO
AIUABA,72537939000109,,Aiuaba,CE,R RAIMUNDO DIAS DE OLIVEIRA 92,CARTAO CEARA SEM FOME,MERCANTIL ANDRADE,Centro,Mercado / Mini Mercado,CENTRO
ALCÂNTARAS,7595949000120,,Alcântaras,CE,DT DE CARMOLANDIA SN,CARTAO CEARA SEM FOME,MERCEARIA O PEDRO,Centro,Mercado / Mini Mercado,CENTRO
ALCÂNTARAS,9079125000123,,Alcântaras,CE,AV ANTONIO ROCHA FREIRE 525,CARTAO CEARA SEM FOME,TUDO DE BOM SUPERMERCADO,Centro,Supermercado,CENTRO
ALCÂNTARAS,12308391000195,(88) 9942-64015,Alcântaras,CE,R ANTONINO CUNHA S/N,CARTAO CEARA SEM FOME,MERCADINHO O MARICOTA,Centro,Mercado / Mini Mercado,CENTRO
ALCÂNTARAS,35381158000133,,Alcântaras,CE,JOAQUIM CARVALHO SN,CARTAO CEARA SEM FOME,MERCANTIL FAMILIA,Centro,Mercado / Mini Mercado,CENTRO
ALCÂNTARAS,41288416000134,,Alcântaras,CE,ANTONIO CUNHA SN,CARTAO CEARA SEM FOME,MERCANTIL MENEZES,Centro,Mercado / Mini Mercado,CENTRO
ALCÂNTARAS,41459108000124,(88) 9941-91081,Alcântaras,CE,PC VIRGILIO TAVORA 16,CARTAO CEARA SEM FOME,MERCADINHO MANOEL TIBUCIO,Centro,Supermercado,CENTRO
ALCÂNTARAS,43818777000170,,Alcântaras,CE,DT CARMOLANDIA 170,CARTAO CEARA SEM FOME,MERCADINHO ROMARIO,Centro,Mercado / Mini Mercado,CENTRO
ALTANEIRA,30394710000104,,Altaneira,CE,JOSE RUFINO OLIVEIRA 038,CARTAO CEARA SEM FOME,MERCANTIL PADRE CICERO,Centro,Mercado / Mini Mercado,CENTRO
ALTANEIRA,36998328000196,,Altaneira,CE,PADRE AGAMENON COELHO 590,CARTAO CEARA SEM FOME,MERCANTIL FERNANDES,Centro,Mercado / Mini Mercado,CENTRO
ALTANEIRA,41216152000103,,Altaneira,CE,TV FURTADO LEITE 0479,CARTAO CEARA SEM FOME,TUTUMON,Centro,Mercado / Mini Mercado,CENTRO
ALTO SANTO,4260160000120,,Alto Santo,CE,R JOAQUIM DE PAULA 371,CARTAO CEARA SEM FOME,MERCADINHO DAS FRUTAS,Centro,Mercado / Mini Mercado,CENTRO
ALTO SANTO,4330747000169,(88) 3423-1514,Alto Santo,CE,R JOAQUIM DE PAULA NOGUEIRA s/n,CARTAO CEARA SEM FOME,MERCADINHO G M,Centro,Mercado / Mini Mercado,CENTRO
ALTO SANTO,10435623000140,(88) 9922-52318,Alto Santo,CE,R JOAQUIM DE PAULA NOGUEIRA 64,CARTAO CEARA SEM FOME,CASA SALDANHA,Centro,Mercado / Mini Mercado,CENTRO
ALTO SANTO,13272050000170,(88) 3423-1514,Alto Santo,CE,SIT JARDIM S/N,CARTAO CEARA SEM FOME,FRIGORIFICO E MERCADINHO JARDIM,Centro,Frigorifico,CENTRO
ALTO SANTO,15094529000199,(88) 3429-1254,Alto Santo,CE,R CEL SIMPLICIO BEZERRA 354,CARTAO CEARA SEM FOME,MERCADINHO DO FLAVIO,Centro,Mercado / Mini Mercado,CENTRO
ALTO SANTO,21866044000179,(85) 9872-61244,Alto Santo,CE,R JOAQUIM DE PAULO NOGUEIRA 334,CARTAO CEARA SEM FOME,C D DISTRIBUIDORA,Centro,Supermercado,CENTRO
ALTO SANTO,28863612000127,(85) 9976-83952,Alto Santo,CE,CJ H SANTA TEREZINHA 37,CARTAO CEARA SEM FOME,MERCADINHO ALVES,Centro,Mercado / Mini Mercado,CENTRO
AMONTADA,9386560000109,,Amontada,CE,AV SARGENTO FRANCISCO DE CASTRO 1107,CARTAO CEARA SEM FOME,PONTO CERTO SUPERMERCADO E CONSTRUCAO,Centro,Supermercado,CENTRO
AMONTADA,11335733000284,,Amontada,CE,R ADERBAL PRACIANO SAMPAIO 1128,CARTAO CEARA SEM FOME,SUPERMERCADO O DANIEL II,Centro,Supermercado,CENTRO
AMONTADA,14854132000195,(88) 9971-41091,Amontada,CE,R FRANCISCO HENRIQUE RODRIGUES 147,CARTAO CEARA SEM FOME,MERCADINHO ZE PRETO,Centro,Mercado / Mini Mercado,CENTRO
AMONTADA,18298945000105,,Amontada,CE,R POVOADO MIRINDUBA SN,CARTAO CEARA SEM FOME,COMERCIAL JOAS,Centro,Mercado / Mini Mercado,CENTRO
AMONTADA,19215943000160,,Amontada,CE,AV JOSE AGENOR HENRIQUE 524,CARTAO CEARA SEM FOME,COMERCIAL MUNDIAL,Centro,Mercado / Mini Mercado,CENTRO
AMONTADA,23151812000214,,Amontada,CE,PC CEL ANTONIO BELO 595,CARTAO CEARA SEM FOME,SEU ATACAREJO,Centro,Supermercado,CENTRO
AMONTADA,26708192000189,,Amontada,CE,R PADRE PEDRO VITORINO 907,CARTAO CEARA SEM FOME,ASP ALIMENTOS,Centro,Supermercado,CENTRO
AMONTADA,34514019000178,,Amontada,CE,COM campo grande 3,CARTAO CEARA SEM FOME,MERCADINHO DONA MARTA,Centro,Mercado / Mini Mercado,CENTRO
AMONTADA,36396374000115,,Amontada,CE,R PROFESSORA MARIA TOME 703,CARTAO CEARA SEM FOME,COOPRANORTE,Centro,Cooperativa,CENTRO
AMONTADA,41911287000199,,Amontada,CE,COM GARCAS SN,CARTAO CEARA SEM FOME,COMERCIAL BOM PREÇO,Centro,Mercado / Mini Mercado,CENTRO
AMONTADA,47087188000110,,Amontada,CE,10 R PROFESSORA MARIA TOME DOS SANTOS 615,CARTAO CEARA SEM FOME,MERCADINHO JK,Centro,Mercado / Mini Mercado,CENTRO
AMONTADA,48079257000107,,Amontada,CE,R DOUTOR LUIZ HENRIQUE 768,CARTAO CEARA SEM FOME,MERCADINHO FABIANO,Centro,Mercado / Mini Mercado,CENTRO
AMONTADA,49636071000174,,Amontada,CE,DT PV MATILHA s/n,CARTAO CEARA SEM FOME,MERCANTIL MUNIZ,Centro,Mercado / Mini Mercado,CENTRO
AMONTADA,86886496000168,,Amontada,CE,Alfredo Rodrigues 609,CARTAO CEARA SEM FOME,JACINTO SUPERMERCADO,Centro,Mercado / Mini Mercado,CENTRO
ANTONINA DO NORTE,1645249000117,(88) 9935-73022,Antonina do Norte,CE,ROSENO DE MATOS 41,CARTAO CEARA SEM FOME,MERCADINHO SAO JOAO,Centro,Mercado / Mini Mercado,CENTRO
ANTONINA DO NORTE,3035716000112,,Antonina do Norte,CE,ROSENO DE MATOS 29,CARTAO CEARA SEM FOME,MERCADINHO DAS FRUTAS,Centro,Mercado / Mini Mercado,CENTRO
ANTONINA DO NORTE,8834307000108,(88) 8811-1239,Antonina do Norte,CE,R JOAQUIM ELIZEU 122,CARTAO CEARA SEM FOME,MERCADINHO SANTA MONICA,Centro,Mercado / Mini Mercado,CENTRO
ANTONINA DO NORTE,10348863000108,,Antonina do Norte,CE,R JOAO FERREIRA LIMA 163,CARTAO CEARA SEM FOME,MERCADINHO DO JAILSON,Centro,Mercado / Mini Mercado,CENTRO
ANTONINA DO NORTE,11652358000115,,Antonina do Norte,CE,CEL VIRGILIO TAVORA 53,CARTAO CEARA SEM FOME,RAIMUNDO IZAEL BARBOSA DE SOUSA,Centro,Mercado / Mini Mercado,CENTRO
ANTONINA DO NORTE,13229862000132,(88) 9941-33107,Antonina do Norte,CE,AV JOSE ELVIDIO DE ALENCAR 126,CARTAO CEARA SEM FOME,MERCADINHO ISABEL,Centro,Mercado / Mini Mercado,CENTRO
ANTONINA DO NORTE,14147184000121,(88) 9935-79339,Antonina do Norte,CE,AV NELITO MENDES 440,CARTAO CEARA SEM FOME,MERCADINHO E DEPOSITO DE BEBIDAS PARA TODOS,Centro,Supermercado,CENTRO
ANTONINA DO NORTE,15771459000166,(88) 9949-85184,Antonina do Norte,CE,R JOSE DUCA 121,CARTAO CEARA SEM FOME,MERCANTIL ARRIEGUA,Centro,Supermercado,CENTRO
ANTONINA DO NORTE,32811364000148,,Antonina do Norte,CE,MANOEL MOTA 48,CARTAO CEARA SEM FOME,MERCANTIL BATISTA,Centro,Mercado / Mini Mercado,CENTRO
ANTONINA DO NORTE,54350708000100,,Antonina do Norte,CE,10 R JOSE LINARD DE LIMA 152,CARTAO CEARA SEM FOME,MERCADINHO CENTRAL DA ECONOMIA,Centro,Mercado / Mini Mercado,CENTRO
APUIARÉS,284156000141,(85) 9928-82435,Apuiarés,CE,R 25 DE JANEIRO 203,CARTAO CEARA SEM FOME,MERCEARIA O HERMINIO,Centro,Mercado / Mini Mercado,CENTRO
APUIARÉS,2893372000110,,Apuiarés,CE,R VICENTE ALVES 104,CARTAO CEARA SEM FOME,SUPERMERCADO PEDRO FILHO,Centro,Supermercado,CENTRO
APUIARÉS,7337830000158,(85) 3356-1310,Apuiarés,CE,AV GOMES DA SILVA 64,CARTAO CEARA SEM FOME,MERCANTIL SAO SEBASTIAO,Centro,Mercado / Mini Mercado,CENTRO
APUIARÉS,12058700000116,(85) 3352-2371,Apuiarés,CE,R 25 DE JANEIRO 198,CARTAO CEARA SEM FOME,MERCADINHO E FRIGORIFICO SANTO ESTEVAO,Centro,Mercado / Mini Mercado,CENTRO
APUIARÉS,17257815000404,,Apuiarés,CE,R 25 DE JANEIRO 259,CARTAO CEARA SEM FOME,PARA TY SUPERMERCADOS,Centro,Supermercado,CENTRO
APUIARÉS,23475858000108,,Apuiarés,CE,R 25 DE JANEIRO 123,CARTAO CEARA SEM FOME,MERCEARIA E PADARIA NOSSA SENHORA DAS GRACAS,Centro,Padaria,CENTRO
APUIARÉS,38079487000112,(85) 9927-52379,Apuiarés,CE,R 15 DE AGOSTO 68,CARTAO CEARA SEM FOME,MERCANTIL O DAMILO,Centro,Supermercado,CENTRO
APUIARÉS,43975728000141,,Apuiarés,CE,PC JOSE CAMILO ALVES 74,CARTAO CEARA SEM FOME,MERCADINHO ALMEIDA,Centro,Mercado / Mini Mercado,CENTRO
AQUIRAZ,1065693000163,(85) 3361-2274,Aquiraz,CE,TIBURCIO TARGINO 236,CARTAO CEARA SEM FOME,FRIGORIFICO PONTO DA CARNE,Centro,Açougue,CENTRO
AQUIRAZ,1183036000110,(85) 3260-1307,Aquiraz,CE,ROD PIRANHA sn,CARTAO CEARA SEM FOME,MERCEARIA DOIS IRMAOS,Centro,Mercado / Mini Mercado,CENTRO
AQUIRAZ,1354466000158,(85) 3274-9414,Aquiraz,CE,R MANOEL FELICIANO DE LIMA 3560,CARTAO CEARA SEM FOME,MERCADINHO E RESTAURANTE BENJAMIM,Centro,Mercado / Mini Mercado,CENTRO
AQUIRAZ,1647277000173,,Aquiraz,CE,R CEL OSVALDO STUDART SN,CARTAO CEARA SEM FOME,MERCADINHO LITINHO,Centro,Mercado / Mini Mercado,CENTRO
AQUIRAZ,3795367000137,(85) 3276-6289,Aquiraz,CE,R FRANCISCO DA SILVA SAMPAIO SN,CARTAO CEARA SEM FOME,MERCADINHO O MANINHO,Centro,Mercado / Mini Mercado,CENTRO
AQUIRAZ,4163766002191,(85) 4008-2414,Aquiraz,CE,AV NOSSA SENHORA DE LOURDES 77,CARTAO CEARA SEM FOME,SUPERMERCADO PINHEIRO - O BOM VIZINHO,Centro,Supermercado,CENTRO
AQUIRAZ,4163766002515,,Aquiraz,CE,LOT PORTO DAS DUNAS SN,CARTAO CEARA SEM FOME,SUPERMERCADO PINHEIRO - O BOM VIZINHO,Porto das Dunas,Supermercado,PORTO DAS DUNAS
AQUIRAZ,5052688000177,,Aquiraz,CE,R FREI MARCELINO SN,CARTAO CEARA SEM FOME,CHURRASCARIA O FAUSTINO E FAMILIA,Centro,Mercado / Mini Mercado,CENTRO
AQUIRAZ,6248245000119,,Aquiraz,CE,R TIBURCIO TARGINO 535,CARTAO CEARA SEM FOME,MERCADINHO O RAIMUNDINHO,Centro,Mercado / Mini Mercado,CENTRO
AQUIRAZ,6248245000380,(85) 3361-2600,Aquiraz,CE,ROD CE 453 4050,CARTAO CEARA SEM FOME,ALBANO E ALBANO,Centro,Mercado / Mini Mercado,CENTRO
AQUIRAZ,6248245000461,(85) 3361-1158,Aquiraz,CE,ROD CE 453 1750,CARTAO CEARA SEM FOME,SUPER RAIMUNDINHO,Centro,Supermercado,CENTRO
AQUIRAZ,7047781000119,(85) 9872-4910,Aquiraz,CE,R SIRI 128,CARTAO CEARA SEM FOME,MERCADINHO GOLIA,Porto das Dunas,Supermercado,PORTO DAS DUNAS
AQUIRAZ,7345002000161,(85) 3361-2600,Aquiraz,CE,AV MENINO JESUS DE PRAGA 0,CARTAO CEARA SEM FOME,MERCADINHO EUDES,Centro,Mercado / Mini Mercado,CENTRO
AQUIRAZ,7617866000195,(85) 3361-2600,Aquiraz,CE,R PAULINO DE OLIVEIRA 20,CARTAO CEARA SEM FOME,MERCADINHO O IRMAO,Centro,Supermercado,CENTRO
AQUIRAZ,7649433000111,(85) 3361-2600,Aquiraz,CE,R CEL OSWALDO STUDART 80,CARTAO CEARA SEM FOME,COMERCIAL G&M,Centro,Supermercado,CENTRO
AQUIRAZ,7912892000146,(82) 9888-44142,Aquiraz,CE,R TIBURCIO TARGINO 404,CARTAO CEARA SEM FOME,MERCADINHO PAULO DO QUENGAO,Centro,Supermercado,CENTRO
AQUIRAZ,8374047000127,(85) 3361-6247,Aquiraz,CE,R MARIA PACATUBA 86,CARTAO CEARA SEM FOME,MERCANTIL FRUTAS RITINHA,Centro,Mercado / Mini Mercado,CENTRO
AQUIRAZ,8380922000183,,Aquiraz,CE,AV MAR MEDITERRANEO 361,CARTAO CEARA SEM FOME,MERCADINHO AREIA BRANCA,Centro,Mercado / Mini Mercado,CENTRO
AQUIRAZ,9020392000125,,Aquiraz,CE,AC PV ARACAZINHO SN,CARTAO CEARA SEM FOME,MERCADINHO OLIVEIRA,Centro,Mercado / Mini Mercado,CENTRO
AQUIRAZ,10157481000105,(85) 3361-1110,Aquiraz,CE,AV SANTOS DUMONT 775,CARTAO CEARA SEM FOME,MERCADINHO JF,Centro,Mercado / Mini Mercado,CENTRO
AQUIRAZ,10189537000103,(85) 3375-1056,Aquiraz,CE,DT POVOADO DE ARACAS 0,CARTAO CEARA SEM FOME,MERCADINHO ARAÇA,Centro,Supermercado,CENTRO
AQUIRAZ,10358163000102,(85) 3091-3545,Aquiraz,CE,AV OCEANO ATLANTICO - CE 025 23,CARTAO CEARA SEM FOME,MERCADINHO DA ONDA,Porto das Dunas,Supermercado,PORTO DAS DUNAS
AQUIRAZ,10718204000116,(85) 8803-0431,Aquiraz,CE,7 DE SETEMBRO S/N,CARTAO CEARA SEM FOME,BAR E MERCANTIL A FAVORITTA,Centro,Mercado / Mini Mercado,CENTRO
AQUIRAZ,11333644000118,(85) 3260-9693,Aquiraz,CE,R ZILMA ASSUNCAO PIRES 248,CARTAO CEARA SEM FOME,MERCADINHO JURANDIR,Centro,Mercado / Mini Mercado,CENTRO
AQUIRAZ,12448530000186,,Aquiraz,CE,R ISIDORO ASSUNCAO FILHO 95,CARTAO CEARA SEM FOME,MERCADINHO VAL,Centro,Mercado / Mini Mercado,CENTRO
AQUIRAZ,14070046000191,(85) 8534-7597,Aquiraz,CE,AV MANOEL FELICIANO DE LIMA 0,CARTAO CEARA SEM FOME,PADARIA SANTANA,Centro,Padaria,CENTRO
AQUIRAZ,15099833000129,(85) 4012-2954,Aquiraz,CE,ROD BR 116 SN,CARTAO CEARA SEM FOME,LAREDO FOOD SERVICE,Centro,Supermercado,CENTRO
AQUIRAZ,16785684000629,,Aquiraz,CE,AV CAMINHO DO SOL SN,CARTAO CEARA SEM FOME,CARNAUBA SUPERMERCADOS,Porto das Dunas,Supermercado,PORTO DAS DUNAS
AQUIRAZ,18549116000140,(85) 8731-2624,Aquiraz,CE,R VIRGILIO COELHO 487,CARTAO CEARA SEM FOME,MERCADINHO MARCELO,Centro,Supermercado,CENTRO
AQUIRAZ,18813064000177,,Aquiraz,CE,ROD CE 040 SN,CARTAO CEARA SEM FOME,COOPAFESP,Centro,Cooperativa,CENTRO
AQUIRAZ,23716100000114,(85) 9877-8555,Aquiraz,CE,R FRANCISCA FAUSTINO DE CASTRO 1294,CARTAO CEARA SEM FOME,MERCADINHO E FRIGORIFICO WILROSE,Centro,Supermercado,CENTRO
AQUIRAZ,30156212000123,,Aquiraz,CE,R DA IGREJA 348,CARTAO CEARA SEM FOME,AIRTON MERCADINHO,Centro,Mercado / Mini Mercado,CENTRO
AQUIRAZ,31351191000160,(85) 9866-08690,Aquiraz,CE,DO BONITO sn,CARTAO CEARA SEM FOME,MERCADINHO O CARLOS,Centro,Mercado / Mini Mercado,CENTRO
AQUIRAZ,32581727000104,(85) 3253-7672,Aquiraz,CE,CEL OSWALDO STUDART 143,CARTAO CEARA SEM FOME,CAMARAO BRASILLIS,Centro,Peixaria,CENTRO
AQUIRAZ,33283627000156,(85) 9718-3080,Aquiraz,CE,AV CE 107 CAMINHO IGUAPE 2 0,CARTAO CEARA SEM FOME,MERCADINHO 2 IRMAOS,Centro,Supermercado,CENTRO
AQUIRAZ,33811587000178,(85) 9704-4215,Aquiraz,CE,ROD CE 453 4050,CARTAO CEARA SEM FOME,CAMINHO DO MAR COMERCIO LOCACOES E SERVICOS,Centro,Supermercado,CENTRO
AQUIRAZ,38235728000175,(85) 9193-3637,Aquiraz,CE,AV CAMINHO DO SOL 2302,CARTAO CEARA SEM FOME,PRIME BEEF PORTO DAS DUNAS,Porto das Dunas,Açougue,PORTO DAS DUNAS
AQUIRAZ,39551586000118,,Aquiraz,CE,R TIBURCIO TARGINO 669,CARTAO CEARA SEM FOME,AQUI CARNES,Centro,Açougue,CENTRO
AQUIRAZ,40490001000186,,Aquiraz,CE,São João S/N,CARTAO CEARA SEM FOME,PADARIA E CONFEITARIA O NETO,Centro,Padaria,CENTRO
AQUIRAZ,40830290000115,,Aquiraz,CE,R ANGELICA 819,CARTAO CEARA SEM FOME,MARP,Centro,Padaria,CENTRO
AQUIRAZ,41332214000142,(85) 8806-9059,Aquiraz,CE,AV MENINO JESUS DE PRAGA SN,CARTAO CEARA SEM FOME,MERCANTIL O CARLITO,Centro,Mercado / Mini Mercado,CENTRO
AQUIRAZ,41449745000110,(85) 3361-7248,Aquiraz,CE,LOC 23 1555,CARTAO CEARA SEM FOME,ANTENAS MERCADINHO,Centro,Mercado / Mini Mercado,CENTRO
AQUIRAZ,48061637000114,(85) 8653-4276,Aquiraz,CE,10AV AV BEIRA MAR 0,CARTAO CEARA SEM FOME,BARRACA BEIRA MAR,Centro,Restaurante,CENTRO
AQUIRAZ,49612596000170,(85) 8700-9195,Aquiraz,CE,10 R TIBURCIO TARGINO 1550,CARTAO CEARA SEM FOME,MERCADINHO AQUIRAZ,Centro,Mercado / Mini Mercado,CENTRO
AQUIRAZ,58942604000137,,Aquiraz,CE,AV CE 107 - CAMINHO IGUAPE 2 SN,CARTAO CEARA SEM FOME,SUPER 2 IRMAOS,Centro,Mercado / Mini Mercado,CENTRO
AQUIRAZ,69373751000311,(85) 8692-3032,Aquiraz,CE,AV MANUEL FELICIANO DE LIMA 4807,CARTAO CEARA SEM FOME,MERCANTIL MACEDO,Centro,Mercado / Mini Mercado,CENTRO
AQUIRAZ,69716520000100,(85) 3260-5030,Aquiraz,CE,CE 040 KM10 8000,CARTAO CEARA SEM FOME,MERCADINHO ANA MARIA,Centro,Mercado / Mini Mercado,CENTRO
AQUIRAZ,73770067000189,(85) 3361-1179,Aquiraz,CE,RUA TIBURICO TARGINO Nº358 ,CARTAO CEARA SEM FOME,MERCADINHO FREITAS,CENTRO,Mercado / Mini Mercado,CENTRO
ARACATI,3879760000532,(08) 8400-91035,Aracati,CE,RUA DRAGAO DO MAR Nº698 ,CARTAO CEARA SEM FOME,FRANGOLANDIA,CENTRO,Alimentação,CENTRO
ARACATI,3995515028681,,Aracati,CE,R DRAGAO DO MAR S/N,CARTAO CEARA SEM FOME,MIX MATEUS,Centro,Alimentação,CENTRO
ARACATI,4163766002434,(85) 4008-2414,Aracati,CE,R DRAGAO DO MAR 138,CARTAO CEARA SEM FOME,SUPERMERCADO PINHEIRO - O BOM VIZINHO,Centro,Supermercado,CENTRO
ARACATI,7182629000149,(88) 3421-1227,Aracati,CE,RUA CORONEL  POMPEU N 447 ,CARTAO CEARA SEM FOME,SUPER DAMASCENO,CENTRO,Alimentação,CENTRO
ARACATI,7250242000182,,Aracati,CE,Coronel Alexandrino 138,CARTAO CEARA SEM FOME,SUPERMERCADO MATRIZ,Centro,Supermercado,CENTRO
ARACATI,9206703000307,,Aracati,CE,VL CANOA QUEBRADA S/N,CARTAO CEARA SEM FOME,MINIBOX CANOA,Canoa Quebrada,Mercado / Mini Mercado,CANOA QUEBRADA
ARACATI,13400172000102,(88) 3421-3160,Aracati,CE,R CEL POMPEU 9660,CARTAO CEARA SEM FOME,SUPER ESTRELA,Centro,Mercado / Mini Mercado,CENTRO
ARACATI,22133634000155,(88) 3421-3416,Aracati,CE,R CORONEL POMPEU 481,CARTAO CEARA SEM FOME,SAMUKA ATACADISTA,Centro,Mercado / Mini Mercado,CENTRO
ARACATI,23456247000112,,Aracati,CE,R CASTORINA PINTO 1871,CARTAO CEARA SEM FOME,MERCANTIL SÃO FRANCISCO,Centro,Mercado / Mini Mercado,CENTRO
ARACATI,48769276000165,,Aracati,CE,pargo 237,CARTAO CEARA SEM FOME,MERCADINHO JC,Centro,Mercado / Mini Mercado,CENTRO
ARACATI,97529667000118,,ARACATI,CE,"PRAÇA ADOLFO CAMINHA,265  ",CARTAO CEARA SEM FOME,SUPER MINI BOX ARACA,CENTRO,Supermercado,CENTRO
ARACATI,97529667000460,,Aracati,CE,R DOIS DE NOVEMBRO 1516,CARTAO CEARA SEM FOME,SUPER MINIBOX,Centro,Supermercado,CENTRO
ARACOIABA,324567000113,,Aracoiaba,CE,R DO COMERCIO SN,CARTAO CEARA SEM FOME,MERCADINHO NOSSA SENHORA DAS GRAÇAS,Centro,Mercado / Mini Mercado,CENTRO
ARACOIABA,477151000135,,Aracoiaba,CE,AV JAIME DE SOUZA NOBRE SN,CARTAO CEARA SEM FOME,COMERCIAL SAO PEDRO,Centro,Mercado / Mini Mercado,CENTRO
ARACOIABA,1615904000275,(85) 9913-78468,Aracoiaba,CE,R RAIMUNDO DE CASTRO E SILVA 385,CARTAO CEARA SEM FOME,SUPERMERCADO QUEIROZ,Centro,Supermercado,CENTRO
ARACOIABA,4090485000102,,Aracoiaba,CE,R VEREADOR JOSE MOURA 32,CARTAO CEARA SEM FOME,MERCADINHO ERIVANDA,Centro,Mercado / Mini Mercado,CENTRO
ARACOIABA,6314640000152,,Aracoiaba,CE,R RAIMUNDO DE CASTRO E SILVA 295,CARTAO CEARA SEM FOME,MERCADINHO LUIS GOMES,Centro,Mercado / Mini Mercado,CENTRO
ARACOIABA,7550807000147,,Aracoiaba,CE,R DO COMERCIO 239,CARTAO CEARA SEM FOME,MERCADINHO DO CARLOS,Centro,Mercado / Mini Mercado,CENTRO
ARACOIABA,7863912000136,,Aracoiaba,CE,ROD RDR IDEAL P FUNDA FURNAS SN,CARTAO CEARA SEM FOME,MERCADINHO DO AIRTON,Centro,Mercado / Mini Mercado,CENTRO
ARACOIABA,9191632000316,,Aracoiaba,CE,R GETULIO VARGAS 253,CARTAO CEARA SEM FOME,COMERCIAL O MARDONIO,Centro,Mercado / Mini Mercado,CENTRO
ARACOIABA,11186727000555,(85) 3332-1120,Aracoiaba,CE,R SDO SN,CARTAO CEARA SEM FOME,SUPERMERCADO REDENCAO,Centro,Supermercado,CENTRO
ARACOIABA,12112100000199,,Aracoiaba,CE,DT POVOADO UMARY DO CORREGO SN,CARTAO CEARA SEM FOME,MERCADINHO ALEXANDRE,Centro,Mercado / Mini Mercado,CENTRO
ARACOIABA,14447084000110,(85) 3337-1863,Aracoiaba,CE,Rua Raimundo De Castro E Silva 310 310,CARTAO CEARA SEM FOME,FRIGORIFICO MARIANO,Centro,Açougue,CENTRO
ARACOIABA,32161236000104,,Aracoiaba,CE,11 R HAVAI 78,CARTAO CEARA SEM FOME,MERCADINHO CENTRAL,Centro,Mercado / Mini Mercado,CENTRO
ARACOIABA,37537697000144,,Aracoiaba,CE,R DO COMERCIO 51,CARTAO CEARA SEM FOME,B&M VAREJISTA,Centro,Mercado / Mini Mercado,CENTRO
ARACOIABA,46754144000134,,Aracoiaba,CE,10 R ALBERTINA ALVES 82,CARTAO CEARA SEM FOME,JN COMERCIO E SERVICOS,Centro,Mercado / Mini Mercado,CENTRO
ARACOIABA,72314016000180,,Aracoiaba,CE,R DO COMERCIO SN,CARTAO CEARA SEM FOME,MERCADINHO SANTA LUZIA,Centro,Mercado / Mini Mercado,CENTRO
ARARENDÁ,339621000102,,Ararendá,CE,NAPOLEAO RIBEIRO TORRES 264,CARTAO CEARA SEM FOME,MARIA DE FATIMA GOMES MERCEARIA,Centro,Mercado / Mini Mercado,CENTRO
ARARENDÁ,6562037000190,(88) 9940-25931,Ararendá,CE,AV SAO VICENTE DE PAULA 881,CARTAO CEARA SEM FOME,MERCANTIL VIEIRA,Centro,Mercado / Mini Mercado,CENTRO
ARARENDÁ,12565410000169,(88) 9947-05485,Ararendá,CE,R FRANCISCO FERRAZ 399,CARTAO CEARA SEM FOME,MERCANTIL SANTO ANTONIO,Centro,Mercado / Mini Mercado,CENTRO
ARARENDÁ,12610482000180,,Ararendá,CE,francisco mourao lima 406,CARTAO CEARA SEM FOME,F. CHARLES MELO PEREIRA,Centro,Mercado / Mini Mercado,CENTRO
ARARENDÁ,21369998000176,(88) 9944-03296,Ararendá,CE,HENRIQUE SOARES 141,CARTAO CEARA SEM FOME,FRIGORIFICO SUA CARNE,Centro,Mercado / Mini Mercado,CENTRO
ARARENDÁ,22836863000136,,Ararendá,CE,SIT VEREMOS 01,CARTAO CEARA SEM FOME,MERCADINHO GM,Centro,Mercado / Mini Mercado,CENTRO
ARARENDÁ,26831730000209,(88) 9962-00072,Ararendá,CE,AV SAO VICENTE DE PAULA 746,CARTAO CEARA SEM FOME,SUPERMERCADO COPAS,Centro,Supermercado,CENTRO
ARARENDÁ,27078845000156,(88) 3672-0232,Ararendá,CE,R JOSE SEVERINO 35,CARTAO CEARA SEM FOME,FRIGOLAR,Centro,Mercado / Mini Mercado,CENTRO
ARARENDÁ,34029059000124,,Ararendá,CE,R JOSÉ SANTANA 124,CARTAO CEARA SEM FOME,ISAC FRIOS,Centro,Mercado / Mini Mercado,CENTRO
ARARIPE,613824000137,(88) 3546-1252,Araripe,CE,R VICENTE DE ALENCAR BARBOSA 600,CARTAO CEARA SEM FOME,MERCADAO FREI DAMIAO,Centro,Mercado / Mini Mercado,CENTRO
ARARIPE,2366878000170,(88) 9929-98151,Araripe,CE,R ALEXANDRE ARRAES 701,CARTAO CEARA SEM FOME,COMERCIAL RIBEIRO,Centro,Mercado / Mini Mercado,CENTRO
ARARIPE,24871749000172,,Araripe,CE,R SAO FRANCISCO 266,CARTAO CEARA SEM FOME,MERCEARIA AMORIM,Centro,Mercado / Mini Mercado,CENTRO
ARARIPE,25149068000168,(88) 9816-59713,Araripe,CE,R ANTONIO NUNES DE ALENCAR 327,CARTAO CEARA SEM FOME,ATACAREJO MODESTO,Centro,Supermercado,CENTRO
ARARIPE,30336584000131,,Araripe,CE,R Jose Cirilo 51,CARTAO CEARA SEM FOME,MERCANTIL SÃO FRANCISCO,Centro,Mercado / Mini Mercado,CENTRO
ARARIPE,41394461000173,(88) 9920-80051,Araripe,CE,R DO COMERCIO 241,CARTAO CEARA SEM FOME,SUPER LAR LORENA,Centro,Mercado / Mini Mercado,CENTRO
ARARIPE,45866400000112,(88) 9941-67860,Araripe,CE,R LUIZ PEREIRA 27,CARTAO CEARA SEM FOME,MERCANTIL CARVALHO,Centro,Supermercado,CENTRO
ARARIPE,53609458000109,,Araripe,CE,SIT SITIO IMPUEIRAS SN,CARTAO CEARA SEM FOME,MERCADINHO GISELDA,Centro,Mercado / Mini Mercado,CENTRO
ARATUBA,3632986000100,,Aratuba,CE,JULIO PEREIRA 380,CARTAO CEARA SEM FOME,MERCADINHO SAO RAIMUNDO,Centro,Mercado / Mini Mercado,CENTRO
ARATUBA,8297774000138,(85) 9821-2856,Aratuba,CE,PC ADOLFO LIMA sn,CARTAO CEARA SEM FOME,FURINGA SUPERMERCADO,Centro,Mercado / Mini Mercado,CENTRO
ARATUBA,9502444000108,(88) 9994-71478,Aratuba,CE,R JULIO PEREIRA 659,CARTAO CEARA SEM FOME,MERCADINHO PEDRO BARBOSA,Centro,Mercado / Mini Mercado,CENTRO
ARATUBA,22488825000130,,Aratuba,CE,TV SILVEIRA GOES 127,CARTAO CEARA SEM FOME,SUPER SOFYA,Centro,Supermercado,CENTRO
ARNEIROZ,522926000147,(88) 9968-76660,Arneiroz,CE,jose de alencar 43,CARTAO CEARA SEM FOME,FRIGOCARNES ARNEIROZ,Centro,Mercado / Mini Mercado,CENTRO
ARNEIROZ,4876013000180,(88) 9963-73841,Arneiroz,CE,R LEONARDO FEITOSA 192,CARTAO CEARA SEM FOME,R DE SOUSA LIMA LTDA,Centro,Supermercado,CENTRO
ARNEIROZ,11692929000145,(88) 9885-61463,Arneiroz,CE,VL CHATINHO 85,CARTAO CEARA SEM FOME,MERCANTIL ERLON FILHO,Centro,Mercado / Mini Mercado,CENTRO
ARNEIROZ,15570107000142,,Arneiroz,CE,R LEONARDO FEITOSA 57,CARTAO CEARA SEM FOME,MERCANTIL AVENIDA,Centro,Mercado / Mini Mercado,CENTRO
ARNEIROZ,16632596000182,(88) 9999-59995,Arneiroz,CE,MANOEL ARAUJO CHAVES 30,CARTAO CEARA SEM FOME,MERCADINHO PAGUE MENOS,Centro,Mercado / Mini Mercado,CENTRO
ARNEIROZ,22433944000195,(88) 9991-82896,Arneiroz,CE,CLEONICE TEIXEIRA SN,CARTAO CEARA SEM FOME,MERCANTIL TEIXEIRA,Centro,Mercado / Mini Mercado,CENTRO
ARNEIROZ,39468725000144,(88) 9816-62445,Arneiroz,CE,R A 1007,CARTAO CEARA SEM FOME,MERCADINHO ARAUJO,Centro,Mercado / Mini Mercado,CENTRO
ARNEIROZ,40141738000193,,Arneiroz,CE,R JOSE DE ALENCAR sn,CARTAO CEARA SEM FOME,FEIRAO DAS FRUTAS,Centro,Mercado / Mini Mercado,CENTRO
ARNEIROZ,63546386000151,(88) 9964-24963,Arneiroz,CE,R JOAQUIM DE MORAES FEITOSA 116,CARTAO CEARA SEM FOME,SALES MERCADINHO,Centro,Mercado / Mini Mercado,CENTRO
ASSARÉ,2842093000127,,Assaré,CE,R PADRE AGAMENON COELHO 25,CARTAO CEARA SEM FOME,MERCANTIL SÃO JOSÉ,Centro,Mercado / Mini Mercado,CENTRO
ASSARÉ,3024441000111,(88) 9991-59926,Assaré,CE,TR JOAO PINTO 030,CARTAO CEARA SEM FOME,MERCADINHO PATATIVA DO ASSARE,Centro,Mercado / Mini Mercado,CENTRO
ASSARÉ,6218905000119,(88) 3535-1292,Assaré,CE,R PE EMILIO CABRAL 358,CARTAO CEARA SEM FOME,MERCANTIL FILGUEIRA,Centro,Mercado / Mini Mercado,CENTRO
ASSARÉ,7266103000147,,Assaré,CE,EUCLIDES ONOFRE 300,CARTAO CEARA SEM FOME,MERCADINHO CASA DA ECONOMIA,Centro,Alimentação,CENTRO
ASSARÉ,8446107000170,,Assaré,CE,AV ALENCAR SEVERINO 65,CARTAO CEARA SEM FOME,MERCADINHO SILVA,Centro,Mercado / Mini Mercado,CENTRO
ASSARÉ,8784467000181,,Assaré,CE,R PADRE EMILIO CABRAL 114,CARTAO CEARA SEM FOME,MERCANTIL BATISTA,Centro,Mercado / Mini Mercado,CENTRO
ASSARÉ,12948351000108,(88) 3535-1033,Assaré,CE,R PADRE EMILIO CABRAL 270,CARTAO CEARA SEM FOME,PAGUE MENOS SUPERMERCADO,Centro,Mercado / Mini Mercado,CENTRO
ASSARÉ,12948351000299,(88) 3535-1063,Assaré,CE,R CEL PEDRO ONOFRE 127,CARTAO CEARA SEM FOME,ATACAREJO PAGUE MENOS,Centro,Mercado / Mini Mercado,CENTRO
ASSARÉ,13396498000103,(88) 9921-51578,Assaré,CE,PADRE EMILIO CABRAL 358,CARTAO CEARA SEM FOME,MERCANTIL MAXIMO,Centro,Mercado / Mini Mercado,CENTRO
ASSARÉ,17441448000143,(88) 9993-51205,Assaré,CE,EUCLIDES ONOFRE 308,CARTAO CEARA SEM FOME,MERCANTIL NOSSA SENHORA DA PENHA,Centro,Mercado / Mini Mercado,CENTRO
ASSARÉ,17983047000115,,Assaré,CE,PADRE EMILIO CABRAL 315,CARTAO CEARA SEM FOME,FRIGORIFICO CENTRO,Centro,Mercado / Mini Mercado,CENTRO
ASSARÉ,18712063000136,(88) 9921-06606,Assaré,CE,R DOUTOR GENTIL BRAGA 8,CARTAO CEARA SEM FOME,SHOPPING DAS FRUTAS,Centro,Mercado / Mini Mercado,CENTRO
ASSARÉ,21087946000107,,Assaré,CE,cajazeiras 124,CARTAO CEARA SEM FOME,MARIA EDUARDA SORTIMENTOS & VARIEDADES,Centro,Mercado / Mini Mercado,CENTRO
ASSARÉ,23822805000116,,Assaré,CE,R PADRE EMILIO CABRAL 240,CARTAO CEARA SEM FOME,MERCADINHO BOM JESUS,Centro,Mercado / Mini Mercado,CENTRO
ASSARÉ,29383450000192,,Assaré,CE,AV HONORIO VILA NOVA 179,CARTAO CEARA SEM FOME,WE VARIEDADES,Centro,Mercado / Mini Mercado,CENTRO
ASSARÉ,34296371000184,,Assaré,CE,ALEXANDRE DA SILVA PEREIRA 74,CARTAO CEARA SEM FOME,L. R. VAREJO,Centro,Mercado / Mini Mercado,CENTRO
ASSARÉ,35102800000106,,Assaré,CE,VEREADOR JAIME MONTE PEREIRA 484,CARTAO CEARA SEM FOME,MERCADINHO POPULAR,Centro,Alimentação,CENTRO
AURORA,3030487000143,(88) 9972-96449,Aurora,CE,R CORONEL XAVIER s/n,CARTAO CEARA SEM FOME,MERCEARIA FREI DAMIAO,Centro,Mercado / Mini Mercado,CENTRO
AURORA,3623632000108,,Aurora,CE,R TRAVESSA MONSENHOR VICENTE PINTO 20,CARTAO CEARA SEM FOME,SUPERMERCADO GONCALVES,Centro,Supermercado,CENTRO
AURORA,4893834000124,(88) 9961-30854,Aurora,CE,R GENERAL SAMPAIO 57,CARTAO CEARA SEM FOME,MERCANTIL G&N,Centro,Mercado / Mini Mercado,CENTRO
AURORA,5080121000104,(88) 9930-24715,Aurora,CE,AV SANTOS DUMONT 122,CARTAO CEARA SEM FOME,MERCADINHO SAO FRANCISCO,Centro,Mercado / Mini Mercado,CENTRO
AURORA,5964284000150,(88) 3543-1115,Aurora,CE,R SAO VICENTE 88,CARTAO CEARA SEM FOME,MERCADINHO DO JACINTO,Centro,Mercado / Mini Mercado,CENTRO
AURORA,24242575000189,,Aurora,CE,R GAL TIBURCIO 86,CARTAO CEARA SEM FOME,MERCADINHO LORENA,Centro,Mercado / Mini Mercado,CENTRO
AURORA,34422068000180,,Aurora,CE,R CICERO JOSE DO NASCIMENTO 215,CARTAO CEARA SEM FOME,SUPER RANGEL,Centro,Supermercado,CENTRO
AURORA,44544570000118,,Aurora,CE,R SEBASTIAO ALVES PEREIRA 398,CARTAO CEARA SEM FOME,MERCADINHO PRECO JUSTO,Centro,Mercado / Mini Mercado,CENTRO
AURORA,46343495000152,,Aurora,CE,R DR GUEDES MARTINS 44,CARTAO CEARA SEM FOME,MERCADO BRITO,Centro,Mercado / Mini Mercado,CENTRO
AURORA,47149685000104,,Aurora,CE,DR GUEDES MARTINS 02,CARTAO CEARA SEM FOME,VAREJAO DO DIMAS,Centro,Mercado / Mini Mercado,CENTRO
BAIXIO,989404000150,(88) 9771-4577,Baixio,CE,R BETO FARIAS 165,CARTAO CEARA SEM FOME,MERCANTIL FERREIRA,Centro,Mercado / Mini Mercado,CENTRO
BAIXIO,3962175000178,(88) 9963-48941,Baixio,CE,CEL FRANCISCO LUIZ 304,CARTAO CEARA SEM FOME,A.A. DE MORAIS MERCEARIA,Centro,Mercado / Mini Mercado,CENTRO
BAIXIO,11325262000142,(88) 9980-35298,Baixio,CE,AV LUCAS RICARTE DE ALENCAR 26,CARTAO CEARA SEM FOME,MERCANTIL FERREIRA FARIAS,Centro,Mercado / Mini Mercado,CENTRO
BAIXIO,33613443000107,,Baixio,CE,Dom Quintino 23,CARTAO CEARA SEM FOME,NOVO SUPERMERCADO IRMAOS RIBEIRO,Centro,Mercado / Mini Mercado,CENTRO
BAIXIO,35773986000117,,Baixio,CE,LUCAS RICARTE DE ALENCAR 77,CARTAO CEARA SEM FOME,PANIFICADORA VELHO CHICO,Centro,Mercado / Mini Mercado,CENTRO
BAIXIO,37100102000199,,Baixio,CE,CORONEL JOSE TAVARES 18,CARTAO CEARA SEM FOME,MERCANTIL ANDRADE,Centro,Mercado / Mini Mercado,CENTRO
BAIXIO,41323445000190,,Baixio,CE,R BETO FARIAS 173,CARTAO CEARA SEM FOME,MERCANTIL MARIANO,Centro,Mercado / Mini Mercado,CENTRO
BAIXIO,44714018000120,,Baixio,CE,R FRANCISCO RAMALHO SOBRINHO 314,CARTAO CEARA SEM FOME,PANIFICADORA BARBOSA,Centro,Padaria,CENTRO
BAIXIO,47321337000164,,Baixio,CE,03 DE AGOSTO 180,CARTAO CEARA SEM FOME,FRIGORIFICO IRMAOS RIBEIRO,Centro,Açougue,CENTRO
BAIXIO,51534263000111,,Baixio,CE,LUCAS RICARTE DE ALENCAR 77,CARTAO CEARA SEM FOME,PANIFICADORA VELHO CHICO,Centro,Mercado / Mini Mercado,CENTRO
BAIXIO,63542112000194,,Baixio,CE,R FRANCISCO RAMALHO SOBRINHO 266,CARTAO CEARA SEM FOME,SUPERMERCADO SAO JOSE,Centro,Mercado / Mini Mercado,CENTRO
BANABUIÚ,2681731000841,,Banabuiú,CE,AV ARROJADO LISBOA 130,CARTAO CEARA SEM FOME,SUPER SAO GERALDO,Centro,Supermercado,CENTRO
BANABUIÚ,4195726000188,(88) 9781-6453,Banabuiú,CE,AV QUEIROZ PESSOA 159,CARTAO CEARA SEM FOME,SUPERMERCADO ERNANDES DO CAXEIRO,Centro,Mercado / Mini Mercado,CENTRO
BANABUIÚ,20443815000152,(88) 9969-71562,Banabuiú,CE,AV ADILIA CAJAZEIRAS 67,CARTAO CEARA SEM FOME,COMERCIAL SAO SEBASTIAO,Centro,Mercado / Mini Mercado,CENTRO
BANABUIÚ,20443815000233,(88) 9969-71562,Banabuiú,CE,AV ADILIA CAJAZEIRAS SA 177,CARTAO CEARA SEM FOME,COMERCIAL SAO SEBASTIAO,Centro,Mercado / Mini Mercado,CENTRO
BANABUIÚ,69741387000133,,Banabuiú,CE,AV ADILIA CAJAZEIRAS 253,CARTAO CEARA SEM FOME,COMERCIAL BORGES,Centro,Mercado / Mini Mercado,CENTRO
BARBALHA,2707898000168,(88) 3532-0741,Barbalha,CE,R 7 DE SETEMBRO 22,CARTAO CEARA SEM FOME,MERCEARIA SANTA MARIA,Centro,Mercado / Mini Mercado,CENTRO
BARBALHA,3063094000136,(85) 9853-21875,Barbalha,CE,R NEROLY FILGUEIRA 255,CARTAO CEARA SEM FOME,SACOLAO JP - FRUTAS E VERDURAS,Centro,Supermercado,CENTRO
BARBALHA,6341512000106,(88) 3572-8800,Barbalha,CE,R MIGUEL DE FREITAS ANDRADE 184,CARTAO CEARA SEM FOME,DINIZ SUPERMERCADOS,Centro,Supermercado,CENTRO
BARBALHA,6570295000118,(88) 3511-4827,Barbalha,CE,"RUA SANTA LUZIA, N 1564 ",CARTAO CEARA SEM FOME,MERCANTIL E LAN FREI DAMIAO,CENTRO,Alimentação,CENTRO
BARBALHA,7646913000129,(88) 3511-0741,Barbalha,CE,R PRINCESA ISABEL 52,CARTAO CEARA SEM FOME,TAMIRES MERCANTIL,Centro,Supermercado,CENTRO
BARBALHA,10585991000175,(88) 3532-2017,Barbalha,CE,R PINTO MADEIRA 10,CARTAO CEARA SEM FOME,SACOLAO DAS FRUTAS,Centro,Supermercado,CENTRO
BARBALHA,17097076000180,(88) 9992-78185,Barbalha,CE,AV DR PIO SAMPAIO 502,CARTAO CEARA SEM FOME,DANY MERCANTIL E FRIGORIFICO,Centro,Mercado / Mini Mercado,CENTRO
BARBALHA,27831232000148,(88) 9952-7461,Barbalha,CE,R PERO COELHO 20,CARTAO CEARA SEM FOME,BEM NUTRI CARIRI,Centro,Supermercado,CENTRO
BARBALHA,30095445000163,(88) 3532-0110,Barbalha,CE,MINISTRO COSTA CAVALCANTE 1060,CARTAO CEARA SEM FOME,DISTRIBUIDORA DE ALIMENTOS FL LTDA,Centro,Mercado / Mini Mercado,CENTRO
BARBALHA,41931321000197,(88) 9977-5910,Barbalha,CE,R PRINCESA ISABEL 440,CARTAO CEARA SEM FOME,NATURALE PRODUTOS NATURAIS,Centro,Supermercado,CENTRO
BARBALHA,43186349000172,(88) 9814-10282,Barbalha,CE,AV CEL. JOAO COELHO 17,CARTAO CEARA SEM FOME,FERNANDO JOSE VIEIRA 32597100359,Centro,Supermercado,CENTRO
BARBALHA,72171267000152,,Barbalha,CE,CORONEL JOAO COELHO 207,CARTAO CEARA SEM FOME,SUPERMERCADO OPCAO,Centro,Mercado / Mini Mercado,CENTRO
BARBALHA,72556087000199,(88) 3532-2244,Barbalha,CE,R SETE DE SETEMBRO 58,CARTAO CEARA SEM FOME,MERCADINHO CENTRAL,Centro,Mercado / Mini Mercado,CENTRO
BARREIRA,3610544000163,,Barreira,CE,boanerges jaco 866,CARTAO CEARA SEM FOME,MERCANTIL SUPER JP LTDA,Centro,Mercado / Mini Mercado,CENTRO
BARREIRA,4486624000111,(85) 3331-1621,Barreira,CE,R FELIX PEREIRA 834,CARTAO CEARA SEM FOME,MERCADINHO PAIS E FILHOS,Centro,Mercado / Mini Mercado,CENTRO
BARREIRA,11186727000474,,Barreira,CE,R FELIX PEREIRA 834,CARTAO CEARA SEM FOME,SUPERMERCADO REDENCAO,Centro,Supermercado,CENTRO
BARREIRA,11659770001139,(85) 3348-8455,Barreira,CE,R FELIX PEREIRA 672,CARTAO CEARA SEM FOME,SUPERMERCADO MORANGUINHO,Centro,Supermercado,CENTRO
BARREIRA,11659770001562,,Barreira,CE,R BOANERGES JACO 1144,CARTAO CEARA SEM FOME,SUPERMERCADO MORANGUINHO,Centro,Supermercado,CENTRO
BARREIRA,12292640000100,(85) 3332-1001,Barreira,CE,R SENHOR DE CASTRO 123,CARTAO CEARA SEM FOME,MERCADINHO ARIMATEIA,Centro,Mercado / Mini Mercado,CENTRO
BARREIRA,23228189000170,(85) 9127-3858,Barreira,CE,R FELIX PEREIRA 821,CARTAO CEARA SEM FOME,MERCADINHO MULTI COMPRAS,Centro,Mercado / Mini Mercado,CENTRO
BARREIRA,24221089000184,(85) 8181-6060,Barreira,CE,R BOANERGES JACO 1144,CARTAO CEARA SEM FOME,CASA GRANDE SUPERMERCADOS,Centro,Mercado / Mini Mercado,CENTRO
BARREIRA,42947636000195,,Barreira,CE,R MARIA VARELO 28,CARTAO CEARA SEM FOME,MERCADINHO ECONOMIA WL & SUCATA,Centro,Mercado / Mini Mercado,CENTRO
BARREIRA,46027932000129,,Barreira,CE,FELIX PEREIRA 908,CARTAO CEARA SEM FOME,COMERCIAL DE ALIMENTOS RODRIGUES LTDA,Centro,Mercado / Mini Mercado,CENTRO
BARREIRA,49436434000128,(85) 9940-12098,Barreira,CE,R BOANERGES JACO 1018,CARTAO CEARA SEM FOME,MERCANTIL BARREIRA,Centro,Mercado / Mini Mercado,CENTRO
BARRO,2934769000102,(88) 3554-1024,Barro,CE,RUA JUSTINO ALVES FEITOSA N 364 ,CARTAO CEARA SEM FOME,MERCADINHO SEVERO,Centro,Alimentação,CENTRO
BARRO,6290192000102,(88) 9978-60741,Barro,CE,R JUSTINO ALVES FEITOSA 590,CARTAO CEARA SEM FOME,MERCADINHO SANTA MARIA,Centro,Supermercado,CENTRO
BARRO,12244414000145,(88) 3554-1523,Barro,CE,R PREF FIRMINO TAVARES 335,CARTAO CEARA SEM FOME,VAREJAO PARAIBANO,Centro,Mercado / Mini Mercado,CENTRO
BARRO,14273070000128,,Barro,CE,AV VICENTE ALVES 870,CARTAO CEARA SEM FOME,MERCADINHO AVENIDA,Centro,Mercado / Mini Mercado,CENTRO
BARRO,28172301000111,(88) 9947-6624,Barro,CE,R PRE JUSTINO ALVES FEITOSA 486,CARTAO CEARA SEM FOME,M I DE F SILVA MERCEARIA,Centro,Supermercado,CENTRO
BARRO,33924756000186,,Barro,CE,padre tiburco 246,CARTAO CEARA SEM FOME,BOI FORTE,Centro,Alimentação,CENTRO
BARRO,49640693000176,(88) 9960-95029,Barro,CE,R TRAJANO NOGUEIRA 151,CARTAO CEARA SEM FOME,MERCADINHO MACIEL,Centro,Mercado / Mini Mercado,CENTRO
BARROQUINHA,7602359000188,,Barroquinha,CE,DO OUVIDOR 419,CARTAO CEARA SEM FOME,MERCEARIA O NENEM,Centro,Mercado / Mini Mercado,CENTRO
BARROQUINHA,10699231000199,(88) 9817-89761,Barroquinha,CE,R E 595,CARTAO CEARA SEM FOME,MERCADINHO A VALDA,Centro,Supermercado,CENTRO
BARROQUINHA,15918944000110,,Barroquinha,CE,vicente veras 968,CARTAO CEARA SEM FOME,MERCEARIA AURELIO FONTINELE,Centro,Mercado / Mini Mercado,CENTRO
BARROQUINHA,20528801000131,,Barroquinha,CE,10 R ONZE DE MAIO 771,CARTAO CEARA SEM FOME,SUPERMERCANTIL EUDES,Centro,Mercado / Mini Mercado,CENTRO
BARROQUINHA,27196127000184,,Barroquinha,CE,PC DO MERCADO 58,CARTAO CEARA SEM FOME,MERCADINHO SAO FRANCISCO,Centro,Mercado / Mini Mercado,CENTRO
BARROQUINHA,50252219000156,,Barroquinha,CE,AV MARIA DIAMANTINA VERAS 1013,CARTAO CEARA SEM FOME,MERCADINHO E PERFUMARIA ESPACO DO BEN,Centro,Mercado / Mini Mercado,CENTRO
BATURITÉ,1615904000437,,Baturité,CE,R 15 DE NOVEMBRO 715,CARTAO CEARA SEM FOME,SUPERMERCADO QUEIROZ,Centro,Supermercado,CENTRO
BATURITÉ,4271732000177,(85) 3347-1113,Baturité,CE,R 15 DE NOVEMBRO 425,CARTAO CEARA SEM FOME,MERCANTIL SAO LUIZ,Centro,Mercado / Mini Mercado,CENTRO
BATURITÉ,10386811000711,(85) 3345-1320,Baturité,CE,R QUINZE DE NOVEMBRO 769,CARTAO CEARA SEM FOME,COMPRE CERTO,Centro,Supermercado,CENTRO
BATURITÉ,11186727000393,(85) 9968-59933,Baturité,CE,R SENADOR JOAO CORDEIRO 817,CARTAO CEARA SEM FOME,SUPERMERCADO REDENCAO,Centro,Supermercado,CENTRO
BATURITÉ,11902387000198,,Baturité,CE,R 15 DE NOVEMBRO 821,CARTAO CEARA SEM FOME,DEPOSITO E MERCADINHO O FELLIPE,Centro,Mercado / Mini Mercado,CENTRO
BATURITÉ,18087938000156,,Baturité,CE,SENADOR JOAO CORDEIRO 848,CARTAO CEARA SEM FOME,IRISDALVA DA S. CASTRO,Centro,Mercado / Mini Mercado,CENTRO
BATURITÉ,19152854000111,(85) 9994-00334,Baturité,CE,R 15 DE NOVEMBRO 817,CARTAO CEARA SEM FOME,ATACAREJO DA LORINHA,Centro,Supermercado,CENTRO
BATURITÉ,20981630000282,(85) 9960-35165,Baturité,CE,R 15 DE NOVEMBRO 715,CARTAO CEARA SEM FOME,SUPERMERCADO SAO FRANCISCO,Centro,Mercado / Mini Mercado,CENTRO
BATURITÉ,24221089000265,(85) 9916-51739,Baturité,CE,R 15 DE NOVEMBRO 679,CARTAO CEARA SEM FOME,CASA GRANDE SUPERMERCADOS,Centro,Supermercado,CENTRO
BATURITÉ,24242051000198,(85) 9969-66511,Baturité,CE,R SENADOR JOAO CORDEIRO 791,CARTAO CEARA SEM FOME,MARCIO DISTRIBUIDORA,Centro,Mercado / Mini Mercado,CENTRO
BATURITÉ,29831994000170,(85) 9943-32277,Baturité,CE,R FARMACEUTICO JOAO PAULINO NETO 95,CARTAO CEARA SEM FOME,MERCADINHO CLIVIA,Centro,Mercado / Mini Mercado,CENTRO
BATURITÉ,30979474000198,(85) 9718-2825,Baturité,CE,R MONSENHOR MANOEL CANDIDO 436,CARTAO CEARA SEM FOME,PANIFICADORA WT,Centro,Padaria,CENTRO
BATURITÉ,40068088000106,,Baturité,CE,SIT UIRAPURU S/N,CARTAO CEARA SEM FOME,VB BEBIDAS,Centro,Mercado / Mini Mercado,CENTRO
BEBERIBE,1275237000148,(85) 9973-45312,Beberibe,CE,PARAJURU 124,CARTAO CEARA SEM FOME,SMART BRISA PARAJURU,Centro,Mercado / Mini Mercado,CENTRO
BEBERIBE,7293921000139,(85) 9979-77134,Beberibe,CE,R MONSENHOR DOURADO 500,CARTAO CEARA SEM FOME,VIVA SUPERMERCADO,Centro,Mercado / Mini Mercado,CENTRO
BEBERIBE,8701648000105,(85) 9968-32122,Beberibe,CE,R MOREIRA ROCHA SN,CARTAO CEARA SEM FOME,SUPER COMPLEXO SAO JOSE,Centro,Supermercado,CENTRO
BEBERIBE,9206703000579,(88) 3413-1950,Beberibe,CE,R JOAO BALTAZAR 192,CARTAO CEARA SEM FOME,SUPER MINIBOX,Centro,Supermercado,CENTRO
BEBERIBE,11659770001309,(85) 3348-8455,Beberibe,CE,R RACINE FACO 08,CARTAO CEARA SEM FOME,SUPERMERCADO MORANGUINHO,Centro,Supermercado,CENTRO
BEBERIBE,11659770001805,,Beberibe,CE,AV MARIA CALADO/ACESSO BEBERIBE SN,CARTAO CEARA SEM FOME,SUPERMERCADO MORANGUINHO,Centro,Supermercado,CENTRO
BEBERIBE,13595205000109,(85) 9861-97123,Beberibe,CE,R MONSENHOR DOURADO 326,CARTAO CEARA SEM FOME,SUPER FACIL,Centro,Mercado / Mini Mercado,CENTRO
BEBERIBE,13595205000370,(85) 9925-69171,Beberibe,CE,R MARIA CALADO S/N,CARTAO CEARA SEM FOME,SUPER FACIL,Centro,Mercado / Mini Mercado,CENTRO
BEBERIBE,19154453000109,(85) 3231-2740,Beberibe,CE,R J J DOURADO 493,CARTAO CEARA SEM FOME,SUPER COLACO,Centro,Mercado / Mini Mercado,CENTRO
BEBERIBE,27925790000172,,Beberibe,CE,R FRANCISCO XAVIER 174,CARTAO CEARA SEM FOME,MERCADINHO LR HORTIFRUTI,Centro,Mercado / Mini Mercado,CENTRO
BEBERIBE,28779203000147,,Beberibe,CE,R MONSENHOR DOURADO 426,CARTAO CEARA SEM FOME,SUPER JOFI,Centro,Mercado / Mini Mercado,CENTRO
BELA CRUZ,4874792000184,(88) 3663-1847,Bela Cruz,CE,"RUA CEL DUCA, N 440 ",CARTAO CEARA SEM FOME,MERCANTIL SANTA RITA,CENTRO,Mercado / Mini Mercado,CENTRO
BELA CRUZ,17410446000197,,Bela Cruz,CE,R HUMAITA 430,CARTAO CEARA SEM FOME,MAIS ECONOMICO,Centro,Mercado / Mini Mercado,CENTRO
BELA CRUZ,28386256000106,(88) 9925-85578,Bela Cruz,CE,NOSSA SENHORA DE FATIMA 312,CARTAO CEARA SEM FOME,COMERCIAL SOUSA FAMILY,Centro,Mercado / Mini Mercado,CENTRO
BELA CRUZ,32768826000353,(88) 9972-77568,Bela Cruz,CE,R DR ODEN SILVA 106,CARTAO CEARA SEM FOME,ATACADO DO VALE SUPERMERCADO,Centro,Supermercado,CENTRO
BOA VIAGEM,882737000185,(88) 3247-1196,Boa Viagem,CE,R ANTONIO DOMINGUES 379,CARTAO CEARA SEM FOME,SUPERMERCADO BEIJA-FLOR,Centro,Mercado / Mini Mercado,CENTRO
BOA VIAGEM,6970318000181,(88) 9816-45212,Boa Viagem,CE,R ANTONIO DOMINGUES 339,CARTAO CEARA SEM FOME,NOSSO PAO CONCEITO,Centro,Padaria,CENTRO
BOA VIAGEM,18443521000189,,Boa Viagem,CE,rufino martins 05,CARTAO CEARA SEM FOME,RAIANE OLIVEIRA ALVES,Centro,Mercado / Mini Mercado,CENTRO
BOA VIAGEM,22577194000125,(88) 9887-85326,Boa Viagem,CE,R WALQUIMAR BRASIL SANTOS 432,CARTAO CEARA SEM FOME,MERCADINHO PEDRO,Centro,Supermercado,CENTRO
BOA VIAGEM,23708043000121,(88) 3427-1004,Boa Viagem,CE,R ANTONIO DOMINGUES 323,CARTAO CEARA SEM FOME,SUPERMERCADO UNILAR,Centro,Supermercado,CENTRO
BOA VIAGEM,23744239000171,,Boa Viagem,CE,R PE. ANTONIO CORREIA DE SA 422,CARTAO CEARA SEM FOME,IDEAL SUPER FAMILIA,Centro,Supermercado,CENTRO
BOA VIAGEM,29795271000162,,Boa Viagem,CE,R JOSE LEAL 239,CARTAO CEARA SEM FOME,MERCADINHO DO POVO,Centro,Mercado / Mini Mercado,CENTRO
BOA VIAGEM,39251261000110,(11) 9650-50536,Boa Viagem,CE,R MANOEL PEDROSA SANTIAGO 66,CARTAO CEARA SEM FOME,FATIMA MATOS,Centro,Mercado / Mini Mercado,CENTRO
BOA VIAGEM,41067832000102,(88) 9979-22808,Boa Viagem,CE,RUA ANTONIO ASSIS UCHOA 411,CARTAO CEARA SEM FOME,MERCADINHO GEMEOS,Centro,Mercado / Mini Mercado,CENTRO
BONFIM,3022051000102,,Bonfim,CE,ROD DO ALGODAO CE KM 275 SN,CARTAO CEARA SEM FOME,MERCADINHO GEYSA,Centro,Mercado / Mini Mercado,CENTRO
BREJO SANTO,5027725000197,(88) 3531-0134,Brejo Santo,CE,AV JOAO INACIO DE LUCENA 410,CARTAO CEARA SEM FOME,LIDER SUPERMERCADO,Centro,Supermercado,CENTRO
BREJO SANTO,5699389000390,(88) 9964-44339,Brejo Santo,CE,AV JOAO INACIO DE LUCENA 861,CARTAO CEARA SEM FOME,FRIGOBOI,Centro,Açougue,CENTRO
BREJO SANTO,7537616000145,(88) 3531-8100,Brejo Santo,CE,RUA DOMINGOS GOMES DA SILVA Nº215 ,CARTAO CEARA SEM FOME,SUPER SAO JORGE,CENTRO,Supermercado,CENTRO
BREJO SANTO,7537616000226,(88) 3531-8102,Brejo Santo,CE,"RUA NAPOLEAO ARAUJO LIMA, Nº 150 ",CARTAO CEARA SEM FOME,SUPER SAO JORGE,CENTRO,Supermercado,CENTRO
BREJO SANTO,10557159000165,(88) 9967-04567,Brejo Santo,CE,R JOSE MATIAS SAMPAIO 753,CARTAO CEARA SEM FOME,SUPER SELETO,Centro,Supermercado,CENTRO
BREJO SANTO,10557159000408,(88) 9967-04567,Brejo Santo,CE,R JOAO LUCENA 108,CARTAO CEARA SEM FOME,BIG SELETO,Centro,Supermercado,CENTRO
BREJO SANTO,10557159000599,(88) 9967-04567,Brejo Santo,CE,AV JOSE AMARO NETO 0,CARTAO CEARA SEM FOME,SUPER SELETO,Centro,Supermercado,CENTRO
BREJO SANTO,11077872000174,(88) 9964-77415,Brejo Santo,CE,R MANOEL ALVES DE MOURA 110,CARTAO CEARA SEM FOME,ROLIM SUPERMERCADO,Centro,Supermercado,CENTRO
BREJO SANTO,13874406000226,(88) 3531-1221,Brejo Santo,CE,AV PRFEITO JOAO INACIO DE LUCENA 47,CARTAO CEARA SEM FOME,ATACAREJO TERRA SANTA,Centro,Mercado / Mini Mercado,CENTRO
BREJO SANTO,29898662000102,,Brejo Santo,CE,FRANCISCO BASILIO 265,CARTAO CEARA SEM FOME,HEBERSOM LUCIANO,Centro,Padaria,CENTRO
BREJO SANTO,41324674000129,(88) 3531-0565,Brejo Santo,CE,R FRANCISCO BASILIO 217,CARTAO CEARA SEM FOME,L A GONCALVES,Centro,Mercado / Mini Mercado,CENTRO
BREJO SANTO,41445859000191,,Brejo Santo,CE,R MANOEL LEITE 931,CARTAO CEARA SEM FOME,PANIFICADORA E MERCANTIL PADRE CÍCERO,Centro,Mercado / Mini Mercado,CENTRO
CAMOCIM,4441266000473,,Camocim,CE,R RUA ANTONIO ZEFERINO VERAS 1349,CARTAO CEARA SEM FOME,SUPERMERCADO EXTRA,Centro,Supermercado,CENTRO
CAMOCIM,5603543000206,(88) 3621-0620,Camocim,CE,R VINTE E QUATRO DE MAIO 761,CARTAO CEARA SEM FOME,MERCADINHO DO FRANGO,Centro,Mercado / Mini Mercado,CENTRO
CAMOCIM,10360680000108,(88) 3621-2951,Camocim,CE,"RUA JOSE MARIA VERAS, Nº 504 ",CARTAO CEARA SEM FOME,HIPERMERCADOS RAINHA,Centro,Alimentação,CENTRO
CAMOCIM,10360680000612,,Camocim,CE,R ANTONIO ZEFERINO VERAS 1505,CARTAO CEARA SEM FOME,SUPERMERCADO RAINHA BEM AQUI,Centro,Supermercado,CENTRO
CAMOCIM,11331032000196,(88) 3621-0322,Camocim,CE,PERIMETRAL 1325,CARTAO CEARA SEM FOME,Z. A. PESCADOS,Centro,Mercado / Mini Mercado,CENTRO
CAMOCIM,11811423000108,(88) 3621-7040,Camocim,CE,R UBAJARA 516,CARTAO CEARA SEM FOME,MERCADINHO BRITO FREITAS,Centro,Mercado / Mini Mercado,CENTRO
CAMOCIM,14776529000106,(88) 9929-97075,Camocim,CE,RUA MARIA LEIDA BEZERRRA XIMENES 10,CARTAO CEARA SEM FOME,SITIO BAFULECO,Centro,Supermercado,CENTRO
CAMOCIM,14847805000180,(88) 9936-28887,Camocim,CE,BOA ESPERANCA 1726,CARTAO CEARA SEM FOME,MERCADINHO JONAS,Centro,Supermercado,CENTRO
CAMOCIM,23301562000170,,Camocim,CE,R 24 DE MAIO 1917,CARTAO CEARA SEM FOME,A P FRIOS,Centro,Mercado / Mini Mercado,CENTRO
CAMOCIM,42588489000104,(88) 3506-2659,Camocim,CE,R ESPLANADA DO PORTO 63,CARTAO CEARA SEM FOME,EMPRESA NOTEIRA DE LARA CRISTINA SILVA DE ALMEIDA,Centro,Mercado / Mini Mercado,CENTRO
CAMOCIM,43208199000150,,Camocim,CE,R ANTONIO LIMA 1130,CARTAO CEARA SEM FOME,MERCADINHO SÃO JUDAS TADEU,Centro,Mercado / Mini Mercado,CENTRO
CAMOCIM,45332641000181,,Camocim,CE,R SAO LUIZ LJ s/n,CARTAO CEARA SEM FOME,MERCADINHO SOTHIA,Centro,Mercado / Mini Mercado,CENTRO
CAMOCIM,47257242000129,,Camocim,CE,R RAIMUNDO VERAS 1659,CARTAO CEARA SEM FOME,MERCADINHO SERVE TUDO,Centro,Mercado / Mini Mercado,CENTRO
CAMPOS SALES,3612143000142,(85) 9815-19024,Campos Sales,CE,AV FRANCISCO ADEMAR DE ANDRADE 654,CARTAO CEARA SEM FOME,MERCANTIL SAO JOAO,Centro,Mercado / Mini Mercado,CENTRO
CAMPOS SALES,5827271000139,,Campos Sales,CE,AV FRANCISCO DAS CHAGAS ARRAIS 210,CARTAO CEARA SEM FOME,COMERCIAL LACERDA,Centro,Mercado / Mini Mercado,CENTRO
CAMPOS SALES,7798457000132,(88) 3533-1895,Campos Sales,CE,AV SETE DE SETEMBRO 146,CARTAO CEARA SEM FOME,COMERCIAL VIANA,Centro,Mercado / Mini Mercado,CENTRO
CAMPOS SALES,9339916000145,(88) 9998-37419,Campos Sales,CE,R CARNEIRO DE MENDONCA 345,CARTAO CEARA SEM FOME,MERCADINHO VIEIRAO,Centro,Mercado / Mini Mercado,CENTRO
CAMPOS SALES,20424185000179,,Campos Sales,CE,AV FRANCISCO DAS CHAGAS ARRAIS 244,CARTAO CEARA SEM FOME,MERCADINHO SAO MIGUEL,Centro,Mercado / Mini Mercado,CENTRO
CAMPOS SALES,37407089000115,,Campos Sales,CE,FRANCISCO DAS CHAGAS 226,CARTAO CEARA SEM FOME,SACOLAO AVENIDA,Centro,Mercado / Mini Mercado,CENTRO
CAMPOS SALES,37407089000204,,Campos Sales,CE,R CORONEL BALECO 720,CARTAO CEARA SEM FOME,ATACAREJO AVENIDA,Centro,Supermercado,CENTRO
CAMPOS SALES,50125016000107,(88) 9931-71214,Campos Sales,CE,SIT QUEIMADAS 80,CARTAO CEARA SEM FOME,MERCADINHO SAO JORGE,Centro,Mercado / Mini Mercado,CENTRO
CANINDÉ,117877000167,,Canindé,CE,R EUCLIDES BARROSO 1295,CARTAO CEARA SEM FOME,SUPERMERCADO BASTOS,Centro,Supermercado,CENTRO
CANINDÉ,651148000196,,Canindé,CE,R PAULINO BARROSO 1919,CARTAO CEARA SEM FOME,MERCADINHO SANTA CLARA,Centro,Mercado / Mini Mercado,CENTRO
CANINDÉ,1217410000151,,Canindé,CE,br 020 sn,CARTAO CEARA SEM FOME,MERCEARIA IGUACU,Centro,Mercado / Mini Mercado,CENTRO
CANINDÉ,3995515027790,,Canindé,CE,João Neco S/N,CARTAO CEARA SEM FOME,MATEUS SUPERMERCADOS,Centro,Supermercado,CENTRO
CANINDÉ,5212533000150,,Canindé,CE,R JOAQUIM MAGALHAES 892,CARTAO CEARA SEM FOME,MINI SUPER MARTIN,Centro,Mercado / Mini Mercado,CENTRO
CANINDÉ,5757868000154,(85) 9974-42632,Canindé,CE,R PAULINO BARROSO 1959,CARTAO CEARA SEM FOME,MERCADINHO ERNANE,Centro,Mercado / Mini Mercado,CENTRO
CANINDÉ,5764748000184,(85) 3343-1494,Canindé,CE,R SITONIO MONTEIRO 385,CARTAO CEARA SEM FOME,MERCANTIL O JUAREZ,Centro,Supermercado,CENTRO
CANINDÉ,5860178000126,(85) 3343-1635,Canindé,CE,R JOAO MILITAO 325,CARTAO CEARA SEM FOME,UNICOMPRAS SUPERMERCADO,Centro,Mercado / Mini Mercado,CENTRO
CANINDÉ,11085834000163,,Canindé,CE,MOZART PINTO 73,CARTAO CEARA SEM FOME,SUPERMERCADO MAGALHAES,Centro,Mercado / Mini Mercado,CENTRO
CANINDÉ,14647964000130,(85) 9977-97043,Canindé,CE,R EUCLIDES BARROSO 456,CARTAO CEARA SEM FOME,mercadinho canindé,Centro,Supermercado,CENTRO
CANINDÉ,15106777000102,(85) 9916-46355,Canindé,CE,R JOSE PAIXAO 2045,CARTAO CEARA SEM FOME,J B SUPERMERCADO,Centro,Supermercado,CENTRO
CANINDÉ,15106777000455,(85) 3343-5993,Canindé,CE,R SITONIO MONTEIRO 655,CARTAO CEARA SEM FOME,J B SUPERMERCADO,Centro,Supermercado,CENTRO
CANINDÉ,23544299000140,(85) 9851-94731,Canindé,CE,"RUA JOAQUIM MAGALHAES, Nº835 ",CARTAO CEARA SEM FOME,SUPER FEIRAO DO LAR,CENTRO,Alimentação,CENTRO
CANINDÉ,23544299000574,,Canindé,CE,R JOAO PINTO DAMASCENO 87,CARTAO CEARA SEM FOME,N.C.LIMA SUPERMERCADOS LTDA,Centro,Supermercado,CENTRO
CANINDÉ,28102883000402,(85) 9895-65440,Canindé,CE,AV LUCIANO MAGALHAES 520,CARTAO CEARA SEM FOME,COMPREMAX SUPERMERCADOS,Centro,Supermercado,CENTRO
CANINDÉ,41313149000108,(85) 9999-93151,Canindé,CE,R EUCLIDES BARROSO 464,CARTAO CEARA SEM FOME,MERCANTIL UNIAO,Centro,Mercado / Mini Mercado,CENTRO
CANINDÉ,42798657000196,,Canindé,CE,R JOSE VELOSO JUCA 2263,CARTAO CEARA SEM FOME,SUPER BARATAO,Centro,Supermercado,CENTRO
CANINDÉ,45017391000195,,Canindé,CE,R TABELIAO FACUNDO 513,CARTAO CEARA SEM FOME,MERCADINHO VIVER BEM,Centro,Mercado / Mini Mercado,CENTRO
CAPISTRANO,1615904000194,(85) 9913-78468,Capistrano,CE,R CEL FRANCISCO BEZERRA CAMPELO 16,CARTAO CEARA SEM FOME,SUPERMERCADO QUEIROZ,Centro,Supermercado,CENTRO
CAPISTRANO,1855123000177,,Capistrano,CE,luis rufino 101,CARTAO CEARA SEM FOME,FRANCISCO C. O DE MORAIS,Centro,Mercado / Mini Mercado,CENTRO
CAPISTRANO,13451378000153,(85) 9928-32728,Capistrano,CE,CEL FRANCISCO BEZERRA CAMPELO 33,CARTAO CEARA SEM FOME,MERCADINHO HOLANDA,Centro,Mercado / Mini Mercado,CENTRO
CAPISTRANO,22282209000128,(85) 9912-29314,Capistrano,CE,R CORONEL FRANCISCO BEZERRA CAMPELO 40,CARTAO CEARA SEM FOME,MERCADINHO CASA DO PEIXE,Centro,Mercado / Mini Mercado,CENTRO
CAPISTRANO,22549956000260,(85) 9913-78438,Capistrano,CE,R FRANCISCO BEZERRA CAMPELO 64,CARTAO CEARA SEM FOME,SUPERMERCADO CENTRAL,Centro,Supermercado,CENTRO
CAPISTRANO,22918895000180,,Capistrano,CE,R DONA MARIA ISABEL 17,CARTAO CEARA SEM FOME,MERCADINHO DO ROCHA,Centro,Mercado / Mini Mercado,CENTRO
CAPISTRANO,27222366000161,(85) 9919-72286,Capistrano,CE,R Cel Fco BEZERRA CAMPELO SN,CARTAO CEARA SEM FOME,MERCADINHO O JOSUÉ,Centro,Mercado / Mini Mercado,CENTRO
CAPISTRANO,35761061000156,(85) 9971-92431,Capistrano,CE,SIT MAZAGAO 2 SN,CARTAO CEARA SEM FOME,CLF COMERCIO,Centro,Supermercado,CENTRO
CAPISTRANO,39021806000100,,Capistrano,CE,CEL FRANCISCO BEZERRA CAMPELO SN,CARTAO CEARA SEM FOME,MERCANTIL NENEL,Centro,Mercado / Mini Mercado,CENTRO
CAPISTRANO,40508793000179,,Capistrano,CE,FRANCISCO NUNES CAVALCANTE sn,CARTAO CEARA SEM FOME,MERCANTIL DA FRAN,Centro,Mercado / Mini Mercado,CENTRO
CARIDADE,102064000101,(85) 9995-30297,Caridade,CE,R JUANA BITENCURT 399,CARTAO CEARA SEM FOME,LUIZ GONZAGA PONCIANO,Centro,Mercado / Mini Mercado,CENTRO
CARIDADE,1033341000126,,Caridade,CE,R DR PLACIDO PINHO SN,CARTAO CEARA SEM FOME,MERCEARIA O LUCIMAR,Centro,Mercado / Mini Mercado,CENTRO
CARIDADE,3557500000117,(85) 9917-27344,Caridade,CE,A MERCADO PUBLICO 25,CARTAO CEARA SEM FOME,MINIMERCADO TODO DIA,Centro,Mercado / Mini Mercado,CENTRO
CARIDADE,8650758000187,,Caridade,CE,R CALABRIA 199,CARTAO CEARA SEM FOME,MERCADINHO ABACATE,Centro,Mercado / Mini Mercado,CENTRO
CARIDADE,9417895000139,,Caridade,CE,calabria 07,CARTAO CEARA SEM FOME,MERCADINHO CALABRIA,Centro,Mercado / Mini Mercado,CENTRO
CARIDADE,10642923000109,(85) 9894-53341,Caridade,CE,R EZEQUIEL GOMES 251,CARTAO CEARA SEM FOME,MERCADINHO NOSSA SRA DAS GRACAS,Centro,Mercado / Mini Mercado,CENTRO
CARIDADE,10823373000116,,Caridade,CE,R SENADOR MENEZES PIMENTEL 164,CARTAO CEARA SEM FOME,MERCADINHO BRAZ,Centro,Mercado / Mini Mercado,CENTRO
CARIDADE,13371913000166,,Caridade,CE,R JOANA BITTENCOURT 94,CARTAO CEARA SEM FOME,CASA DE RAOES ARC VAREJO,Centro,Mercado / Mini Mercado,CENTRO
CARIDADE,15106777000293,(85) 9916-46355,Caridade,CE,AV CORONEL FRANCISCO LINHARES 73,CARTAO CEARA SEM FOME,J B SUPERMERCADO,Centro,Supermercado,CENTRO
CARIDADE,15521489000114,,Caridade,CE,TV VICENTE PAULO FONSECA 26,CARTAO CEARA SEM FOME,MERCADINHO N V,Centro,Mercado / Mini Mercado,CENTRO
CARIDADE,17708590000104,,Caridade,CE,R CEL. FRANCISCO LINHARES SN,CARTAO CEARA SEM FOME,ARC VAREJO,Centro,Mercado / Mini Mercado,CENTRO
CARIDADE,18298577000197,,Caridade,CE,boa esperança 000,CARTAO CEARA SEM FOME,MAIRTON RIBEIRO DA SILVA 50335197353,Centro,Alimentação,CENTRO
CARIDADE,18777841000175,(85) 9815-33836,Caridade,CE,R Rua Raimundo Prata 364,CARTAO CEARA SEM FOME,MERCADINHO FRANCA,Centro,Mercado / Mini Mercado,CENTRO
CARIDADE,22017760000144,(85) 9850-04056,Caridade,CE,DA BALIZA 18,CARTAO CEARA SEM FOME,MERCEARIA DA REGI,Centro,Mercado / Mini Mercado,CENTRO
CARIDADE,25446728000172,(85) 9868-47287,Caridade,CE,R CEL. JOSE SAMPAIO 247,CARTAO CEARA SEM FOME,FRIGORIFICO NOSSA SENHORA DAS DORES,Centro,Frigorifico,CENTRO
CARIDADE,34956425000190,,Caridade,CE,R CORONEL FRANCISCO LINHARES 161,CARTAO CEARA SEM FOME,SUPER SAVANA,Centro,Supermercado,CENTRO
CARIDADE,36378962000126,,Caridade,CE,R CALABRIA SN,CARTAO CEARA SEM FOME,MERCADINHO DA NENE,Centro,Mercado / Mini Mercado,CENTRO
CARIRIAÇU,7824696000110,,Caririaçu,CE,R CORONEL BOTELHO 533,CARTAO CEARA SEM FOME,MERCANTIL AQUINO,Centro,Mercado / Mini Mercado,CENTRO
CARIRIAÇU,18546248000118,,Caririaçu,CE,CORONEL BOTELHO 419,CARTAO CEARA SEM FOME,COMERCIAL SILVA,Centro,Mercado / Mini Mercado,CENTRO
CARIRIAÇU,34297608000141,,Caririaçu,CE,SANTA BERNADETE 01,CARTAO CEARA SEM FOME,SACOLÃO SABOR DA TERRA,Centro,Mercado / Mini Mercado,CENTRO
CARIRIAÇU,69371342000114,(88) 9968-93311,Caririaçu,CE,R CLEMENTE FERREIRA BORGES 17,CARTAO CEARA SEM FOME,MERCANTIL CICERO KELER,Centro,Mercado / Mini Mercado,CENTRO
CARIRÉ,2441132000184,(88) 9812-40778,Cariré,CE,VL TAPUIO SN,CARTAO CEARA SEM FOME,MELO VARIEDADES,Centro,Mercado / Mini Mercado,CENTRO
CARIRÉ,8029267000113,(88) 9970-70779,Cariré,CE,R DR JOSE TELES 60,CARTAO CEARA SEM FOME,PANIFICADORA IDEAL,Centro,Padaria,CENTRO
CARIRÉ,8220042000220,,Cariré,CE,R ISAIAS MACHADO PORTELA 281,CARTAO CEARA SEM FOME,SERVE BEM ATACAREJO,Centro,Supermercado,CENTRO
CARIRÉ,9348859000160,(88) 8152-0600,Cariré,CE,R SEBASTIAO MIRANDA 541,CARTAO CEARA SEM FOME,MERCANTIL PORQUINHO,Centro,Mercado / Mini Mercado,CENTRO
CARIRÉ,11302642000161,,Cariré,CE,R FRANCISCO ARAUJO CHAVES SN,CARTAO CEARA SEM FOME,MERCADINHO NOSSA SENHORA DE FATIMA,Centro,Mercado / Mini Mercado,CENTRO
CARIRÉ,23576491000119,,Cariré,CE,AV SEBASTIAO MIRANDA 411,CARTAO CEARA SEM FOME,MERCADINHO SAO SEBASTIAO,Centro,Mercado / Mini Mercado,CENTRO
CARIRÉ,26769904000170,(88) 9813-51903,Cariré,CE,AV DEPUTADO ELISIO AGUIAR 261,CARTAO CEARA SEM FOME,PEDIM DAS FRUTAS,Centro,Mercado / Mini Mercado,CENTRO
CARIRÉ,42798817000105,,Cariré,CE,SEBASTIAO MIRANDA 320,CARTAO CEARA SEM FOME,COMERCIAL MB,Centro,Mercado / Mini Mercado,CENTRO
CARIRÉ,45611505000120,,Cariré,CE,10 R TAPUIO 00,CARTAO CEARA SEM FOME,MERCADINHO SAO FRANCISCO,Centro,Mercado / Mini Mercado,CENTRO
CARIRÉ,53632223000138,,Cariré,CE,R JOSE ALCIDES ROCHA 960,CARTAO CEARA SEM FOME,MERCADINHO SAO FRANCISCO,Centro,Mercado / Mini Mercado,CENTRO
CARIÚS,4632374000695,(88) 9994-32159,Cariús,CE,R PRACA DA REPUBLICA 06,CARTAO CEARA SEM FOME,REDE ALEXANDRE,Centro,Mercado / Mini Mercado,CENTRO
CARIÚS,7429139000102,,Cariús,CE,PASCOAL ESTOPELE 17,CARTAO CEARA SEM FOME,MERCANTIL BERNARDO,Centro,Mercado / Mini Mercado,CENTRO
CARIÚS,7642456000102,,Cariús,CE,R 07 DE SETEMBRO 25,CARTAO CEARA SEM FOME,MERCADINHO MARIANO,Centro,Mercado / Mini Mercado,CENTRO
CARIÚS,18329495000162,(88) 9985-38099,Cariús,CE,PC DA REPUBLICA 8,CARTAO CEARA SEM FOME,SUPER ECONOMICO,Centro,Mercado / Mini Mercado,CENTRO
CARIÚS,19502979000124,(88) 9811-18100,Cariús,CE,R SILVESTRE ALMEIDA DUARTE 02,CARTAO CEARA SEM FOME,MERCANTIL COSTA,Centro,Mercado / Mini Mercado,CENTRO
CARIÚS,20593231000163,,Cariús,CE,MANOEL VIRACAO 29,CARTAO CEARA SEM FOME,MERCANTIL EVOLUCAO,Centro,Mercado / Mini Mercado,CENTRO
CARIÚS,21257861000120,(88) 9964-06510,Cariús,CE,7 DE SETEMBRO 15,CARTAO CEARA SEM FOME,MERCANTIL MACHIM,Centro,Mercado / Mini Mercado,CENTRO
CARIÚS,24189280000196,(88) 9990-31128,Cariús,CE,R SILVESTRE ALMEIDA DUARTE 17,CARTAO CEARA SEM FOME,MERCADINHO BAHIA,Centro,Loja de Armarinho,CENTRO
CARIÚS,49358423000177,(88) 9978-93749,Cariús,CE,SETE DE SETEMBRO 21,CARTAO CEARA SEM FOME,MERCANTIL DA LUCIA,Centro,Mercado / Mini Mercado,CENTRO
CARNAUBAL,141536000127,,Carnaubal,CE,R MANOEL ESTORGIO 830,CARTAO CEARA SEM FOME,SUPERMERCADO DUDU,Centro,Supermercado,CENTRO
CARNAUBAL,7342176000170,(88) 3626-1785,Carnaubal,CE,R MAJOR FELINTO 512,CARTAO CEARA SEM FOME,SUPERMERCADO REGINALDO,Centro,Mercado / Mini Mercado,CENTRO
CARNAUBAL,12640930000199,(88) 9999-09196,Carnaubal,CE,Sítio Faveira SN,CARTAO CEARA SEM FOME,CENTRAL DA CONSTRUCAO,Centro,Mercado / Mini Mercado,CENTRO
CARNAUBAL,31934208000101,,Carnaubal,CE,R PEDRO ANTONIO DE MELO 212,CARTAO CEARA SEM FOME,MERCANTIL FREIRE,Centro,Mercado / Mini Mercado,CENTRO
CARNAUBAL,35202279000170,,Carnaubal,CE,R DEPUTADO VICENTE RIBEIRO 438,CARTAO CEARA SEM FOME,COOPENORT,Centro,Cooperativa,CENTRO
CARNAUBAL,35884734000165,,Carnaubal,CE,RUA MANOEL ESTORGIO 147,CARTAO CEARA SEM FOME,THALITA DE ASSIS BRITO,Centro,Mercado / Mini Mercado,CENTRO
CARNAUBAL,41402223000162,,Carnaubal,CE,MANOEL ESTORGIO 145,CARTAO CEARA SEM FOME,MERCEARIA PAGUE MENOS,Centro,Mercado / Mini Mercado,CENTRO
CASCAVEL,1441752000150,(85) 3334-1182,Cascavel,CE,AV PREFEITO VITORIANO ANTUNES 2203,CARTAO CEARA SEM FOME,MERCEARIA COSTA,Centro,Mercado / Mini Mercado,CENTRO
CASCAVEL,1626500000104,(85) 3334-1164,Cascavel,CE,R MAXIMIANO COSTA SN,CARTAO CEARA SEM FOME,MERCADINHO FAFA,Centro,Mercado / Mini Mercado,CENTRO
CASCAVEL,2826178000111,(85) 9812-68983,Cascavel,CE,AV PADRE VALDEVINO NOGUEIRA 2285,CARTAO CEARA SEM FOME,MERCADINHO FREITAS IV,Centro,Mercado / Mini Mercado,CENTRO
CASCAVEL,2884865000193,(85) 3334-1663,Cascavel,CE,R JOAO DAMASCENO FONTENELE 3160,CARTAO CEARA SEM FOME,MERCADINHO SANGELA,Centro,Mercado / Mini Mercado,CENTRO
CASCAVEL,3932610000111,(85) 3385-1990,Cascavel,CE,JOAO DAMASCENO ONTENELE 2763,CARTAO CEARA SEM FOME,MERCEARIA O OLIMPIO,Centro,Mercado / Mini Mercado,CENTRO
CASCAVEL,4174844000100,(85) 3334-1253,Cascavel,CE,R PEDRO MOITA 289,CARTAO CEARA SEM FOME,MERCADINHO ECONOMICO,Centro,Mercado / Mini Mercado,CENTRO
CASCAVEL,5058143000178,(85) 3334-1095,Cascavel,CE,R JOAO VIANA FILHO 1198,CARTAO CEARA SEM FOME,MERCADINHO MENINO JESUS,Centro,Mercado / Mini Mercado,CENTRO
CASCAVEL,7049541000153,(85) 3334-0767,Cascavel,CE,AV PREFEITO VITORIANO ANTUNES 2464,CARTAO CEARA SEM FOME,MERCADINHO PREDILETO,Centro,Mercado / Mini Mercado,CENTRO
CASCAVEL,7196801000113,(85) 9880-84977,Cascavel,CE,AV PREF. VITORIANO ANTUNES 2293,CARTAO CEARA SEM FOME,MERCADINHO FREITAS,Centro,Mercado / Mini Mercado,CENTRO
CASCAVEL,8245735000197,(85) 9870-90623,Cascavel,CE,R BENEDITO GALDINO DE LEMOS 2671,CARTAO CEARA SEM FOME,MERCADO MJ,Centro,Mercado / Mini Mercado,CENTRO
CASCAVEL,8690114000112,(85) 3334-1066,Cascavel,CE,R FOTOGRAFO JOSE HONORATO 2869,CARTAO CEARA SEM FOME,MERCADINHO O OSMAR,Centro,Mercado / Mini Mercado,CENTRO
CASCAVEL,11659770000248,(85) 3348-8455,Cascavel,CE,CHANCELER EDSON QUEIROZ 2944,CARTAO CEARA SEM FOME,SUPERMERCADO MORANGUINHO,Centro,Supermercado,CENTRO
CASCAVEL,11659770000671,(85) 3348-8455,Cascavel,CE,PADRE MAXIMINIANO PINTO DA ROCHA 2255,CARTAO CEARA SEM FOME,SUPERMERCADO MORANGUINHO JANGADA ATACAREJO,Centro,Supermercado,CENTRO
CASCAVEL,11659770000914,(85) 3348-8455,Cascavel,CE,FRANCISCO GALDINO DE SOUZA 2319,CARTAO CEARA SEM FOME,SUPERMERCADO MORANGUINHO,Centro,Supermercado,CENTRO
CASCAVEL,17997044000130,(85) 9880-09040,Cascavel,CE,R SAO JOAO 2518,CARTAO CEARA SEM FOME,MERCANTIL COMPRE BEM,Centro,Mercado / Mini Mercado,CENTRO
CASCAVEL,23151812000990,,Cascavel,CE,R SAMUEL BEDE 2606,CARTAO CEARA SEM FOME,RAIMAR,Centro,Supermercado,CENTRO
CASCAVEL,25988137000127,(85) 3334-0353,Cascavel,CE,R FRANCISCO GALDINO DE SOUZA 2198,CARTAO CEARA SEM FOME,COMERCIAL S P,Centro,Mercado / Mini Mercado,CENTRO
CASCAVEL,31318796000159,(85) 8899-0210,Cascavel,CE,TV FRANCISCO ADJAFRE 2170,CARTAO CEARA SEM FOME,IMPERIO DAS CARNES,Centro,Açougue,CENTRO
CASCAVEL,33050854000131,,Cascavel,CE,10 R VICENTE FAUSTINO 1178 A,CARTAO CEARA SEM FOME,MERCADINHO COMPRE BEM,Centro,Mercado / Mini Mercado,CENTRO
CASCAVEL,35435690000196,(85) 9890-47048,Cascavel,CE,CHANCELER EDSON QUEIROZ 3205,CARTAO CEARA SEM FOME,LUQUINHA E CIA,Centro,Mercado / Mini Mercado,CENTRO
CASCAVEL,38094949000170,(85) 9100-0512,Cascavel,CE,AV ELIEZER XIMENES RODRIGUES 3460,CARTAO CEARA SEM FOME,NEW BOX SUPERMERCADO,Centro,Mercado / Mini Mercado,CENTRO
CASCAVEL,41289664000108,,Cascavel,CE,R JOAO DAMASCENO FONTENELE 4031,CARTAO CEARA SEM FOME,MERCADINHO DM,Centro,Mercado / Mini Mercado,CENTRO
CASCAVEL,41675314000171,(85) 3334-1516,Cascavel,CE,PREF VITORIANO ANTUNES 2374,CARTAO CEARA SEM FOME,COMERCIAL VAREJISTA QUEIROZ,Centro,Mercado / Mini Mercado,CENTRO
CASCAVEL,44301510000174,,Cascavel,CE,SIT TIJUCUSSU I SN,CARTAO CEARA SEM FOME,COOPAVEL CE,Centro,Alimentação,CENTRO
CASCAVEL,44601157000148,,Cascavel,CE,AV PREF VITORIANO ANTUNES 2374,CARTAO CEARA SEM FOME,FRUTAS SOMBRA,Centro,Mercado / Mini Mercado,CENTRO
CASCAVEL,48715352000150,,Cascavel,CE,AV GENERAL MOURA 2436,CARTAO CEARA SEM FOME,MERCADINHO NB,Centro,Mercado / Mini Mercado,CENTRO
CASCAVEL,50868992000141,,Cascavel,CE,R FRANCISCO CAPISTRANO DE SOUZA SN,CARTAO CEARA SEM FOME,MINI BOX ENCONTRO DAS AGUAS,Centro,Supermercado,CENTRO
CASCAVEL,54237475000125,(85) 9981-98800,Cascavel,CE,R PEDRO MOITA 289,CARTAO CEARA SEM FOME,SUPER ECONOMICO,Centro,Mercado / Mini Mercado,CENTRO
CATARINA,386135000137,,Catarina,CE,TV DOS INHAMUNS 35,CARTAO CEARA SEM FOME,GOMES SAMPAIO MERCEARIAS,Centro,Mercado / Mini Mercado,CENTRO
CATARINA,5340684000194,,Catarina,CE,R ANTONIO LEITAO 548,CARTAO CEARA SEM FOME,COMERCIAL GOMES DE LIMA,Centro,Mercado / Mini Mercado,CENTRO
CATARINA,7463999000154,(88) 9884-85223,Catarina,CE,R JOSE RODRIGUES IRMAO 183,CARTAO CEARA SEM FOME,MERCANDINHO MIX,Centro,Mercado / Mini Mercado,CENTRO
CATARINA,9591741000169,,Catarina,CE,AV ANTONIO AMANCIO RODRIGUES 64,CARTAO CEARA SEM FOME,MERCANTIL DO GERILAN,Centro,Mercado / Mini Mercado,CENTRO
CATARINA,11441968000170,,Catarina,CE,ANTONIO LEITAO 320,CARTAO CEARA SEM FOME,FRIGORIFICO E SUPERMERCADO CARVALHO,Centro,Mercado / Mini Mercado,CENTRO
CATARINA,11454879000168,,Catarina,CE,ANTONIO LEITAO DE MENDONCA 555,CARTAO CEARA SEM FOME,A. I. VITOR EVANGELISTA,Centro,Mercado / Mini Mercado,CENTRO
CATARINA,12271037000133,,Catarina,CE,JOS RODRIGUES PEREIRA NETO 102,CARTAO CEARA SEM FOME,MERCANTIL BETINHO,Centro,Mercado / Mini Mercado,CENTRO
CATARINA,16799717000185,(88) 3556-1516,Catarina,CE,PC MANOEL NOGUEIRA 27,CARTAO CEARA SEM FOME,FRIGORIFICO GOMES,Centro,Açougue,CENTRO
CATARINA,33355448000187,(88) 9882-43138,Catarina,CE,1 AV ANTONIO AMANCIO RODRIGUES 12,CARTAO CEARA SEM FOME,MERCEARIA DO MARCINHO,Centro,Mercado / Mini Mercado,CENTRO
CATARINA,37337851000134,,Catarina,CE,VEREADOR FRANCISCO ROBERTO DE SOUSA 446,CARTAO CEARA SEM FOME,ATACAREJO PESSOA,Centro,Mercado / Mini Mercado,CENTRO
CATARINA,48532595000152,,Catarina,CE,10 R JOSE RODRIGUES PEREIRA NETO S/N,CARTAO CEARA SEM FOME,SACOLAO DAS FRUTAS,Centro,Alimentação,CENTRO
CATARINA,49091497000190,(88) 9993-18368,Catarina,CE,R ALFREDO RODRIGUES PEREIRA 3,CARTAO CEARA SEM FOME,MERCEARIA TEIXEIRA,Centro,Supermercado,CENTRO
CATARINA,72490105000187,,Catarina,CE,R JOAO FERREIRA SANTOS 161,CARTAO CEARA SEM FOME,SUPERMERCADO CLEBER,Centro,Mercado / Mini Mercado,CENTRO
CATUNDA,5012146000170,(88) 9996-13905,Catunda,CE,R JOAO SEBASTIAO DE OLIVEIRA 20,CARTAO CEARA SEM FOME,MERCADINHO OLIVEIRA,Centro,Mercado / Mini Mercado,CENTRO
CATUNDA,21649072000134,(88) 9934-48616,Catunda,CE,AV 07 DE SETEMBRO 720,CARTAO CEARA SEM FOME,ATACADÃO AUMERIO FARIAS,Centro,Mercado / Mini Mercado,CENTRO
CAUCAIA,995482000167,(85) 3294-5014,Caucaia,CE,Dom Almeida Lustosa 3375,CARTAO CEARA SEM FOME,FRIGORIFICO SAO JOSE,Marechal Rondon (Jurema),Açougue,MARECHAL RONDON (JUREMA)
CAUCAIA,1612726000229,(85) 3243-8570,Caucaia,CE,Ulisses Guimarães 732,CARTAO CEARA SEM FOME,CANTINHO DAS FRUTAS SMALL SUPERMARKET,Parque Leblon,Supermercado,PARQUE LEBLON
CAUCAIA,1612726000300,(85) 3243-8570,Caucaia,CE,Ulisses Guimarães 2853,CARTAO CEARA SEM FOME,CANTINHO DAS FRUTAS SMALL SUPERMARKET,Iparana,Supermercado,IPARANA
CAUCAIA,1794582000350,,Caucaia,CE,Carpina 127,CARTAO CEARA SEM FOME,MERCADINHO DEUS TE PAGUE,Marechal Rondon (Jurema),Supermercado,MARECHAL RONDON (JUREMA)
CAUCAIA,1948037000109,,Caucaia,CE,Dom Almeida Lustosa 3236,CARTAO CEARA SEM FOME,BOIFEST,Marechal Rondon (Jurema),Açougue,MARECHAL RONDON (JUREMA)
CAUCAIA,2738485000221,(85) 9915-98829,Caucaia,CE,Dom Almeida Lustosa 3236,CARTAO CEARA SEM FOME,BOIFEST,Marechal Rondon (Jurema),Açougue,MARECHAL RONDON (JUREMA)
CAUCAIA,2754564000145,,Caucaia,CE,108 217,CARTAO CEARA SEM FOME,MERCADINHO 4 IRMÃOS,Planalto Caucaia,Mercado / Mini Mercado,PLANALTO CAUCAIA
CAUCAIA,3332709000182,(08) 5213-1600,Caucaia,CE,R POTIGUARA 556,CARTAO CEARA SEM FOME,MERCADINHO O OLIVEIRA,Parque Potira (Jurema),Mercado / Mini Mercado,PARQUE POTIRA (JUREMA)
CAUCAIA,3513362000174,(85) 3282-1744,Caucaia,CE,Dom Almeida Lustosa 1877,CARTAO CEARA SEM FOME,CIA DA CARNE,Parque Albano (Jurema),Frigorifico,PARQUE ALBANO (JUREMA)
CAUCAIA,3720882003688,(85) 3131-2820,Caucaia,CE,R QUINZE DE NOVEMBRO 1100,CARTAO CEARA SEM FOME,SUPER MERCADINHOS SAO LUIZ,Curicaca,Supermercado,CURICACA
CAUCAIA,3849211000191,(85) 3340-0569,Caucaia,CE,Jerusalém 170,CARTAO CEARA SEM FOME,MERCADINHO SANTA EDWIRGENS,Tabuba,Mercado / Mini Mercado,TABUBA
CAUCAIA,3995515030155,,Caucaia,CE,Jurupary sn,CARTAO CEARA SEM FOME,MATEUS SUPERMERCADOS S A MIX CAUCAIA,Parque Guadalajara (Jurema),Alimentação,PARQUE GUADALAJARA (JUREMA)
CAUCAIA,4186215000108,(85) 3253-7282,Caucaia,CE,Barão de Ibiapaba 691,CARTAO CEARA SEM FOME,BOMBONIERE DOCE MEL,Centro,Bomboniere / Doceria,CENTRO
CAUCAIA,4938822000179,(89) 3285-8127,Caucaia,CE,Cariri 2373,CARTAO CEARA SEM FOME,MERCEARIA O ROBERTO,Tabapuá Brasília,Mercado / Mini Mercado,TABAPUÁ BRASÍLIA
CAUCAIA,6057223022574,(11) 3411-5200,Caucaia,CE,BR-222 ,CARTAO CEARA SEM FOME,ASSAÍ ATACADISTA,Tabapuá,Supermercado,TABAPUÁ
CAUCAIA,6245334000101,,Caucaia,CE,Curitiba 20,CARTAO CEARA SEM FOME,MERCADINHO ALDILENE,Mestre Antônio,Mercado / Mini Mercado,MESTRE ANTÔNIO
CAUCAIA,6337815000147,,Caucaia,CE,Paracatu 535,CARTAO CEARA SEM FOME,MERCADINHO JEOVANI,Parque Potira (Jurema),Mercado / Mini Mercado,PARQUE POTIRA (JUREMA)
CAUCAIA,6339545000375,(85) 3235-0203,Caucaia,CE,Dom Almeida Lustosa 3840,CARTAO CEARA SEM FOME,COMPREMAX SUPERMERCADOS,Marechal Rondon (Jurema),Alimentação,MARECHAL RONDON (JUREMA)
CAUCAIA,6343390000189,(85) 3484-7250,Caucaia,CE,Heribaldo Rodrigues 331,CARTAO CEARA SEM FOME,MERCADINHO VIDA,Parque Potira (Jurema),Mercado / Mini Mercado,PARQUE POTIRA (JUREMA)
CAUCAIA,7181394000170,(85) 9918-94499,Caucaia,CE,Estruturante - CE 085 57,CARTAO CEARA SEM FOME,M. PP,Garrote,Mercado / Mini Mercado,GARROTE
CAUCAIA,7337926000116,(85) 3238-9115,Caucaia,CE,VERA CRUZ 539,CARTAO CEARA SEM FOME,MERC.FRIG. EVARISTO,Parque Potira (Jurema),Mercado / Mini Mercado,PARQUE POTIRA (JUREMA)
CAUCAIA,7546352000196,(85) 3342-7313,Caucaia,CE,Carlos Ribeiro 62,CARTAO CEARA SEM FOME,MERCADINHO RIBAMAR,Capuan,Mercado / Mini Mercado,CAPUAN
CAUCAIA,8402252000159,,Caucaia,CE,Balbino Pereira 41,CARTAO CEARA SEM FOME,MERCADINHO BOM FRANGO,Grilo,Mercado / Mini Mercado,GRILO
CAUCAIA,8674688000105,(85) 4105-0527,Caucaia,CE,BR-222 1356,CARTAO CEARA SEM FOME,MERCADINHO SANTA EDWIRGEN,Genipabu,Mercado / Mini Mercado,GENIPABU
CAUCAIA,8913704000167,,Caucaia,CE,Eliezer Góis 1296,CARTAO CEARA SEM FOME,MERCADINHO SAO MATEUS,Parque São Gerardo,Mercado / Mini Mercado,PARQUE SÃO GERARDO
CAUCAIA,9016450000147,(85) 3328-9426,Caucaia,CE,Pintor João Figueiredo ,CARTAO CEARA SEM FOME,MERCADINHO O EVANDRO,Iparana,Alimentação,IPARANA
CAUCAIA,9054060000161,,Caucaia,CE,Morélia 344,CARTAO CEARA SEM FOME,MERCADINHO MORELIA,Parque Guadalajara (Jurema),Mercado / Mini Mercado,PARQUE GUADALAJARA (JUREMA)
CAUCAIA,9126882000100,,Caucaia,CE,Ulisses Guimarães 2618,CARTAO CEARA SEM FOME,MERCADINHO H M,Iparana,Mercado / Mini Mercado,IPARANA
CAUCAIA,9182217000134,(85) 3387-1410,Caucaia,CE,Coronel Correia 1985,CARTAO CEARA SEM FOME,SUPER CAUCAIA,Centro,Alimentação,CENTRO
CAUCAIA,9182217000215,(85) 3387-1410,Caucaia,CE,Barão de Ibiapaba 533,CARTAO CEARA SEM FOME,SUPER CAUCAIA,Centro,Alimentação,CENTRO
CAUCAIA,9486439000221,(85) 3024-2000,Caucaia,CE,João XXIII 4947,CARTAO CEARA SEM FOME,MERCANTIL FONSECA,Granja Lisboa,Mercado / Mini Mercado,GRANJA LISBOA
CAUCAIA,9611243000130,(85) 3342-1805,Caucaia,CE,WALTER GADELHA DE GOES S/N,CARTAO CEARA SEM FOME,MERCADINHO WALTER,Garrote,Mercado / Mini Mercado,GARROTE
CAUCAIA,10371256000169,,Caucaia,CE,Edson da Mota Correia 880,CARTAO CEARA SEM FOME,SUPERMERCADOS GG,Centro,Supermercado,CENTRO
CAUCAIA,10822201000128,(85) 3213-2752,Caucaia,CE,BR-222 SN,CARTAO CEARA SEM FOME,MERCADINHO LAGO VERDE,Genipabu,Mercado / Mini Mercado,GENIPABU
CAUCAIA,10962083000153,(85) 3099-7733,Caucaia,CE,Dom Almeida Lustosa 1780,CARTAO CEARA SEM FOME,EXITO MERCANTIL,Parque Albano (Jurema),Alimentação,PARQUE ALBANO (JUREMA)
CAUCAIA,10962083000234,(85) 9870-98296,Caucaia,CE,Torreon 1983,CARTAO CEARA SEM FOME,MERCANTIL EXITO LTDA,Parque Guadalajara (Jurema),Mercado / Mini Mercado,PARQUE GUADALAJARA (JUREMA)
CAUCAIA,11162858000179,(85) 3295-3031,Caucaia,CE,Professora Letícia Marques Cavalcante 1505,CARTAO CEARA SEM FOME,SUPERMERCADO AGUIAR,Capuan,Supermercado,CAPUAN
CAUCAIA,11497712000699,(85) 3488-1222,Caucaia,CE,Edson da Mota Correia 1125,CARTAO CEARA SEM FOME,CENTERBOX,Centro,Supermercado,CENTRO
CAUCAIA,11554739000161,,Caucaia,CE,do Campo 420,CARTAO CEARA SEM FOME,MERCADINHO BOM PRECO,Capuan,Mercado / Mini Mercado,CAPUAN
CAUCAIA,11794451000164,,Caucaia,CE,Aurino Santos Colares 821,CARTAO CEARA SEM FOME,MERCADINHO ANGELA,Conjunto Metropolitano,Mercado / Mini Mercado,CONJUNTO METROPOLITANO
CAUCAIA,12271092000123,(85) 9983-36871,Caucaia,CE,337 130,CARTAO CEARA SEM FOME,VITORIA REAL SUPERMERCADOS,Nova Metrópole (Jurema),Supermercado,NOVA METRÓPOLE (JUREMA)
CAUCAIA,12291367000190,(85) 9876-17243,Caucaia,CE,AV SAO JOSE 15,CARTAO CEARA SEM FOME,MERCADINHO BOM PRECO AG,Centro,Mercado / Mini Mercado,CENTRO
CAUCAIA,12351888000196,(85) 9968-15527,Caucaia,CE,Dom Almeida Lustosa 2772,CARTAO CEARA SEM FOME,SUPER PRECO BOM,Marechal Rondon (Jurema),Mercado / Mini Mercado,MARECHAL RONDON (JUREMA)
CAUCAIA,12351888000358,(85) 9968-15527,Caucaia,CE,E17 07,CARTAO CEARA SEM FOME,SUPER PRECO BOM,Araturi (Jurema),Mercado / Mini Mercado,ARATURI (JUREMA)
CAUCAIA,12351888000439,,Caucaia,CE,R DAS ORQUIDE 105,CARTAO CEARA SEM FOME,SUPER PRECO BOM SUPERMERCADO,Arianópolis (Jurema),Supermercado,ARIANÓPOLIS (JUREMA)
CAUCAIA,12493770000100,,Caucaia,CE,boa esperança 260,CARTAO CEARA SEM FOME,MARIA DAS GRACAS DE ALMEIDA SOUSA,Centro,Mercado / Mini Mercado,CENTRO
CAUCAIA,12981026000147,(85) 9863-35761,Caucaia,CE,Almirante Soares Dutra 33,CARTAO CEARA SEM FOME,SUPER CUMBUCO,Cumbuco,Mercado / Mini Mercado,CUMBUCO
CAUCAIA,12981026000309,,Caucaia,CE,Central 2946,CARTAO CEARA SEM FOME,SUPER CUMBUCO ATACAREJO,Tabuba,Mercado / Mini Mercado,TABUBA
CAUCAIA,14224569000145,(85) 3342-5794,Caucaia,CE,Vicente Sales 822,CARTAO CEARA SEM FOME,PADARIA E CONFEITARIA PAO NOSSO,Cigana,Padaria,CIGANA
CAUCAIA,14632789000108,,Caucaia,CE,333 34,CARTAO CEARA SEM FOME,MARIA MARLEIDE,Nova Metrópole (Jurema),Mercado / Mini Mercado,NOVA METRÓPOLE (JUREMA)
CAUCAIA,14966914000116,(85) 8685-5460,Caucaia,CE,Engenheiro João Alfredo 1361,CARTAO CEARA SEM FOME,SUPERMERCADO GG,Centro,Alimentação,CENTRO
CAUCAIA,15024262000163,(85) 3285-1332,Caucaia,CE,Ipu 2124,CARTAO CEARA SEM FOME,FRANCISCO MANUEL BELIZARIO MARTINS,Tabapuá Brasília,Supermercado,TABAPUÁ BRASÍLIA
CAUCAIA,15099833000986,(85) 4012-2954,Caucaia,CE,Jerônimo Amaral SN,CARTAO CEARA SEM FOME,LAREDO FOOD SERVICE,Centro,Supermercado,CENTRO
CAUCAIA,15102500000101,(85) 9869-96821,Caucaia,CE,Central 07,CARTAO CEARA SEM FOME,B & M CARNES,Icaraí,Açougue,ICARAÍ
CAUCAIA,15258788000370,(85) 3047-1515,Caucaia,CE,Juaci Sampaio Pontes 2076,CARTAO CEARA SEM FOME,DOCAS,Centro,Mercado / Mini Mercado,CENTRO
CAUCAIA,15346045000351,(85) 9893-67787,Caucaia,CE,Heribaldo Rodrigues 142,CARTAO CEARA SEM FOME,ATACAREJO O IRMAO,Parque Potira (Jurema),Alimentação,PARQUE POTIRA (JUREMA)
CAUCAIA,16610447000112,(85) 9983-85370,Caucaia,CE,Dom Almeida Lustosa 2970,CARTAO CEARA SEM FOME,FRIGORIFICO O CARLOS,Parque Guadalajara (Jurema),Açougue,PARQUE GUADALAJARA (JUREMA)
CAUCAIA,17257815000749,,Caucaia,CE,Central 10,CARTAO CEARA SEM FOME,PARATY SUPERMERCADOS 7,Icaraí,Supermercado,ICARAÍ
CAUCAIA,17320965000164,(85) 9922-43757,Caucaia,CE,Padre Cícero 1808,CARTAO CEARA SEM FOME,MERCADINHO DA VERA,Conjunto Metropolitano,Mercado / Mini Mercado,CONJUNTO METROPOLITANO
CAUCAIA,17608115000247,,Caucaia,CE,Juaci Sampaio Pontes 235,CARTAO CEARA SEM FOME,COMERCIAL PRAIA E MAR,Curicaca,Mercado / Mini Mercado,CURICACA
CAUCAIA,18416433000198,(85) 9850-94496,Caucaia,CE,Belarmino José 432,CARTAO CEARA SEM FOME,ESF COMERCIO E SERVICOS,Icaraí,Mercado / Mini Mercado,ICARAÍ
CAUCAIA,18754554000140,(85) 3226-2566,Caucaia,CE,Joaquim Bento Cavalcante 1166,CARTAO CEARA SEM FOME,PANIFICADORA SOPHIA,Grilo,Padaria,GRILO
CAUCAIA,18958300000143,(85) 9863-01609,Caucaia,CE,Heribaldo Rodrigues 582,CARTAO CEARA SEM FOME,COMERCIAL & MERCADINHO LD,Parque Potira (Jurema),Mercado / Mini Mercado,PARQUE POTIRA (JUREMA)
CAUCAIA,19368948000122,(85) 9868-89336,Caucaia,CE,Leandro Bezerra 1838,CARTAO CEARA SEM FOME,FORQUILHA DO NORTE,Conjunto Metropolitano,Mercado / Mini Mercado,CONJUNTO METROPOLITANO
CAUCAIA,19719005000105,,Caucaia,CE,U SN,CARTAO CEARA SEM FOME,MERCADINHO BARATEIRO,Arianópolis (Jurema),Mercado / Mini Mercado,ARIANÓPOLIS (JUREMA)
CAUCAIA,20210545000130,(85) 9860-45942,Caucaia,CE,DT RUA PLACIDO MONTEIRO GONDIN 100,CARTAO CEARA SEM FOME,MERCEARIA O FACO,Centro,Mercado / Mini Mercado,CENTRO
CAUCAIA,20450465000151,,Caucaia,CE,2 11,CARTAO CEARA SEM FOME,MERCADINHO CHIRLENE,Arianópolis (Jurema),Mercado / Mini Mercado,ARIANÓPOLIS (JUREMA)
CAUCAIA,20957498000192,(88) 9949-20029,Caucaia,CE,Almirante Tamandaré 64,CARTAO CEARA SEM FOME,RECANTO NORDESTINO,Cumbuco,Restaurante,CUMBUCO
CAUCAIA,21196487000108,,Caucaia,CE,ROD LUIZ NERY NUNES DE MIRANDA 3558,CARTAO CEARA SEM FOME,COOPAAGRO,Toco (Jurema),Cooperativa,TOCO (JUREMA)
CAUCAIA,21564650000130,(85) 9865-00704,Caucaia,CE,São Vicente de Paula 1005,CARTAO CEARA SEM FOME,MERCADINHO O FABIANO,Araturi (Jurema),Mercado / Mini Mercado,ARATURI (JUREMA)
CAUCAIA,22291092000149,,Caucaia,CE,15 837,CARTAO CEARA SEM FOME,MERCADINHO ANTONIO JOSE,Araturi (Jurema),Mercado / Mini Mercado,ARATURI (JUREMA)
CAUCAIA,23475494000166,,Caucaia,CE,Central 875,CARTAO CEARA SEM FOME,O CHURRASQUINHO,Icaraí,Restaurante,ICARAÍ
CAUCAIA,24914815000144,(85) 9865-05049,Caucaia,CE,7 102,CARTAO CEARA SEM FOME,MERCEARIA O AIRTON,Araturi (Jurema),Mercado / Mini Mercado,ARATURI (JUREMA)
CAUCAIA,26153116000154,,Caucaia,CE,Vinte e Quatro de Janeiro 125,CARTAO CEARA SEM FOME,PANIFICADORA ESPERANCA,Cigana,Padaria,CIGANA
CAUCAIA,26365219000188,(85) 9967-53350,Caucaia,CE,Quintino José Correia 541 A,CARTAO CEARA SEM FOME,MERCADINHO SANDA EDWIGEN PEROTE,Cigana,Mercado / Mini Mercado,CIGANA
CAUCAIA,26542734000196,(85) 9880-34249,Caucaia,CE,Dom Almeida Lustosa 3827,CARTAO CEARA SEM FOME,PADARIA COSTA,Marechal Rondon (Jurema),Padaria,MARECHAL RONDON (JUREMA)
CAUCAIA,27847157000103,(85) 8780-2934,Caucaia,CE,Vinte e Quatro de Janeiro 138,CARTAO CEARA SEM FOME,SUPER DIKA,Cigana,Mercado / Mini Mercado,CIGANA
CAUCAIA,28102883000240,(85) 3235-0203,Caucaia,CE,Contorno Leste 137,CARTAO CEARA SEM FOME,COMPREMAX SUPERMERCADOS,Arianópolis (Jurema),Alimentação,ARIANÓPOLIS (JUREMA)
CAUCAIA,28102883000321,(85) 3235-0203,Caucaia,CE,Presidente Getúlio Vargas 08,CARTAO CEARA SEM FOME,OFERTAO MAX ATACAREJO,Centro,Alimentação,CENTRO
CAUCAIA,28102883000593,,Caucaia,CE,Central 1369,CARTAO CEARA SEM FOME,COMPREMAX SUPERMERCADOS ICARAI,Icaraí,Supermercado,ICARAÍ
CAUCAIA,28102883000674,,Caucaia,CE,A 782,CARTAO CEARA SEM FOME,COMPREMAX SUPERMERCADOS,Nova Metrópole (Jurema),Supermercado,NOVA METRÓPOLE (JUREMA)
CAUCAIA,29469190000172,,Caucaia,CE,"RAIMUNDO WILSON N. MIRANDA, S/N 20",CARTAO CEARA SEM FOME,MERCADINHO MAE RAINHA,Centro,Mercado / Mini Mercado,CENTRO
CAUCAIA,31039777000193,(85) 9127-5975,Caucaia,CE,São Vicente de Paula 179,CARTAO CEARA SEM FOME,FP RACOES,Araturi (Jurema),Alimentação,ARATURI (JUREMA)
CAUCAIA,32000860000111,(85) 9876-47194,Caucaia,CE,E14 174,CARTAO CEARA SEM FOME,FRIGORIFICO IG,Araturi (Jurema),Açougue,ARATURI (JUREMA)
CAUCAIA,34672750000121,(85) 3475-2200,Caucaia,CE,B 587,CARTAO CEARA SEM FOME,FRIGORIFICO SOUSA,Nova Metrópole (Jurema),Açougue,NOVA METRÓPOLE (JUREMA)
CAUCAIA,35409204000165,(85) 8793-9392,Caucaia,CE,Juaci Sampaio Pontes 850,CARTAO CEARA SEM FOME,LUCCAS'PAN,Icaraí,Padaria,ICARAÍ
CAUCAIA,35465062000153,,Caucaia,CE,Coronel Correia 4221,CARTAO CEARA SEM FOME,SUPERMERCADO ANNA LAURA,Centro,Supermercado,CENTRO
CAUCAIA,35509122000192,(85) 9863-35616,Caucaia,CE,Professora Dulce dos Santos Sobral 501,CARTAO CEARA SEM FOME,PALOMINHA,Pacheco,Restaurante,PACHECO
CAUCAIA,35621180000103,,Caucaia,CE,Santa Rosa 50,CARTAO CEARA SEM FOME,MERCADINHO DAS FRUTAS,Grilo,Mercado / Mini Mercado,GRILO
CAUCAIA,35639938000130,(85) 9862-26276,Caucaia,CE,Teodoro de Castro 04,CARTAO CEARA SEM FOME,W C COMERCIAL,Marechal Rondon (Jurema),Mercado / Mini Mercado,MARECHAL RONDON (JUREMA)
CAUCAIA,35889182000188,,Caucaia,CE,Central 2167,CARTAO CEARA SEM FOME,MERCADINHO FRIZAO,Icaraí,Mercado / Mini Mercado,ICARAÍ
CAUCAIA,35902489000171,,Caucaia,CE,Júlia da Silva Oliveira 851,CARTAO CEARA SEM FOME,PONTO DOS FRIOS,Grilo,Mercado / Mini Mercado,GRILO
CAUCAIA,36298839000103,(85) 3181-6110,Caucaia,CE,Marcos Couto Bezerra 1403,CARTAO CEARA SEM FOME,ATACAREJO TORQUATO,Conjunto Metropolitano,Mercado / Mini Mercado,CONJUNTO METROPOLITANO
CAUCAIA,37077079000169,,Caucaia,CE,Santana 527,CARTAO CEARA SEM FOME,MERCADINHO D&L,Parque Leblon,Mercado / Mini Mercado,PARQUE LEBLON
CAUCAIA,37639128000100,,Caucaia,CE,Ulisses Guimarães 204,CARTAO CEARA SEM FOME,KURATTO,Parque Leblon,Açougue,PARQUE LEBLON
CAUCAIA,37665078000135,,Caucaia,CE,R LUIZ GOMES DA SILVA 270,CARTAO CEARA SEM FOME,PANIFICADORA FILHO,Mestre Antônio,Padaria,MESTRE ANTÔNIO
CAUCAIA,37971783000160,,Caucaia,CE,Poebla 1035,CARTAO CEARA SEM FOME,MERCADINHO SAO JOSE,Parque Guadalajara (Jurema),Mercado / Mini Mercado,PARQUE GUADALAJARA (JUREMA)
CAUCAIA,38318535000188,,Caucaia,CE,Joaquim Bento Cavalcante 1166,CARTAO CEARA SEM FOME,SABOR DE MINAS DELICATESSEN,Grilo,Padaria,GRILO
CAUCAIA,39299513000180,(85) 9977-93030,Caucaia,CE,Juaci Sampaio Pontes 668,CARTAO CEARA SEM FOME,PATRAO DO FRANGO,Grilo,Restaurante,GRILO
CAUCAIA,39360866000149,,Caucaia,CE,256 140,CARTAO CEARA SEM FOME,DECK DO CAMARAO,Nova Metrópole (Jurema),Restaurante,NOVA METRÓPOLE (JUREMA)
CAUCAIA,40223346000173,(85) 9852-16625,Caucaia,CE,São Vicente de Paula 1033,CARTAO CEARA SEM FOME,FRIGORIFICO I G,Araturi (Jurema),Açougue,ARATURI (JUREMA)
CAUCAIA,40698930000185,,Caucaia,CE,Contorno Leste 776,CARTAO CEARA SEM FOME,AG FRIOS,Nova Metrópole (Jurema),Padaria,NOVA METRÓPOLE (JUREMA)
CAUCAIA,40876536000190,,Caucaia,CE,Ildefonso Monteiro Filho 301,CARTAO CEARA SEM FOME,MERCADINHO DA ANA,Iparana,Mercado / Mini Mercado,IPARANA
CAUCAIA,41035612000105,,Caucaia,CE,Juaci Sampaio Pontes 866B,CARTAO CEARA SEM FOME,CAMARAO CAUCAIA,Centro,Mercado / Mini Mercado,CENTRO
CAUCAIA,41257639000134,,Caucaia,CE,"R RODOVIA RAIMUNDO PESSOA DE ARAUJO, S/N 000001 0001 500",CARTAO CEARA SEM FOME,MERCADINHO DO BIDU,Centro,Mercado / Mini Mercado,CENTRO
CAUCAIA,41561069000252,(85) 9860-65242,Caucaia,CE,Vinte e Quatro de Janeiro 215,CARTAO CEARA SEM FOME,VARIEDADES SUPERMERCADOS,Cigana,Supermercado,CIGANA
CAUCAIA,41561069000333,(85) 3213-5385,CAUCAIA,CE,RUA CORDEIRO DE MIRANDA 1311,CARTAO CEARA SEM FOME,LUCIA MERCADINHO,CONJUNTO METROPOLITANO,Mercado / Mini Mercado,CONJUNTO METROPOLITANO
CAUCAIA,41604257000130,,Caucaia,CE,Curupira 1179,CARTAO CEARA SEM FOME,ANTONIO ALFREDO MENDES,Marechal Rondon (Jurema),Mercado / Mini Mercado,MARECHAL RONDON (JUREMA)
CAUCAIA,41633801000171,(85) 3342-1552,Caucaia,CE,São José 130,CARTAO CEARA SEM FOME,MERCEARIA MENINO JESUS,Cigana,Mercado / Mini Mercado,CIGANA
CAUCAIA,42305430000161,,Caucaia,CE,Maria Firmino Mendes 772,CARTAO CEARA SEM FOME,MERCEARIA DO FABIO,Parque Soledade,Mercado / Mini Mercado,PARQUE SOLEDADE
CAUCAIA,42883907000196,,Caucaia,CE,Dom Almeida Lustosa 1848,CARTAO CEARA SEM FOME,REI DO GALETO,Parque Guadalajara (Jurema),Restaurante,PARQUE GUADALAJARA (JUREMA)
CAUCAIA,43678255000110,,Caucaia,CE,Rio Ceará 147,CARTAO CEARA SEM FOME,MERCADINHO MARANATA,Parque Leblon,Mercado / Mini Mercado,PARQUE LEBLON
CAUCAIA,44535494000184,,Caucaia,CE,"EST ESTRADA DO PECEM, KM 19, S/N 000001 000108 35",CARTAO CEARA SEM FOME,MERCADINHO MK,Centro,Mercado / Mini Mercado,CENTRO
CAUCAIA,44642966000106,(85) 9876-70365,Caucaia,CE,R SARGENTO JOAO PINHEIRO 610,CARTAO CEARA SEM FOME,GERARDOS ATACAREJO,Granja Lisboa,Supermercado,GRANJA LISBOA
CAUCAIA,44843216000194,(85) 8534-1973,Caucaia,CE,Ulisses Guimarães 318,CARTAO CEARA SEM FOME,FRUTARIA ACRE,Iparana,Mercado / Mini Mercado,IPARANA
CAUCAIA,46011170000172,(85) 9852-15555,Caucaia,CE,Central 6447,CARTAO CEARA SEM FOME,FRIOS ICARAI,Icaraí,Mercado / Mini Mercado,ICARAÍ
CAUCAIA,47087421000165,,Caucaia,CE,"R RUA NOSSA SENHORA DO PERPETUO SOCORRO, S/N 000001 SN",CARTAO CEARA SEM FOME,MERCADINHO TABUBA GARROTE,Centro,Mercado / Mini Mercado,CENTRO
CAUCAIA,47635921000194,(85) 9927-25949,Caucaia,CE,Joaquim Mota 424,CARTAO CEARA SEM FOME,MADE IN PIZZARIA,Novo Pabussu,Restaurante,NOVO PABUSSU
CAUCAIA,47833324000174,,Caucaia,CE,Nossa Senhora dos Prazeres 01,CARTAO CEARA SEM FOME,LUCASPAN,Icaraí,Padaria,ICARAÍ
CAUCAIA,47856038000124,,Caucaia,CE,345 S/N,CARTAO CEARA SEM FOME,O BOLEIRO CONFEITARIA,Nova Metrópole (Jurema),Bomboniere / Doceria,NOVA METRÓPOLE (JUREMA)
CAUCAIA,48279233000100,,Caucaia,CE,Brisa do Mar 54,CARTAO CEARA SEM FOME,MERCADINHO LIDU,Parque Leblon,Mercado / Mini Mercado,PARQUE LEBLON
CAUCAIA,48569573000167,,Caucaia,CE,R DO GRUPO 630,CARTAO CEARA SEM FOME,MERCADINHO SAO JOSE,Centro,Mercado / Mini Mercado,CENTRO
CAUCAIA,48856179000100,(85) 9911-3008,Caucaia,CE,Dom Almeida Lustosa 2947A,CARTAO CEARA SEM FOME,MASSAS & SABORES JUREMA,Parque Guadalajara (Jurema),Restaurante,PARQUE GUADALAJARA (JUREMA)
CAUCAIA,49160162000186,,Caucaia,CE,10 R RUA DO GRUPO SN,CARTAO CEARA SEM FOME,RT COMERCIO,Centro,Padaria,CENTRO
CAUCAIA,49838367000178,,Caucaia,CE,Campos Sales 1934,CARTAO CEARA SEM FOME,MERCANTIL DO POVO,Conjunto Metropolitano,Mercado / Mini Mercado,CONJUNTO METROPOLITANO
CAUCAIA,50680553000100,,Caucaia,CE,15 15,CARTAO CEARA SEM FOME,JK MERCEARIA,Araturi (Jurema),Alimentação,ARATURI (JUREMA)
CAUCAIA,52943062000130,,Caucaia,CE,"AV BR-222, KM 30, S/N 000001 000108 SN",CARTAO CEARA SEM FOME,MERCADINHO PRIMAVERA,Cabatan,Mercado / Mini Mercado,CABATAN
CAUCAIA,53376241000104,,Caucaia,CE,Jardim Olinda 677,CARTAO CEARA SEM FOME,MERCADINHO JOÃO DE DEUS,Marechal Rondon (Jurema),Mercado / Mini Mercado,MARECHAL RONDON (JUREMA)
CAUCAIA,54730572000155,,Caucaia,CE,Estruturante - CE 085 SN,CARTAO CEARA SEM FOME,MERCADINHO SANTO ANTONIO,Alto do Garrote,Mercado / Mini Mercado,ALTO DO GARROTE
CAUCAIA,63360853000154,,Caucaia,CE,Contorno Leste 646,CARTAO CEARA SEM FOME,MANOEL EDVALDO,Nova Metrópole (Jurema),Alimentação,NOVA METRÓPOLE (JUREMA)
CAUCAIA,69707974000106,,Caucaia,CE,Saramandaia 316,CARTAO CEARA SEM FOME,MERCADINHO COSTA,Marechal Rondon (Jurema),Mercado / Mini Mercado,MARECHAL RONDON (JUREMA)
CAUCAIA,72120199000364,(85) 3099-7733,Caucaia,CE,Acapulco 1360,CARTAO CEARA SEM FOME,EXITO MERCANTIL,Parque Guadalajara (Jurema),Supermercado,PARQUE GUADALAJARA (JUREMA)
CEDRO,828700000179,(88) 9986-80833,Cedro,CE,R VER SALUSTIANO MOURA 487,CARTAO CEARA SEM FOME,A C MERCEARIA,Centro,Mercado / Mini Mercado,CENTRO
CEDRO,3667752000107,(88) 9747-4776,Cedro,CE,R SENADOR JOAO TOME 29,CARTAO CEARA SEM FOME,MERCANTIL COMPRE BEM,Centro,Mercado / Mini Mercado,CENTRO
CEDRO,8156298000135,,Cedro,CE,R JOAO BATISTA MORENO 155,CARTAO CEARA SEM FOME,MERCADINHO DO LAR,Centro,Mercado / Mini Mercado,CENTRO
CEDRO,9305029000822,(88) 3561-2361,Cedro,CE,R CEL JOSE DE ALBUQUERQUE 397,CARTAO CEARA SEM FOME,SUPER QUEIROZ,Centro,Supermercado,CENTRO
CEDRO,11759732000186,,Cedro,CE,JOAO BATISTA MORENO 12,CARTAO CEARA SEM FOME,MERCADINHO MORENO,Centro,Mercado / Mini Mercado,CENTRO
CEDRO,18915052000153,(88) 9928-32163,Cedro,CE,R VEREADOR SALUSTIANO DE MOURA 511,CARTAO CEARA SEM FOME,RECANTO DAS FRUTA,Centro,Mercado / Mini Mercado,CENTRO
CEDRO,23380284000194,(88) 9997-57428,Cedro,CE,R SENADOR JOAO TOME 13,CARTAO CEARA SEM FOME,SUPER CENTRAL,Centro,Mercado / Mini Mercado,CENTRO
CEDRO,29123724000104,(88) 9754-8701,Cedro,CE,R DEPUTADO LIBERATO MOACIR DE AGUIAR 120,CARTAO CEARA SEM FOME,MERCANTIL RIBEIRO,Centro,Mercado / Mini Mercado,CENTRO
CEDRO,35029941000132,,Cedro,CE,VER SALUSTIANO MOURA 444,CARTAO CEARA SEM FOME,MERCADINHO PACIFICO,Centro,Mercado / Mini Mercado,CENTRO
CEDRO,39901717000140,,Cedro,CE,CORONEL JOSE DE ALBURQUERQUE 505,CARTAO CEARA SEM FOME,ATACADAO DAS FRUTAS & VERDURAS,Centro,Mercado / Mini Mercado,CENTRO
CEDRO,41881877000116,(88) 9975-20143,Cedro,CE,R SENADOR JOAO TOME 184,CARTAO CEARA SEM FOME,GT MINIMERCADO,Centro,Mercado / Mini Mercado,CENTRO
CEDRO,47129548000108,,Cedro,CE,jose paje 323,CARTAO CEARA SEM FOME,CEDRO COMERCIAL DE ALIMENTOS UNIPESSOAL LTDA,Centro,Mercado / Mini Mercado,CENTRO
CHAVAL,1802556000164,,Chaval,CE,DA CACAMBA 138,CARTAO CEARA SEM FOME,MERCANTIL SAO FRANCISCO,Centro,Mercado / Mini Mercado,CENTRO
CHAVAL,3800551000128,(88) 3625-1111,Chaval,CE,R MONSENHOR CARNEIRO 584,CARTAO CEARA SEM FOME,MERCADINHO DA ECONOMIA,Centro,Mercado / Mini Mercado,CENTRO
CHAVAL,7008555000129,,Chaval,CE,LOC. MERCADO PUBLICO SN,CARTAO CEARA SEM FOME,MERCADINHO CENTRAL,Centro,Mercado / Mini Mercado,CENTRO
CHAVAL,8755818000126,,Chaval,CE,R MONS JOSE CARNEIRO 689,CARTAO CEARA SEM FOME,MERCADINHO J. I. P. PACHECO,Centro,Mercado / Mini Mercado,CENTRO
CHAVAL,40408401000108,,Chaval,CE,VL PASSAGEM DOS VAZ SN,CARTAO CEARA SEM FOME,MALTE MERCADINHO E BEBIDAS,Centro,Mercado / Mini Mercado,CENTRO
CHOROZINHO,9343012000193,(85) 9928-37830,Chorozinho,CE,AV RAIMUNDO SIMPLICIO DE CARVALHO 608,CARTAO CEARA SEM FOME,MERCADINHO MINI MAX,Centro,Mercado / Mini Mercado,CENTRO
CHOROZINHO,10708470000168,(85) 3319-1440,Chorozinho,CE,AV RAIMUNDO SIMPLICIO DE CARVALHO 444,CARTAO CEARA SEM FOME,PONTO DO QUEIJO,Centro,Mercado / Mini Mercado,CENTRO
CHOROZINHO,13593614000176,(85) 3316-1440,Chorozinho,CE,R ANTONIO SARAIVA 13,CARTAO CEARA SEM FOME,MERCADINHO PAI E FILHO,Centro,Mercado / Mini Mercado,CENTRO
CHOROZINHO,17185231000110,,Chorozinho,CE,COM ASSENTAMENTO ZE LOURENCO SN,CARTAO CEARA SEM FOME,COOPALC,Centro,Cooperativa,CENTRO
CHOROZINHO,26554767000156,(85) 9942-38903,Chorozinho,CE,ANTONIO SARAIVA 26,CARTAO CEARA SEM FOME,REI DA BARRIGUDINHA,Centro,Supermercado,CENTRO
CHOROZINHO,29628924000119,(85) 9919-39985,Chorozinho,CE,AV AVENIDA RAIMUNDO SIMPLICIO DE CARVALHO 623,CARTAO CEARA SEM FOME,MERCADINHO E FRIGORIFICO MENINO JESUS,Centro,Mercado / Mini Mercado,CENTRO
CHOROZINHO,31867624000134,,Chorozinho,CE,BR 116 S/N,CARTAO CEARA SEM FOME,MERCADINHO FALCAO,Centro,Mercado / Mini Mercado,CENTRO
CHOROZINHO,41437476000171,(85) 9922-84549,Chorozinho,CE,AVENIDA RAIMUNDO SIMPLICIO DE CARVALHO 496,CARTAO CEARA SEM FOME,SUPER MENINO DEUS,Centro,Mercado / Mini Mercado,CENTRO
CHOROZINHO,50865973000161,,Chorozinho,CE,R RR CHOROZINHO SN,CARTAO CEARA SEM FOME,COOPPACA,Centro,Cooperativa,CENTRO
CHORÓ,1615904000518,,Choró,CE,R CEL JOAO PARACAMPOS 856,CARTAO CEARA SEM FOME,SUPERMERCADO QUEIROZ,Centro,Supermercado,CENTRO
CHORÓ,2822081000130,(88) 9672-9767,Choró,CE,R CEL JOAO PARACAMPOS 670,CARTAO CEARA SEM FOME,ATACADO GELADAO,Centro,Mercado / Mini Mercado,CENTRO
CHORÓ,31359215000127,,Choró,CE,CORONEL JOAO PARACAMPOS 1345,CARTAO CEARA SEM FOME,MERCADINHO O NEGO,Centro,Mercado / Mini Mercado,CENTRO
CHORÓ,43092471000180,,Choró,CE,CEL. JOAO PARACAMPOS 547,CARTAO CEARA SEM FOME,MERCANTIL AVENIDA,Centro,Mercado / Mini Mercado,CENTRO
COREAÚ,3252940000166,,Coreaú,CE,R DO COMERCIO 776,CARTAO CEARA SEM FOME,GR MERCANTIL,Centro,Mercado / Mini Mercado,CENTRO
COREAÚ,5075421000103,,Coreaú,CE,R MANOEL ALZIRO 199,CARTAO CEARA SEM FOME,MERCADINHO FAMILIA,Centro,Mercado / Mini Mercado,CENTRO
COREAÚ,7050720000100,,Coreaú,CE,R DA SERRARIA 468,CARTAO CEARA SEM FOME,Atacarejo Nova Conquista,Centro,Mercado / Mini Mercado,CENTRO
COREAÚ,8464492000188,(88) 3645-1433,Coreaú,CE,ANTONIO GALDINO 834,CARTAO CEARA SEM FOME,COMERCIAL R J,Centro,Mercado / Mini Mercado,CENTRO
COREAÚ,21694499000154,(88) 8877-6009,Coreaú,CE,AV ANTONIO CRISTINO DE MENEZES 208,CARTAO CEARA SEM FOME,ARMAZEM COREAU,Centro,Mercado / Mini Mercado,CENTRO
COREAÚ,23552593000102,,Coreaú,CE,ROD DEPUTADO MURILO AGUIAR 140,CARTAO CEARA SEM FOME,SUPERMERCADO SANTA MARIA,Centro,Supermercado,CENTRO
COREAÚ,27160401000165,,Coreaú,CE,dos americos 439,CARTAO CEARA SEM FOME,COMERCIAL FRANCISCO DA NETA,Centro,Mercado / Mini Mercado,CENTRO
COREAÚ,33052029000176,,Coreaú,CE,do hospital 170,CARTAO CEARA SEM FOME,MERCADINHO POPULAR,Centro,Mercado / Mini Mercado,CENTRO
COREAÚ,45821847000175,,Coreaú,CE,FRANCISCO CAMILO 14,CARTAO CEARA SEM FOME,ISA SUPERMERCADO,Centro,Mercado / Mini Mercado,CENTRO
COREAÚ,63494835000165,,Coreaú,CE,TV DO XAXANDRE 15,CARTAO CEARA SEM FOME,MERCANTIL SÃO MIGUEL ARCANJO,Centro,Mercado / Mini Mercado,CENTRO
CRATEÚS,397134000198,(88) 3691-0631,Crateús,CE,R DR MOREIRA DA ROCHA 770,CARTAO CEARA SEM FOME,MERCANTIL NACIONAL,Centro,Mercado / Mini Mercado,CENTRO
CRATEÚS,3995515024180,(98) 3216-5682,Crateús,CE,R DOUTOR HERMINIO BEZERRA 550,CARTAO CEARA SEM FOME,MATEUS SUPERMERCADOS,Centro,Supermercado,CENTRO
CRATEÚS,5271915000155,(88) 3691-4686,Crateús,CE,R DOUTOR MOREIRA DA ROCHA 556,CARTAO CEARA SEM FOME,MERCANTIL BEM BOM,Centro,Mercado / Mini Mercado,CENTRO
CRATEÚS,5604570000104,(88) 3691-2438,Crateús,CE,R DOUTOR JULIO LIMA 948,CARTAO CEARA SEM FOME,MERCANTIL KAYO,Centro,Mercado / Mini Mercado,CENTRO
CRATEÚS,6615348000170,(88) 3691-0561,Crateús,CE,R DOM PEDRO II 1015,CARTAO CEARA SEM FOME,MERCANTUDO,Centro,Mercado / Mini Mercado,CENTRO
CRATEÚS,10353960000199,(88) 9817-43511,Crateús,CE,DT IBIAPABA 02,CARTAO CEARA SEM FOME,MERCEARIA DIASSIS BELO,Centro,Mercado / Mini Mercado,CENTRO
CRATEÚS,11659505000189,(88) 3691-7196,Crateús,CE,R DOUTOR JOSE CORIOLANO 720,CARTAO CEARA SEM FOME,SUPERMERCADO DA GENTE,Centro,Supermercado,CENTRO
CRATEÚS,12365144000120,(88) 3691-1985,Crateús,CE,DESEMBARGADOR OLAVO FROTA 572,CARTAO CEARA SEM FOME,SUPER NOSSO MERCADINHO,Centro,Supermercado,CENTRO
CRATEÚS,22808896000172,(88) 2151-1754,Crateús,CE,R DOM PEDRO II 1136,CARTAO CEARA SEM FOME,BIGAMORIM ATACAREJO,Centro,Supermercado,CENTRO
CRATEÚS,26779999000102,,Crateús,CE,CJ JATOBA DOS UMBILINOS SN,CARTAO CEARA SEM FOME,MERCEARIA SORTILAR,Centro,Mercado / Mini Mercado,CENTRO
CRATEÚS,27899022000191,(88) 9928-40597,Crateús,CE,R DR. MOURA FE 756,CARTAO CEARA SEM FOME,Galeto Mania,Centro,Restaurante,CENTRO
CRATEÚS,35032499000101,(88) 9965-3660,Crateús,CE,R EDUARDO ALBUQUERQUE 271,CARTAO CEARA SEM FOME,MERCADINHO SR FRANSCISQUINHO,Centro,Mercado / Mini Mercado,CENTRO
CRATEÚS,41138375000280,,Crateús,CE,R CORONEL ZEZE 1160 A,CARTAO CEARA SEM FOME,FORTCARNES,Centro,Mercado / Mini Mercado,CENTRO
CRATEÚS,45411637000109,,Crateús,CE,R POVOADO DO TAPUIO 54,CARTAO CEARA SEM FOME,MERCADINHO ICMDS,Centro,Mercado / Mini Mercado,CENTRO
CRATEÚS,47158040000120,(88) 9819-65486,Crateús,CE,R TABELIAO FRANCISCO ANTERO 1299,CARTAO CEARA SEM FOME,MERCADINHO CORONEL,Centro,Mercado / Mini Mercado,CENTRO
CRATEÚS,49044435000127,,Crateús,CE,R DOUTOR JULIO LIMA 948,CARTAO CEARA SEM FOME,SUPERMERCADO KAYO - MGR,Centro,Supermercado,CENTRO
CRATO,1311427000173,,Crato,CE,José Carvalho 63,CARTAO CEARA SEM FOME,REDE BRAS SUPERMERCADOS LTDA,Centro,Supermercado,CENTRO
CRATO,3123142000304,(88) 3572-8800,Crato,CE,Monsenhor Esmeraldo 626,CARTAO CEARA SEM FOME,SUPER ECONOMICO,Pinto Madeira,Supermercado,PINTO MADEIRA
CRATO,3123142000487,(88) 3572-8800,Crato,CE,São Sebastião 2080,CARTAO CEARA SEM FOME,SUPER ECONOMICO,Pimenta,Supermercado,PIMENTA
CRATO,3420994000193,,Crato,CE,Monsenhor Esmeraldo 880,CARTAO CEARA SEM FOME,CASA DE CARNES SANTA HELENA,Pinto Madeira,Açougue,PINTO MADEIRA
CRATO,3681571000127,,Crato,CE,dos Cariris 19,CARTAO CEARA SEM FOME,GRANJA E MERCADINHO NOSSA SENHORA,Centro,Mercado / Mini Mercado,CENTRO
CRATO,3995515024341,(98) 3216-5682,Crato,CE,Thomaz Osternes de Alencar s/n,CARTAO CEARA SEM FOME,MATEUS SUPERMERCADOS,Vila Alta,Supermercado,VILA ALTA
CRATO,4399276000145,(88) 9817-69866,Crato,CE,Coronel Luís Teixeira 1106,CARTAO CEARA SEM FOME,MERCADINHO ARAUJO,Centro,Mercado / Mini Mercado,CENTRO
CRATO,4962348000110,,Crato,CE,José de Norões Maia 32,CARTAO CEARA SEM FOME,MERCADINHO MAE RAINHA,Novo Crato,Mercado / Mini Mercado,NOVO CRATO
CRATO,5012062000137,,Crato,CE,Nossa Senhora da Conceição 293,CARTAO CEARA SEM FOME,IVAN PEREIRA LOBO MERCADINHO,Muriti,Alimentação,MURITI
CRATO,6182478000166,,Crato,CE,José de Alencar 85,CARTAO CEARA SEM FOME,FRANCISCO VALMIR DE LIMA LIVINO DISTRIBUIDORA ME,Centro,Mercado / Mini Mercado,CENTRO
CRATO,6262875000148,(88) 3521-0242,Crato,CE,Tenente Antônio João 181,CARTAO CEARA SEM FOME,MERCADINHO SIQUEIRA,Vila Alta,Mercado / Mini Mercado,VILA ALTA
CRATO,6285640000171,(88) 3521-87298,Crato,CE,Padre Ibiapina 726,CARTAO CEARA SEM FOME,PINHEIRO LF,Pinto Madeira,Mercado / Mini Mercado,PINTO MADEIRA
CRATO,7292092000170,,Crato,CE,Coronel José Maia 742,CARTAO CEARA SEM FOME,LUCIANA FERNANDES DE OLIVEIRA SILVA,Parque Recreio,Mercado / Mini Mercado,PARQUE RECREIO
CRATO,10630826000198,,Crato,CE,Cursino Belém 1036,CARTAO CEARA SEM FOME,M & M MERCEARIA,Centro,Mercado / Mini Mercado,CENTRO
CRATO,11267413000153,,Crato,CE,Madre Ana Couto 578,CARTAO CEARA SEM FOME,MERCEARIA SERVE BEM NOVA ALIANCA,Centro,Mercado / Mini Mercado,CENTRO
CRATO,14209339000107,,Crato,CE,José de Alencar 47,CARTAO CEARA SEM FOME,PARADA OBRIGATORIA,Centro,Restaurante,CENTRO
CRATO,21556916000100,,Crato,CE,Monsenhor Esmeraldo 746,CARTAO CEARA SEM FOME,FRIGORIFICO BOA CARNE,Centro,Açougue,CENTRO
CRATO,21835453000108,(88) 9815-42896,Crato,CE,R RUA DO COMERCIO 148,CARTAO CEARA SEM FOME,MERCADINHO SAO PEDRO,Centro,Mercado / Mini Mercado,CENTRO
CRATO,22392652000232,,Crato,CE,Monsenhor Francisco de Assis Feitosa 633,CARTAO CEARA SEM FOME,ALI SUPER,Centro,Supermercado,CENTRO
CRATO,22627289000106,,Crato,CE,do comercio 202,CARTAO CEARA SEM FOME,MERCADINHO BELEM,Centro,Alimentação,CENTRO
CRATO,22791615000116,(88) 3523-3321,Crato,CE,Padre Cícero 1116,CARTAO CEARA SEM FOME,FRIGOCARNES,São Miguel,Açougue,SÃO MIGUEL
CRATO,23820399000152,,Crato,CE,Antônio Fernandes Teles 287,CARTAO CEARA SEM FOME,SUPERVILA LOBO,Vila Lobo,Supermercado,VILA LOBO
CRATO,23835190000162,,Crato,CE,Coronel Manoel Ludgero 215,CARTAO CEARA SEM FOME,VERDURAO PADRE CICERO,Pinto Madeira,Mercado / Mini Mercado,PINTO MADEIRA
CRATO,31691061000176,,Crato,CE,Desembargador Edmilson da Cruz Neves 35,CARTAO CEARA SEM FOME,PANIFICADORA FREIRE,Centro,Padaria,CENTRO
CRATO,32267292004611,(86) 3276-5663,Crato,CE,Zacarias Gonçalves 84,CARTAO CEARA SEM FOME,ATACAREJO CARIRI CENTER,Centro,Supermercado,CENTRO
CRATO,33638723000170,(88) 9876-44457,Crato,CE,São Nicolau 244,CARTAO CEARA SEM FOME,MERCADINHO CONVIVER,Mirandão,Mercado / Mini Mercado,MIRANDÃO
CRATO,33937158000141,,Crato,CE,Santos Dumont 11,CARTAO CEARA SEM FOME,FRIGORIFICO BOI NOSSO,Centro,Açougue,CENTRO
CRATO,34540576000163,,Crato,CE,Hermenegildo Firmeza 325,CARTAO CEARA SEM FOME,ATACADAO DAS FRUTAS,Vila Alta,Mercado / Mini Mercado,VILA ALTA
CRATO,34954190000106,,Crato,CE,Thomaz Osternes de Alencar 387,CARTAO CEARA SEM FOME,MERCADINHO SUPER VILA,Vila Alta,Mercado / Mini Mercado,VILA ALTA
CRATO,35001874000148,,Crato,CE,José Carvalho 131,CARTAO CEARA SEM FOME,SPECTRUM,Centro,Padaria,CENTRO
CRATO,35001874000300,(88) 3225-3194,Crato,CE,Tristão Gonçalves 438,CARTAO CEARA SEM FOME,GIDEONE FEITOSA DE MATOS,Centro,Padaria,CENTRO
CRATO,35723292000175,,Crato,CE,Senador Pompeu 319,CARTAO CEARA SEM FOME,NATTURE CRATO,Centro,Alimentação,CENTRO
CRATO,36834664000101,,Crato,CE,Coronel Luís Teixeira 1035,CARTAO CEARA SEM FOME,ALDENORA FRUTUOSO DE OLIVEIRA,Centro,Mercado / Mini Mercado,CENTRO
CRATO,40728751000143,,Crato,CE,Lavras da Mangabeira 372,CARTAO CEARA SEM FOME,FRIGORIFICO NOBRE,Cacimbas,Frigorifico,CACIMBAS
CRATO,41467875000185,,Crato,CE,Lavras da Mangabeira 804,CARTAO CEARA SEM FOME,MERCADINHO DO FRANÇA,Cacimbas,Mercado / Mini Mercado,CACIMBAS
CRATO,41563092000103,,Crato,CE,Coronel Luís Teixeira 1768,CARTAO CEARA SEM FOME,MERCADINHO LAYS,Seminário,Alimentação,SEMINÁRIO
CRATO,42686853000179,,Crato,CE,Doutor João Pessoa 395,CARTAO CEARA SEM FOME,MAE TERRA PRODUTOS NATURAIS,Centro,Mercado / Mini Mercado,CENTRO
CRATO,45047923000137,,Crato,CE,Doutor João Pessoa 395,CARTAO CEARA SEM FOME,MAE TERRA,Centro,Mercado / Mini Mercado,CENTRO
CRATO,45819396000131,,Crato,CE,Doutor Aurino 415,CARTAO CEARA SEM FOME,EMPORIO FLOR DO CARIRI,Vila Alta,Mercado / Mini Mercado,VILA ALTA
CRATO,46817577000191,,Crato,CE,José Carvalho 149,CARTAO CEARA SEM FOME,MARIA BEATRIZ NEVES NASCIMENTO,Centro,Restaurante,CENTRO
CRATO,47060690000138,,Crato,CE,Coronel Raimundo Lobo 207,CARTAO CEARA SEM FOME,PAO NOBRE,Palmeiral,Padaria,PALMEIRAL
CRATO,48888494000119,,Crato,CE,Presidente Médici 236,CARTAO CEARA SEM FOME,SUPERVILA MURITI,Muriti,Supermercado,MURITI
CRATO,69711034000190,(88) 3521-1629,Crato,CE,Coronel Luís Teixeira 1118,CARTAO CEARA SEM FOME,CASA DE CARNE SANT EDWIGES,Seminário,Açougue,SEMINÁRIO
CROATÁ,3186685000109,(88) 9684-6618,Croatá,CE,1 TV BORIS 81,CARTAO CEARA SEM FOME,JB DISTRIBUIDORA DE BEBIDAS E ALIMENTOS,Centro,Mercado / Mini Mercado,CENTRO
CROATÁ,7461363000173,,Croatá,CE,R MARCOS MINEIRO 98,CARTAO CEARA SEM FOME,MERCEARIA O PEDRO CHAGAS,Centro,Mercado / Mini Mercado,CENTRO
CROATÁ,9108618000144,(88) 9922-69602,Croatá,CE,R TORQUATO BRAZ 103,CARTAO CEARA SEM FOME,MERCANFRIOS ETANIM,Centro,Mercado / Mini Mercado,CENTRO
CROATÁ,10668855000149,,Croatá,CE,R TORQUATO BRAZ 239,CARTAO CEARA SEM FOME,MERCADINHO RIP,Centro,Mercado / Mini Mercado,CENTRO
CROATÁ,18170807000138,(88) 9994-06161,Croatá,CE,AV TIRADENTES 34,CARTAO CEARA SEM FOME,BARRIGA CHEIA ALIMENTACAO,Centro,Mercado / Mini Mercado,CENTRO
CROATÁ,35746951000199,,Croatá,CE,R TORQUATO BRAZ 103,CARTAO CEARA SEM FOME,MERCAFRIOS ETANIM,Centro,Mercado / Mini Mercado,CENTRO
CROATÁ,37325951000140,,Croatá,CE,R CEL RAIMUNDO DE MELO 391,CARTAO CEARA SEM FOME,MERCADO NOVA CONQUISTA,Centro,Supermercado,CENTRO
CROATÁ,37599805000103,(88) 9887-86097,Croatá,CE,vazante S/N,CARTAO CEARA SEM FOME,GRUPO HGR,Centro,Mercado / Mini Mercado,CENTRO
CROATÁ,72278005000191,,Croatá,CE,R AMBROSIO MATEUS 706,CARTAO CEARA SEM FOME,CARMO BEZERRA NOBRE,Centro,Supermercado,CENTRO
CRUZ,92104000173,(88) 3660-1322,Cruz,CE,AV TENENTE ALBANO 1479,CARTAO CEARA SEM FOME,JM SUPERMERCADO,Centro,Supermercado,CENTRO
CRUZ,4010543000140,(88) 9944-2578,Cruz,CE,TV DUCA SILVEIRA 71,CARTAO CEARA SEM FOME,MK MERCANTIL,Centro,Mercado / Mini Mercado,CENTRO
CRUZ,4163766002868,(85) 4008-2414,Cruz,CE,AV 10 DE AGOSTO SN,CARTAO CEARA SEM FOME,SUPERMERCADO PINHEIRO - O BOM VIZINHO,Centro,Supermercado,CENTRO
CRUZ,4421404000100,(88) 3660-1913,Cruz,CE,R 07 DE SETEMBRO s/n,CARTAO CEARA SEM FOME,MERCANFRIO E FRUTAS O FERNANDO,Centro,Mercado / Mini Mercado,CENTRO
CRUZ,4707868000187,,Cruz,CE,R CEL TEIXEIRA PINTO 340,CARTAO CEARA SEM FOME,MERCANTIL CENTRAL,Centro,Mercado / Mini Mercado,CENTRO
CRUZ,5436145000153,(88) 3660-1952,Cruz,CE,R CEL TEIXEIRA PINTO 350,CARTAO CEARA SEM FOME,MERCANTIL O BARATEIRO,Centro,Mercado / Mini Mercado,CENTRO
CRUZ,6064727000119,(88) 3660-1034,Cruz,CE,R TANCREDO NEVES 116,CARTAO CEARA SEM FOME,MERCANTIL SKINAO,Centro,Mercado / Mini Mercado,CENTRO
CRUZ,17257815001397,,Cruz,CE,AV FRANCISCO XAVIER CHAVES 963,CARTAO CEARA SEM FOME,PARA TY SUPERMERCADOS,Centro,Supermercado,CENTRO
CRUZ,17543645000173,,Cruz,CE,R VEREADOR MUNDICO MARTINS 677,CARTAO CEARA SEM FOME,CENTER CARNES CRUZ,Centro,Açougue,CENTRO
CRUZ,18503481000385,(88) 9797-6640,Cruz,CE,AV FRANCISCO XAVIER CHAVES SN,CARTAO CEARA SEM FOME,SUPER BOM PRECO PREA,Centro,Mercado / Mini Mercado,CENTRO
CRUZ,40475398000137,(88) 9978-34272,Cruz,CE,R 07 DE SETEMBRO 127,CARTAO CEARA SEM FOME,SUPERMERCADO PAGUE MENOS,Centro,Supermercado,CENTRO
DEPUTADO IRAPUAN PINHEIRO,22077698000186,(85) 9994-28650,Deputado Irapuan Pinheiro,CE,R JOSE JOSUE DA COSTA 0,CARTAO CEARA SEM FOME,SUPERMERCADO LIMA,Centro,Supermercado,CENTRO
DEPUTADO IRAPUAN PINHEIRO,22077698000267,,Deputado Irapuan Pinheiro,CE,RAQUEL MAGALHAES ARAUJO 93,CARTAO CEARA SEM FOME,SUPERMERCADO LIMA,Centro,Mercado / Mini Mercado,CENTRO
DEPUTADO IRAPUAN PINHEIRO,22077698000348,,Deputado Irapuan Pinheiro,CE,R JOAQUIM DANTAS PINHEIRO 15,CARTAO CEARA SEM FOME,SUPERMERCADO LIMA,Centro,Supermercado,CENTRO
DEPUTADO IRAPUAN PINHEIRO,40062121000182,,Deputado Irapuan Pinheiro,CE,10 R JOAQUIM NAPOLEAO PINHEIRO 07,CARTAO CEARA SEM FOME,MAIA MERCADINHO,Centro,Mercado / Mini Mercado,CENTRO
DEPUTADO IRAPUAN PINHEIRO,40475307000163,,Deputado Irapuan Pinheiro,CE,RUA RAQUEL MAGALHÃES 1180,CARTAO CEARA SEM FOME,MERCADINHO ESQUINA CENTRAL,Centro,Mercado / Mini Mercado,CENTRO
DEPUTADO IRAPUAN PINHEIRO,41964350000155,,Deputado Irapuan Pinheiro,CE,FRANCISCO ASSIS DO NASCIMENTO 04,CARTAO CEARA SEM FOME,MERCADINHO TODO DIA,Centro,Mercado / Mini Mercado,CENTRO
ERERÊ,1328817000156,(88) 9963-74555,Ererê,CE,R CAPITAO TEOTONIO 347,CARTAO CEARA SEM FOME,GERUZIA MARIA M ROCHA,Centro,Supermercado,CENTRO
ERERÊ,13905796000173,(88) 9973-61718,Ererê,CE,TV FRANCISCA PAIVA DE ANDRADE 690,CARTAO CEARA SEM FOME,MERCADINHO PINHEIRO,Centro,Mercado / Mini Mercado,CENTRO
ERERÊ,23499710000103,(84) 9886-26945,Ererê,CE,AV ARISTIDES AUGUSTO FREIRE 59,CARTAO CEARA SEM FOME,MERCANTIL PAIVA,Centro,Mercado / Mini Mercado,CENTRO
ERERÊ,29351274000107,(84) 9811-34835,Ererê,CE,ARISTIDES AUGUSTO FREIRE 126,CARTAO CEARA SEM FOME,MERCANTIL PINHEIRO,Centro,Mercado / Mini Mercado,CENTRO
ERERÊ,31011424000185,,Ererê,CE,Benedito Petronilo de Oliveira 30,CARTAO CEARA SEM FOME,COMERCIAL LIRA,Centro,Mercado / Mini Mercado,CENTRO
ERERÊ,49340792000132,,Ererê,CE,AV ANTONIO PESSOA DE MOURA 20,CARTAO CEARA SEM FOME,MERCADINHO POPULAR,Centro,Mercado / Mini Mercado,CENTRO
EUSÉBIO,439743000162,(85) 9868-50131,Eusébio,CE,AV EUSEBIO DE QUEIROZ 4326,CARTAO CEARA SEM FOME,FRIGORIFICO REI DO GADO,Centro,Açougue,CENTRO
EUSÉBIO,4675604000431,(85) 3206-8150,Eusébio,CE,RODOVIA CE 40 KM 7 140 A  ,CARTAO CEARA SEM FOME,SUPERMERCADO GUARA,CENTRO,Alimentação,CENTRO
EUSÉBIO,4675604001241,(85) 3229-0780,Eusébio,CE,AV DOS JARDINS (AVENUE OF THE GARDENS) - LADO PAR 864,CARTAO CEARA SEM FOME,SUPERMERCADO GUARA,Coaçu,Supermercado,COAÇU
EUSÉBIO,5862122000100,,Eusébio,CE,sao francisco 3335,CARTAO CEARA SEM FOME,MERCADINHO O DANIEL,Centro,Mercado / Mini Mercado,CENTRO
EUSÉBIO,6887668003609,(85) 3304-6565,Eusébio,CE,v. Eusébio de Queiroz 2880,CARTAO CEARA SEM FOME,SUPERMERCADO COMETA,Centro,Supermercado,CENTRO
EUSÉBIO,9238322000300,(85) 3289-5808,Eusébio,CE,AYRTON SENNA 50,CARTAO CEARA SEM FOME,SUPERMERCADO ARARIPE,Centro,Supermercado,CENTRO
EUSÉBIO,11687347000170,,Eusébio,CE,CORONEL EDYNARDO WEYNE 1737,CARTAO CEARA SEM FOME,MERCADINHO SANTA CLARA,Centro,Mercado / Mini Mercado,CENTRO
EUSÉBIO,12991892000119,,Eusébio,CE,R da Paz 52,CARTAO CEARA SEM FOME,FLAVIA SANTOS,Centro,Restaurante,CENTRO
EUSÉBIO,19014475000165,,Eusébio,CE,Maranhão 326,CARTAO CEARA SEM FOME,MERCADINHO MANOEL FRETES E TURISMO,Centro,Mercado / Mini Mercado,CENTRO
EUSÉBIO,21522714000482,(85) 9897-09318,Eusébio,CE,R JOSE GUIMARAES 312,CARTAO CEARA SEM FOME,ISRAEL SUPERMERCADOS,Centro,Supermercado,CENTRO
EUSÉBIO,22304040000160,,Eusébio,CE,dos caetanos 113,CARTAO CEARA SEM FOME,MERCADINHO PEZAO,Mangabeira,Mercado / Mini Mercado,MANGABEIRA
EUSÉBIO,22314412000139,(85) 3260-1675,Eusébio,CE,CEL CICERO SA 1497,CARTAO CEARA SEM FOME,PREMIUM GAS,Centro,Alimentação,CENTRO
EUSÉBIO,23974035000127,(85) 3088-1848,Eusébio,CE,AV EUSEBIO DE QUEIROZ 2880,CARTAO CEARA SEM FOME,HO OKIPA,Centro,Restaurante,CENTRO
EUSÉBIO,24778446000100,,Eusébio,CE,R JOSE BENTO 235,CARTAO CEARA SEM FOME,ALE CARNES,Centro,Açougue,CENTRO
EUSÉBIO,27758238000137,(85) 9870-30817,Eusébio,CE,R OTONI SA 167,CARTAO CEARA SEM FOME,MERCADINHO MANGABEIRA,Centro,Mercado / Mini Mercado,CENTRO
EUSÉBIO,29074849000191,(85) 9994-70643,Eusébio,CE,R EZEQUIEL CAMPINA 880,CARTAO CEARA SEM FOME,NUBILANCHES,Centro,Padaria,CENTRO
EUSÉBIO,32932898000122,,Eusébio,CE,EUSEBIO DE QUEIROZ 2715,CARTAO CEARA SEM FOME,SOPINHA CASA DE SABORES,Centro,Restaurante,CENTRO
EUSÉBIO,37212335000183,(85) 8140-6783,Eusébio,CE,EST DO FIO 3663,CARTAO CEARA SEM FOME,PICANHA SUL,Centro,Mercado / Mini Mercado,CENTRO
EUSÉBIO,40122058000122,,Eusébio,CE,CICERO SA 1400,CARTAO CEARA SEM FOME,CABANA CARNES E PIZZAS,Centro,Restaurante,CENTRO
EUSÉBIO,42662961000101,,Eusébio,CE,IRMA AMBROSINA 201,CARTAO CEARA SEM FOME,LD BOMBONIERE E EMBALAGENS,Centro,Mercado / Mini Mercado,CENTRO
EUSÉBIO,42782180000150,,Eusébio,CE,R EZEQUIEL CAMPINA 1911,CARTAO CEARA SEM FOME,KANTIM DO MAGNO,Centro,Restaurante,CENTRO
EUSÉBIO,42784155000106,,Eusébio,CE,DAS CARMELIA 41,CARTAO CEARA SEM FOME,FRIGORIFICO COACU,Centro,Açougue,CENTRO
EUSÉBIO,48562419000163,(85) 8519-6762,Eusébio,CE,R SANTO AMARO 847,CARTAO CEARA SEM FOME,MERCADINHO BRITO,Centro,Mercado / Mini Mercado,CENTRO
EUSÉBIO,48959994000102,,Eusébio,CE,Maranhao 326,CARTAO CEARA SEM FOME,MERCADINHO EMANUEL,Centro,Mercado / Mini Mercado,CENTRO
EUSÉBIO,49138600000100,,Eusébio,CE,R 1O DE MAIO 56,CARTAO CEARA SEM FOME,RESTAURANTE DA IRMA DIDA,Centro,Restaurante,CENTRO
EUSÉBIO,49228236000179,,Eusébio,CE,ANTONIO FERREIRA 145,CARTAO CEARA SEM FOME,MRE MERCADINHO,Centro,Mercado / Mini Mercado,CENTRO
EUSÉBIO,49799086000153,(85) 9885-48811,Eusébio,CE,AV CORONEL CICERO SA - DE 890 AO FIM - LADO PAR 1608,CARTAO CEARA SEM FOME,SKINA EUSEBIO,Centro,Açougue,CENTRO
EUSÉBIO,69373751000150,,Eusébio,CE,R SANTA ADELIA 275,CARTAO CEARA SEM FOME,MERCANTIL MACEDO,Centro,Mercado / Mini Mercado,CENTRO
FARIAS BRITO,2631706000187,(88) 9998-40066,Farias Brito,CE,AV JOSE LIBERALINO DUARTE 120,CARTAO CEARA SEM FOME,SORLANGE NERGINO DE SOUZA,Centro,Mercado / Mini Mercado,CENTRO
FARIAS BRITO,2744525000167,,Farias Brito,CE,DO COMERCIO 820,CARTAO CEARA SEM FOME,ELETROLAR CENTER,Centro,Mercado / Mini Mercado,CENTRO
FARIAS BRITO,6153460000136,(88) 9819-89448,Farias Brito,CE,MANOEL PINHEIRO DE ALMEIDA 386,CARTAO CEARA SEM FOME,O BARATO,Centro,Mercado / Mini Mercado,CENTRO
FARIAS BRITO,7789728000193,(88) 9963-0483,Farias Brito,CE,R DA INDEPENDENCIA 204,CARTAO CEARA SEM FOME,WALDANO  SUPERMERCADO,Centro,Mercado / Mini Mercado,CENTRO
FARIAS BRITO,11447929000180,,Farias Brito,CE,MANOEL NERES DE OLIVEIRA 520,CARTAO CEARA SEM FOME,MERCANTIL COMPRE BEM,Centro,Mercado / Mini Mercado,CENTRO
FARIAS BRITO,30454844000173,,Farias Brito,CE,SIT LAGOA SECA 694,CARTAO CEARA SEM FOME,MERCADINHO BOM PREÇO,Centro,Mercado / Mini Mercado,CENTRO
FARIAS BRITO,50475864000138,,Farias Brito,CE,R ANTONIO FERNANDES DE LIMA 199 A,CARTAO CEARA SEM FOME,ATACAREJO WN,Centro,Supermercado,CENTRO
FORQUILHA,5023851000173,,Forquilha,CE,R PAULO FRANKLIN BARBOSA 142,CARTAO CEARA SEM FOME,RAIMUNDO MERCANTIL,Centro,Supermercado,CENTRO
FORQUILHA,9350379000134,(88) 9940-72177,Forquilha,CE,R JOSE SALVINO 165,CARTAO CEARA SEM FOME,JUNIA  MERCANTIL,Centro,Mercado / Mini Mercado,CENTRO
FORQUILHA,10482974000102,,Forquilha,CE,AV CRIANCA DANTE VALERIO 160,CARTAO CEARA SEM FOME,Z.B.Z MERCANTIL,Centro,Mercado / Mini Mercado,CENTRO
FORQUILHA,13586001000101,(88) 9960-51234,Forquilha,CE,R JORNALISTA VICENTE LOIOLA 381,CARTAO CEARA SEM FOME,ALEX MERCANTIL,Centro,Mercado / Mini Mercado,CENTRO
FORQUILHA,14042450000151,(88) 3619-1461,Forquilha,CE,JOSE DAVID ARAGAO 1620,CARTAO CEARA SEM FOME,MERCADINHO BOM PREÇO,Centro,Mercado / Mini Mercado,CENTRO
FORQUILHA,17873247000387,,Forquilha,CE,JORN VICENTE LOIOLA 335,CARTAO CEARA SEM FOME,G. D. COMERCIO DE ALIMENTOS E PERFUMARIA DE HIGIENE PESSOAL LTDA,Centro,Mercado / Mini Mercado,CENTRO
FORQUILHA,38420047000187,,Forquilha,CE,R 5 DE FEVEREIRO 106,CARTAO CEARA SEM FOME,FRUIT STORE,Centro,Açougue,CENTRO
FORTALEZA,56301000137,(85) 3290 0967,FORTALEZA,CE,AVENIDA SENADOR FERNANDES TAVORA 992,CARTAO CEARA SEM FOME,MERC. BISTECÃO,HENRIQUE JORGE,Alimentação,HENRIQUE JORGE
FORTALEZA,63960011305,,Fortaleza,CE,Engenheiro Santana Júnior 1200,CARTAO CEARA SEM FOME,WALMART,Papicu,Alimentação,PAPICU
FORTALEZA,84139000160,,Fortaleza,CE,Azevedo Bolão 2102,CARTAO CEARA SEM FOME,MERCADINHO VFL,Parquelândia,Mercado / Mini Mercado,PARQUELÂNDIA
FORTALEZA,90768000101,(85) 3292-8140,Fortaleza,CE,Perdigão de Oliveira 361,CARTAO CEARA SEM FOME,MERCADINHO MOURA'S,Parangaba,Mercado / Mini Mercado,PARANGABA
FORTALEZA,91106000148,(85) 3257-0020,Fortaleza,CE,Castro Monte 935,CARTAO CEARA SEM FOME,PANIFICADORA MAIORCA,Varjota,Padaria,VARJOTA
FORTALEZA,92099000107,,Fortaleza,CE,Guerra Junqueiro 771,CARTAO CEARA SEM FOME,MERCADINHO SIMIAO,Serrinha,Mercado / Mini Mercado,SERRINHA
FORTALEZA,93081000111,,Fortaleza,CE,Barão de Aquiraz 2650,CARTAO CEARA SEM FOME,PANIFICADORA ORLEIDE,Coaçu,Padaria,COAÇU
FORTALEZA,129540000170,,Fortaleza,CE,José Guilherme da Costa 165,CARTAO CEARA SEM FOME,MERCADINHO BELA VISTA,Engenheiro Luciano Cavalcante,Mercado / Mini Mercado,ENGENHEIRO LUCIANO CAVALCANTE
FORTALEZA,180118000149,(85) 3246-7179,Fortaleza,CE,Barão de Aracati 2391,CARTAO CEARA SEM FOME,PONTO DO FRANGO,Joaquim Távora,Mercado / Mini Mercado,JOAQUIM TÁVORA
FORTALEZA,182574000128,(85) 9820-23022,Fortaleza,CE,Silveira Filho 1135,CARTAO CEARA SEM FOME,SUPERMERCADO PINHEIRO E CARNEIRO,Jóquei Clube,Supermercado,JÓQUEI CLUBE
FORTALEZA,232503000192,(85) 3276-2058,FORTALEZA,CE,RUA PEREIRA COUTINHO ,CARTAO CEARA SEM FOME,MERCADINHO ALMIR,PEDRAS,Alimentação,PEDRAS
FORTALEZA,259539000160,(85) 3276-6038,Fortaleza,CE,São Francisco 332,CARTAO CEARA SEM FOME,MERCADINHO MENOR PRECO,Messejana,Mercado / Mini Mercado,MESSEJANA
FORTALEZA,289087000169,,Fortaleza,CE,C 163,CARTAO CEARA SEM FOME,MERCADINHO LEVI,Parque Dois Irmãos,Mercado / Mini Mercado,PARQUE DOIS IRMÃOS
FORTALEZA,404377000106,(85) 3294-6186,Fortaleza,CE,Jornalista Antônio Pontes Tavares 1149,CARTAO CEARA SEM FOME,LIMAS SUPERMERCADOS,Cajazeiras,Supermercado,CAJAZEIRAS
FORTALEZA,407045000185,(85) 3264-7270,Fortaleza,CE,Tenente Benévolo 2111,CARTAO CEARA SEM FOME,MERCADINHO PEDRA BRANCA,Meireles,Mercado / Mini Mercado,MEIRELES
FORTALEZA,423065000140,(85) 9971-03932,Fortaleza,CE,Raul Uchôa 460,CARTAO CEARA SEM FOME,MERCADINHO FRAN,Bom Futuro,Mercado / Mini Mercado,BOM FUTURO
FORTALEZA,442835000100,(85) 3473-0159,Fortaleza,CE,Joaquim dos Anjos 1120,CARTAO CEARA SEM FOME,SUPER MANDACARU,Planalto Ayrton Senna,Mercado / Mini Mercado,PLANALTO AYRTON SENNA
FORTALEZA,447587000181,,Fortaleza,CE,Senador Pompeu 1258,CARTAO CEARA SEM FOME,MISTURA CASEIRA,Centro,Restaurante,CENTRO
FORTALEZA,531165000190,(85) 3248-7447,Fortaleza,CE,Deputado Orzette Filomeno 306,CARTAO CEARA SEM FOME,MERCADINHO RITIMEL,Cais do Porto,Mercado / Mini Mercado,CAIS DO PORTO
FORTALEZA,723772000151,(85) 3021-5360,Fortaleza,CE,Senador Virgílio Távora 665,CARTAO CEARA SEM FOME,D' VINOS,Meireles,Mercado / Mini Mercado,MEIRELES
FORTALEZA,745442000167,(85) 9820-92801,Fortaleza,CE,R RUFINO DE ALENCAR 245,CARTAO CEARA SEM FOME,MERCADINHO MR CONVENIENCIA,Centro,Mercado / Mini Mercado,CENTRO
FORTALEZA,833978000134,(85) 3228-6711,Fortaleza,CE,Cardeal Arcoverde 602,CARTAO CEARA SEM FOME,MERCADINHO UBAUNA,Autran Nunes,Supermercado,AUTRAN NUNES
FORTALEZA,945396000140,(85) 3296-1222,FORTALEZA,CE,RUA FRANCISCO ALMEIDA 552,CARTAO CEARA SEM FOME,MIRELLY SUPERMERCADO,PARQUE SANTA ROSA,Alimentação,PARQUE SANTA ROSA
FORTALEZA,945396000220,(85) 3296-1222,Fortaleza,CE,F 422,CARTAO CEARA SEM FOME,MIRELLY SUPERMERCADOS,Conjunto Ceará,Supermercado,CONJUNTO CEARÁ
FORTALEZA,990841000193,(82) 3231-2230,Fortaleza,CE,Floriano Peixoto ,CARTAO CEARA SEM FOME,DD LANCHES,José Bonifácio,Refeição,JOSÉ BONIFÁCIO
FORTALEZA,1029098000172,(85) 3039-4801,Fortaleza,CE,1060 ,CARTAO CEARA SEM FOME,SUPERMERCADO AGUIAR,Conjunto Ceará,Supermercado,CONJUNTO CEARÁ
FORTALEZA,1090733000127,(85) 3275-6716,Fortaleza,CE,São Leopoldo 611,CARTAO CEARA SEM FOME,HIPERMERCADINHO LOCAL,Ancuri,Mercado / Mini Mercado,ANCURI
FORTALEZA,1153476000125,(85) 9875-69900,Fortaleza,CE,Joaquim Franklin 429,CARTAO CEARA SEM FOME,REGINA HELENA PINHEIRO BESERRA,Antônio Bezerra,Mercado / Mini Mercado,ANTÔNIO BEZERRA
FORTALEZA,1171575000130,(08) 5239-2363,FORTALEZA,CE,AVENIDA ENGENHEIRO LEAL LIMA VERDE 306,CARTAO CEARA SEM FOME,MERCADINHO SANTA EDWIGES,SAPIRANGA,Alimentação,SAPIRANGA
FORTALEZA,1277149000185,(85) 3238-0134,Fortaleza,CE,Ildefonso Albano 331,CARTAO CEARA SEM FOME,MERCEARIA SANTA LUZIA,Meireles,Mercado / Mini Mercado,MEIRELES
FORTALEZA,1316759000140,,Fortaleza,CE,Nossa Senhora das Graças 669,CARTAO CEARA SEM FOME,MERCANTIL SANDRA,Pirambu,Mercado / Mini Mercado,PIRAMBU
FORTALEZA,1338617000184,(85) 3488-1222,Fortaleza,CE,Alberto de Oliveira 1708,CARTAO CEARA SEM FOME,CENTERBOX,Barra do Ceará,Supermercado,BARRA DO CEARÁ
FORTALEZA,1342862000165,,Fortaleza,CE,José Vilar 5190 a,CARTAO CEARA SEM FOME,ART PAO,Dionisio Torres,Padaria,DIONISIO TORRES
FORTALEZA,1354030000169,(85) 3290-1186,Fortaleza,CE,ALUIZIO AZEVEDO 468,CARTAO CEARA SEM FOME,MERCADINHO IMACULADA CONCEIÇÃO,João XXIII,Mercado / Mini Mercado,JOÃO XXIII
FORTALEZA,1377961000182,(85) 3488-1222,Fortaleza,CE,Bragança 874,CARTAO CEARA SEM FOME,SUPER PORTUGAL,Granja Portugal,Supermercado,GRANJA PORTUGAL
FORTALEZA,1377961000344,(85) 3488-1222,Fortaleza,CE,MIRTES ROCHA 74,CARTAO CEARA SEM FOME,SUPER PORTUGAL,Vila Peri,Supermercado,VILA PERI
FORTALEZA,1377961000425,(85) 3488-1222,Fortaleza,CE,Primeiro de Janeiro 955,CARTAO CEARA SEM FOME,SUPER PORTUGAL,Parangaba,Supermercado,PARANGABA
FORTALEZA,1377961000506,(85) 3488-1222,Fortaleza,CE,José Leon 1852,CARTAO CEARA SEM FOME,SUPER PORTUGAL,Cidade dos Funcionários,Supermercado,CIDADE DOS FUNCIONÁRIOS
FORTALEZA,1377961000778,(85) 3488-1222,Fortaleza,CE,Montevidéu 200,CARTAO CEARA SEM FOME,SUPER PORTUGAL,Serrinha,Supermercado,SERRINHA
FORTALEZA,1377961000859,(85) 3259-8706,Fortaleza,CE,Monsenhor Salazar 928,CARTAO CEARA SEM FOME,SUPER PORTUGAL,São João do Tauape,Supermercado,SÃO JOÃO DO TAUAPE
FORTALEZA,1377961000930,,Fortaleza,CE,Conselheiro Gomes de Freitas 3575,CARTAO CEARA SEM FOME,SUPER PORTUGAL,Sapiranga,Supermercado,SAPIRANGA
FORTALEZA,1377961001073,,Fortaleza,CE,Vital Brasil 1916,CARTAO CEARA SEM FOME,SUPER PORTUGAL,Granja Portugal,Supermercado,GRANJA PORTUGAL
FORTALEZA,1377961001154,(85) 3259-8706,Fortaleza,CE,Soriano Albuquerque 605,CARTAO CEARA SEM FOME,SUPER PORTUGAL,Joaquim Távora,Supermercado,JOAQUIM TÁVORA
FORTALEZA,1407992000139,,FORTALEZA,CE,AVENIDA HILDEBRANDO MELO 1849,CARTAO CEARA SEM FOME,SUPERMERCADO SANTA EDWIGES,JARDIM GUANABARA,Supermercado,JARDIM GUANABARA
FORTALEZA,1407992000210,(85) 3497-0568,FORTALEZA,CE,"RUA GUSTAVO BARROSO, N 663 ",CARTAO CEARA SEM FOME,SUPERMERCADO SANTA EDWIGES,Bom Jardim,Supermercado,BOM JARDIM
FORTALEZA,1407992000643,(85) 2180-5994,Fortaleza,CE,Rosinha Sampaio 1150,CARTAO CEARA SEM FOME,MINI - MERCADO VASCONCELOS,Jardim Guanabara,Supermercado,JARDIM GUANABARA
FORTALEZA,1572179000114,(85) 8760-9283,Fortaleza,CE,da Abolição 1816,CARTAO CEARA SEM FOME,MERCADINHO KIFRUTAS,Meireles,Mercado / Mini Mercado,MEIRELES
FORTALEZA,1612726000148,(85) 3243-8570,FORTALEZA,CE,RUA DOM QUINTINO 323,CARTAO CEARA SEM FOME,MERCADINHO DAS FRUTAS,PIRAMBU,Supermercado,PIRAMBU
FORTALEZA,1631637000149,(85) 3471-1088,Fortaleza,CE,1092 06,CARTAO CEARA SEM FOME,MERCADINHO MARTREE,Conjunto Ceará,Supermercado,CONJUNTO CEARÁ
FORTALEZA,1681920000185,(85) 3263-3793,Fortaleza,CE,Vereador José Monteiro 74,CARTAO CEARA SEM FOME,MINIMERCADO IVONETE,Cais do Porto,Mercado / Mini Mercado,CAIS DO PORTO
FORTALEZA,1735258000107,(85) 3228-7572,FORTALEZA,CE,"RUA SEIS COMPANHEIROS,262 ",CARTAO CEARA SEM FOME,MERCADINHO ARCO VERDE,Barra do Ceará,Mercado / Mini Mercado,BARRA DO CEARÁ
FORTALEZA,1755085000180,(85) 3276-7231,Fortaleza,CE,Cesário Lange 735,CARTAO CEARA SEM FOME,PADARIA MM,Messejana,Padaria,MESSEJANA
FORTALEZA,1755101000135,(85) 3497-5573,FORTALEZA,CE,RUA MARIA JULIA 980,CARTAO CEARA SEM FOME,MERC ANA RISORLANGE,BOM JARDIM,Alimentação,BOM JARDIM
FORTALEZA,1755101000305,(85) 9888-91320,Fortaleza,CE,Verbena s/n,CARTAO CEARA SEM FOME,SUPERMERCADO ANA RISORLANGE,Bonsucesso,Supermercado,BONSUCESSO
FORTALEZA,1794582000198,(85) 3497-1879,Fortaleza,CE,Martins Carvalho 4398,CARTAO CEARA SEM FOME,DEUS TE PAGUE,Granja Lisboa,Supermercado,GRANJA LISBOA
FORTALEZA,1794582000279,,Fortaleza,CE,Martins Carvalho 4350,CARTAO CEARA SEM FOME,MERCADINHO DEUS TE PAGUE,Granja Lisboa,Supermercado,GRANJA LISBOA
FORTALEZA,1807375000120,,Fortaleza,CE,República da Armênia 1444,CARTAO CEARA SEM FOME,ALICE'S BUFFET,Parque Manibura,Serviços de Alimentação,PARQUE MANIBURA
FORTALEZA,1807375000201,(85) 3278-5505,Fortaleza,CE,Santos Dumont 3131,CARTAO CEARA SEM FOME,CAFE VIRIATO,Aldeota,Padaria,ALDEOTA
FORTALEZA,1819503000156,(85) 3286-2246,FORTALEZA,CE,"AVENIDA MAJOR ASSIS, 426 ",CARTAO CEARA SEM FOME,MERCADINHO ADRIEL,JARDIM IRACEMA,Alimentação,JARDIM IRACEMA
FORTALEZA,1949355000194,(85) 3045-0721,Fortaleza,CE,Tenente Queirós 640,CARTAO CEARA SEM FOME,MERCANTIL TAPERUABA,Antônio Bezerra,Supermercado,ANTÔNIO BEZERRA
FORTALEZA,2017876000176,(85) 3289-4251,Fortaleza,CE,Girassol 286,CARTAO CEARA SEM FOME,MERCADINHO XIMENES,Serrinha,Mercado / Mini Mercado,SERRINHA
FORTALEZA,2079100000180,,Fortaleza,CE,Francisco Machado 319,CARTAO CEARA SEM FOME,MERCADINHO AM,Siqueira,Mercado / Mini Mercado,SIQUEIRA
FORTALEZA,2111810000140,,Fortaleza,CE,AV. I 216,CARTAO CEARA SEM FOME,MERCADINHO NORTE & SUL,Conjunto Ceará,Restaurante,CONJUNTO CEARÁ
FORTALEZA,2122388000129,(85) 3278-3736,Fortaleza,CE,R VER. PEDRO PAULO 833,CARTAO CEARA SEM FOME,PAO DA VIDA,Parque Manibura,Padaria,PARQUE MANIBURA
FORTALEZA,2176544000134,(85) 3497-6347,FORTALEZA,CE,"RUA CORONEL VIRGILIO NOGUEIRA, Nº 1074 PQ SANTA CECILIA 1074",CARTAO CEARA SEM FOME,MERC.  FRIG O DANIEL,Bom Jardim,Alimentação,BOM JARDIM
FORTALEZA,2176544000215,,Fortaleza,CE,IX 349,CARTAO CEARA SEM FOME,DANIEL SUPERMERCADOS,Canindezinho,Supermercado,CANINDEZINHO
FORTALEZA,2372862000332,(85) 3245-2249,Fortaleza,CE,Antônio Sales 666,CARTAO CEARA SEM FOME,FRIGORIFICO SUPER BARATAO,Joaquim Távora,Frigorifico,JOAQUIM TÁVORA
FORTALEZA,2404916000132,(85) 8758-4015,Fortaleza,CE,do Rosário ,CARTAO CEARA SEM FOME,CASA DO ALIMENTO,Centro,Refeição,CENTRO
FORTALEZA,2500463000148,,Fortaleza,CE,Edmundo Falcão 448,CARTAO CEARA SEM FOME,CASA DO CARANGUEJO,Antônio Diogo,Mercado / Mini Mercado,ANTÔNIO DIOGO
FORTALEZA,2567719000134,(85) 3491-0969,Fortaleza,CE,Álvaro Fernandes ,CARTAO CEARA SEM FOME,PANIF. TRIGO PAN,Montese,Alimentação,MONTESE
FORTALEZA,2597096000142,(85) 8535-5115,Fortaleza,CE,Maria Josefina Pessoa 504,CARTAO CEARA SEM FOME,MERCEARIA PADRE CICERO,Jardim Cearense,Mercado / Mini Mercado,JARDIM CEARENSE
FORTALEZA,2715481000147,(85) 3077-4055,Fortaleza,CE,dos Jangadeiros 350,CARTAO CEARA SEM FOME,MERCADINHO DOIS IRMÂOS,Mucuripe,Mercado / Mini Mercado,MUCURIPE
FORTALEZA,2738485000140,,Fortaleza,CE,Coronel Virgílio Nogueira 574,CARTAO CEARA SEM FOME,BOIFEST,Granja Lisboa,Açougue,GRANJA LISBOA
FORTALEZA,2738485000493,(85) 9915-98829,Fortaleza,CE,Oscar Araripe 1951,CARTAO CEARA SEM FOME,BOIFEST,Granja Lisboa,Comércio Varej. Carne-Açougue,GRANJA LISBOA
FORTALEZA,2738485000906,,Fortaleza,CE,Washington Soares 6230,CARTAO CEARA SEM FOME,BOIFEST,Cambeba,Açougue,CAMBEBA
FORTALEZA,2738485001031,,Fortaleza,CE,Engenheiro Leal Lima Verde 2260 A,CARTAO CEARA SEM FOME,BOIFEST,José de Alencar,Açougue,JOSÉ DE ALENCAR
FORTALEZA,2779970000162,,Fortaleza,CE,GUSTAVO SAMPAIO 1691,CARTAO CEARA SEM FOME,J.P. MERCEARIA,São Gerardo,Mercado / Mini Mercado,SÃO GERARDO
FORTALEZA,2845601000120,(85) 3261-5035,Fortaleza,CE,R DR FRANCISCO MATOS 275,CARTAO CEARA SEM FOME,"VOVO JOANA PANIFICACAO, CONFEITARIA E MERCEARIA",Cocó,Padaria,COCÓ
FORTALEZA,2969735000153,,Fortaleza,CE,Jovita Feitosa 1152,CARTAO CEARA SEM FOME,FONE PIZZA,Parquelândia,Restaurante,PARQUELÂNDIA
FORTALEZA,3087940000158,(85) 3472-3912,Fortaleza,CE,R COLETOR ANTONIO GADELHA 623,CARTAO CEARA SEM FOME,MERCADINHO CASA ROSA,Messejana,Mercado / Mini Mercado,MESSEJANA
FORTALEZA,3123142000720,(88) 9885-39525,Fortaleza,CE,Zacarias Florindo 692,CARTAO CEARA SEM FOME,DINIZ SUPERMERCADOS,Bom Jardim,Mercado / Mini Mercado,BOM JARDIM
FORTALEZA,3153742000145,085 3228-2892,FORTALEZA,CE,"R MARIA CLARA,720 ",CARTAO CEARA SEM FOME,MERCADINHO PAI E FILHO,JARDIM IRACEMA,Mercado / Mini Mercado,JARDIM IRACEMA
FORTALEZA,3187860000255,(85) 9967-90137,Fortaleza,CE,Professor José Silveira 1687,CARTAO CEARA SEM FOME,SUPERMERCADO IRMAOS GEMEOS,Passaré,Supermercado,PASSARÉ
FORTALEZA,3195032000188,(85) 3235-5961,Fortaleza,CE,R GAL GOIS MONTEIRO 833,CARTAO CEARA SEM FOME,MERCADINHO DA GENTE,Antônio Bezerra,Mercado / Mini Mercado,ANTÔNIO BEZERRA
FORTALEZA,3279580000196,,Fortaleza,CE,Porto Alegre 1886,CARTAO CEARA SEM FOME,CENTER BOI,Autran Nunes,Açougue,AUTRAN NUNES
FORTALEZA,3349428000132,(85) 3224-9900,Fortaleza,CE,Padre Antônio Tomás ,CARTAO CEARA SEM FOME,ILMAR DOCES E SALGAD,Aldeota,Refeição,ALDEOTA
FORTALEZA,3539462000250,(85) 3488-1222,Fortaleza,CE,Cacilda Becker 270,CARTAO CEARA SEM FOME,CENTERBOX,João XXIII,Supermercado,JOÃO XXIII
FORTALEZA,3539462000331,(85) 3488-1222,Fortaleza,CE,AV SANTOS DUMONT 6500,CARTAO CEARA SEM FOME,CENTERBOX,Papicu,Supermercado,PAPICU
FORTALEZA,3539462000412,(85) 3488-1222,Fortaleza,CE,RUA PROFESSOR LINO DA ENCARNAÇÃO 869,CARTAO CEARA SEM FOME,CENTERBOX,Parquelândia,Supermercado,PARQUELÂNDIA
FORTALEZA,3539462000501,(85) 3488-1222,Fortaleza,CE,RUA PROFESSOR LINO DA ENCARNAÇÃO 869,CARTAO CEARA SEM FOME,CENTERBOX,Parquelândia,Supermercado,PARQUELÂNDIA
FORTALEZA,3539462000684,(85) 3488-1222,Fortaleza,CE,AV JOSE BASTOS 4400,CARTAO CEARA SEM FOME,CENTERBOX,Bela Vista,Supermercado,BELA VISTA
FORTALEZA,3582752000104,(85) 3484-4534,Fortaleza,CE,General Osório de Paiva ,CARTAO CEARA SEM FOME,PANIFICADORA PERY,Parangaba,Alimentação,PARANGABA
FORTALEZA,3670355000186,(85) 9998-56321,Fortaleza,CE,General Muniz Aragão 865,CARTAO CEARA SEM FOME,MERCANTIL VINTE,Barra do Ceará,Mercado / Mini Mercado,BARRA DO CEARÁ
FORTALEZA,3689913000155,(85) 3296-7907,Fortaleza,CE,Francisco Glicério 807,CARTAO CEARA SEM FOME,NOSSA COZINHA SELF-SERVICE & MARMITARIA,Maraponga,Restaurante,MARAPONGA
FORTALEZA,3704234000108,(85) 9981-80044,Fortaleza,CE,Doutor Codes Sandoval 11,CARTAO CEARA SEM FOME,SUPER SETE SUPERMERCADO,Conjunto Palmeiras,Supermercado,CONJUNTO PALMEIRAS
FORTALEZA,3720882000158,(85) 3131-2820,Fortaleza,CE,Adelaide Paulino 100,CARTAO CEARA SEM FOME,MERCADINHOS SAO LUIZ,Paupina,Supermercado,PAUPINA
FORTALEZA,3720882003173,(85) 3131-2820,Fortaleza,CE,da Abolição 2377,CARTAO CEARA SEM FOME,MERCADINHOS SAO LUIZ,Meireles,Alimentação,MEIRELES
FORTALEZA,3720882003335,(85) 3131-2814,Fortaleza,CE,Maria Gomes de Sá 1000,CARTAO CEARA SEM FOME,Super Mercadinhos São Luiz - Loja 29,Mondubim,Supermercado,MONDUBIM
FORTALEZA,3720882003416,(85) 3131-2820,Fortaleza,CE,Rui Barbosa 1999,CARTAO CEARA SEM FOME,Super Mercadinhos São Luiz - Loja 30,Aldeota,Supermercado,ALDEOTA
FORTALEZA,3720882003769,(85) 3131-2820,Fortaleza,CE,Senador Virgílio Távora 2270,CARTAO CEARA SEM FOME,MERCADINHOS SAO LUIZ,Dionisio Torres,Supermercado,DIONISIO TORRES
FORTALEZA,3785887000169,(85) 3276-8552,Fortaleza,CE,Mário Mamede 913,CARTAO CEARA SEM FOME,MERCADINHO RENASCER,Fátima,Mercado / Mini Mercado,FÁTIMA
FORTALEZA,3879760000290,(085) 3281 -1633,Fortaleza,CE,Jovita Feitosa ,CARTAO CEARA SEM FOME,FRANGOLANDIA,Parquelândia,Alimentação,PARQUELÂNDIA
FORTALEZA,3879760000370,(085) 4009-1033,Fortaleza,CE,Frei Mansueto ,CARTAO CEARA SEM FOME,FRANGOLANDIA,Meireles,Alimentação,MEIRELES
FORTALEZA,3879760000451,(085) 3214-3131,Fortaleza,CE,Padre Anchieta ,CARTAO CEARA SEM FOME,FRANGOLANDIA,Jacarecanga,Alimentação,JACARECANGA
FORTALEZA,3879760000613,(08) 5325-81010,Fortaleza,CE,Antônio Sales ,CARTAO CEARA SEM FOME,SUPER FRANGOLANDIA,Dionisio Torres,Alimentação,DIONISIO TORRES
FORTALEZA,3879760000702,(85) 4009-1000,FORTALEZA,CE,"AVENIDA SANTOS DUMONT, 5916 ",CARTAO CEARA SEM FOME,FRANGOLANDIA,Cocó,Alimentação,COCÓ
FORTALEZA,3879760001180,(85) 4009-1018,Fortaleza,CE,dos Expedicionários ,CARTAO CEARA SEM FOME,SUPER FRANGOLANDIA,Montese,Alimentação,MONTESE
FORTALEZA,3879760001342,(85) 4009-1018,Fortaleza,CE,Francisco Sá ,CARTAO CEARA SEM FOME,SUPER FRANGOLÂNDIA,Álvaro Weyne,Alimentação,ÁLVARO WEYNE
FORTALEZA,3879760001423,(85) 3371-7180,Fortaleza,CE,Frei Cirilo 3270,CARTAO CEARA SEM FOME,MEGA ATACADISTA - REDE FRANGOLANDIA,Messejana,Alimentação,MESSEJANA
FORTALEZA,3879760001504,(85) 4009-1018,Fortaleza,CE,Rui Barbosa 2727,CARTAO CEARA SEM FOME,SUPER FRANGOLÂNDIA,Joaquim Távora,Alimentação,JOAQUIM TÁVORA
FORTALEZA,3879760001695,(85) 4009-1018,Fortaleza,CE,Manuel Castelo Branco 352,CARTAO CEARA SEM FOME,ANCORA DISTRIBUIDORA LTDA,Messejana,Alimentação,MESSEJANA
FORTALEZA,3879760001776,(85) 4009-1018,Fortaleza,CE,Santos Dumont 2680,CARTAO CEARA SEM FOME,FRANGOLANDIA,Aldeota,Alimentação,ALDEOTA
FORTALEZA,3879760001857,(85) 4009-1000,Fortaleza,CE,Godofredo Maciel 2540,CARTAO CEARA SEM FOME,FRANGOLANDIA,Maraponga,Alimentação,MARAPONGA
FORTALEZA,3879760001938,(85) 4009-1000,Fortaleza,CE,Coronel Miguel Dias 1389,CARTAO CEARA SEM FOME,FRANGOLANDIA,Patriolino Ribeiro,Supermercado,PATRIOLINO RIBEIRO
FORTALEZA,3879760002233,(85) 4009-1018,Fortaleza,CE,Washington Soares 4040,CARTAO CEARA SEM FOME,FRANGOLANDIA,Parque Manibura,Alimentação,PARQUE MANIBURA
FORTALEZA,3879760002403,(85) 4009-1000,Fortaleza,CE,Costa Barros 1270,CARTAO CEARA SEM FOME,FRANGOLANDIA,Aldeota,Alimentação,ALDEOTA
FORTALEZA,3879760002586,(85) 4009-1000,Fortaleza,CE,Quinze de Novembro 340,CARTAO CEARA SEM FOME,FRANGOLANDIA,Itaoca,Alimentação,ITAOCA
FORTALEZA,3914759000178,,Fortaleza,CE,Ribeiro Júnior 16,CARTAO CEARA SEM FOME,Mercadinho Minas Gerais,Jóquei Clube,Mercado / Mini Mercado,JÓQUEI CLUBE
FORTALEZA,3995515026808,,Fortaleza,CE,Senador Fernandes Távora S/N,CARTAO CEARA SEM FOME,MATEUS SUPERMERCADOS  DOM LUSTOSA,Jóquei Clube,Alimentação,JÓQUEI CLUBE
FORTALEZA,3995515027600,,Fortaleza,CE,AV PRESIDENTE COSTA E SILVA 2646,CARTAO CEARA SEM FOME,MIX ZE WALTER,Mondubim,Alimentação,MONDUBIM
FORTALEZA,3995515030236,,Fortaleza,CE,BR-116 sn,CARTAO CEARA SEM FOME,MATEUS SUPERMERCADOS S A MIX MESSEJANA,Parque Santa Maria,Alimentação,PARQUE SANTA MARIA
FORTALEZA,3995515031984,,Fortaleza,CE,Barão de Studart 2200,CARTAO CEARA SEM FOME,MATEUS SUPERMERCADOS MIX ALDEOTA,Joaquim Távora,Alimentação,JOAQUIM TÁVORA
FORTALEZA,3995515032018,,Fortaleza,CE,Antônio Alves Ribeiro 229,CARTAO CEARA SEM FOME,MATEUS SUPERMERCADOS MIX JANGURUSSU,Jangurussu,Alimentação,JANGURUSSU
FORTALEZA,3995515032107,,Fortaleza,CE,Francisco Sá 5820,CARTAO CEARA SEM FOME,MATEUS SUPERMERCADOS MIX BARRA DO CEARA,Barra do Ceará,Alimentação,BARRA DO CEARÁ
FORTALEZA,4003519000184,(85) 3295-6433,Fortaleza,CE,Bandeira de Melo 466,CARTAO CEARA SEM FOME,MERCADINHO PALHANO,Dias Macedo,Mercado / Mini Mercado,DIAS MACEDO
FORTALEZA,4095361000110,(85) 3214-2421,Fortaleza,CE,R FRANCISCA CLOTILDE 1336,CARTAO CEARA SEM FOME,MERCADINHO BOM D+,Rodolfo Teófilo,Mercado / Mini Mercado,RODOLFO TEÓFILO
FORTALEZA,4103217000188,(85) 3296-2647,FORTALEZA,CE,"RUA CONEGO DE CASTRO, 5531 5531",CARTAO CEARA SEM FOME,R.CENTER SUPERMERCADO,Conjunto Esperança,Supermercado,CONJUNTO ESPERANÇA
FORTALEZA,4103217000340,(85) 3296-2647,Fortaleza,CE,R BARAO AQUIRAZ 1098,CARTAO CEARA SEM FOME,R CENTER SUPERMERCADO,Paupina,Supermercado,PAUPINA
FORTALEZA,4163766000148,(085) 4008-2406,FORTALEZA,CE,AVENIDA GODOFREDO MACIEL 1152,CARTAO CEARA SEM FOME,MERCADO BOM VIZINHO,PARANGABA,Alimentação,PARANGABA
FORTALEZA,4163766000300,(85) 3433 5000,FORTALEZA,CE,"AVENIDA GODOFREDO MACIEL, Nº 4040  ",CARTAO CEARA SEM FOME,MERCADO BOM VIZINHO,Mondubim,Alimentação,MONDUBIM
FORTALEZA,4163766000571,(85) 4008-2412,Fortaleza,CE,Frei Cirilo ,CARTAO CEARA SEM FOME,MERCADO BOM VIZINHO,Messejana,Supermercado,MESSEJANA
FORTALEZA,4163766001381,(85) 4008-2412,Fortaleza,CE,Washington Soares ,CARTAO CEARA SEM FOME,BOM VIZINHO,Messejana,Alimentação,MESSEJANA
FORTALEZA,4163766001896,(85) 4008-2410,Fortaleza,CE,Monsenhor Tabosa 697,CARTAO CEARA SEM FOME,MERCADO BOM VIZINHO,Praia de Iracema,Alimentação,PRAIA DE IRACEMA
FORTALEZA,4163766001977,(00) 0000-0000,Fortaleza,CE,Antônio Sales s/n,CARTAO CEARA SEM FOME,MERCADO BOM VIZINHO,Dionisio Torres,Alimentação,DIONISIO TORRES
FORTALEZA,4163766002000,(85) 9918-46013,Fortaleza,CE,Rogaciano Leite s/n,CARTAO CEARA SEM FOME,MERCADO BOM VIZINHO,Salinas,Alimentação,SALINAS
FORTALEZA,4163766002787,(85) 4008-2414,Fortaleza,CE,Ministro José Américo 284,CARTAO CEARA SEM FOME,SUPERMERCADO PINHEIRO - O BOM VIZINHO,Parque Iracema,Supermercado,PARQUE IRACEMA
FORTALEZA,4205247000103,(85) 3226-3497,Fortaleza,CE,Valdetário Mota 728,CARTAO CEARA SEM FOME,PANIFICADORA ALDEPAN,Papicu,Padaria,PAPICU
FORTALEZA,4205904000104,(85) 3283-7991,Fortaleza,CE,Justiniano de Serpa 664,CARTAO CEARA SEM FOME,MERCADINHO INDEPENDENCIA,Farias Brito,Mercado / Mini Mercado,FARIAS BRITO
FORTALEZA,4208827000146,(85) 3495-2632,Fortaleza,CE,R PROF. ALVARO COSTA 828,CARTAO CEARA SEM FOME,MERCADINHO FRANCO,Vicente Pinzon,Mercado / Mini Mercado,VICENTE PINZON
FORTALEZA,4239622000128,(85) 3292-4141,Fortaleza,CE,João Pessoa 7160,CARTAO CEARA SEM FOME,LOPES RESTAURANTE,Montese,Restaurante,MONTESE
FORTALEZA,4251064000116,(85) 9879-35100,Fortaleza,CE,Tenente Eliezer Costa 198,CARTAO CEARA SEM FOME,CASA DO BIFE,Vila Velha,Comércio Varej. Carne-Açougue,VILA VELHA
FORTALEZA,4257934000164,,Fortaleza,CE,César Cals 484,CARTAO CEARA SEM FOME,MONTEIRO SUPERMERCADO,Vicente Pinzon,Supermercado,VICENTE PINZON
FORTALEZA,4262510000198,,Fortaleza,CE,Umarizeiras 1650,CARTAO CEARA SEM FOME,PONTINHO SHALON,Parque Presidente Vargas,Mercado / Mini Mercado,PARQUE PRESIDENTE VARGAS
FORTALEZA,4272280000148,(85) 3263-0207,Fortaleza,CE,Josias Paula de Sousa 270,CARTAO CEARA SEM FOME,MERCADINHO DOIS IRMAOS,Vicente Pinzon,Mercado / Mini Mercado,VICENTE PINZON
FORTALEZA,4409535000171,,Fortaleza,CE,Guanabara 809,CARTAO CEARA SEM FOME,MERCADINHO CENTRAL,Demócrito Rocha,Mercado / Mini Mercado,DEMÓCRITO ROCHA
FORTALEZA,4465229000152,(85) 3482-0135,FORTALEZA,CE,RUA VIRIATO RIBEIRO 1322,CARTAO CEARA SEM FOME,SUPER CARNES,BELA VISTA,Alimentação,BELA VISTA
FORTALEZA,4558939000127,(085) 296 -2999,FORTALEZA,CE,RUA CONEGO DE CASTRO 5498,CARTAO CEARA SEM FOME,MERCADINHO ANA RISORLANGE,PARQUE SANTA ROSA,Alimentação,PARQUE SANTA ROSA
FORTALEZA,4601165000170,(85) 3477-2329,Fortaleza,CE,Mozart Pinheiro de Lucena 1711,CARTAO CEARA SEM FOME,SUPER LAGOA,Vila Velha,Supermercado,VILA VELHA
FORTALEZA,4601165000250,(85) 3477-2317,Fortaleza,CE,Solon Pinheiro 136,CARTAO CEARA SEM FOME,SUPER LAGOA,Centro,Supermercado,CENTRO
FORTALEZA,4601165000684,(85) 3477-2317,Fortaleza,CE,Gomes Brasil 201,CARTAO CEARA SEM FOME,SUPER LAGOA,Parangaba,Supermercado,PARANGABA
FORTALEZA,4601165000846,(85) 3477-2317,Fortaleza,CE,Avenida Bezerra de Menezes 2450 2450,CARTAO CEARA SEM FOME,SUPER LAGOA,São Gerardo,Supermercado,SÃO GERARDO
FORTALEZA,4601165000927,(85) 3477-2317,Fortaleza,CE,Coronel Guilherme Alencar 259,CARTAO CEARA SEM FOME,SUPER LAGOA,Messejana,Supermercado,MESSEJANA
FORTALEZA,4601165001060,(85) 3477-2317,Fortaleza,CE,Virgílio Bastos dos Santos 66,CARTAO CEARA SEM FOME,SUPER LAGOA,Engenheiro Luciano Cavalcante,Supermercado,ENGENHEIRO LUCIANO CAVALCANTE
FORTALEZA,4601165001141,(85) 3477-2317,Fortaleza,CE,Central Oeste 1001,CARTAO CEARA SEM FOME,SUPER LAGOA,Engenheiro Luciano Cavalcante,Supermercado,ENGENHEIRO LUCIANO CAVALCANTE
FORTALEZA,4601165001575,(85) 3477-2317,Fortaleza,CE,Doutor Silas Munguba 6161,CARTAO CEARA SEM FOME,SUPER LAGOA,Boa Vista,Alimentação,BOA VISTA
FORTALEZA,4601165001656,(85) 3477-2317,Fortaleza,CE,Professor Costa Mendes 2065,CARTAO CEARA SEM FOME,SUPER LAGOA,Rodolfo Teófilo,Supermercado,RODOLFO TEÓFILO
FORTALEZA,4601165001818,(85) 3477-2317,Fortaleza,CE,Pedro Lazar 877,CARTAO CEARA SEM FOME,GRUPO LAGOA,Cambeba,Supermercado,CAMBEBA
FORTALEZA,4601165001907,(85) 3477-2317,Fortaleza,CE,Santos Dumont 3860,CARTAO CEARA SEM FOME,SUPER LAGOA,Aldeota,Supermercado,ALDEOTA
FORTALEZA,4601165002032,(85) 9917-01788,Fortaleza,CE,Bernardo Manuel 11000,CARTAO CEARA SEM FOME,LAG ATACADO,Mondubim,Supermercado,MONDUBIM
FORTALEZA,4601165002113,(85) 9940-14626,Fortaleza,CE,Presidente Castelo Branco 5943,CARTAO CEARA SEM FOME,SUPER LAGOA,Barra do Ceará,Alimentação,BARRA DO CEARÁ
FORTALEZA,4627877000168,(85) 3257-5694,Fortaleza,CE,E 80,CARTAO CEARA SEM FOME,MERCADINHO E PANIFICADORA OLIVEIRA,Guajiru,Mercado / Mini Mercado,GUAJIRU
FORTALEZA,4668011000103,(85) 9881-16520,Fortaleza,CE,São Francisco do Itaperi 733,CARTAO CEARA SEM FOME,MERCADINHO ZEZITO,Passaré,Mercado / Mini Mercado,PASSARÉ
FORTALEZA,4675604000199,(85) 3206-8150,FORTALEZA,CE,RUA PROFESSOR DIAS DA ROCHA ,CARTAO CEARA SEM FOME,SUPERGUARA,ALDEOTA,Supermercado,ALDEOTA
FORTALEZA,4675604000270,(85) 3206-8150,FORTALEZA,CE,AVENIDA DOUTOR THEBERGE 2111,CARTAO CEARA SEM FOME,SUPERMERCADO GUARA,PRESIDENTE KENNEDY,Alimentação,PRESIDENTE KENNEDY
FORTALEZA,4675604000350,(85) 3206-8150,Fortaleza,CE,Monsenhor Dantas ,CARTAO CEARA SEM FOME,SUPERMERCADO GUARA,Jacarecanga,Alimentação,JACARECANGA
FORTALEZA,4675604000512,(85) 3206-8150,Fortaleza,CE,Doutor Silas Munguba ,CARTAO CEARA SEM FOME,SUPERMERCADO GUARA,Parangaba,Alimentação,PARANGABA
FORTALEZA,4675604000784,(85) 3206-8150,Fortaleza,CE,Almirante Barroso 435,CARTAO CEARA SEM FOME,SUPERMERCADO GUARA,Praia de Iracema,Mercado / Mini Mercado,PRAIA DE IRACEMA
FORTALEZA,4675604000865,(04) 6756-04000,Fortaleza,CE,Senador Fernandes Távora 820,CARTAO CEARA SEM FOME,SUPERMERCADO GUARA,Henrique Jorge,Mercado / Mini Mercado,HENRIQUE JORGE
FORTALEZA,4675604000946,(85) 3229-0780,Fortaleza,CE,Norte s/n,CARTAO CEARA SEM FOME,SUPERMERCADO GUARA,Engenheiro Luciano Cavalcante,Supermercado,ENGENHEIRO LUCIANO CAVALCANTE
FORTALEZA,4675604001080,(85) 3229-0780,Fortaleza,CE,Avenida Washington Soares 85 85,CARTAO CEARA SEM FOME,SUPERMERCADO GUARA,Edson Queiroz,Supermercado,EDSON QUEIROZ
FORTALEZA,4675604001160,(82) 3229-0780,Fortaleza,CE,Santos Dumont 7050,CARTAO CEARA SEM FOME,SUPERMERCADO GUARA,Cocó,Supermercado,COCÓ
FORTALEZA,4686479000112,,Fortaleza,CE,Martins Carvalho 3101,CARTAO CEARA SEM FOME,MERCADINHO OSORIO,Granja Lisboa,Mercado / Mini Mercado,GRANJA LISBOA
FORTALEZA,4737497000186,(85) 3498-9262,Fortaleza,CE,Barra Mansa 627,CARTAO CEARA SEM FOME,MERCADINHO O RICARDO,Granja Lisboa,Mercado / Mini Mercado,GRANJA LISBOA
FORTALEZA,4775558000108,(85) 3296-1867,Fortaleza,CE,Bandeirantes 830,CARTAO CEARA SEM FOME,MERCADINHO O JUCELINO,Parangaba,Mercado / Mini Mercado,PARANGABA
FORTALEZA,4787140000102,(85) 4002-0985,Fortaleza,CE,Antônio Ferreira Lima 5561,CARTAO CEARA SEM FOME,VAREJAO SUPERMERCADOS,Bonsucesso,Supermercado,BONSUCESSO
FORTALEZA,4787140000293,(85) 4042-0985,Fortaleza,CE,Doutor João Amora 360,CARTAO CEARA SEM FOME,VAREJAO SUPERMERCADOS,Manuel Sátiro,Supermercado,MANUEL SÁTIRO
FORTALEZA,4787140000374,(85) 4042-0985,Fortaleza,CE,Porto Franco 1060,CARTAO CEARA SEM FOME,VAREJAO SUPERMERCADOS,Novo Mondubim,Supermercado,NOVO MONDUBIM
FORTALEZA,4864337000106,,Fortaleza,CE,CIDADE RIO BRANCO 62,CARTAO CEARA SEM FOME,MERCADINHO RIO BRANCO,Henrique Jorge,Supermercado,HENRIQUE JORGE
FORTALEZA,4884740000199,(85) 3286-4328,FORTALEZA,CE,RUA ÁLVARO GARRIDO 209,CARTAO CEARA SEM FOME,MERCADINHO CAVALCANTE,Barra do Ceará,Mercado / Mini Mercado,BARRA DO CEARÁ
FORTALEZA,4887526000196,(85) 3495-1116,FORTALEZA,CE,"AVENIDA GODOFREDO MACIEL, 922  ",CARTAO CEARA SEM FOME,PANIFICADORA REAL,Maraponga,Alimentação,MARAPONGA
FORTALEZA,4891536000103,(85) 3269-7044,Fortaleza,CE,Monsenhor Amarílio Rodrigues 604 A,CARTAO CEARA SEM FOME,MERCADINHO MARCOS VARIEDADES,Jangurussu,Mercado / Mini Mercado,JANGURUSSU
FORTALEZA,4953404000150,(85) 9923-39203,Fortaleza,CE,R MONSENHOR AGOSTINHO 1463,CARTAO CEARA SEM FOME,SUPER VITORIA,Parque São José,Supermercado,PARQUE SÃO JOSÉ
FORTALEZA,4971633000106,(85) 3254-4589,Fortaleza,CE,do Rosário 119,CARTAO CEARA SEM FOME,MERCADINHO CENTRO,Centro,Mercado / Mini Mercado,CENTRO
FORTALEZA,5013866000150,(85) 3321-1229,Fortaleza,CE,R ALBERTO MONTEZUMA 480,CARTAO CEARA SEM FOME,FRIGORIFICO SAO PAULO,Vila União,Comércio Varej. Carne-Açougue,VILA UNIÃO
FORTALEZA,5035262000105,(08) 5325-32542,Fortaleza,CE,Major Facundo ,CARTAO CEARA SEM FOME,TERRA BRASIL SELF SERVICE,Centro,Refeição,CENTRO
FORTALEZA,5102359000193,,FORTALEZA,CE,RUA NUNES FEIJO 1454,CARTAO CEARA SEM FOME,MERCADINHO SUPERDULAR,JANGURUSSU,Mercado / Mini Mercado,JANGURUSSU
FORTALEZA,5102555000168,(85) 3263-4631,Fortaleza,CE,dos Jangadeiros 266,CARTAO CEARA SEM FOME,MERCADINHO POPULAR,Mucuripe,Mercado / Mini Mercado,MUCURIPE
FORTALEZA,5151153000153,(85) 2689-0469,Fortaleza,CE,Pedro Lazar 825,CARTAO CEARA SEM FOME,PANIFICADORA IOLANDA,Cambeba,Padaria,CAMBEBA
FORTALEZA,5160075000153,(85) 3292-6064,Fortaleza,CE,Correia Lima 133,CARTAO CEARA SEM FOME,SUPER FRIGOFRUTAS,Demócrito Rocha,Mercado / Mini Mercado,DEMÓCRITO ROCHA
FORTALEZA,5215660000375,(85) 3494-3499,Fortaleza,CE,João Sorongo 318,CARTAO CEARA SEM FOME,MERCANTIL SAMUEL UCHOA,Jardim América,Supermercado,JARDIM AMÉRICA
FORTALEZA,5215660000456,(85) 3494-3499,Fortaleza,CE,Delmiro de Farias 1119,CARTAO CEARA SEM FOME,MERCANTIL SAMUEL UCHOA,Damas,Supermercado,DAMAS
FORTALEZA,5263623000170,(85) 3272-8788,Fortaleza,CE,Sabino Monte ,CARTAO CEARA SEM FOME,MERCANTIL PONTES,São João do Tauape,Alimentação,SÃO JOÃO DO TAUAPE
FORTALEZA,5266408000123,,Fortaleza,CE,60 SN,CARTAO CEARA SEM FOME,ANTONIO PINTO DE MESQUITA MERCEARIA,Prefeito José Walter,Mercado / Mini Mercado,PREFEITO JOSÉ WALTER
FORTALEZA,5280095000168,,Fortaleza,CE,Capitão Gustavo 3207 A,CARTAO CEARA SEM FOME,KGP QUEIJOS E LATICINIOS,Joaquim Távora,Mercado / Mini Mercado,JOAQUIM TÁVORA
FORTALEZA,5280998000149,(85) 3243-6006,Fortaleza,CE,Pedro Artur 757,CARTAO CEARA SEM FOME,MERCANTIL POPULAR,Carlito Pamplona,Mercado / Mini Mercado,CARLITO PAMPLONA
FORTALEZA,5295279000100,(85) 3248-7017,Fortaleza,CE,R PROF ALVARO COSTA 1175,CARTAO CEARA SEM FOME,MERCADINHO FAROL NOVO,Vicente Pinzon,Mercado / Mini Mercado,VICENTE PINZON
FORTALEZA,5326517000199,(85) 3246-9267,Fortaleza,CE,Carlos Vasconcelos 2269,CARTAO CEARA SEM FOME,MERCADINHO IN NATURA,Joaquim Távora,Mercado / Mini Mercado,JOAQUIM TÁVORA
FORTALEZA,5339422000100,,Fortaleza,CE,Valdetário Mota 410,CARTAO CEARA SEM FOME,PANIFICADORA NOGUEIRA,Papicu,Padaria,PAPICU
FORTALEZA,5361583000108,(85) 3253-5601,FORTALEZA,CE,"RUA MAJOR FACUNDO, 881 ",CARTAO CEARA SEM FOME,LA FIORELLE,CENTRO,Refeição,CENTRO
FORTALEZA,5431574000138,(85) 3274-0688,Fortaleza,CE,Cidade Ecológica 236,CARTAO CEARA SEM FOME,FRIGORIFICO MOURA,Edson Queiroz,Açougue,EDSON QUEIROZ
FORTALEZA,5445256000126,(85) 3231-4516,Fortaleza,CE,Vereador Pedro Paulo 832,CARTAO CEARA SEM FOME,MERCADINHO ALTERNATIVA,Parque Manibura,Mercado / Mini Mercado,PARQUE MANIBURA
FORTALEZA,5472823000133,(85) 3264-0328,Fortaleza,CE,Alves Bezerra 573,CARTAO CEARA SEM FOME,MERCADINHO PONTO CERTO,Siqueira,Mercado / Mini Mercado,SIQUEIRA
FORTALEZA,5504323000136,,Fortaleza,CE,Jardim Silveira 762,CARTAO CEARA SEM FOME,MARINEUDE DA SILVA RODRIGUES,Novo Mondubim,Mercado / Mini Mercado,NOVO MONDUBIM
FORTALEZA,5579402000106,(85) 3243-4467,FORTALEZA,CE,RUA ARISTOTELES BEZERRA 260,CARTAO CEARA SEM FOME,MERCANTIL AZEVEDO,CARLITO PAMPLONA,Alimentação,CARLITO PAMPLONA
FORTALEZA,5591289000184,(85) 3496-0322,Fortaleza,CE,Oito de Junho 320,CARTAO CEARA SEM FOME,MERCADINHO CESTA CHEIA,Pici,Mercado / Mini Mercado,PICI
FORTALEZA,5599698000127,,Fortaleza,CE,Maestro Lisboa 2279,CARTAO CEARA SEM FOME,CARNAUBA SUPERMERCADOS,Lagoa Redonda,Supermercado,LAGOA REDONDA
FORTALEZA,5612539000115,(85) 3272-9311,Fortaleza,CE,Governador Raul Barbosa 7563,CARTAO CEARA SEM FOME,PONTO DA ECONOMIA,São João do Tauape,Mercado / Mini Mercado,SÃO JOÃO DO TAUAPE
FORTALEZA,5664154000100,(85) 3281-8684,Fortaleza,CE,João Gentil 435,CARTAO CEARA SEM FOME,SUPER GENTILANDIA,Benfica,Mercado / Mini Mercado,BENFICA
FORTALEZA,5664154000282,,Fortaleza,CE,Waldery Uchôa 436,CARTAO CEARA SEM FOME,SUPERMERCADO GENTILANDIA,Benfica,Supermercado,BENFICA
FORTALEZA,5664154000363,,Fortaleza,CE,Barão do Rio Branco 2320,CARTAO CEARA SEM FOME,SUPER BENFICA,José Bonifácio,Supermercado,JOSÉ BONIFÁCIO
FORTALEZA,5694158000122,,Fortaleza,CE,18 289,CARTAO CEARA SEM FOME,MERCADINHO SANTA EDWIRGENS,Vila Velha,Alimentação,VILA VELHA
FORTALEZA,5760546000164,(85) 3473-1423,Fortaleza,CE,Joaquim dos Anjos 1241,CARTAO CEARA SEM FOME,MERCANTIL SERVE BEM,Planalto Ayrton Senna,Mercado / Mini Mercado,PLANALTO AYRTON SENNA
FORTALEZA,5760597000196,(85) 9283-6594,Fortaleza,CE,Pereira Filgueiras 1516,CARTAO CEARA SEM FOME,WILL LANCHES,Aldeota,Restaurante,ALDEOTA
FORTALEZA,5789230000103,(85) 3264-3771,FORTALEZA,CE,"AVENIDA SRG HERMINIO SAMPAIO, 3660 ",CARTAO CEARA SEM FOME,BRASIL CARNES,PRESIDENTE KENNEDY,Alimentação,PRESIDENTE KENNEDY
FORTALEZA,5856068000190,(85) 3224-1609,Fortaleza,CE,Santos Dumont ,CARTAO CEARA SEM FOME,OFICINA DO PAO,Aldeota,Alimentação,ALDEOTA
FORTALEZA,5952162000143,,Fortaleza,CE,A 300,CARTAO CEARA SEM FOME,QUEIJO E CIA,Mondubim,Mercado / Mini Mercado,MONDUBIM
FORTALEZA,5960037000185,,Fortaleza,CE,A 236,CARTAO CEARA SEM FOME,MERCADINHO PRECO FIEL,Bom Jardim,Mercado / Mini Mercado,BOM JARDIM
FORTALEZA,6057223022140,(11) 3411-5204,Fortaleza,CE,Godofredo Maciel ,CARTAO CEARA SEM FOME,ASSAÍ ATACADISTA,Parangaba,Supermercado,PARANGABA
FORTALEZA,6057223022221,(11) 3411-5200,Fortaleza,CE,Washington Soares ,CARTAO CEARA SEM FOME,ASSAÍ ATACADISTA,José de Alencar,Supermercado,JOSÉ DE ALENCAR
FORTALEZA,6057223022302,(11) 3411-5200,Fortaleza,CE,Bezerra de Menezes ,CARTAO CEARA SEM FOME,ASSAÍ ATACADISTA,São Gerardo,Supermercado,SÃO GERARDO
FORTALEZA,6057223038063,(11) 3411-5061,Fortaleza,CE,BR-116 7555,CARTAO CEARA SEM FOME,ASSAÍ ATACADISTA,Messejana,Supermercado,MESSEJANA
FORTALEZA,6057223045868,(11) 3411-5200,Fortaleza,CE,Sargento Hermínio Sampaio s/n,CARTAO CEARA SEM FOME,ASSAÍ ATACADISTA,Presidente Kennedy,Supermercado,PRESIDENTE KENNEDY
FORTALEZA,6057223046406,(11) 3411-5200,Fortaleza,CE,Miguel Gurgel 1900,CARTAO CEARA SEM FOME,ASSAÍ ATACADISTA,Coaçu,Supermercado,COAÇU
FORTALEZA,6057223052996,(71) 3000-33333,Fortaleza,CE,dos Expedicionários 4444,CARTAO CEARA SEM FOME,ASSAÍ ATACADISTA,Jardim América,Alimentação,JARDIM AMÉRICA
FORTALEZA,6057223053020,(11) 3411-5200,Fortaleza,CE,Mister Hull 4300,CARTAO CEARA SEM FOME,ASSAÍ ATACADISTA,Padre Andrade,Supermercado,PADRE ANDRADE
FORTALEZA,6057223053100,(11) 3411-5200,Fortaleza,CE,Mister Hull 4300,CARTAO CEARA SEM FOME,ASSAÍ ATACADISTA,Padre Andrade,Supermercado,PADRE ANDRADE
FORTALEZA,6057223055740,(11) 3411-5061,Fortaleza,CE,José Sabóia 521,CARTAO CEARA SEM FOME,ASSAI ATACADISTA,Cais do Porto,Supermercado,CAIS DO PORTO
FORTALEZA,6057223055820,(11) 3411-5061,Fortaleza,CE,José Sabóia 521,CARTAO CEARA SEM FOME,ASSAI ATACADISTA,Cais do Porto,Supermercado,CAIS DO PORTO
FORTALEZA,6123844000106,(85) 9921-69666,Fortaleza,CE,Palestina 998,CARTAO CEARA SEM FOME,MERCADINHO IRIS,Passaré,Mercado / Mini Mercado,PASSARÉ
FORTALEZA,6165307000129,,Fortaleza,CE,FRANCISCO GLICERIO 477,CARTAO CEARA SEM FOME,MERCADINHO CILENE,Maraponga,Mercado / Mini Mercado,MARAPONGA
FORTALEZA,6174065000130,(85) 3494-5133,Fortaleza,CE,João Pessoa 4553,CARTAO CEARA SEM FOME,SELETA CARNES,Damas,Açougue,DAMAS
FORTALEZA,6177770000190,,Fortaleza,CE,zeze diogo 3007,CARTAO CEARA SEM FOME,MARULHO,Centro,Restaurante,CENTRO
FORTALEZA,6287317000137,(85) 3465-1937,Fortaleza,CE,Bezerra de Menezes ,CARTAO CEARA SEM FOME,DOM SPETO,São Gerardo,Refeição,SÃO GERARDO
FORTALEZA,6289863000107,(85) 3286-3189,Fortaleza,CE,Rosinha Sampaio 1123,CARTAO CEARA SEM FOME,PONTO DA CARNE,Vila Velha,Açougue,VILA VELHA
FORTALEZA,6314622000170,(85) 3479-3344,FORTALEZA,CE,RUA EMILIA GONCALVES 852,CARTAO CEARA SEM FOME,MERCADINHO POUPE SHOP,QUINTINO CUNHA,Alimentação,QUINTINO CUNHA
FORTALEZA,6339545000103,(85) 3235-0203,Fortaleza,CE,Sargento Hermínio Sampaio 4200,CARTAO CEARA SEM FOME,COMPREMAX SUPERMERCADOS,Padre Andrade,Alimentação,PADRE ANDRADE
FORTALEZA,6339545000294,(85) 3235-0203,Fortaleza,CE,Mister Hull 5380,CARTAO CEARA SEM FOME,COMPREMAX SUPERMERCADOS,Presidente Kennedy,Alimentação,PRESIDENTE KENNEDY
FORTALEZA,6339545000537,(85) 3235-5000,Fortaleza,CE,Godofredo Maciel 6395,CARTAO CEARA SEM FOME,COMPREMAX SUPERMERCADOS,Planalto Ayrton Senna,Alimentação,PLANALTO AYRTON SENNA
FORTALEZA,6374209000100,(85) 3283-6206,Fortaleza,CE,Nossa Senhora das Graças 677,CARTAO CEARA SEM FOME,BEZERRAO DA CARNE,Pirambu,Açougue,PIRAMBU
FORTALEZA,6637109000110,(85) 3283-3174,Fortaleza,CE,Padre Cícero 750,CARTAO CEARA SEM FOME,PANIFICADORA PAMIL,Rodolfo Teófilo,Padaria,RODOLFO TEÓFILO
FORTALEZA,6810527000168,(85) 3236-8589,Fortaleza,CE,Cecil Salgado 653,CARTAO CEARA SEM FOME,MERCADINHO 3 IRMAOS,Vila Velha,Mercado / Mini Mercado,VILA VELHA
FORTALEZA,6887668000260,(85) 3304-6565,FORTALEZA,CE,AVENIDA PARAJANA N 2965 ,CARTAO CEARA SEM FOME,COMETA SUEPRMERCADO,Serrinha,Alimentação,SERRINHA
FORTALEZA,6887668000340,8500000000,Fortaleza,CE,Oliveira Paiva ,CARTAO CEARA SEM FOME,SUPERMERCADO COMETA,Cidade dos Funcionários,Alimentação,CIDADE DOS FUNCIONÁRIOS
FORTALEZA,6887668000421,(85) 3290-6462,Fortaleza,CE,Senador Fernandes Távora ,CARTAO CEARA SEM FOME,SUPERMERCADO COMETA,Parque Genibaú,Alimentação,PARQUE GENIBAÚ
FORTALEZA,6887668000502,(85) 3291-1948,Fortaleza,CE,N ,CARTAO CEARA SEM FOME,SUPERMERCADO COMETA,Prefeito José Walter,Alimentação,PREFEITO JOSÉ WALTER
FORTALEZA,6887668000693,(85) 3304-6565,Fortaleza,CE,Pinto Madeira 1340,CARTAO CEARA SEM FOME,SUPERMERCADO COMETA,Centro,Alimentação,CENTRO
FORTALEZA,6887668000855,(71),Fortaleza,CE,Pedro Sampaio ,CARTAO CEARA SEM FOME,SUPERMERCADO COMETA,Vila Velha,Alimentação,VILA VELHA
FORTALEZA,6887668001070,(85) 3304-6565,Fortaleza,CE,Júlio Lima ,CARTAO CEARA SEM FOME,SUPERMERCADO COMETA,Cidade dos Funcionários,Alimentação,CIDADE DOS FUNCIONÁRIOS
FORTALEZA,6887668001150,(85) 3304-6565,Fortaleza,CE,Senador Virgílio Távora ,CARTAO CEARA SEM FOME,SUPERMERCADO COMETA,Meireles,Alimentação,MEIRELES
FORTALEZA,6887668001231,(85) 3304-6565,Fortaleza,CE,Presidente Castelo Branco ,CARTAO CEARA SEM FOME,SUPERMERCADO COMETA,Carlito Pamplona,Alimentação,CARLITO PAMPLONA
FORTALEZA,6887668001312,85 3304-6565,Fortaleza,CE,J. da Penha ,CARTAO CEARA SEM FOME,SUPERMERCADO COMETA,Centro,Alimentação,CENTRO
FORTALEZA,6887668001401,(85) 3304-6565,FORTALEZA,CE,"AVENIDA TREZE DE MAIO, 1060 ",CARTAO CEARA SEM FOME,SUPERMERCADO COMETA,Fátima,Alimentação,FÁTIMA
FORTALEZA,6887668001584,(85) 3304-6565,Fortaleza,CE,General Osório de Paiva ,CARTAO CEARA SEM FOME,SUPERMERCADO COMETA,Siqueira,Alimentação,SIQUEIRA
FORTALEZA,6887668001665,85 3304-6565,Fortaleza,CE,Frei Cirilo ,CARTAO CEARA SEM FOME,SUPERMERCADO COMETA,Messejana,Alimentação,MESSEJANA
FORTALEZA,6887668001746,85 3304-6565,Fortaleza,CE,Joaquim Felício ,CARTAO CEARA SEM FOME,SUPERMERCADO COMETA,Messejana,Alimentação,MESSEJANA
FORTALEZA,6887668001827,85 3304-6565,Fortaleza,CE,Waldir Diogo ,CARTAO CEARA SEM FOME,SUPERMERCADO COMETA,Novo Mondubim,Alimentação,NOVO MONDUBIM
FORTALEZA,6887668001908,85 3304-6565,Fortaleza,CE,Governador João Carlos ,CARTAO CEARA SEM FOME,SUPERMERCADO COMETA,Serrinha,Alimentação,SERRINHA
FORTALEZA,6887668002041,(85 ) 3304-6565,Fortaleza,CE,José Leon ,CARTAO CEARA SEM FOME,SUPERMERCADO COMETA,Cidade dos Funcionários,Alimentação,CIDADE DOS FUNCIONÁRIOS
FORTALEZA,6887668002122,(85) 3304-6565,FORTALEZA,CE,"RUA CORONEL MATOS DOURADO, 1280 ",CARTAO CEARA SEM FOME,SUPERMERCADO COMETA,DOM LUSTOSA,Alimentação,DOM LUSTOSA
FORTALEZA,6887668002203,(85) 3304-6565,Fortaleza,CE,Antônio Sales ,CARTAO CEARA SEM FOME,SUPERMERCADO COMETA,Dionisio Torres,Supermercado,DIONISIO TORRES
FORTALEZA,6887668002394,(85) 3304-6565,FORTALEZA,CE,"Avenida General Osório de Paiva, N 2951 ",CARTAO CEARA SEM FOME,SUPERMERCADO COMETA,Vila Peri,Alimentação,VILA PERI
FORTALEZA,6887668002475,(85) 3304-6565,Fortaleza,CE,Engenheiro Santana Júnior 00699,CARTAO CEARA SEM FOME,SUPERMERCADO COMETA,Papicu,Alimentação,PAPICU
FORTALEZA,6887668002556,(85) 3304-6565,Fortaleza,CE,São Paulo 1648,CARTAO CEARA SEM FOME,SUPERMERCADO COMETA,Centro,Alimentação,CENTRO
FORTALEZA,6887668002637,(85) 3304-6565,Fortaleza,CE,Padre Antônio Tomás 871,CARTAO CEARA SEM FOME,SUPERMERCADO COMETA,Aldeota,Alimentação,ALDEOTA
FORTALEZA,6887668002718,(85) 0000-0000,Fortaleza,CE,Tibúrcio Cavalcante 1885,CARTAO CEARA SEM FOME,SUPERMERCADO COMETA,Aldeota,Alimentação,ALDEOTA
FORTALEZA,6887668002807,(85) 3304-6583,Fortaleza,CE,Jovita Feitosa 2580,CARTAO CEARA SEM FOME,SUPERMERCADO COMETA,Parquelândia,Alimentação,PARQUELÂNDIA
FORTALEZA,6887668002980,(85) 3304-6565,Fortaleza,CE,Deputado Oswaldo Studart 00200,CARTAO CEARA SEM FOME,SUPERMERCADO COMETA,Fátima,Alimentação,FÁTIMA
FORTALEZA,6887668003013,(85) 3304-6565,Fortaleza,CE,Av. Senador Virgílio Távora 2201,CARTAO CEARA SEM FOME,SUPERMERCADO COMETA,Aldeota,Alimentação,ALDEOTA
FORTALEZA,6887668003285,(85) 3304-6565,Fortaleza,CE,Godofredo Maciel 1945,CARTAO CEARA SEM FOME,SUPERMERCADO COMETA,Maraponga,Alimentação,MARAPONGA
FORTALEZA,6887668003366,,Fortaleza,CE,R FRANCESES SN,CARTAO CEARA SEM FOME,SUPERMERCADO COMETA,Presidente Kennedy,Alimentação,PRESIDENTE KENNEDY
FORTALEZA,6887668003447,(85) 3290-6462,Fortaleza,CE,Edilson Brasil Soares 1167,CARTAO CEARA SEM FOME,SUPERMERCADO COMETA,Edson Queiroz,Supermercado,EDSON QUEIROZ
FORTALEZA,6887668003528,(85) 3304-6565,Fortaleza,CE,Francisco Sá 2670,CARTAO CEARA SEM FOME,SUPERMERCADO COMETA,Jacarecanga,Alimentação,JACARECANGA
FORTALEZA,6887668003790,(85) 9874-52834,Fortaleza,CE,Doutor Silas Munguba SN,CARTAO CEARA SEM FOME,SUPERMERCADO COMETA,Serrinha,Alimentação,SERRINHA
FORTALEZA,6887668003870,,Fortaleza,CE,Washington Soares 7263,CARTAO CEARA SEM FOME,SUPERMERCADO COMETA,José de Alencar,Alimentação,JOSÉ DE ALENCAR
FORTALEZA,6887668003951,,Fortaleza,CE,Godofredo Maciel 4035,CARTAO CEARA SEM FOME,SUPERMERCADO COMETA,Mondubim,Alimentação,MONDUBIM
FORTALEZA,6887668004095,,Fortaleza,CE,Desembargador Praxedes 163,CARTAO CEARA SEM FOME,SUPERMERCADO COMETA,Damas,Alimentação,DAMAS
FORTALEZA,6887668004257,,Fortaleza,CE,Aluísio Azevedo 86,CARTAO CEARA SEM FOME,SUPERMERCADO COMETA,Jóquei Clube,Supermercado,JÓQUEI CLUBE
FORTALEZA,6887668004338,,Fortaleza,CE,Barão do Rio Branco 2841,CARTAO CEARA SEM FOME,SUPERMERCADO COMETA,Fátima,Supermercado,FÁTIMA
FORTALEZA,6887668004419,,Fortaleza,CE,R BARAO DE SOBRAL 687,CARTAO CEARA SEM FOME,SUPERMERCADO COMETA,Montese,Supermercado,MONTESE
FORTALEZA,6887668004508,,Fortaleza,CE,Oliveira Paiva 1350,CARTAO CEARA SEM FOME,SUPERMERCADO COMETA,Cidade dos Funcionários,Supermercado,CIDADE DOS FUNCIONÁRIOS
FORTALEZA,6888847000483,(86) 3322-4589,Fortaleza,CE,Mozart Pinheiro de Lucena 3025,CARTAO CEARA SEM FOME,O VAQUEIRO,Quintino Cunha,Comércio Varej. Carne-Açougue,QUINTINO CUNHA
FORTALEZA,6888847000564,(85) 3212-0531,Fortaleza,CE,Cidade Ecológica 218,CARTAO CEARA SEM FOME,O VAQUEIRO,Edson Queiroz,Comércio Varej. Carne-Açougue,EDSON QUEIROZ
FORTALEZA,6888847000645,(85) 3212-0521,Fortaleza,CE,Benjamim Brasil 534,CARTAO CEARA SEM FOME,O VAQUEIRO,Jardim Cearense,Comércio Varej. Carne-Açougue,JARDIM CEARENSE
FORTALEZA,6888847001102,(85) 3212-0531,Fortaleza,CE,Mozart Pinheiro de Lucena 1720,CARTAO CEARA SEM FOME,O VAQUEIRO,Vila Velha,Açougue,VILA VELHA
FORTALEZA,6906384000192,(85) 3047-8718,Fortaleza,CE,Capitão Gustavo 3979,CARTAO CEARA SEM FOME,LM HORTIFRUTI E MERCADINHO,Joaquim Távora,Mercado / Mini Mercado,JOAQUIM TÁVORA
FORTALEZA,6916159000137,(85) 3342-0569,FORTALEZA,CE,"TRAVESSA SARGENTO HERMÍNIO, 3701 ",CARTAO CEARA SEM FOME,MERCADINHO O RICARDO,Monte Castelo,Mercado / Mini Mercado,MONTE CASTELO
FORTALEZA,6947573000103,(85) 3284-2667,Fortaleza,CE,R ALTANEIRA 147,CARTAO CEARA SEM FOME,MERCADINHO O IRMAO,Padre Andrade,Mercado / Mini Mercado,PADRE ANDRADE
FORTALEZA,6950585000197,,Fortaleza,CE,Cidade Ecológica 316,CARTAO CEARA SEM FOME,MERCADINHO SANTA TEREZA,Edson Queiroz,Mercado / Mini Mercado,EDSON QUEIROZ
FORTALEZA,6965248000173,(85) 3287-1500,Fortaleza,CE,Olavo Bilac 1150,CARTAO CEARA SEM FOME,SUPER PORTELA,São Gerardo,Mercado / Mini Mercado,SÃO GERARDO
FORTALEZA,6989534000179,,Fortaleza,CE,3 985,CARTAO CEARA SEM FOME,MERCADINHO E FRIGORIFICO RAFAELLA,Dias Macedo,Mercado / Mini Mercado,DIAS MACEDO
FORTALEZA,6995071000158,,Fortaleza,CE,Domingos Olímpio 186,CARTAO CEARA SEM FOME,LANCHES DOCURA,Benfica,Mercado / Mini Mercado,BENFICA
FORTALEZA,7029505000128,(85) 3238-8038,Fortaleza,CE,Filomeno Gomes ,CARTAO CEARA SEM FOME,PANIFICADORA PAO DA PRACA,Jacarecanga,Refeição,JACARECANGA
FORTALEZA,7085528000150,(85) 3472-0337,Fortaleza,CE,Tebas 141,CARTAO CEARA SEM FOME,MERCADINHO SUMARE,Siqueira,Mercado / Mini Mercado,SIQUEIRA
FORTALEZA,7090946000135,,Fortaleza,CE,Israel Bezerra 399,CARTAO CEARA SEM FOME,CAROL CHOCOLATES,Dionisio Torres,Padaria,DIONISIO TORRES
FORTALEZA,7121944000166,,Fortaleza,CE,Joaquim Correia 801,CARTAO CEARA SEM FOME,MERCADINHO BENVINDO,Planalto Ayrton Senna,Mercado / Mini Mercado,PLANALTO AYRTON SENNA
FORTALEZA,7123610000121,,Fortaleza,CE,Santos Dumont 1815,CARTAO CEARA SEM FOME,KINTA KASA RESTAURANTE,Aldeota,Restaurante,ALDEOTA
FORTALEZA,7170946000145,(85) 3242-8177,Fortaleza,CE,Paula Barros 287,CARTAO CEARA SEM FOME,MERCADINHO VFL,Meireles,Mercado / Mini Mercado,MEIRELES
FORTALEZA,7194814000153,(85) 3267-6694,Fortaleza,CE,Frederico Borges 340,CARTAO CEARA SEM FOME,MERCANTIL KI PRECO,Meireles,Mercado / Mini Mercado,MEIRELES
FORTALEZA,7207034000281,(88) 4008-4200,FORTALEZA,CE,"RUA DO POCINHO, 220 ",CARTAO CEARA SEM FOME,CASA DO CHOCOLATE,CENTRO,Supermercado,CENTRO
FORTALEZA,7209283000125,,Fortaleza,CE,Senador Robert Kennedy 209,CARTAO CEARA SEM FOME,MORROS SUPERMERCADO,Barra do Ceará,Supermercado,BARRA DO CEARÁ
FORTALEZA,7232334000130,(85) 9975-11323,Fortaleza,CE,AV DIOGUINHO 3900,CARTAO CEARA SEM FOME,MERCADINHO REGINA,Vicente Pinzon,Mercado / Mini Mercado,VICENTE PINZON
FORTALEZA,7236524000206,(85) 3248-1554,Fortaleza,CE,da Abolição 1920,CARTAO CEARA SEM FOME,PADARIA IDEAL ABOLICAO,Meireles,Padaria,MEIRELES
FORTALEZA,7236524000478,(85) 3261-6100,Fortaleza,CE,Heraclito Graça 1520,CARTAO CEARA SEM FOME,PADARIA IDEAL HERACLITO GRACA,Centro,Padaria,CENTRO
FORTALEZA,7262850000107,,Fortaleza,CE,Padre Pedro de Alencar 244,CARTAO CEARA SEM FOME,PANFICADORA NOGUEIRA LTDA,Messejana,Padaria,MESSEJANA
FORTALEZA,7300882000150,(85) 3272-2222,Fortaleza,CE,Almirante Rufino 410,CARTAO CEARA SEM FOME,MERCADINHO ZE ALVES,Vila União,Mercado / Mini Mercado,VILA UNIÃO
FORTALEZA,7344369000160,,Fortaleza,CE,G 79,CARTAO CEARA SEM FOME,MERCADINHO LIMA JUNIOR,Manoel Dias Branco,Mercado / Mini Mercado,MANOEL DIAS BRANCO
FORTALEZA,7352300000189,,Fortaleza,CE,Padre Perdigão Sampaio 387,CARTAO CEARA SEM FOME,ROCHA CARNES,Quintino Cunha,Açougue,QUINTINO CUNHA
FORTALEZA,7358013000186,(85) 3212-6984,Fortaleza,CE,Padre Mororó ,CARTAO CEARA SEM FOME,MERCADINHO ABENÇOADO,Moura Brasil,Alimentação,MOURA BRASIL
FORTALEZA,7365942000112,(85) 3243-8570,FORTALEZA,CE,AVENIDA PRESIDENTE CASTELO BRANCO 4763,CARTAO CEARA SEM FOME,CANTINHO DAS FRUTAS,CARLITO PAMPLONA,Alimentação,CARLITO PAMPLONA
FORTALEZA,7395058000120,(85) 3473-0632,Fortaleza,CE,Joaquim dos Anjos 1240,CARTAO CEARA SEM FOME,MERCANTIL BOA OPCAO,Planalto Ayrton Senna,Mercado / Mini Mercado,PLANALTO AYRTON SENNA
FORTALEZA,7418957000100,(85) 3488-1222,Fortaleza,CE,José Mendonça 690,CARTAO CEARA SEM FOME,SUPER PORTUGAL,Parque Genibaú,Supermercado,PARQUE GENIBAÚ
FORTALEZA,7436587000125,,Fortaleza,CE,Júlio Braga 881,CARTAO CEARA SEM FOME,PAES E DELICIAS,João XXIII,Padaria,JOÃO XXIII
FORTALEZA,7464557000122,(85) 3269-2675,Fortaleza,CE,Saquarema SN,CARTAO CEARA SEM FOME,MERCADINHO CANAA,Conjunto Palmeiras,Mercado / Mini Mercado,CONJUNTO PALMEIRAS
FORTALEZA,7515966000100,(85) 3497-9188,Fortaleza,CE,da Abolição 2323,CARTAO CEARA SEM FOME,MERCADINHO MACHADINHO,Meireles,Mercado / Mini Mercado,MEIRELES
FORTALEZA,7520239000131,,Fortaleza,CE,General Clarindo de Queiroz 1745,CARTAO CEARA SEM FOME,COMPANHIA DA POUPA CEARA,Centro,Supermercado,CENTRO
FORTALEZA,7542673000112,(08) 5294-5287,FORTALEZA,CE,CENTRAL 1618  ,CARTAO CEARA SEM FOME,MERC. ALDER,Conjunto Ceará,Alimentação,CONJUNTO CEARÁ
FORTALEZA,7558365000185,(85) 3283-1049,FORTALEZA,CE,"RUA HENRIQUE ELLERY, 189 ",CARTAO CEARA SEM FOME,CANTO DISTRIBUIDORA,Vila Ellery,Alimentação,VILA ELLERY
FORTALEZA,7566257000154,,Fortaleza,CE,L 246,CARTAO CEARA SEM FOME,MERCADINHO CENTRAL,Parque Dois Irmãos,Mercado / Mini Mercado,PARQUE DOIS IRMÃOS
FORTALEZA,7596406000128,,Fortaleza,CE,Américo Rocha Lima 553,CARTAO CEARA SEM FOME,COMERCIAL FRANCA,Manuel Sátiro,Supermercado,MANUEL SÁTIRO
FORTALEZA,7601157000111,(85) 3263-5279,Fortaleza,CE,Córrego das Flores 37,CARTAO CEARA SEM FOME,MERCADINHO BEBETO,Mucuripe,Mercado / Mini Mercado,MUCURIPE
FORTALEZA,7646805000156,(85) 3231-0479,Fortaleza,CE,Nogueira Acioli 1461,CARTAO CEARA SEM FOME,MERCADINHO JOIA,Joaquim Távora,Mercado / Mini Mercado,JOAQUIM TÁVORA
FORTALEZA,7721342000140,(85) 3481-1409,Fortaleza,CE,Dona Lúcia Pinheiro 2427,CARTAO CEARA SEM FOME,MERCADINHO SÃO FRANCISCO,Quintino Cunha,Mercado / Mini Mercado,QUINTINO CUNHA
FORTALEZA,7790439000104,(85) 3282-6308,FORTALEZA,CE,AVENIDA GAL ALIPIO DOS SANTOS 273,CARTAO CEARA SEM FOME,MERCANTIL APUIARES,OLAVO OLIVEIRA,Alimentação,OLAVO OLIVEIRA
FORTALEZA,7790439000295,,Fortaleza,CE,Carlos Gondim 329,CARTAO CEARA SEM FOME,MERCANTIL APUIARES,Jardim Guanabara,Mercado / Mini Mercado,JARDIM GUANABARA
FORTALEZA,7798713000191,(85) 9852-32305,Fortaleza,CE,Independência 1054,CARTAO CEARA SEM FOME,INDEPENDENCIA COMERCIO E SERVICOS,Jardim Guanabara,Supermercado,JARDIM GUANABARA
FORTALEZA,7851987000105,(85) 3226-9595,Fortaleza,CE,Barão do Rio Branco 1737,CARTAO CEARA SEM FOME,CENTER SUPLEMENTOS,Centro,Mercado / Mini Mercado,CENTRO
FORTALEZA,8025503000204,,Fortaleza,CE,Padre Valdevino 197,CARTAO CEARA SEM FOME,BOM SABOR,Joaquim Távora,Restaurante,JOAQUIM TÁVORA
FORTALEZA,8117156000169,(85) 3251-3862,Fortaleza,CE,João Cordeiro 745,CARTAO CEARA SEM FOME,SELF-SERVICE NUTRIBEM,Centro,Restaurante,CENTRO
FORTALEZA,8178375000158,(85) 3402-0606,FORTALEZA,CE,RUA TENENTE MOACIR MATOS 800,CARTAO CEARA SEM FOME,SUPERMERCADO NIDOBOX,MONTESE,Supermercado,MONTESE
FORTALEZA,8178375000239,(08) 5305-20606,FORTALEZA,CE,"Avenida dos Expedicionários, 5712 ",CARTAO CEARA SEM FOME,SUPERMERCADO NIDOBOX LTDA ME,Montese,Supermercado,MONTESE
FORTALEZA,8178375000310,(85) 3111-0300,Fortaleza,CE,Desembargador Praxedes ,CARTAO CEARA SEM FOME,SUPERMERCADO NIDOBOX,Damas,Supermercado,DAMAS
FORTALEZA,8178375000409,(85) 3402-0606,FORTALEZA,CE,"Rua José da Franca Cabral, 322 ",CARTAO CEARA SEM FOME,SUPER NIDOBOX,BOA VISTA,Supermercado,BOA VISTA
FORTALEZA,8178375000662,(85) 3402-0606,Fortaleza,CE,Santa Rita das Causas Impossíveis 691,CARTAO CEARA SEM FOME,SUPERMERCADO NIDOBOX,Passaré,Supermercado,PASSARÉ
FORTALEZA,8178375000824,(85) 3402-0606,Fortaleza,CE,Queirós Ribeiro 485,CARTAO CEARA SEM FOME,SUPERMERCADO NIDOBOX,Montese,Supermercado,MONTESE
FORTALEZA,8207869000113,(85) 9972-25681,Fortaleza,CE,Monte Pascoal 715,CARTAO CEARA SEM FOME,CLAECK SUPERMERCADO,Canindezinho,Supermercado,CANINDEZINHO
FORTALEZA,8207869000202,(85) 3296-8754,Fortaleza,CE,1 ,CARTAO CEARA SEM FOME,CLAECK SUPERMERCADO,Mondubim,Supermercado,MONDUBIM
FORTALEZA,8207869000385,(85) 3571-2479,Fortaleza,CE,E 29,CARTAO CEARA SEM FOME,CLAECK SUPERMERCADO,Canindezinho,Supermercado,CANINDEZINHO
FORTALEZA,8207869000466,(85) 9972-25681,Fortaleza,CE,Miguel Aragão 1157 A,CARTAO CEARA SEM FOME,CLAECK SUPERMERCADO,Mondubim,Supermercado,MONDUBIM
FORTALEZA,8263445000176,(85) 3473-9115,Fortaleza,CE,Joaquim dos Anjos ,CARTAO CEARA SEM FOME,PADARIA PAO DE MEL,Planalto Ayrton Senna,Alimentação,PLANALTO AYRTON SENNA
FORTALEZA,8314666000126,,Fortaleza,CE,Castelo de Castro 637,CARTAO CEARA SEM FOME,BOI DO SERTAO,Jangurussu,Açougue,JANGURUSSU
FORTALEZA,8394473000122,,Fortaleza,CE,Senador Pompeu 1111,CARTAO CEARA SEM FOME,J. ROGERS,Centro,Lanchonete,CENTRO
FORTALEZA,8408275000251,,Fortaleza,CE,Mimosa 196,CARTAO CEARA SEM FOME,MARMITARIA MIMOSA,Montese,Mercado / Mini Mercado,MONTESE
FORTALEZA,8408778000146,,Fortaleza,CE,AV MAJOR ASSIS 3077,CARTAO CEARA SEM FOME,MERCADINHO E FRIGORIFICO AMARAL,Centro,Mercado / Mini Mercado,CENTRO
FORTALEZA,8442210000141,(85) 3497-8443,FORTALEZA,CE,RUA MARTINS CARVALHO 861,CARTAO CEARA SEM FOME,SUPERMERCADO SAO FRANCISCO,BOM JARDIM,Alimentação,BOM JARDIM
FORTALEZA,8442210000222,(85) 3497-8443,Fortaleza,CE,GUSTAVO BARROSO 663,CARTAO CEARA SEM FOME,SUPERMERCADO SAO FRANCISCO,Granja Portugal,Supermercado,GRANJA PORTUGAL
FORTALEZA,8442210000303,,Fortaleza,CE,Oscar Franca 2258,CARTAO CEARA SEM FOME,MERCADÃO SAO FRANCISCO,Granja Lisboa,Supermercado,GRANJA LISBOA
FORTALEZA,8686357000187,(85) 3471-1088,Fortaleza,CE,Rio Tocantins 1356,CARTAO CEARA SEM FOME,SUPERTOCANTINS,Jardim Iracema,Supermercado,JARDIM IRACEMA
FORTALEZA,8686357000268,,Fortaleza,CE,Jornalista Antônio Pontes Tavares 1149O,CARTAO CEARA SEM FOME,MARTRI SUPERMERCADOS,Cajazeiras,Supermercado,CAJAZEIRAS
FORTALEZA,8686357000349,,Fortaleza,CE,AV I (CONJ. CEARA) 501 A,CARTAO CEARA SEM FOME,MARTRI SUPERMERCADOS,Parque Genibaú,Supermercado,PARQUE GENIBAÚ
FORTALEZA,8751882000139,,Fortaleza,CE,Gutemberg Braun 439,CARTAO CEARA SEM FOME,OSEMIR DOS SANTOS,Jangurussu,Mercado / Mini Mercado,JANGURUSSU
FORTALEZA,8777251000199,(85) 3229-1002,FORTALEZA,CE,"AVENIDA EVILÁSIO ALMEIDA MIRANDA, 306 ",CARTAO CEARA SEM FOME,MERCEARIA O MONTEIRO,Edson Queiroz,Alimentação,EDSON QUEIROZ
FORTALEZA,8781394000174,(85) 3497-8201,FORTALEZA,CE,RUA SARGENTO JOAO PINHEIRO 1740,CARTAO CEARA SEM FOME,SUPERMERCADO LISBOA,GRANJA LISBOA,Supermercado,GRANJA LISBOA
FORTALEZA,8781394000255,(85) 3497-8201,Fortaleza,CE,Carneiro de Mendonça 1797,CARTAO CEARA SEM FOME,SUPERMERCADO ANALI,Jóquei Clube,Supermercado,JÓQUEI CLUBE
FORTALEZA,8781394000336,(85) 9868-53309,Fortaleza,CE,Bom Jesus SN,CARTAO CEARA SEM FOME,SUPERMERCADO ANALI,Bom Jardim,Supermercado,BOM JARDIM
FORTALEZA,8819762000126,(85) 3235-3826,Fortaleza,CE,Capitão Brasil 206,CARTAO CEARA SEM FOME,MERCADINHO DAVID,Antônio Bezerra,Mercado / Mini Mercado,ANTÔNIO BEZERRA
FORTALEZA,8849623000145,(85) 3226-8212,Fortaleza,CE,Júlio Verne 531,CARTAO CEARA SEM FOME,BARATAO DA CARNE,Itaoca,Açougue,ITAOCA
FORTALEZA,8924288000100,(85) 3479-2684,Fortaleza,CE,Dona Lúcia Pinheiro 2460,CARTAO CEARA SEM FOME,MERCADINHO HIDROLANDIA,Quintino Cunha,Mercado / Mini Mercado,QUINTINO CUNHA
FORTALEZA,8926631000148,(85) 3276-2141,FORTALEZA,CE,AVENIDA PROFESSOR JOSE ARTHUR DE CARVALHO 520,CARTAO CEARA SEM FOME,ISMAEL SUPERMERCADOS,LAGOA REDONDA,Alimentação,LAGOA REDONDA
FORTALEZA,8926631000229,(85) 3274-5766,Fortaleza,CE,José Moreira ,CARTAO CEARA SEM FOME,ISMAEL SUPERMERCADOS,Parque Santa Maria,Supermercado,PARQUE SANTA MARIA
FORTALEZA,8926631000652,(85) 3274-5766,Fortaleza,CE,Santa Ariane 75,CARTAO CEARA SEM FOME,ISMAEL SUPERMERCADOS,Coaçu,Supermercado,COAÇU
FORTALEZA,8926631000733,,Fortaleza,CE,Professor José Arthur de Carvalho SN,CARTAO CEARA SEM FOME,ISMAEL SUPERMERCADOS,Lagoa Redonda,Supermercado,LAGOA REDONDA
FORTALEZA,8944851000102,(85) 3276-1378,FORTALEZA,CE,RUA CABRAL VERAS 577,CARTAO CEARA SEM FOME,BEM MAX SUPERMERCADO,MONDUBIM,Supermercado,MONDUBIM
FORTALEZA,8953712000137,(85) 3233-4709,Fortaleza,CE,Professor Virgílio Morais 770,CARTAO CEARA SEM FOME,MERCADINHO SANTA MARIA,Autran Nunes,Mercado / Mini Mercado,AUTRAN NUNES
FORTALEZA,9014396000109,,Fortaleza,CE,Padre Antonino 801,CARTAO CEARA SEM FOME,MERCADINHO MASCARENHAS,Joaquim Távora,Mercado / Mini Mercado,JOAQUIM TÁVORA
FORTALEZA,9150255000105,(85) 9646-3436,Fortaleza,CE,Barão do Crato 1190,CARTAO CEARA SEM FOME,MERCADINHO TIANGUA,Vila Ellery,Mercado / Mini Mercado,VILA ELLERY
FORTALEZA,9188784000106,(85) 3082-1122,Fortaleza,CE,Francisco Porfírio da Ponte 1422,CARTAO CEARA SEM FOME,TORTELE,Meireles,Padaria,MEIRELES
FORTALEZA,9214927000107,85 3212-0508,FORTALEZA,CE,"RUA BALDUÍNO FREIRE, 765 ",CARTAO CEARA SEM FOME,FRIGORÍFICO DOIS IRMÃOS,Antônio Bezerra,Frigorifico,ANTÔNIO BEZERRA
FORTALEZA,9215353000183,,Fortaleza,CE,Francisco Sá 2743,CARTAO CEARA SEM FOME,DUDAS BURGER,Carlito Pamplona,Padaria,CARLITO PAMPLONA
FORTALEZA,9238322000148,(85) 3289-5800,FORTALEZA,CE,RUA TENENTE FRANCISCO PAIVA 640,CARTAO CEARA SEM FOME,SUPERMERCADO ARARIPE,GRANJA LISBOA,Supermercado,GRANJA LISBOA
FORTALEZA,9238322000490,(85) 3289-5800,Fortaleza,CE,Coronel Virgílio Nogueira 1258,CARTAO CEARA SEM FOME,SUPERMERCADO ARARIPE,Granja Lisboa,Alimentação,GRANJA LISBOA
FORTALEZA,9243982000117,(85) 3276-8410,Fortaleza,CE,do Vaqueiro 1220,CARTAO CEARA SEM FOME,MERCADINHO NENEM DO FRANGO,Ancuri,Mercado / Mini Mercado,ANCURI
FORTALEZA,9299111000115,(85) 3272-4737,Fortaleza,CE,Gutemberg Braun 292,CARTAO CEARA SEM FOME,LUNNA'S PET SHOP & CIA,Jangurussu,Mercado / Mini Mercado,JANGURUSSU
FORTALEZA,9342910000127,(85) 3292-1242,Fortaleza,CE,dos Estados 775,CARTAO CEARA SEM FOME,MERCADINHO O ELIAS,Bela Vista,Mercado / Mini Mercado,BELA VISTA
FORTALEZA,9402874000140,(85) 3484-7550,Fortaleza,CE,Luciano Queirós 763,CARTAO CEARA SEM FOME,MERCADINHO DAMASCENO,Henrique Jorge,Mercado / Mini Mercado,HENRIQUE JORGE
FORTALEZA,9415261000147,(85) 3228-6711,FORTALEZA,CE,"AVENIDA MAJOR ASSIS, 3044 ",CARTAO CEARA SEM FOME,MERCANTINHO AZEVEDO,Vila Velha,Alimentação,VILA VELHA
FORTALEZA,9486439000140,(85) 3064-2008,Fortaleza,CE,F ,CARTAO CEARA SEM FOME,MERCANTIL FONSECA,Conjunto Ceará,Mercado / Mini Mercado,CONJUNTO CEARÁ
FORTALEZA,9517617000153,(85) 3294-1493,Fortaleza,CE,R VITAL BRASIL 2821,CARTAO CEARA SEM FOME,SUPERMERCADO TELEFRANGO,Granja Portugal,Supermercado,GRANJA PORTUGAL
FORTALEZA,9517617000315,(85) 3294-1493,Fortaleza,CE,Júlio Braga 190,CARTAO CEARA SEM FOME,SUPERMERCADO TELEFRANGO,João XXIII,Supermercado,JOÃO XXIII
FORTALEZA,9517617000404,(85) 3294-1493,Fortaleza,CE,Joaquim Felício 375,CARTAO CEARA SEM FOME,SUPERMERCADO TELEFRANGO,Messejana,Supermercado,MESSEJANA
FORTALEZA,9517617000587,(85) 3294-1493,Fortaleza,CE,Heróis do Acre 456,CARTAO CEARA SEM FOME,SUPERMERCADO TELEFRANGO,Passaré,Supermercado,PASSARÉ
FORTALEZA,9530876000114,(85) 3290-1600,Fortaleza,CE,Doze de Julho ,CARTAO CEARA SEM FOME,REAL BOX MERCADINHOS,Bonsucesso,Alimentação,BONSUCESSO
FORTALEZA,9611913000119,,Fortaleza,CE,1125 227,CARTAO CEARA SEM FOME,MERCADINHO VITORIA REGIA,Conjunto Ceará,Mercado / Mini Mercado,CONJUNTO CEARÁ
FORTALEZA,9611913000380,,Fortaleza,CE,Sargento João Pinheiro 1375,CARTAO CEARA SEM FOME,VITORIA REGIA SUPERMERCADO LTDA,Granja Lisboa,Mercado / Mini Mercado,GRANJA LISBOA
FORTALEZA,9624837000186,(85) 3294-9211,Fortaleza,CE,Minerva 39,CARTAO CEARA SEM FOME,MERCADINHO BOM D+,Parque Genibaú,Mercado / Mini Mercado,PARQUE GENIBAÚ
FORTALEZA,9634609000197,85 88089495,Fortaleza,CE,Braz de Francesco ,CARTAO CEARA SEM FOME,FRIGIDEIRA GRILL,Presidente Kennedy,Refeição,PRESIDENTE KENNEDY
FORTALEZA,10141318000146,(85) 9883-25013,Fortaleza,CE,B 1120,CARTAO CEARA SEM FOME,PANIFICADORA BOM PAO 2,Conjunto Ceará,Padaria,CONJUNTO CEARÁ
FORTALEZA,10172770000175,(85) 3252-6925,Fortaleza,CE,Aguanambi 880,CARTAO CEARA SEM FOME,SUPERMERCADO SUPRIBEM,José Bonifácio,Supermercado,JOSÉ BONIFÁCIO
FORTALEZA,10250965000196,,Fortaleza,CE,SOARES 2050,CARTAO CEARA SEM FOME,MERCADINHO O DANIEL,Edson Queiroz,Mercado / Mini Mercado,EDSON QUEIROZ
FORTALEZA,10264267000140,,Fortaleza,CE,Godofredo Maciel 3190,CARTAO CEARA SEM FOME,KERO BIS,Jardim Cearense,Bomboniere / Doceria,JARDIM CEARENSE
FORTALEZA,10283983000174,(85) 9886-55112,Fortaleza,CE,Castelo de Castro 2291,CARTAO CEARA SEM FOME,MAIS COMPRAS,Conjunto Palmeiras,Supermercado,CONJUNTO PALMEIRAS
FORTALEZA,10283983000417,,Fortaleza,CE,Doutor Codes Sandoval 11,CARTAO CEARA SEM FOME,SUPERMERCADO MAIS VARIEDADES,Conjunto Palmeiras,Supermercado,CONJUNTO PALMEIRAS
FORTALEZA,10366394000150,(85) 3229-3096,Fortaleza,CE,Vicente Nobre de Macêdo 387,CARTAO CEARA SEM FOME,CARNAUBA SUPERMERCADOS,Messejana,Supermercado,MESSEJANA
FORTALEZA,10389021000102,(85) 3052-3858,FORTALEZA,CE,RUA VITORIA 599,CARTAO CEARA SEM FOME,SUPERMERCADO DO POVO,HENRIQUE JORGE,Supermercado,HENRIQUE JORGE
FORTALEZA,10389021000285,(08) 5305-23886,Fortaleza,CE,Bernardo Manuel 1104,CARTAO CEARA SEM FOME,SUPERMERCADO DO POVO,Serrinha,Supermercado,SERRINHA
FORTALEZA,10389021000366,(85) 3052-3888,FORTALEZA,CE,AVENIDA A Nº800  ,CARTAO CEARA SEM FOME,SUPERMERCADO DO POVO,Conjunto Ceará,Supermercado,CONJUNTO CEARÁ
FORTALEZA,10389021000528,(85) 3052-3888,Fortaleza,CE,XII 200,CARTAO CEARA SEM FOME,SUPERMERCADO DO POVO,Serrinha,Supermercado,SERRINHA
FORTALEZA,10389021000609,(85) 9913-81484,Fortaleza,CE,G 200,CARTAO CEARA SEM FOME,SUPERMERCADO DO POVO,Parque Dois Irmãos,Supermercado,PARQUE DOIS IRMÃOS
FORTALEZA,10389021000790,(85) 3052-3888,Fortaleza,CE,Ministro José Américo ,CARTAO CEARA SEM FOME,SUPERMERCADO DO POVO,Parque Iracema,Supermercado,PARQUE IRACEMA
FORTALEZA,10389021001095,(85) 9974-55131,Fortaleza,CE,Atilano de Moura 320,CARTAO CEARA SEM FOME,SUPERMERCADO DO POVO,Patriolino Ribeiro,Supermercado,PATRIOLINO RIBEIRO
FORTALEZA,10389021001176,(85) 3052-3888,Fortaleza,CE,Júlio Ibiapina 291,CARTAO CEARA SEM FOME,DO POVO MINI MARKET,Meireles,Supermercado,MEIRELES
FORTALEZA,10389021001257,,Fortaleza,CE,Monsenhor Bruno 2333,CARTAO CEARA SEM FOME,DO POVO MINI MARKET,Joaquim Távora,Supermercado,JOAQUIM TÁVORA
FORTALEZA,10601157000126,,Fortaleza,CE,Nelson Coelho 665,CARTAO CEARA SEM FOME,BARATAO CURIO,Lagoa Redonda,Supermercado,LAGOA REDONDA
FORTALEZA,10615933000147,(85) 9962-32516,Fortaleza,CE,Coronel Nunes de Melo 2207,CARTAO CEARA SEM FOME,MERCADINHO SAO SILVESTRE,Rodolfo Teófilo,Supermercado,RODOLFO TEÓFILO
FORTALEZA,10675636000197,(85) 3243-5217,Fortaleza,CE,Dom Hélio Campos 1005,CARTAO CEARA SEM FOME,TOBIAS DO FRANGO,Carlito Pamplona,Mercado / Mini Mercado,CARLITO PAMPLONA
FORTALEZA,10709545000125,(85) 3472-4039,Fortaleza,CE,Daura 587,CARTAO CEARA SEM FOME,ALFREDO SUPERMERCADO,Barroso,Mercado / Mini Mercado,BARROSO
FORTALEZA,10757187000126,(85) 3473-4063,Fortaleza,CE,Oscar Romero 360,CARTAO CEARA SEM FOME,POPULAR ATACADISTA,Planalto Ayrton Senna,Mercado / Mini Mercado,PLANALTO AYRTON SENNA
FORTALEZA,10776790000155,(85) 3228-6711,Fortaleza,CE,RUA JOSÉ TORRES 800,CARTAO CEARA SEM FOME,SUPER FEIRAO,Granja Portugal,Mercado / Mini Mercado,GRANJA PORTUGAL
FORTALEZA,10802128000122,(85) 3287-5140,Fortaleza,CE,R PROFESSORA HELOISA FERREIRA LIMA 1134,CARTAO CEARA SEM FOME,MERCADINHO O GRANDAO,Serrinha,Mercado / Mini Mercado,SERRINHA
FORTALEZA,10819653000150,,Fortaleza,CE,General João Couto 490,CARTAO CEARA SEM FOME,MERCADINHO ABENCOADO,Olavo Oliveira,Mercado / Mini Mercado,OLAVO OLIVEIRA
FORTALEZA,10891143000194,(85) 9870-77070,Fortaleza,CE,H 430,CARTAO CEARA SEM FOME,MERCADINHO TEMPERO COMPLETO,Parque Dois Irmãos,Alimentação,PARQUE DOIS IRMÃOS
FORTALEZA,10910667000185,(85) 9888-96460,Fortaleza,CE,4 SN,CARTAO CEARA SEM FOME,CLAUDIO ROBERTO SANTOS CAMPOS,São Bento,Açougue,SÃO BENTO
FORTALEZA,10914818000173,(85) 3268-3019,Fortaleza,CE,Barbosa de Freitas 1455,CARTAO CEARA SEM FOME,FROTA BRAGA PANIFICADORA LTDA,Aldeota,Padaria,ALDEOTA
FORTALEZA,10915976000148,(85) 3235-3027,Fortaleza,CE,Mozart Pinheiro de Lucena 2030,CARTAO CEARA SEM FOME,NOVO DOM GALETO,Vila Velha,Restaurante,VILA VELHA
FORTALEZA,10939838000107,(85) 3252-5128,Fortaleza,CE,Duque de Caxias ,CARTAO CEARA SEM FOME,CONFEITARIA PÃO DOCE,Centro,Refeição,CENTRO
FORTALEZA,11000923000160,(85) 3263-8916,Fortaleza,CE,Areia Branca 85,CARTAO CEARA SEM FOME,SUPERMERCADO SUPER LUA,Vicente Pinzon,Supermercado,VICENTE PINZON
FORTALEZA,11000923000240,(85) 3263-8916,Fortaleza,CE,Professor Murilo Silveira 189,CARTAO CEARA SEM FOME,SUPERMERCADO SUPER LUA,Vicente Pinzon,Supermercado,VICENTE PINZON
FORTALEZA,11059193000172,(85) 3253-2559,FORTALEZA,CE,"RUA MAJOR FACUNDO, 818 818",CARTAO CEARA SEM FOME,LANCHONETE FLOR DA CIDADE,CENTRO,Restaurante,CENTRO
FORTALEZA,11069907000123,,Fortaleza,CE,R GENERAL SAMPAIO 585,CARTAO CEARA SEM FOME,SELF SERVICE DO NILTON,Centro,Restaurante,CENTRO
FORTALEZA,11088575000124,,Fortaleza,CE,I 770,CARTAO CEARA SEM FOME,MERCADINHO DIA DIA,Prefeito José Walter,Mercado / Mini Mercado,PREFEITO JOSÉ WALTER
FORTALEZA,11134838000194,,Fortaleza,CE,26 251,CARTAO CEARA SEM FOME,SACOLAO JC,Vila Velha,Mercado / Mini Mercado,VILA VELHA
FORTALEZA,11198893000148,(85) 3473-4530,Fortaleza,CE,Monte Líbano 650,CARTAO CEARA SEM FOME,PÃO DE MEL,Mondubim,Padaria,MONDUBIM
FORTALEZA,11291060000127,(85) 9993-40874,Fortaleza,CE,Leila Diniz 160,CARTAO CEARA SEM FOME,MERCADINHO O FABIO,Jangurussu,Mercado / Mini Mercado,JANGURUSSU
FORTALEZA,11450786000165,,Fortaleza,CE,Rio Tocantins 366,CARTAO CEARA SEM FOME,ANINHA OPCAO,Jardim Iracema,Mercado / Mini Mercado,JARDIM IRACEMA
FORTALEZA,11497712000265,(85) 3488-1222,Fortaleza,CE,Coronel Carvalho 1261,CARTAO CEARA SEM FOME,CENTERBOX,Barra do Ceará,Supermercado,BARRA DO CEARÁ
FORTALEZA,11497712000346,(85) 3488-1222,Fortaleza,CE,AV BERNARDO MANUEL 10070,CARTAO CEARA SEM FOME,CENTERBOX,Dendê,Supermercado,DENDÊ
FORTALEZA,11497712000427,(85) 3488-1222,Fortaleza,CE,Washington Soares 3939,CARTAO CEARA SEM FOME,CENTERBOX,Sapiranga,Supermercado,SAPIRANGA
FORTALEZA,11497712000508,(85) 3488-1222,Fortaleza,CE,Coronel Carvalho 901,CARTAO CEARA SEM FOME,CENTERBOX,Barra do Ceará,Supermercado,BARRA DO CEARÁ
FORTALEZA,11497712000770,(85) 3488-1212,Fortaleza,CE,Jornalista Tomaz Coelho 1661,CARTAO CEARA SEM FOME,CENTERBOX,Jangurussu,Supermercado,JANGURUSSU
FORTALEZA,11497712000850,,Fortaleza,CE,AV ENGENHEIRO AGRONOMO JOSE GUIMARAES DUQUE SN,CARTAO CEARA SEM FOME,CENTERBOX SUPERMERCADOS,Parque Iracema,Supermercado,PARQUE IRACEMA
FORTALEZA,11497712000931,,Fortaleza,CE,Vital Brasil 2109,CARTAO CEARA SEM FOME,CENTERBOX SUPERMERCADOS,Granja Portugal,Supermercado,GRANJA PORTUGAL
FORTALEZA,11497712001075,,Fortaleza,CE,Professor José Arthur de Carvalho SN,CARTAO CEARA SEM FOME,CENTERBOX SUPERMERCADOS,Lagoa Redonda,Supermercado,LAGOA REDONDA
FORTALEZA,11497712001156,,Fortaleza,CE,Professor José Arthur de Carvalho 520,CARTAO CEARA SEM FOME,CENTERBOX SUPERMERCADOS,Lagoa Redonda,Supermercado,LAGOA REDONDA
FORTALEZA,11497712001237,,Fortaleza,CE,Valparaíso 825,CARTAO CEARA SEM FOME,CENTERBOX SUPERMERCADOS,Conjunto Palmeiras,Supermercado,CONJUNTO PALMEIRAS
FORTALEZA,11497712001407,,Fortaleza,CE,Jorge Figueiredo 1500,CARTAO CEARA SEM FOME,CENTERBOX SUPERMERCADOS,Pedras,Supermercado,PEDRAS
FORTALEZA,11497712001580,,Fortaleza,CE,José Moreira 670,CARTAO CEARA SEM FOME,CENTERBOX SUPERMERCADOS,Parque Santa Maria,Supermercado,PARQUE SANTA MARIA
FORTALEZA,11594968000100,(85) 3483-2232,Fortaleza,CE,Mirtes Cordeiro 286,CARTAO CEARA SEM FOME,MERCADINHO GALVAO,Bom Jardim,Mercado / Mini Mercado,BOM JARDIM
FORTALEZA,11652905000162,(85) 9984-04356,Fortaleza,CE,Elian de Aguiar Mendes 15,CARTAO CEARA SEM FOME,CORDEIRO VARIEDADES,Prefeito José Walter,Mercado / Mini Mercado,PREFEITO JOSÉ WALTER
FORTALEZA,11728575000141,(85) 3253-2025,Fortaleza,CE,Francisco Sá 2743,CARTAO CEARA SEM FOME,PADARIA ROMANA,Carlito Pamplona,Padaria,CARLITO PAMPLONA
FORTALEZA,11757732000147,,Fortaleza,CE,Dom Jerônimo 368,CARTAO CEARA SEM FOME,GALETERIA O PRESIDENTE,Farias Brito,Restaurante,FARIAS BRITO
FORTALEZA,11821147000169,(85) 3281-1604,Fortaleza,CE,Juvêncio Barroso 818,CARTAO CEARA SEM FOME,MERCADINHO ARAUJO,Carlito Pamplona,Mercado / Mini Mercado,CARLITO PAMPLONA
FORTALEZA,11872696000162,(85) 3251-1408,Fortaleza,CE,Teresa Cristina ,CARTAO CEARA SEM FOME,PADARIA S SEBASTIAO,Farias Brito,Alimentação,FARIAS BRITO
FORTALEZA,11941920000120,,Fortaleza,CE,Tenente Lisboa 737,CARTAO CEARA SEM FOME,MERCADINHO DO CEARA,Jacarecanga,Mercado / Mini Mercado,JACARECANGA
FORTALEZA,12006861000166,(85) 3290-6996,Fortaleza,CE,Carlos Jereissati 81,CARTAO CEARA SEM FOME,MERCADINHO MENOR PRECO,Pici,Mercado / Mini Mercado,PICI
FORTALEZA,12240767000177,(85) 9887-11911,Fortaleza,CE,Genibau 301,CARTAO CEARA SEM FOME,SUPER LONDRINA 2,Parque Genibaú,Supermercado,PARQUE GENIBAÚ
FORTALEZA,12257370000198,,Fortaleza,CE,Francisco Calaça 1313,CARTAO CEARA SEM FOME,VIA MODAS,Álvaro Weyne,Restaurante,ÁLVARO WEYNE
FORTALEZA,12308045000107,,Fortaleza,CE,Tulipa 804,CARTAO CEARA SEM FOME,JOSE RIBAMAR TEIXEIRA DE LIMA,Barra do Ceará,Açougue,BARRA DO CEARÁ
FORTALEZA,12314860000189,(85) 3491-8461,Fortaleza,CE,Uruburetama 130,CARTAO CEARA SEM FOME,MERCEARIA OLIVEIRA,Parreão,Mercado / Mini Mercado,PARREÃO
FORTALEZA,12322354000131,(85) 9971-05758,Fortaleza,CE,Livreiro Gualter ,CARTAO CEARA SEM FOME,HIPERMARKET,Vila União,Supermercado,VILA UNIÃO
FORTALEZA,12322354000212,(85) 3272-4726,Fortaleza,CE,Rúbens Monte ,CARTAO CEARA SEM FOME,HIPERMARKET,Jardim Cearense,Alimentação,JARDIM CEARENSE
FORTALEZA,12322354000301,(85) 9875-70327,Fortaleza,CE,Freire Alemão 356,CARTAO CEARA SEM FOME,VASCONCELOS COMERCIAL VAREJISTA DE ALIMENTOS LTDA.,Serrinha,Supermercado,SERRINHA
FORTALEZA,12322354000565,(85) 8757-0327,Fortaleza,CE,Cabral Veras 577,CARTAO CEARA SEM FOME,HIPERMARKET,Mondubim,Supermercado,MONDUBIM
FORTALEZA,12339016000102,,Fortaleza,CE,General Sampaio 1131,CARTAO CEARA SEM FOME,CATS LANCHES,Centro,Lanchonete,CENTRO
FORTALEZA,12351888000277,(85) 9968-15527,Fortaleza,CE,José Abílio 1112,CARTAO CEARA SEM FOME,SUPER PRECO BOM SUPERMERCADO LTDA,Granja Portugal,Mercado / Mini Mercado,GRANJA PORTUGAL
FORTALEZA,12355624000100,,Fortaleza,CE,Santos Dumont 5570,CARTAO CEARA SEM FOME,CASA PLAZA,Cocó,Padaria,COCÓ
FORTALEZA,12373726000159,(85) 3253-1714,Fortaleza,CE,Antônio Sales 2435,CARTAO CEARA SEM FOME,PRONACE,Dionisio Torres,Mercado / Mini Mercado,DIONISIO TORRES
FORTALEZA,12375216000110,(85) 3288-9024,Fortaleza,CE,Antônio Fiuza ,CARTAO CEARA SEM FOME,SUPERMERCADO DOUGLAS,Itaoca,Alimentação,ITAOCA
FORTALEZA,12414780000103,(85) 3226-3497,Fortaleza,CE,Valdetário Mota 594,CARTAO CEARA SEM FOME,MERCADINHO DOM WICTO,Papicu,Mercado / Mini Mercado,PAPICU
FORTALEZA,12525167000155,(85) 9864-75037,Fortaleza,CE,Ildefonso Albano 2395,CARTAO CEARA SEM FOME,PIMENTA MALAGUETA,Joaquim Távora,Supermercado,JOAQUIM TÁVORA
FORTALEZA,12611863000184,,Fortaleza,CE,Bulevar II 459,CARTAO CEARA SEM FOME,SUPER FREITAS,Jangurussu,Supermercado,JANGURUSSU
FORTALEZA,12631371000150,(85) 3771-8754,FORTALEZA,CE,"RUA BARÃO DO RIO BRANCO, 1293 ",CARTAO CEARA SEM FOME,GARFO SELF SERVICE,JOSÉ BONIFÁCIO,Refeição,JOSÉ BONIFÁCIO
FORTALEZA,12837822000100,(85) 3045-8645,Fortaleza,CE,Celeste Arruda 758,CARTAO CEARA SEM FOME,MARMITARIA COMIDA CASEIRA,Edson Queiroz,Restaurante,EDSON QUEIROZ
FORTALEZA,12877661000189,(85) 3232-9408,Fortaleza,CE,Bruno Valente 732,CARTAO CEARA SEM FOME,MERCADINHO O QUIXADA,Serrinha,Mercado / Mini Mercado,SERRINHA
FORTALEZA,12883317000100,,Fortaleza,CE,Barão do Rio Branco 1793,CARTAO CEARA SEM FOME,ROSE CAFÉ E CIA,Centro,Restaurante,CENTRO
FORTALEZA,13004510024100,85 466-4200,FORTALEZA,CE,"AVENIDA ENG. SANTANA JUNIOR, Nº  999  ",CARTAO CEARA SEM FOME,BOMPRECO,PAPICU,Alimentação,PAPICU
FORTALEZA,13004510025920,(11) 3755-2756,FORTALEZA,CE,AVENIDA JOSE BASTOS 1012  ,CARTAO CEARA SEM FOME,CARREFOUR BIG - FORTALEZA BEZERRA,FARIAS BRITO,Alimentação,FARIAS BRITO
FORTALEZA,13004510028601,(51) 3083-3030,Fortaleza,CE,Luciano Carneiro 1131,CARTAO CEARA SEM FOME,BOMPRECO,Parreão,Alimentação,PARREÃO
FORTALEZA,13004510035802,(11) 3755-2756,Fortaleza,CE,Washington Soares ,CARTAO CEARA SEM FOME,CARREFOUR BIG - FORTALEZA WASHINGTON,Engenheiro Luciano Cavalcante,Alimentação,ENGENHEIRO LUCIANO CAVALCANTE
FORTALEZA,13014206000112,(85) 3221-2087,Fortaleza,CE,Vital Brasil 1916,CARTAO CEARA SEM FOME,SUPER CANADA LJ 1,Granja Portugal,Supermercado,GRANJA PORTUGAL
FORTALEZA,13014206000384,,Fortaleza,CE,Tenente Eliezer Costa 146 B,CARTAO CEARA SEM FOME,SUPER CANADA LJ 3,Vila Velha,Supermercado,VILA VELHA
FORTALEZA,13014206000627,,Fortaleza,CE,64 181,CARTAO CEARA SEM FOME,SUPER CANADA LJ 6,Prefeito José Walter,Supermercado,PREFEITO JOSÉ WALTER
FORTALEZA,13014206000708,,Fortaleza,CE,Holanda 550,CARTAO CEARA SEM FOME,SUPER CANADA LJ 7,Jardim Cearense,Supermercado,JARDIM CEARENSE
FORTALEZA,13138403000143,,Fortaleza,CE,dos Paroaras 1120,CARTAO CEARA SEM FOME,MERCEARIA COREAU,Passaré,Mercado / Mini Mercado,PASSARÉ
FORTALEZA,13164318000150,(85) 3433-62266,Fortaleza,CE,Duque de Caxias 107,CARTAO CEARA SEM FOME,RFB PANIFICADORA LTDA,Centro,Padaria,CENTRO
FORTALEZA,13258237000380,,Fortaleza,CE,Doutor João Amora 1266,CARTAO CEARA SEM FOME,NIPAMIX,Manuel Sátiro,Padaria,MANUEL SÁTIRO
FORTALEZA,13371493000118,,Fortaleza,CE,Penetração Norte-Sul 232,CARTAO CEARA SEM FOME,A RODRIGUES CONFEITARIA,Conjunto Esperança,Padaria,CONJUNTO ESPERANÇA
FORTALEZA,13611943000100,(85) 3291-6105,Fortaleza,CE,Monte Flor 1260,CARTAO CEARA SEM FOME,PANIFICADORA E CONFEITARIA PANE-TONY,Planalto Ayrton Senna,Padaria,PLANALTO AYRTON SENNA
FORTALEZA,13708609000161,(85) 3298-7140,Fortaleza,CE,Contorno Norte ,CARTAO CEARA SEM FOME,BANANA MANIA GRILL,Conjunto Esperança,Refeição,CONJUNTO ESPERANÇA
FORTALEZA,13800409000134,,Fortaleza,CE,Bezerra de Menezes 58,CARTAO CEARA SEM FOME,FRANCISCO SALES FERREIRA DE MELO,Farias Brito,Mercado / Mini Mercado,FARIAS BRITO
FORTALEZA,14182434000679,,Fortaleza,CE,Nelson Coelho 665,CARTAO CEARA SEM FOME,MERCADÃO TEND TUDO,Lagoa Redonda,Supermercado,LAGOA REDONDA
FORTALEZA,14326242000184,,Fortaleza,CE,Francisco Calaça 232,CARTAO CEARA SEM FOME,MERCADINHO CASA BRANCA,Barra do Ceará,Mercado / Mini Mercado,BARRA DO CEARÁ
FORTALEZA,14442624000173,,Fortaleza,CE,DOUTOR THEBERGE 1760,CARTAO CEARA SEM FOME,BEZERRAO COMERCIO DE CARNES LTDA,Centro,Mercado / Mini Mercado,CENTRO
FORTALEZA,14670557000144,(85) 3291-2925,Fortaleza,CE,64 21,CARTAO CEARA SEM FOME,MERCADINHO JUNIOR,Prefeito José Walter,Mercado / Mini Mercado,PREFEITO JOSÉ WALTER
FORTALEZA,14707250000170,,Fortaleza,CE,Almirante Rufino 700,CARTAO CEARA SEM FOME,E M BATISTA RESTAURANTES,Vila União,Restaurante,VILA UNIÃO
FORTALEZA,14744566000132,(85) 3256-2800,Fortaleza,CE,Luciano Carneiro 721,CARTAO CEARA SEM FOME,DONA DÊ,Fátima,Restaurante,FÁTIMA
FORTALEZA,14890561000118,,Fortaleza,CE,Coronel Carvalho 2900,CARTAO CEARA SEM FOME,CHURRASCARIA JOIA,Jardim Guanabara,Restaurante,JARDIM GUANABARA
FORTALEZA,14897407000178,(85) 3497-2511,Fortaleza,CE,Urucutuba 2218,CARTAO CEARA SEM FOME,MERCADINHO O BOTIJA,Granja Lisboa,Mercado / Mini Mercado,GRANJA LISBOA
FORTALEZA,14975088000171,,Fortaleza,CE,Vicente Sabóia 787,CARTAO CEARA SEM FOME,R M IMPERIUM CORPORATION COMERCIOS E SERVICOS,Álvaro Weyne,Mercado / Mini Mercado,ÁLVARO WEYNE
FORTALEZA,14976383000142,,Fortaleza,CE,F 380,CARTAO CEARA SEM FOME,Mercado Nova Estrela,Conjunto Ceará,Mercado / Mini Mercado,CONJUNTO CEARÁ
FORTALEZA,15088091000136,,Fortaleza,CE,D 131,CARTAO CEARA SEM FOME,SUPERMERCADO UNIVERSO,Prefeito José Walter,Supermercado,PREFEITO JOSÉ WALTER
FORTALEZA,15093830000188,,Fortaleza,CE,Jardim Fluminense 1603,CARTAO CEARA SEM FOME,MERCADINHO SAO SEBASTIAO,Canindezinho,Mercado / Mini Mercado,CANINDEZINHO
FORTALEZA,15099833000471,(85) 4012-2948,Fortaleza,CE,Porto das Rosas 1150 A,CARTAO CEARA SEM FOME,LAREDO FOOD SERVICE,Parque Genibaú,Supermercado,PARQUE GENIBAÚ
FORTALEZA,15099833000552,(85) 4012-2948,Fortaleza,CE,Teresa Cristina 1177,CARTAO CEARA SEM FOME,LAREDO FOOD SERVICE,Centro,Supermercado,CENTRO
FORTALEZA,15099833000714,(85) 4012-2948,Fortaleza,CE,Cesário Lange 57,CARTAO CEARA SEM FOME,LAREDO FOOD SERVICE,Messejana,Supermercado,MESSEJANA
FORTALEZA,15198925000166,,Fortaleza,CE,alda pimentel 1171,CARTAO CEARA SEM FOME,MERCADINHO PONTO DO PEIXE,Jangurussu,Mercado / Mini Mercado,JANGURUSSU
FORTALEZA,15226462000107,(85) 3233-1333,Fortaleza,CE,Cardeal Arcoverde 208,CARTAO CEARA SEM FOME,MERCADINHO MAGALHAES,Autran Nunes,Mercado / Mini Mercado,AUTRAN NUNES
FORTALEZA,15252345000100,,Fortaleza,CE,Padre Constantino 19,CARTAO CEARA SEM FOME,JOELMA OLIVEIRA DE SOUSA,Jacarecanga,Alimentação,JACARECANGA
FORTALEZA,15258788000108,(85) 3226-8877,Fortaleza,CE,castro e silva 291,CARTAO CEARA SEM FOME,DOCA COMERCIO DE PRODUTOS ALIMENTICIOS LTDA,Centro,Alimentação,CENTRO
FORTALEZA,15258788000299,(85) 3047-15555,Fortaleza,CE,Doutor Silas Munguba 2860,CARTAO CEARA SEM FOME,DOCAS,Itaperi,Alimentação,ITAPERI
FORTALEZA,15478138000178,(85) 9873-63644,Fortaleza,CE,Verbena 488,CARTAO CEARA SEM FOME,BENEDITA ELIZABETE DE AGUIAR,Bonsucesso,Supermercado,BONSUCESSO
FORTALEZA,15613558000110,,Fortaleza,CE,Joaquim Machado 287,CARTAO CEARA SEM FOME,SUPER ITAMARATY,Paupina,Supermercado,PAUPINA
FORTALEZA,15639127000122,,Fortaleza,CE,Zeze Diogo 246,CARTAO CEARA SEM FOME,M M Y COMERCIAL,Cais do Porto,Mercado / Mini Mercado,CAIS DO PORTO
FORTALEZA,15649000000194,(85) 9962-93512,Fortaleza,CE,Doutor Silas Munguba 3101,CARTAO CEARA SEM FOME,DOLA DOCES E SALGADOS,Serrinha,Supermercado,SERRINHA
FORTALEZA,15716355000159,,Fortaleza,CE,República da Armênia 1170,CARTAO CEARA SEM FOME,TORTELE,Parque Manibura,"Comércio Varej. Doce,Bala,Bombo",PARQUE MANIBURA
FORTALEZA,15778719000125,(85) 9990-27977,Fortaleza,CE,Marechal Deodoro 486,CARTAO CEARA SEM FOME,LUIZ CARLOS,Benfica,Mercado / Mini Mercado,BENFICA
FORTALEZA,15874724000131,(85) 3292-1242,Fortaleza,CE,Raimundo Bizarria 783,CARTAO CEARA SEM FOME,COMERCIAL IDEA,Floresta,Mercado / Mini Mercado,FLORESTA
FORTALEZA,16525448000169,(85) 3243-6300,Fortaleza,CE,Jovita Feitosa 1196,CARTAO CEARA SEM FOME,JOVIPAN PADARIA E CONFEITARIA,Parquelândia,Padaria,PARQUELÂNDIA
FORTALEZA,16659563000126,(85) 9853-31562,Fortaleza,CE,Cecil Salgado 623,CARTAO CEARA SEM FOME,MERCADINHO SAO VICENTE,Jardim Guanabara,Mercado / Mini Mercado,JARDIM GUANABARA
FORTALEZA,16720400000101,(85) 9437-1755,Fortaleza,CE,TUPO 1187,CARTAO CEARA SEM FOME,R M DOCES & SALGADOS,Henrique Jorge,Alimentação,HENRIQUE JORGE
FORTALEZA,16785684000114,,Fortaleza,CE,Edilson Brasil Soares 1555,CARTAO CEARA SEM FOME,CARNAUBA SUPERMERCADOS,Edson Queiroz,Supermercado,EDSON QUEIROZ
FORTALEZA,16785684000203,,Fortaleza,CE,Jornalista Tomaz Coelho 1475,CARTAO CEARA SEM FOME,CARNAUBA SUPERMERCADOS,Jangurussu,Supermercado,JANGURUSSU
FORTALEZA,16785684000386,,Fortaleza,CE,Doutor José Lourenço 1290,CARTAO CEARA SEM FOME,CARNAUBA SUPERMERCADOS,Aldeota,Supermercado,ALDEOTA
FORTALEZA,16785684000467,,Fortaleza,CE,R VEREADOR PEDRO PAULO 775,CARTAO CEARA SEM FOME,CARNAUBA SUPERMERCADOS,Engenheiro Luciano Cavalcante,Supermercado,ENGENHEIRO LUCIANO CAVALCANTE
FORTALEZA,16864726000102,,Fortaleza,CE,Padre Mororó 2334,CARTAO CEARA SEM FOME,ERINEUDO,Farias Brito,Restaurante,FARIAS BRITO
FORTALEZA,17203265000190,(85) 3491-7825,Fortaleza,CE,TV QUEIROS RIBEIRO 53,CARTAO CEARA SEM FOME,ANGELA NOGUEIRA CAVALCANTE 38037467368,Parreão,Padaria,PARREÃO
FORTALEZA,17221262000189,,Fortaleza,CE,Aristóteles Bezerra 107,CARTAO CEARA SEM FOME,MERCADINHO POPULAR,Carlito Pamplona,Mercado / Mini Mercado,CARLITO PAMPLONA
FORTALEZA,17261237000129,(08) 5346-39419,FORTALEZA,CE,"RUA MANUEL DA NÓBREGA,111 ",CARTAO CEARA SEM FOME,MERCADINHO VILLA,Manuel Sátiro,Mercado / Mini Mercado,MANUEL SÁTIRO
FORTALEZA,17280621000250,,Fortaleza,CE,José Torres 800,CARTAO CEARA SEM FOME,MERCANTIL ASP LTDA,Granja Lisboa,Mercado / Mini Mercado,GRANJA LISBOA
FORTALEZA,17313757000138,,Fortaleza,CE,Pedro Américo 326,CARTAO CEARA SEM FOME,MERCANTIL PAULISTA,Cristo Redentor,Mercado / Mini Mercado,CRISTO REDENTOR
FORTALEZA,17515779000180,(85) 8792-8454,Fortaleza,CE,General Clarindo de Queiroz 1745,CARTAO CEARA SEM FOME,LUIZA IRENE DE SOUSA,Farias Brito,Restaurante,FARIAS BRITO
FORTALEZA,17533232000108,,Fortaleza,CE,Clarice Lispector 1,CARTAO CEARA SEM FOME,GELADAO GELA MAIS,Jangurussu,Mercado / Mini Mercado,JANGURUSSU
FORTALEZA,17856235000182,(85) 9809-08754,Fortaleza,CE,Joaquim Sá 1073,CARTAO CEARA SEM FOME,MERCADINHO DIA-A-DIA,Dionisio Torres,Mercado / Mini Mercado,DIONISIO TORRES
FORTALEZA,17946029000163,,Fortaleza,CE,Gustavo Barroso 632,CARTAO CEARA SEM FOME,SUPER LONDRINA,Granja Portugal,Mercado / Mini Mercado,GRANJA PORTUGAL
FORTALEZA,18275954000172,,Fortaleza,CE,Castelo de Castro 2681,CARTAO CEARA SEM FOME,PANIFICADORA SORVEPAN,Conjunto Palmeiras,Padaria,CONJUNTO PALMEIRAS
FORTALEZA,18337374000162,(85) 9891-03700,Fortaleza,CE,Professor Gomes de Matos 1115,CARTAO CEARA SEM FOME,MERCADINHO OS PRIMOS,Montese,Mercado / Mini Mercado,MONTESE
FORTALEZA,18572674000126,(85) 8648-2989,Fortaleza,CE,41 510,CARTAO CEARA SEM FOME,BEM NATURAL,Prefeito José Walter,Mercado / Mini Mercado,PREFEITO JOSÉ WALTER
FORTALEZA,18605489000190,(85) 3292-6650,Fortaleza,CE,Carlos Chagas 345,CARTAO CEARA SEM FOME,MERCADINHO CEARA,Bonsucesso,Mercado / Mini Mercado,BONSUCESSO
FORTALEZA,18864373000176,(85) 9852-87838,Fortaleza,CE,Sargento Hermínio Sampaio 3780,CARTAO CEARA SEM FOME,MINIGAMILEIRA MEI,Antônio Bezerra,Mercado / Mini Mercado,ANTÔNIO BEZERRA
FORTALEZA,18885596000110,,Fortaleza,CE,Godofredo Maciel 904,CARTAO CEARA SEM FOME,UNIBOI,Parangaba,Açougue,PARANGABA
FORTALEZA,18942747000124,,Fortaleza,CE,AV PRESIDENTE COSTA E SILVA 1878,CARTAO CEARA SEM FOME,R&T CONVENIENCIA,Barroso,Mercado / Mini Mercado,BARROSO
FORTALEZA,18952988000154,(85) 8750-0686,Fortaleza,CE,Doutor Costa Araújo 1240,CARTAO CEARA SEM FOME,FRANGO NA BRASA,Fátima,Restaurante,FÁTIMA
FORTALEZA,19218975000208,(85) 3036-4058,Fortaleza,CE,Tenente Roma 206,CARTAO CEARA SEM FOME,SUPERMERCADO LIDERBOX,Alto da Balança,Supermercado,ALTO DA BALANÇA
FORTALEZA,19256917000180,(85) 9862-47275,Fortaleza,CE,Tibúrcio Frota 1301,CARTAO CEARA SEM FOME,TETE BOLOS CASEIROS,São João do Tauape,Padaria,SÃO JOÃO DO TAUAPE
FORTALEZA,19326494000127,(85) 3286-3732,Fortaleza,CE,Frei Damião 992,CARTAO CEARA SEM FOME,MERCADINHO DA LORA,Barra do Ceará,Mercado / Mini Mercado,BARRA DO CEARÁ
FORTALEZA,19526421000189,,Fortaleza,CE,Martins Carvalho 3311,CARTAO CEARA SEM FOME,JOSE LAMEU CAVALCANTE,Granja Lisboa,Restaurante,GRANJA LISBOA
FORTALEZA,19601369000188,,Fortaleza,CE,Honorato Silva 620,CARTAO CEARA SEM FOME,MERCADINHO FF,Parque Santa Maria,Mercado / Mini Mercado,PARQUE SANTA MARIA
FORTALEZA,19675706000181,(85) 9883-32047,Fortaleza,CE,da Força 338,CARTAO CEARA SEM FOME,MERCADINHO PAI & FILHO,Siqueira,Mercado / Mini Mercado,SIQUEIRA
FORTALEZA,19711469000248,(85) 3473-9770,Fortaleza,CE,Quixadá 1411,CARTAO CEARA SEM FOME,QUIJOLANDIA II,Planalto Ayrton Senna,Mercado / Mini Mercado,PLANALTO AYRTON SENNA
FORTALEZA,19789860000184,,Fortaleza,CE,Sebastião Sousa 24,CARTAO CEARA SEM FOME,MERCEARIA O ARMANDO,Quintino Cunha,Mercado / Mini Mercado,QUINTINO CUNHA
FORTALEZA,19844363000131,,Fortaleza,CE,Miguel Calmont 350,CARTAO CEARA SEM FOME,PEIXARIA COR DO MAR,Vicente Pinzon,Peixaria,VICENTE PINZON
FORTALEZA,19881673000126,(85) 8852-0078,Fortaleza,CE,Raul Uchôa 429,CARTAO CEARA SEM FOME,MERCADINHO BRITO'S,Bom Futuro,Mercado / Mini Mercado,BOM FUTURO
FORTALEZA,20082690000182,(85) 9870-56277,FORTALEZA,CE,RUA TEODORO DE CASTRO 2509,CARTAO CEARA SEM FOME,MERCADINHO AGUIAR,GRANJA LISBOA,Mercado / Mini Mercado,GRANJA LISBOA
FORTALEZA,20202832000106,(85) 3292-8975,Fortaleza,CE,Professor Teodorico 1087,CARTAO CEARA SEM FOME,MERCADINHO O BENONI,Montese,Mercado / Mini Mercado,MONTESE
FORTALEZA,20360421000130,,Fortaleza,CE,Araci 848,CARTAO CEARA SEM FOME,MERCADINHO COMPRE BEM,Barra do Ceará,Mercado / Mini Mercado,BARRA DO CEARÁ
FORTALEZA,20538303000170,,Fortaleza,CE,Porto Franco 1030,CARTAO CEARA SEM FOME,KI ACAI ESPERANCA,Novo Mondubim,Alimentação,NOVO MONDUBIM
FORTALEZA,20654933000100,(85) 8766-9042,Fortaleza,CE,Clóvis Matos 683,CARTAO CEARA SEM FOME,ELIAS PAN,Vicente Pinzon,Padaria,VICENTE PINZON
FORTALEZA,20791626000170,,Fortaleza,CE,F 0,CARTAO CEARA SEM FOME,EDNALDO BENICIO,Prefeito José Walter,Lanchonete,PREFEITO JOSÉ WALTER
FORTALEZA,21059572000116,,Fortaleza,CE,Dioguinho 5844,CARTAO CEARA SEM FOME,MERCEARIA TENDE TUDO,Antônio Diogo,Padaria,ANTÔNIO DIOGO
FORTALEZA,21165439000144,,Fortaleza,CE,Dom Lino 294,CARTAO CEARA SEM FOME,ATACADAO DAS POLPAS,Parquelândia,Mercado / Mini Mercado,PARQUELÂNDIA
FORTALEZA,21253228000163,,Fortaleza,CE,Benjamim Constant 401,CARTAO CEARA SEM FOME,FRIGORIFICO SANTO ANTONIO,Pici,Açougue,PICI
FORTALEZA,21276112000140,(85) 3253-4846,Fortaleza,CE,Padre Máximo Feitosa 376,CARTAO CEARA SEM FOME,MERCADINHO RILDO,Presidente Kennedy,Mercado / Mini Mercado,PRESIDENTE KENNEDY
FORTALEZA,21284312000144,(85) 9880-52835,Fortaleza,CE,Treze de Maio 2835,CARTAO CEARA SEM FOME,PAQUERO QUERO MUSIC BAR,Fátima,Supermercado,FÁTIMA
FORTALEZA,21444182000160,,Fortaleza,CE,5 127,CARTAO CEARA SEM FOME,PONTO DAS FRUTAS,Barroso,Mercado / Mini Mercado,BARROSO
FORTALEZA,21467273000110,(85) 3077-4055,FORTALEZA,CE,AVENIDA DOS JANGADEIROS ,CARTAO CEARA SEM FOME,MEU FRANGO ASSADO,Mucuripe,Restaurante,MUCURIPE
FORTALEZA,21487818000150,(85) 8983-3413,Fortaleza,CE,Coronel Ernesto Matos 442,CARTAO CEARA SEM FOME,MERCADINHO BOM VIZINHO,Messejana,Mercado / Mini Mercado,MESSEJANA
FORTALEZA,21522714000300,(85) 9897-09318,Fortaleza,CE,8 108,CARTAO CEARA SEM FOME,ISRAEL SUPERMERCADOS,Barroso,Supermercado,BARROSO
FORTALEZA,21522714000563,(85) 9881-45128,Fortaleza,CE,Shirley 280,CARTAO CEARA SEM FOME,ISRAEL SUPERMERCADOS,Paupina,Supermercado,PAUPINA
FORTALEZA,21607371000106,(85) 9881-14092,Fortaleza,CE,São Domingos 227,CARTAO CEARA SEM FOME,CLUBE DA CERVEJA,Antônio Bezerra,Restaurante,ANTÔNIO BEZERRA
FORTALEZA,21663458000109,(85) 3498-3955,Fortaleza,CE,da Paz 1602,CARTAO CEARA SEM FOME,NOVO SIQUEIRA,Siqueira,Restaurante,SIQUEIRA
FORTALEZA,22101614000100,(85) 3099-0303,Fortaleza,CE,Professora Heloísa Ferreira Lima 1746,CARTAO CEARA SEM FOME,SUPER FEIRAO,Serrinha,Mercado / Mini Mercado,SERRINHA
FORTALEZA,22165577000196,(85) 3281-8684,Fortaleza,CE,Boa Vista 769,CARTAO CEARA SEM FOME,SUPER GENTILANDIA DOIS,João XXIII,Supermercado,JOÃO XXIII
FORTALEZA,22170485000102,(85) 3295-3417,Fortaleza,CE,Passaré ,CARTAO CEARA SEM FOME,MERCADINHO SOCORRINH,Passaré,Alimentação,PASSARÉ
FORTALEZA,22292051000177,,Fortaleza,CE,Raimundo Cabral 66,CARTAO CEARA SEM FOME,MERCADINHO TAPERUABA,Bonsucesso,Mercado / Mini Mercado,BONSUCESSO
FORTALEZA,22320573000135,,Fortaleza,CE,Einstein 1197,CARTAO CEARA SEM FOME,MERCADINHO POPULAR,Vila Peri,Mercado / Mini Mercado,VILA PERI
FORTALEZA,22341450000180,,Fortaleza,CE,Conde D'Eu 612,CARTAO CEARA SEM FOME,DUDU BOLOS,Centro,Padaria,CENTRO
FORTALEZA,22373417000132,(85) 3231-4516,Fortaleza,CE,Evaldo Braga 821,CARTAO CEARA SEM FOME,SUPER CORDEIRO,Conjunto Palmeiras,Mercado / Mini Mercado,CONJUNTO PALMEIRAS
FORTALEZA,22440082000128,,Fortaleza,CE,César Fonseca 100,CARTAO CEARA SEM FOME,NETTY DOCES,Papicu,Padaria,PAPICU
FORTALEZA,22552172000100,(85) 8891-1998,Fortaleza,CE,Santa Rosa 500,CARTAO CEARA SEM FOME,MERCADINHO BOM E BARATO,Coaçu,Mercado / Mini Mercado,COAÇU
FORTALEZA,22554333000103,(85) 9841-44752,Fortaleza,CE,IX 349,CARTAO CEARA SEM FOME,MERCADINHO BOM DE +,Canindezinho,Supermercado,CANINDEZINHO
FORTALEZA,22676624000247,,Fortaleza,CE,Domingos Olímpio 2032,CARTAO CEARA SEM FOME,CEARA MIX,Farias Brito,Mercado / Mini Mercado,FARIAS BRITO
FORTALEZA,22715751000127,(85) 9863-01961,Fortaleza,CE,Lineu Jucá 259,CARTAO CEARA SEM FOME,MERCADINHO SANTIAGO,Vila União,Mercado / Mini Mercado,VILA UNIÃO
FORTALEZA,22775697000105,(85) 8404-5788,Fortaleza,CE,Álvares Maciel 1001,CARTAO CEARA SEM FOME,FRIGORIFICO O SOBRAL,Pici,Açougue,PICI
FORTALEZA,22948864000172,,Fortaleza,CE,Alberto Craveiro 2730,CARTAO CEARA SEM FOME,MARCIM DA FRUTA,Boa Vista,Mercado / Mini Mercado,BOA VISTA
FORTALEZA,23130063000168,,Fortaleza,CE,Mozart Pinheiro de Lucena 1015,CARTAO CEARA SEM FOME,RF PRODUTOS DE LIMPEZA,Vila Velha,Mercado / Mini Mercado,VILA VELHA
FORTALEZA,23151812000133,(85) 3336-4351,FORTALEZA,CE,"AV PRESIDENTE CASTELO BRANCO ,5700 ",CARTAO CEARA SEM FOME,SEU ATACAREJO,CENTRO,Mercado / Mini Mercado,CENTRO
FORTALEZA,23236965000183,(85) 3273-5594,Fortaleza,CE,Otávio Rocha 278,CARTAO CEARA SEM FOME,MERCADINHO 2 AMIGOS,Edson Queiroz,Mercado / Mini Mercado,EDSON QUEIROZ
FORTALEZA,23243059000106,(85) 9990-66794,Fortaleza,CE,Senador Robert Kennedy 168,CARTAO CEARA SEM FOME,FABIO DAS FRUTAS,Barra do Ceará,Mercado / Mini Mercado,BARRA DO CEARÁ
FORTALEZA,23366585000163,(85) 9881-09976,Fortaleza,CE,Deputado Paulino Rocha 50,CARTAO CEARA SEM FOME,MERCADINHO CAJAZEIRAS,Cajazeiras,Mercado / Mini Mercado,CAJAZEIRAS
FORTALEZA,23396931000156,,Fortaleza,CE,448F 68,CARTAO CEARA SEM FOME,TAVARES COMERCIO,Conjunto Ceará,Mercado / Mini Mercado,CONJUNTO CEARÁ
FORTALEZA,23399540000276,(85) 9992-40804,Fortaleza,CE,Benu Marcondes 30,CARTAO CEARA SEM FOME,PADARIA THAYNARA,Vila Velha,Padaria,VILA VELHA
FORTALEZA,23444734000165,,Fortaleza,CE,Dioguinho 6280,CARTAO CEARA SEM FOME,MERCADINHO TELMA,Antônio Diogo,Mercado / Mini Mercado,ANTÔNIO DIOGO
FORTALEZA,23458912000107,(85) 8787-8787,Fortaleza,CE,João de Araújo Lima 1930,CARTAO CEARA SEM FOME,SUPERMERCADO UNIVERSO,Prefeito José Walter,Mercado / Mini Mercado,PREFEITO JOSÉ WALTER
FORTALEZA,23556335000196,(85) 9874-9878,Fortaleza,CE,Doutor Silas Munguba 1011,CARTAO CEARA SEM FOME,MERCADINHO MESA FARTA,Serrinha,Mercado / Mini Mercado,SERRINHA
FORTALEZA,23574015000169,(85) 9892-86827,Fortaleza,CE,André Rebouças 532,CARTAO CEARA SEM FOME,MERCADINHO EDNALDO,Bonsucesso,Mercado / Mini Mercado,BONSUCESSO
FORTALEZA,23582661000178,(85) 3254-4856,Fortaleza,CE,General Clarindo de Queiroz 609,CARTAO CEARA SEM FOME,NATURAL VIDA,Centro,Mercado / Mini Mercado,CENTRO
FORTALEZA,23611489000133,,Fortaleza,CE,Conefor 5,CARTAO CEARA SEM FOME,PW COMERCIO,Cais do Porto,Mercado / Mini Mercado,CAIS DO PORTO
FORTALEZA,23712508000118,(85) 9860-37904,Fortaleza,CE,São João 03,CARTAO CEARA SEM FOME,PANIFICADORA MUCURIPE,Mucuripe,Padaria,MUCURIPE
FORTALEZA,23720089000166,(85) 3284-2051,Fortaleza,CE,Arquimedes Memória 641,CARTAO CEARA SEM FOME,MERCADINHO SAO GERALDO,Barra do Ceará,Mercado / Mini Mercado,BARRA DO CEARÁ
FORTALEZA,23727288000104,,Fortaleza,CE,Desembargador Moreira 1800,CARTAO CEARA SEM FOME,PAO DE TRIGO,Aldeota,Padaria,ALDEOTA
FORTALEZA,23731291000193,(85) 3232-9209,Fortaleza,CE,dos Paroaras 1105,CARTAO CEARA SEM FOME,MERCANTIL ESPERANCA,Passaré,Mercado / Mini Mercado,PASSARÉ
FORTALEZA,23733140000174,,Fortaleza,CE,Professor Gomes de Matos 78,CARTAO CEARA SEM FOME,COMERCIAL VENDTUDO,Jardim América,Mercado / Mini Mercado,JARDIM AMÉRICA
FORTALEZA,24154950000139,(85) 3296-2997,Fortaleza,CE,Umarizeiras 2137,CARTAO CEARA SEM FOME,CARLOS SUPERMERCADO,Parque Presidente Vargas,Supermercado,PARQUE PRESIDENTE VARGAS
FORTALEZA,24186585000144,(85) 3298-3501,Fortaleza,CE,Sargento João Pinheiro 781,CARTAO CEARA SEM FOME,MERCANTIL SUPER ESCOLHA,Granja Lisboa,Mercado / Mini Mercado,GRANJA LISBOA
FORTALEZA,24536498000170,(85) 9886-02030,Fortaleza,CE,Doutor Pergentino Maia 375,CARTAO CEARA SEM FOME,RESTAURANTE O PARENTE,Messejana,Restaurante,MESSEJANA
FORTALEZA,24545074000171,(85) 3109-5670,Fortaleza,CE,Emílio Conde 617,CARTAO CEARA SEM FOME,MERCANTIL FM ALBUQUERQUE,Manuel Sátiro,Supermercado,MANUEL SÁTIRO
FORTALEZA,24873190000110,(85) 3290-7482,FORTALEZA,CE,RUA PROFESSOR MIRAMAR DA PONTE 1127,CARTAO CEARA SEM FOME,MERCANTIL RUBENS,HENRIQUE JORGE,Alimentação,HENRIQUE JORGE
FORTALEZA,24884533000141,(85) 9995-04281,Fortaleza,CE,Pedro Tolêdo 239,CARTAO CEARA SEM FOME,MW CESTAS E MIMOS,Cais do Porto,Mercado / Mini Mercado,CAIS DO PORTO
FORTALEZA,24945386000172,(85) 9897-09318,Fortaleza,CE,C 87,CARTAO CEARA SEM FOME,SUPER ISRAEL,Jangurussu,Supermercado,JANGURUSSU
FORTALEZA,25972264000138,(85) 9892-49537,Fortaleza,CE,Professor Joaquim Nogueira 431,CARTAO CEARA SEM FOME,ED E LU VAREJO,Antônio Bezerra,Mercado / Mini Mercado,ANTÔNIO BEZERRA
FORTALEZA,26091372000164,,Fortaleza,CE,Valdenia Soares 263,CARTAO CEARA SEM FOME,L L BEBIDAS,Granja Lisboa,Restaurante,GRANJA LISBOA
FORTALEZA,26130890000140,,Fortaleza,CE,Padre Leopoldo Fernandes 130,CARTAO CEARA SEM FOME,MARIA REDONDA,Fátima,Restaurante,FÁTIMA
FORTALEZA,26152549000195,,Fortaleza,CE,Francisca Tarciana Rocha 164,CARTAO CEARA SEM FOME,MERCADINHO MARINEZ,Jangurussu,Mercado / Mini Mercado,JANGURUSSU
FORTALEZA,26265229000141,(85) 3292-8731,Fortaleza,CE,Cônego de Castro 1540,CARTAO CEARA SEM FOME,BEM FITNHA,Vila Peri,Mercado / Mini Mercado,VILA PERI
FORTALEZA,26348609000140,(85) 9889-75313,Fortaleza,CE,General Clarindo de Queiroz 1745,CARTAO CEARA SEM FOME,SABOR DE MAINHA,Centro,Restaurante,CENTRO
FORTALEZA,26454523000100,,Fortaleza,CE,Mozart Pinheiro de Lucena 3250,CARTAO CEARA SEM FOME,FRIGORIFICO JANGADINHA,Quintino Cunha,Mercado / Mini Mercado,QUINTINO CUNHA
FORTALEZA,26499165000143,(85) 3287-2804,Fortaleza,CE,Braz de Francesco 474,CARTAO CEARA SEM FOME,CHURRASCARIA E PIZZARIA NORTH CHOPP,Presidente Kennedy,Restaurante,PRESIDENTE KENNEDY
FORTALEZA,26523168000175,(85) 9882-99061,Fortaleza,CE,Tenente Benévolo 2158,CARTAO CEARA SEM FOME,PANIFICADORA O MATUTINHO,Meireles,Padaria,MEIRELES
FORTALEZA,26564171000137,,Fortaleza,CE,Zeze Diogo 172,CARTAO CEARA SEM FOME,MERCADINHO VALENTINA,Cais do Porto,Mercado / Mini Mercado,CAIS DO PORTO
FORTALEZA,26579687000155,,Fortaleza,CE,Acari 2263,CARTAO CEARA SEM FOME,COMERCIAL ALAMEDA,Pedras,Mercado / Mini Mercado,PEDRAS
FORTALEZA,26628129000132,,Fortaleza,CE,Visconde de Cairu 828,CARTAO CEARA SEM FOME,MERCADINHO MAIS BARATO,Vicente Pinzon,Mercado / Mini Mercado,VICENTE PINZON
FORTALEZA,26724627000189,,Fortaleza,CE,7 117,CARTAO CEARA SEM FOME,MERCADINHO PROFESSOR,São Bento,Mercado / Mini Mercado,SÃO BENTO
FORTALEZA,26739082000184,(85) 3283-7878,Fortaleza,CE,Livreiro Arlindo 268,CARTAO CEARA SEM FOME,MERCADINHO CAMPANARIO,Farias Brito,Mercado / Mini Mercado,FARIAS BRITO
FORTALEZA,26760524000174,(85) 9911-54238,Fortaleza,CE,Castelo de Castro 779,CARTAO CEARA SEM FOME,SEMPREAKI,Jangurussu,Supermercado,JANGURUSSU
FORTALEZA,27106817000103,(85) 3245-6789,Fortaleza,CE,Josias Paula de Sousa 285,CARTAO CEARA SEM FOME,PADARIA JM,Vicente Pinzon,Padaria,VICENTE PINZON
FORTALEZA,27189988000135,,Fortaleza,CE,Castelo de Castro 100,CARTAO CEARA SEM FOME,PONTO DA MASSA,Jangurussu,Mercado / Mini Mercado,JANGURUSSU
FORTALEZA,27358981000108,,Fortaleza,CE,Espírito Santo 116,CARTAO CEARA SEM FOME,MERCADINHO COMPRE BEM,Pan Americano,Mercado / Mini Mercado,PAN AMERICANO
FORTALEZA,27367942000169,,Fortaleza,CE,Mário Campos 496,CARTAO CEARA SEM FOME,MERCADINHO E FRIGORIFICO NOSSA SENHORA DAS GRACAS,Jardim Guanabara,Mercado / Mini Mercado,JARDIM GUANABARA
FORTALEZA,27416580000159,,Fortaleza,CE,Professor José Arthur de Carvalho 1665,CARTAO CEARA SEM FOME,FRIGORIFICO IRMAO FELISSIO,Lagoa Redonda,Açougue,LAGOA REDONDA
FORTALEZA,27488057000138,(85) 9866-24022,Fortaleza,CE,Pero Coelho 136,CARTAO CEARA SEM FOME,GRELHA & CIA,Centro,Restaurante,CENTRO
FORTALEZA,27518561000133,(85) 3269-6777,Fortaleza,CE,C 620,CARTAO CEARA SEM FOME,SUPER CORDEIRO,Jangurussu,Mercado / Mini Mercado,JANGURUSSU
FORTALEZA,27518561000214,(85) 9788-0201,Fortaleza,CE,Galileu 355,CARTAO CEARA SEM FOME,SUPER CORDEIRO,Serrinha,Mercado / Mini Mercado,SERRINHA
FORTALEZA,27518561000303,(85) 8433-1446,Fortaleza,CE,N 210,CARTAO CEARA SEM FOME,SARAIVA & CORDEIRO COMERCIO VAREJISTA DE ALIMENTOS LTDA,Passaré,Supermercado,PASSARÉ
FORTALEZA,27518561000567,(85) 3484-2304,Fortaleza,CE,Cidade Ecológica 128,CARTAO CEARA SEM FOME,SARAIVA & CORDEIRO COMERCIO VAREJISTA DE ALIMENTOS LTDA,Edson Queiroz,Supermercado,EDSON QUEIROZ
FORTALEZA,27534690000115,,Fortaleza,CE,Coronel Virgílio Nogueira 492 A,CARTAO CEARA SEM FOME,MERCADINHO MINI BOX,Granja Lisboa,Mercado / Mini Mercado,GRANJA LISBOA
FORTALEZA,27587150000108,(85) 3485-2393,Fortaleza,CE,Caubi 1437,CARTAO CEARA SEM FOME,AURINEIDE MARTINS,Barra do Ceará,Mercado / Mini Mercado,BARRA DO CEARÁ
FORTALEZA,27616471000185,,Fortaleza,CE,Doutor Silas Munguba 2965,CARTAO CEARA SEM FOME,BRASEIRO,Serrinha,Restaurante,SERRINHA
FORTALEZA,27797977000138,,Fortaleza,CE,Vicente Lopes 1110,CARTAO CEARA SEM FOME,IDEALE CAFE,Cidade dos Funcionários,Mercado / Mini Mercado,CIDADE DOS FUNCIONÁRIOS
FORTALEZA,27892234000147,(85) 3281-8684,Fortaleza,CE,Waldery Uchôa 438,CARTAO CEARA SEM FOME,SUPER GENTILANDIA,Benfica,Supermercado,BENFICA
FORTALEZA,27923956000111,(85) 3497-7800,Fortaleza,CE,Bom Jesus 195,CARTAO CEARA SEM FOME,PANIFICADORA POLIPAO,Bom Jardim,Padaria,BOM JARDIM
FORTALEZA,28140472000169,,Fortaleza,CE,Oliveira Sobrinho 2803,CARTAO CEARA SEM FOME,M DA CRUZ ARAGAO,Granja Lisboa,Supermercado,GRANJA LISBOA
FORTALEZA,28189036000184,(85) 9925-99983,Fortaleza,CE,Vinte e Três de Junho 1332,CARTAO CEARA SEM FOME,MERCADINHO SACOLAO,Granja Portugal,Mercado / Mini Mercado,GRANJA PORTUGAL
FORTALEZA,28255450000144,(85) 3497-7476,FORTALEZA,CE,RUA BOM JESUS 200,CARTAO CEARA SEM FOME,SUPERMERCADO POP 2,BOM JARDIM,Supermercado,BOM JARDIM
FORTALEZA,28462104000137,,Fortaleza,CE,Fernão Magalhães 151,CARTAO CEARA SEM FOME,MERCADINHO J.R,Pici,Mercado / Mini Mercado,PICI
FORTALEZA,28518446000121,(85) 3487-9127,FORTALEZA,CE,RUA BIAS MENDES 1348,CARTAO CEARA SEM FOME,MERCADINHO LL,BONSUCESSO,Mercado / Mini Mercado,BONSUCESSO
FORTALEZA,28662155000102,(85) 3272-5428,Fortaleza,CE,Clóvis Arrais Maia 4551,CARTAO CEARA SEM FOME,MARCOS ANTONIO,Antônio Diogo,Mercado / Mini Mercado,ANTÔNIO DIOGO
FORTALEZA,28665761000181,(85) 9857-03465,Fortaleza,CE,Dulcinéia Gondim 402,CARTAO CEARA SEM FOME,SUPER LUZ,Bom Futuro,Mercado / Mini Mercado,BOM FUTURO
FORTALEZA,28702672000168,(85) 3263-3809,Fortaleza,CE,Conefor 143,CARTAO CEARA SEM FOME,MERCIARIA-W.S,Cais do Porto,Mercado / Mini Mercado,CAIS DO PORTO
FORTALEZA,28859934000100,,Fortaleza,CE,Monte Líbano 560,CARTAO CEARA SEM FOME,MERCADINHO UNIVERSO,Mondubim,Mercado / Mini Mercado,MONDUBIM
FORTALEZA,28877807000126,(85) 3292-3259,Fortaleza,CE,José Luís 57,CARTAO CEARA SEM FOME,ANDRE CRISTOVAO FREIRE,Pici,Mercado / Mini Mercado,PICI
FORTALEZA,28918783000106,(85) 9896-38024,Fortaleza,CE,L 200,CARTAO CEARA SEM FOME,SUPERMERCADO SKINAO,Barroso,Supermercado,BARROSO
FORTALEZA,29092870000110,,Fortaleza,CE,Guararema 408,CARTAO CEARA SEM FOME,PIZZARIA MAIS SABOR,Granja Lisboa,Restaurante,GRANJA LISBOA
FORTALEZA,29145300000140,,Fortaleza,CE,1074 35,CARTAO CEARA SEM FOME,BARBARA DUTRA ROCHA,Conjunto Ceará,Mercado / Mini Mercado,CONJUNTO CEARÁ
FORTALEZA,29196048000107,(85) 8605-5604,Fortaleza,CE,São Bernardo dos Campos 326,CARTAO CEARA SEM FOME,RECANTO DOS PETISCOS,Cais do Porto,Lanchonete,CAIS DO PORTO
FORTALEZA,29252774000191,(85) 9890-23137,FORTALEZA,CE,"RUA CAPITÃO CLÓVIS MAIA, 653 ",CARTAO CEARA SEM FOME,MERCANTIL QUEIROZ,Alto da Balança,Supermercado,ALTO DA BALANÇA
FORTALEZA,29262413000126,,Fortaleza,CE,Edson Martins 1849,CARTAO CEARA SEM FOME,MERCADINHO SUPER KELLY,Granja Lisboa,Mercado / Mini Mercado,GRANJA LISBOA
FORTALEZA,29279680000106,(85) 3291-2122,Fortaleza,CE,D 121,CARTAO CEARA SEM FOME,SUPER UNIVERSO,Prefeito José Walter,Supermercado,PREFEITO JOSÉ WALTER
FORTALEZA,29343781000107,,Fortaleza,CE,Padre Pedro de Alencar 1565,CARTAO CEARA SEM FOME,POINT DAS FRUTAS,Paupina,Mercado / Mini Mercado,PAUPINA
FORTALEZA,29696289000107,,Fortaleza,CE,Cônego de Castro 5960,CARTAO CEARA SEM FOME,MERCADINHO IRISMARK,Parque Santa Rosa,Mercado / Mini Mercado,PARQUE SANTA ROSA
FORTALEZA,29760432000263,(85) 9971-70550,Fortaleza,CE,Doutor Silas Munguba 6161,CARTAO CEARA SEM FOME,SUPERMERCADOS BRASILEIRO,Boa Vista,Supermercado,BOA VISTA
FORTALEZA,29760432000425,(85) 9861-95706,Fortaleza,CE,da Abolição 2377,CARTAO CEARA SEM FOME,GML COMERCIO VAREJISTA,Meireles,Supermercado,MEIRELES
FORTALEZA,29773743000186,(85) 9854-05691,Fortaleza,CE,Desembargador Praxedes 200,CARTAO CEARA SEM FOME,MM CEREAIS,Montese,Supermercado,MONTESE
FORTALEZA,29776206000190,(85) 8933-0192,Fortaleza,CE,General Bezerril 577,CARTAO CEARA SEM FOME,MERCADINHO PRIMUS,Centro,Mercado / Mini Mercado,CENTRO
FORTALEZA,29867994000120,(85) 3251-1901,Fortaleza,CE,Ana Bilhar 1502,CARTAO CEARA SEM FOME,PORQUILO,Meireles,Restaurante,MEIRELES
FORTALEZA,29965481000151,,Fortaleza,CE,F 155,CARTAO CEARA SEM FOME,MERCADINHO E SACOLAO DA AVENIDA,Conjunto Ceará,Mercado / Mini Mercado,CONJUNTO CEARÁ
FORTALEZA,29987064000100,,Fortaleza,CE,Engenheiro Edmundo Almeida Filho 378,CARTAO CEARA SEM FOME,MART MIX,Vila União,Supermercado,VILA UNIÃO
FORTALEZA,30059137000182,(85) 3285-9164,Fortaleza,CE,L 1306,CARTAO CEARA SEM FOME,FABINHO DAS FRUTAS,Vila Velha,Alimentação,VILA VELHA
FORTALEZA,30120076000111,,Fortaleza,CE,Dioguinho 2200,CARTAO CEARA SEM FOME,MERCADINHO MARUJO,Antônio Diogo,Mercado / Mini Mercado,ANTÔNIO DIOGO
FORTALEZA,30143389000195,(85) 8826-1959,Fortaleza,CE,Pedro Borges 143,CARTAO CEARA SEM FOME,NATUGRAN PRODUTOS NATURAIS,Centro,Mercado / Mini Mercado,CENTRO
FORTALEZA,30400252000179,(85) 9886-01123,Fortaleza,CE,Porto Alegre 1939,CARTAO CEARA SEM FOME,MERCADINHO 2 IRMAOS,Henrique Jorge,Mercado / Mini Mercado,HENRIQUE JORGE
FORTALEZA,30412117000143,(85) 9997-55691,Fortaleza,CE,101 21,CARTAO CEARA SEM FOME,FRIGORIFICO SOUSA,Novo Mondubim,Açougue,NOVO MONDUBIM
FORTALEZA,30565075000180,,Fortaleza,CE,Engenheiro Santana Júnior 348,CARTAO CEARA SEM FOME,NUTRI LAFY,Vicente Pinzon,Restaurante,VICENTE PINZON
FORTALEZA,30667258000107,(85) 3274-5766,FORTALEZA,CE,AVENIDA A 825,CARTAO CEARA SEM FOME,COMERCIAL G4,JANGURUSSU,Supermercado,JANGURUSSU
FORTALEZA,30667258000379,(85) 3274-5766,Fortaleza,CE,Dalva de Oliveira 860,CARTAO CEARA SEM FOME,ISMAEL SUPERMERCADOS,Conjunto Palmeiras,Supermercado,CONJUNTO PALMEIRAS
FORTALEZA,30698894000104,(85) 9914-54204,Fortaleza,CE,Doutor Theberge 399,CARTAO CEARA SEM FOME,VILLABOX SUPERMERCADO,Álvaro Weyne,Alimentação,ÁLVARO WEYNE
FORTALEZA,30794511000193,(85) 9895-5988,Fortaleza,CE,Antônio Mesquita 16,CARTAO CEARA SEM FOME,MERCADINHO ERIKA,Presidente Kennedy,Mercado / Mini Mercado,PRESIDENTE KENNEDY
FORTALEZA,30798456000100,,Fortaleza,CE,Lineu Jucá 259,CARTAO CEARA SEM FOME,SUPERMERCADO SANTIAGO,Vila União,Supermercado,VILA UNIÃO
FORTALEZA,30891036000173,,Fortaleza,CE,Belo Horizonte 2757,CARTAO CEARA SEM FOME,IDEAL SUPERMERCADO,Jóquei Clube,Supermercado,JÓQUEI CLUBE
FORTALEZA,31013763000109,,Fortaleza,CE,Henrique Dias 448,CARTAO CEARA SEM FOME,MERCADINHO O JHON,Parque Dois Irmãos,Mercado / Mini Mercado,PARQUE DOIS IRMÃOS
FORTALEZA,31016240000108,(85) 9879-76874,Fortaleza,CE,Antonieta Clotilde 626,CARTAO CEARA SEM FOME,MERCADINHO RONDONIA,Jardim Iracema,Mercado / Mini Mercado,JARDIM IRACEMA
FORTALEZA,31066911000145,,Fortaleza,CE,Fernando Farias de Melo 75,CARTAO CEARA SEM FOME,MIX MARCOS,Manuel Sátiro,Mercado / Mini Mercado,MANUEL SÁTIRO
FORTALEZA,31080913000199,(85) 9993-01000,Fortaleza,CE,Brigadeiro Torres 198,CARTAO CEARA SEM FOME,SUPER JOQUEI,Jóquei Clube,Mercado / Mini Mercado,JÓQUEI CLUBE
FORTALEZA,31255527000190,(85) 9879-76528,Fortaleza,CE,Alexandre Baraúna 765,CARTAO CEARA SEM FOME,LEVEMENTE ALIMENTACAO EQUILIBRADA,Rodolfo Teófilo,Restaurante,RODOLFO TEÓFILO
FORTALEZA,31434501000100,(85) 9893-29145,Fortaleza,CE,Maria Mirtes Pereira 1291,CARTAO CEARA SEM FOME,MERCADINHO SOCORRINHA,Passaré,Mercado / Mini Mercado,PASSARÉ
FORTALEZA,31695887000103,,Fortaleza,CE,Vinte e Cinco de Maio 520,CARTAO CEARA SEM FOME,BRUSIL SUPERMERCADO,Mondubim,Alimentação,MONDUBIM
FORTALEZA,31762019000107,,Fortaleza,CE,13 10,CARTAO CEARA SEM FOME,GUI COMERCIAL DE ALIMENTOS,Pedras,Mercado / Mini Mercado,PEDRAS
FORTALEZA,31840977000140,(85) 9892-38048,Fortaleza,CE,16 02,CARTAO CEARA SEM FOME,MERCADINHO BRUNA,Prefeito José Walter,Mercado / Mini Mercado,PREFEITO JOSÉ WALTER
FORTALEZA,31966516000119,,Fortaleza,CE,Planaltina 1700,CARTAO CEARA SEM FOME,W. G. DE A. PEREIRA,Planalto Ayrton Senna,Mercado / Mini Mercado,PLANALTO AYRTON SENNA
FORTALEZA,31977922000187,(85) 3214-1539,Fortaleza,CE,Frei Marcelino 1379,CARTAO CEARA SEM FOME,FOOD FIT - COMIDA SAUDAVEL,Rodolfo Teófilo,Restaurante,RODOLFO TEÓFILO
FORTALEZA,32085401000188,(85) 3229-0385,Fortaleza,CE,Friésio Barroso 387,CARTAO CEARA SEM FOME,MERCADINHO PADRE CICERO ITAPERI,Mondubim,Supermercado,MONDUBIM
FORTALEZA,32400761000127,(85) 9991-17898,Fortaleza,CE,Santos Dias 204,CARTAO CEARA SEM FOME,PONTO DA ECONOMIA,Conjunto Palmeiras,Mercado / Mini Mercado,CONJUNTO PALMEIRAS
FORTALEZA,32566920000168,(85) 9997-04156,Fortaleza,CE,Tomás Gonzaga 50,CARTAO CEARA SEM FOME,MR FRIOS & EMBALAGENS,Cristo Redentor,Mercado / Mini Mercado,CRISTO REDENTOR
FORTALEZA,32567896000181,(85) 3109-8918,Fortaleza,CE,Teodomiro de Castro 4080,CARTAO CEARA SEM FOME,SANTANA CARNES,Álvaro Weyne,Açougue,ÁLVARO WEYNE
FORTALEZA,32779728000150,,Fortaleza,CE,José Abílio 1869,CARTAO CEARA SEM FOME,MERCADINHO NENEM AGUIAR,Granja Portugal,Mercado / Mini Mercado,GRANJA PORTUGAL
FORTALEZA,32824891000197,(85) 9860-95673,Fortaleza,CE,Francisco de Araújo Pereira 181,CARTAO CEARA SEM FOME,LA HAMBURGUERIA,Planalto Ayrton Senna,Serviços de Alimentação,PLANALTO AYRTON SENNA
FORTALEZA,32878672000190,(85) 9979-33788,Fortaleza,CE,Reriutaba 1599,CARTAO CEARA SEM FOME,MERCEARIA ZE CAMPO,Barra do Ceará,Supermercado,BARRA DO CEARÁ
FORTALEZA,32981484000193,(85) 9852-2022,Fortaleza,CE,Antônio Sales 888,CARTAO CEARA SEM FOME,BESSA POLPAS,Joaquim Távora,Supermercado,JOAQUIM TÁVORA
FORTALEZA,33010139000175,(85) 3298-6132,Fortaleza,CE,IX 130,CARTAO CEARA SEM FOME,MERCADINHO NOSSA SENHORA DE FATIMA,Canindezinho,Supermercado,CANINDEZINHO
FORTALEZA,33012241000100,(85) 3273-3054,Fortaleza,CE,Washington Soares 4040,CARTAO CEARA SEM FOME,PORTITALIA,Parque Manibura,Padaria,PARQUE MANIBURA
FORTALEZA,33287847000158,(85) 9892-94827,Fortaleza,CE,Piauí 1213,CARTAO CEARA SEM FOME,FRIGORIFICO GABRIEL,Pan Americano,Açougue,PAN AMERICANO
FORTALEZA,33372904000105,,Fortaleza,CE,I 1001,CARTAO CEARA SEM FOME,JC COMERCIO DE ALIMENTOS LTDA,Prefeito José Walter,Supermercado,PREFEITO JOSÉ WALTER
FORTALEZA,33372904000288,,Fortaleza,CE,Tertuliano Sales 87,CARTAO CEARA SEM FOME,JC COMERCIO DE ALIMENTOS LTDA,Parreão,Supermercado,PARREÃO
FORTALEZA,33372904000369,,Fortaleza,CE,Silvinha Téles 709,CARTAO CEARA SEM FOME,OFERTASSO SUPERMERCADOS,Conjunto Palmeiras,Supermercado,CONJUNTO PALMEIRAS
FORTALEZA,33444470000101,,Fortaleza,CE,Contorno Norte 1600,CARTAO CEARA SEM FOME,VALBERLLAN ALBUQUERQUE RIBEIRO COMERCIO VAREJISTA,Conjunto Esperança,Mercado / Mini Mercado,CONJUNTO ESPERANÇA
FORTALEZA,33494300000123,,Fortaleza,CE,Olímpio de Noronha 630,CARTAO CEARA SEM FOME,MERCADINHO EDICLEUDO,Mondubim,Mercado / Mini Mercado,MONDUBIM
FORTALEZA,33517474000164,,Fortaleza,CE,H 469,CARTAO CEARA SEM FOME,WESLEY PAN,Siqueira,Padaria,SIQUEIRA
FORTALEZA,33534865000197,,Fortaleza,CE,Monsenhor Tabosa 1136,CARTAO CEARA SEM FOME,LA FRUTA MERCADO,Meireles,Mercado / Mini Mercado,MEIRELES
FORTALEZA,33796583000168,(85) 3323-1456,Fortaleza,CE,Vale Costa 970,CARTAO CEARA SEM FOME,FRIGOLANDIA,Antônio Bezerra,Supermercado,ANTÔNIO BEZERRA
FORTALEZA,33796583000249,,Fortaleza,CE,M 1963,CARTAO CEARA SEM FOME,FRIGOLANDIA,Barroso,Mercado / Mini Mercado,BARROSO
FORTALEZA,34042504000196,(85) 8809-8952,Fortaleza,CE,Barão do Rio Branco 1845,CARTAO CEARA SEM FOME,PADARIA,Centro,Padaria,CENTRO
FORTALEZA,34195569000171,(85) 3022-1070,Fortaleza,CE,Pereira Filgueiras 1976,CARTAO CEARA SEM FOME,COSTA MENDES DELICATESSEN,Aldeota,Padaria,ALDEOTA
FORTALEZA,34238887000172,,Fortaleza,CE,Vista para o Mar 697,CARTAO CEARA SEM FOME,FRIGORIFICO E MERCADINHO PRECO BOM,Vicente Pinzon,Mercado / Mini Mercado,VICENTE PINZON
FORTALEZA,34313004000141,(85) 3238-8919,Fortaleza,CE,dos Abolicionistas 157,CARTAO CEARA SEM FOME,ROSY CONVENIENCIA,Barra do Ceará,Mercado / Mini Mercado,BARRA DO CEARÁ
FORTALEZA,34470988000174,,Fortaleza,CE,Castro de Alencar 925,CARTAO CEARA SEM FOME,MERCADAO DA CARNE,Jardim das Oliveiras,Mercado / Mini Mercado,JARDIM DAS OLIVEIRAS
FORTALEZA,34470988000255,,Fortaleza,CE,Plácido Castelo 447 B,CARTAO CEARA SEM FOME,MERCADAO DA CARNE,Jardim das Oliveiras,Mercado / Mini Mercado,JARDIM DAS OLIVEIRAS
FORTALEZA,34483615000138,,Fortaleza,CE,da Asa 771,CARTAO CEARA SEM FOME,PADARIA & LANCHONETE SAO JOSE,Alto da Balança,Padaria,ALTO DA BALANÇA
FORTALEZA,34499128000163,,Fortaleza,CE,R JOSIAS PAULA DE SOUZA 100,CARTAO CEARA SEM FOME,SUPER BOM PREÇO,Vicente Pinzon,Mercado / Mini Mercado,VICENTE PINZON
FORTALEZA,34511023000182,,Fortaleza,CE,Vinte de Janeiro 1762,CARTAO CEARA SEM FOME,A & C PRODUTOS NATURAIS E VARIEDADES,Barra do Ceará,Mercado / Mini Mercado,BARRA DO CEARÁ
FORTALEZA,34535819000175,(85) 8736-3644,Fortaleza,CE,Cônego de Castro 8410,CARTAO CEARA SEM FOME,FRIGORIFICO DL CARNES,Canindezinho,Comercio varej carne-acougue,CANINDEZINHO
FORTALEZA,34585114000162,,Fortaleza,CE,Raquel Florêncio 191,CARTAO CEARA SEM FOME,MERCADINHO BOM VIZINHO,Lagoa Redonda,Mercado / Mini Mercado,LAGOA REDONDA
FORTALEZA,34650991000250,(85) 9912-00135,Fortaleza,CE,do Rosário 99,CARTAO CEARA SEM FOME,NORDESTINO GRIL,Centro,Restaurante,CENTRO
FORTALEZA,34982661000181,,Fortaleza,CE,Chile 533,CARTAO CEARA SEM FOME,MERCADINHO MANINHO,Bela Vista,Mercado / Mini Mercado,BELA VISTA
FORTALEZA,35008279000134,(85) 8857-9346,Fortaleza,CE,Vitória Régia 1556,CARTAO CEARA SEM FOME,MERCADINHO RM,Parque Santa Rosa,Mercado / Mini Mercado,PARQUE SANTA ROSA
FORTALEZA,35026657000102,,Fortaleza,CE,Engenheiro Leal Lima Verde 3330,CARTAO CEARA SEM FOME,MACHADO SUPERMERCADO,José de Alencar,Supermercado,JOSÉ DE ALENCAR
FORTALEZA,35026657000293,(85) 3476-2987,Fortaleza,CE,José Pereira Barros 252 A,CARTAO CEARA SEM FOME,MACHADO SUPERMERCADO,Guajiru,Supermercado,GUAJIRU
FORTALEZA,35032945000170,(85) 3248-8708,Fortaleza,CE,José Monteiro dos Santos 161,CARTAO CEARA SEM FOME,MERCEARIA O MOTA,Damas,Mercado / Mini Mercado,DAMAS
FORTALEZA,35063067000150,(85) 3290-5303,Fortaleza,CE,Boa Vista 791,CARTAO CEARA SEM FOME,MERCADINHO PA COMPRAR,João XXIII,Mercado / Mini Mercado,JOÃO XXIII
FORTALEZA,35065689000117,(85) 3226-3991,FORTALEZA,CE,RUA SOBRAL Nº76 ,CARTAO CEARA SEM FOME,MERCADINHO BIBIU GOMES,CENTRO,Mercado / Mini Mercado,CENTRO
FORTALEZA,35071343000121,(85) 3249-3453,Fortaleza,CE,São João Batista 846,CARTAO CEARA SEM FOME,SUPERMERCADO SANTA ANA,Mondubim,Supermercado,MONDUBIM
FORTALEZA,35085240000110,(85) 3290-5919,Fortaleza,CE,VERBENA 152,CARTAO CEARA SEM FOME,MERCEARIA CONFIANCA,João XXIII,Mercado / Mini Mercado,JOÃO XXIII
FORTALEZA,35086396000116,(08) 5294-4945,FORTALEZA,CE,SRG. BARBOSA 200 200,CARTAO CEARA SEM FOME,AURISTELA SUPERMERCADO,GRANJA LISBOA,Supermercado,GRANJA LISBOA
FORTALEZA,35090265000102,(85) 9875-59813,Fortaleza,CE,Castro e Silva 947,CARTAO CEARA SEM FOME,SEBASTIAO ALVES,Centro,Mercado / Mini Mercado,CENTRO
FORTALEZA,35091065000174,(85) 3262-2361,FORTALEZA,CE,AVENIDA SANTOS DUMONT ,CARTAO CEARA SEM FOME,ICE MANIA,CENTRO,Alimentação,CENTRO
FORTALEZA,35122949000149,(85) 9992-43001,Fortaleza,CE,Vereador José Monteiro 134,CARTAO CEARA SEM FOME,MERCADINHO MOTA,Cais do Porto,Mercado / Mini Mercado,CAIS DO PORTO
FORTALEZA,35280136000187,(85) 9911-54238,Fortaleza,CE,Juscelino Kubitschek 3759,CARTAO CEARA SEM FOME,MERCADAO SEMPREAKI,Passaré,Supermercado,PASSARÉ
FORTALEZA,35301244000199,,Fortaleza,CE,Jardim Fluminense 1595,CARTAO CEARA SEM FOME,MERC SUPER TABULEIRO,Canindezinho,Mercado / Mini Mercado,CANINDEZINHO
FORTALEZA,35526884000105,(85) 9106-5857,Fortaleza,CE,Maestro Lisboa 2034,CARTAO CEARA SEM FOME,PEIXE VIVO O FRANCISCO,Lagoa Redonda,Peixaria,LAGOA REDONDA
FORTALEZA,35545087000167,,Fortaleza,CE,LO 03 214,CARTAO CEARA SEM FOME,MINI MERCADINHO SEMPRE MAIS,Bom Jardim,Mercado / Mini Mercado,BOM JARDIM
FORTALEZA,35624367000160,(11) 1111-11111,Fortaleza,CE,Paraguai 399,CARTAO CEARA SEM FOME,MERCADINHO SALES,Bela Vista,Mercado / Mini Mercado,BELA VISTA
FORTALEZA,35689111000131,,Fortaleza,CE,Haroldo Torres 3053,CARTAO CEARA SEM FOME,MERCADINHO SOUSA,São Gerardo,Mercado / Mini Mercado,SÃO GERARDO
FORTALEZA,35732597000143,(85) 9965-35907,Fortaleza,CE,dos Búzios 63,CARTAO CEARA SEM FOME,HARUMAKITERIA,Vicente Pinzon,Lanchonete,VICENTE PINZON
FORTALEZA,35755221000154,(85) 9875-38497,Fortaleza,CE,Gilberto Câmara 61,CARTAO CEARA SEM FOME,MERCADINHO ARLA,Vila Ellery,Mercado / Mini Mercado,VILA ELLERY
FORTALEZA,35810642000130,(85) 9984-32389,Fortaleza,CE,Professor Manoel Castro 1206,CARTAO CEARA SEM FOME,MERCADINHO SANTA MARTA,Siqueira,Mercado / Mini Mercado,SIQUEIRA
FORTALEZA,35837378000129,(85) 9914-54204,Fortaleza,CE,Porto Velho 467,CARTAO CEARA SEM FOME,SUPER DA VILLA SUPERMERCADOS,João XXIII,Alimentação,JOÃO XXIII
FORTALEZA,35837378000200,(85) 3269-4684,Fortaleza,CE,Mozart Pinheiro de Lucena 3004,CARTAO CEARA SEM FOME,VILLABOX SUPERMERCADO,Quintino Cunha,Supermercado,QUINTINO CUNHA
FORTALEZA,35880132000130,(85) 9701-2621,Fortaleza,CE,César Correia 242,CARTAO CEARA SEM FOME,MERCEARIA O MESQUITA,Barra do Ceará,Mercado / Mini Mercado,BARRA DO CEARÁ
FORTALEZA,36020959000136,,Fortaleza,CE,Desembargador Faustino de Albuquerque 193,CARTAO CEARA SEM FOME,MERCADINHO JARDIM,Jardim das Oliveiras,Mercado / Mini Mercado,JARDIM DAS OLIVEIRAS
FORTALEZA,36178953000191,(85) 8606-1029,Fortaleza,CE,Elcias Lopes 670,CARTAO CEARA SEM FOME,MERCADINHO EXTRA MAX,Itaoca,Mercado / Mini Mercado,ITAOCA
FORTALEZA,36208263000138,(85) 9688-5984,Fortaleza,CE,Aracu 212,CARTAO CEARA SEM FOME,MERCADINHO HOLANDA,Edson Queiroz,Mercado / Mini Mercado,EDSON QUEIROZ
FORTALEZA,36255721000190,,Fortaleza,CE,Umarizeiras 1675,CARTAO CEARA SEM FOME,TAPIOCAS O LEO,Parque Presidente Vargas,Restaurante,PARQUE PRESIDENTE VARGAS
FORTALEZA,36365888000103,,Fortaleza,CE,Pontes Vieira 970,CARTAO CEARA SEM FOME,COMIDA CEARENSE,São João do Tauape,Restaurante,SÃO JOÃO DO TAUAPE
FORTALEZA,36394656000183,(85) 9925-96378,Fortaleza,CE,Filgueiras Lima 716,CARTAO CEARA SEM FOME,RICARBOX,Damas,Supermercado,DAMAS
FORTALEZA,36403278000157,,Fortaleza,CE,Manuel Aguiar Pontes 1400,CARTAO CEARA SEM FOME,ANA ERICA DA SILVA,Boa Vista,Padaria,BOA VISTA
FORTALEZA,36469243000110,,Fortaleza,CE,Oliveira Filho 4686,CARTAO CEARA SEM FOME,SJCS-SOJESUSCRISTOSALVA,Antônio Diogo,Alimentação,ANTÔNIO DIOGO
FORTALEZA,36538236000123,,Fortaleza,CE,Adriana Pinheiro 403,CARTAO CEARA SEM FOME,PADARIA SAO RAIMUNDO,Antônio Diogo,Padaria,ANTÔNIO DIOGO
FORTALEZA,36563178000198,(85) 9995-71058,Fortaleza,CE,Doutor Silas Munguba 6380,CARTAO CEARA SEM FOME,RAIMUNDO JORGE ASSUNCAO LIMA,Passaré,Peixaria,PASSARÉ
FORTALEZA,36881004000173,,Fortaleza,CE,Osvaldo Cruz 2897-A,CARTAO CEARA SEM FOME,EMPORIO VERDE,Dionisio Torres,Mercado / Mini Mercado,DIONISIO TORRES
FORTALEZA,37149102000183,(85) 9887-43221,Fortaleza,CE,Ubaitabá 229,CARTAO CEARA SEM FOME,HOLANDA ATACAREJO,Edson Queiroz,Supermercado,EDSON QUEIROZ
FORTALEZA,37173124000189,(85) 9896-96337,Fortaleza,CE,das Goiabeiras 176,CARTAO CEARA SEM FOME,MERCADINHO HOLANDA JL,Edson Queiroz,Supermercado,EDSON QUEIROZ
FORTALEZA,37221523000178,,Fortaleza,CE,Monsenhor Salazar 2040,CARTAO CEARA SEM FOME,COMERCIAL SAO PEDRO,São João do Tauape,Supermercado,SÃO JOÃO DO TAUAPE
FORTALEZA,37279441000184,(84) 4221-0930,Fortaleza,CE,Júlio Abreu 160,CARTAO CEARA SEM FOME,M FASANARO DOCERIA LTDA,Varjota,Padaria,VARJOTA
FORTALEZA,37368838000142,,Fortaleza,CE,Guilherme Rocha 1299,CARTAO CEARA SEM FOME,MARMITARIA VO CHICA,Centro,Restaurante,CENTRO
FORTALEZA,37498181000138,(85) 9866-14886,Fortaleza,CE,C 312,CARTAO CEARA SEM FOME,DISTRIBUIDORA DE GRING,Mondubim,Mercado / Mini Mercado,MONDUBIM
FORTALEZA,37501826000144,,Fortaleza,CE,Desembargador Gonzaga 971,CARTAO CEARA SEM FOME,MAGALHAES REST,Parque Iracema,Restaurante,PARQUE IRACEMA
FORTALEZA,37581946000107,(85) 9880-96846,Fortaleza,CE,Bela Vista 409,CARTAO CEARA SEM FOME,MERCADINHO NOVO BARATAO,Messejana,Mercado / Mini Mercado,MESSEJANA
FORTALEZA,37739123000159,(85) 9916-26079,Fortaleza,CE,Lineu Machado 2063,CARTAO CEARA SEM FOME,FORTE DOCES,Bonsucesso,Bomboniere / Doceria,BONSUCESSO
FORTALEZA,37739137000172,,Fortaleza,CE,João Brígido 915,CARTAO CEARA SEM FOME,PORTO PESCADOS,Joaquim Távora,Peixaria,JOAQUIM TÁVORA
FORTALEZA,37742877000168,,Fortaleza,CE,G 461,CARTAO CEARA SEM FOME,CHILL OUT BAR,Conjunto Ceará,Restaurante,CONJUNTO CEARÁ
FORTALEZA,37775642000172,,Fortaleza,CE,VI 796,CARTAO CEARA SEM FOME,N2 DETOX,Canindezinho,Mercado / Mini Mercado,CANINDEZINHO
FORTALEZA,37824763000167,(85) 9885-56267,Fortaleza,CE,Contorno Norte 1594,CARTAO CEARA SEM FOME,UNIBOI ESPERANCA,Conjunto Esperança,Açougue,CONJUNTO ESPERANÇA
FORTALEZA,37849639000237,,Fortaleza,CE,Nelson Coelho 800,CARTAO CEARA SEM FOME,SUPERMERCADO ATACADAO AGUIAR LTDA,Lagoa Redonda,Mercado / Mini Mercado,LAGOA REDONDA
FORTALEZA,37870122000149,,Fortaleza,CE,Mozart Pinheiro de Lucena 2020,CARTAO CEARA SEM FOME,KANABURGUER,Vila Velha,Restaurante,VILA VELHA
FORTALEZA,37886321000145,(85) 2233-2440,Fortaleza,CE,Coronel Francisco Pereira 01,CARTAO CEARA SEM FOME,CAFE DO MERCADO,Messejana,Lanchonete,MESSEJANA
FORTALEZA,38048877000125,,Fortaleza,CE,Dioguinho 6103,CARTAO CEARA SEM FOME,PEIXARIA DO VAQUEIRO,Antônio Diogo,Peixaria,ANTÔNIO DIOGO
FORTALEZA,38079450000194,,Fortaleza,CE,São Gerardo 226,CARTAO CEARA SEM FOME,STEAK BURGER ARTESANAL L.S.S,Cais do Porto,Restaurante,CAIS DO PORTO
FORTALEZA,38087491000122,(91) 8222-6110,Fortaleza,CE,Dulcinéia Gondim 704 B,CARTAO CEARA SEM FOME,COMERCIAL NETOS,Bom Futuro,Mercado / Mini Mercado,BOM FUTURO
FORTALEZA,38153963000106,,Fortaleza,CE,Mister Hull 2890,CARTAO CEARA SEM FOME,PANIFICADORA LICEU,Presidente Kennedy,Padaria,PRESIDENTE KENNEDY
FORTALEZA,38256068000109,(85) 9856-12333,Fortaleza,CE,Conselheiro da Silva 442,CARTAO CEARA SEM FOME,SUPER RIZO DO LAR,Barroso,Mercado / Mini Mercado,BARROSO
FORTALEZA,38401989000118,(85) 9968-30363,Fortaleza,CE,Nossa Senhora das Graças 1316,CARTAO CEARA SEM FOME,PEIXARIA ARACATI,Pirambu,Peixaria,PIRAMBU
FORTALEZA,38438559000170,,Fortaleza,CE,dos Búzios 58,CARTAO CEARA SEM FOME,CASAL KC BURGUES,Vicente Pinzon,Lanchonete,VICENTE PINZON
FORTALEZA,38448492000155,,Fortaleza,CE,303B 176,CARTAO CEARA SEM FOME,MERCADINHO DITO,Conjunto Ceará,Mercado / Mini Mercado,CONJUNTO CEARÁ
FORTALEZA,38559728000120,(85) 9852-37287,Fortaleza,CE,Banvarth Bezerra 580,CARTAO CEARA SEM FOME,MERCANTIL RIO BRANCO,Padre Andrade,Mercado / Mini Mercado,PADRE ANDRADE
FORTALEZA,38648928000150,(85) 9988-24626,Fortaleza,CE,Torres Câmara 428,CARTAO CEARA SEM FOME,TEMPERO DO SERTAO,Aldeota,Mercado / Mini Mercado,ALDEOTA
FORTALEZA,39251565000187,,Fortaleza,CE,Padre Perdigão Sampaio 387,CARTAO CEARA SEM FOME,MERCADINHO ROCHA,Quintino Cunha,Mercado / Mini Mercado,QUINTINO CUNHA
FORTALEZA,39339501000132,,Fortaleza,CE,Barão do Rio Branco 1780,CARTAO CEARA SEM FOME,RESTAURANTE E LANCHONETE BISTRO,Centro,Padaria,CENTRO
FORTALEZA,39346861017307,(79) 3216-5333,Fortaleza,CE,Padre Valdevino ,CARTAO CEARA SEM FOME,BRETAS,Joaquim Távora,Alimentação,JOAQUIM TÁVORA
FORTALEZA,39346861017560,(79) 3216-5333,Fortaleza,CE,Washington Soares ,CARTAO CEARA SEM FOME,BRETAS,Edson Queiroz,Alimentação,EDSON QUEIROZ
FORTALEZA,39346861017641,(79) 3216-5333,Fortaleza,CE,Maestro Lisboa ,CARTAO CEARA SEM FOME,BRETAS,José de Alencar,Alimentação,JOSÉ DE ALENCAR
FORTALEZA,39346861020278,(79) 3216-5333,Fortaleza,CE,Governador Parsifal Barroso ,CARTAO CEARA SEM FOME,BRETAS,Presidente Kennedy,Alimentação,PRESIDENTE KENNEDY
FORTALEZA,39346861042247,(79) 3216-5259,Fortaleza,CE,Doutor Silas Munguba ,CARTAO CEARA SEM FOME,BRETAS,Parangaba,Alimentação,PARANGABA
FORTALEZA,39409836000180,,Fortaleza,CE,Recanto Verde 2037,CARTAO CEARA SEM FOME,MERCADINHO THIAGO,Jangurussu,Mercado / Mini Mercado,JANGURUSSU
FORTALEZA,39441665000176,,Fortaleza,CE,Alagoas 2688,CARTAO CEARA SEM FOME,MERCADINHO AGUIAR,Pici,Mercado / Mini Mercado,PICI
FORTALEZA,39540129000128,(85) 9918-45579,Fortaleza,CE,Tebas 415,CARTAO CEARA SEM FOME,SUPER PARCEIRO,Siqueira,Mercado / Mini Mercado,SIQUEIRA
FORTALEZA,39547178000192,,Fortaleza,CE,Capitão Hugo Bezerra 1877,CARTAO CEARA SEM FOME,MERCADINHO COMPRA CERTA,Barroso,Mercado / Mini Mercado,BARROSO
FORTALEZA,39575517000144,,Fortaleza,CE,São Bernardo 322,CARTAO CEARA SEM FOME,DELICIA CASEIRA,Floresta,Mercado / Mini Mercado,FLORESTA
FORTALEZA,39674085000129,,Fortaleza,CE,Padre Pedro de Alencar 1565,CARTAO CEARA SEM FOME,POINT DAS FRUTAS,Paupina,Mercado / Mini Mercado,PAUPINA
FORTALEZA,39715665000117,,Fortaleza,CE,dos Expedicionários 4373,CARTAO CEARA SEM FOME,ECO POP,Parreão,Supermercado,PARREÃO
FORTALEZA,39724677000108,,Fortaleza,CE,Dois de Abril 102,CARTAO CEARA SEM FOME,MERCADINHO JP,Boa Vista,Mercado / Mini Mercado,BOA VISTA
FORTALEZA,39764886000185,(85) 3234-0987,Fortaleza,CE,Castelo de Castro 2610,CARTAO CEARA SEM FOME,M.E. SUPERMERCADO,Conjunto Palmeiras,Mercado / Mini Mercado,CONJUNTO PALMEIRAS
FORTALEZA,39860288000100,(85) 9891-92979,Fortaleza,CE,Cônego de Castro 4500,CARTAO CEARA SEM FOME,REI DO FRANGO,Parque São José,Supermercado,PARQUE SÃO JOSÉ
FORTALEZA,39937647000180,(85) 3230-4020,Fortaleza,CE,Duas Nações 788,CARTAO CEARA SEM FOME,MERCANTIL O SERTAO,Granja Portugal,Mercado / Mini Mercado,GRANJA PORTUGAL
FORTALEZA,40149938000192,,Fortaleza,CE,Francisco Monte 03,CARTAO CEARA SEM FOME,COMERCIO EM VARIEDADES,Cais do Porto,Mercado / Mini Mercado,CAIS DO PORTO
FORTALEZA,40221243000174,,Fortaleza,CE,Coronel Virgílio Nogueira 1719,CARTAO CEARA SEM FOME,MERCADINHO FC,Granja Portugal,Mercado / Mini Mercado,GRANJA PORTUGAL
FORTALEZA,40277418000165,(85) 3085-6770,Fortaleza,CE,Duarte da Costa 516,CARTAO CEARA SEM FOME,PADARIA E CONFEITARIA PAO DIARIO,Messejana,Padaria,MESSEJANA
FORTALEZA,40289304000135,(85) 9960-15052,Fortaleza,CE,R CEDRO (CID JD FORT GLEBA A) 150,CARTAO CEARA SEM FOME,MERCADINHO FORTE DO FRANGO,Prefeito José Walter,Mercado / Mini Mercado,PREFEITO JOSÉ WALTER
FORTALEZA,40353932000132,,Fortaleza,CE,Deputado Paulino Rocha 1001,CARTAO CEARA SEM FOME,SUPRIBOX MINIMERCADO,Cajazeiras,Mercado / Mini Mercado,CAJAZEIRAS
FORTALEZA,40365834000115,,Fortaleza,CE,1 2430,CARTAO CEARA SEM FOME,PH ACAITERIA,Mondubim,Lanchonete,MONDUBIM
FORTALEZA,40499708000153,,Fortaleza,CE,Socorro Gomes 106,CARTAO CEARA SEM FOME,FRIGORIFICO PROMESSA DE DEUS,Guajiru,Açougue,GUAJIRU
FORTALEZA,40515243000187,,Fortaleza,CE,da Enchova 192,CARTAO CEARA SEM FOME,ANTONIETA SALGADINHOS,Vicente Pinzon,Lanchonete,VICENTE PINZON
FORTALEZA,40579135000178,,Fortaleza,CE,Castelo de Castro 416,CARTAO CEARA SEM FOME,KESLEN COMERCIO,Jangurussu,Mercado / Mini Mercado,JANGURUSSU
FORTALEZA,40596568000131,(85) 9853-70511,Fortaleza,CE,Governador Leonel Brizola 1054,CARTAO CEARA SEM FOME,FRANCISCO AR CONDICIONADO,Jangurussu,Posto de Combustivel,JANGURUSSU
FORTALEZA,40732487000111,,Fortaleza,CE,Contorno Sul 138,CARTAO CEARA SEM FOME,MERCADINHO AVENIDA,São Bento,Mercado / Mini Mercado,SÃO BENTO
FORTALEZA,40781604000137,,Fortaleza,CE,Independência 1148,CARTAO CEARA SEM FOME,MERCADINHO SAO JOSE,Jardim Guanabara,Mercado / Mini Mercado,JARDIM GUANABARA
FORTALEZA,41086366000102,,Fortaleza,CE,dos Abolicionistas 98,CARTAO CEARA SEM FOME,MERCADINHO E FRIGORIFICO WILSON,Barra do Ceará,Mercado / Mini Mercado,BARRA DO CEARÁ
FORTALEZA,41304631000181,,Fortaleza,CE,Oscar Franca 1427,CARTAO CEARA SEM FOME,FRIGORIFICO O MAIA,Bom Jardim,Açougue,BOM JARDIM
FORTALEZA,41307554000113,,Fortaleza,CE,Joaquim dos Anjos 584,CARTAO CEARA SEM FOME,PANIFICADORA SALESPAN,Planalto Ayrton Senna,Padaria,PLANALTO AYRTON SENNA
FORTALEZA,41310533000157,(85) 3274-5444,Fortaleza,CE,R PEDRO DE SOUSA 349,CARTAO CEARA SEM FOME,MERCADINHO HELENA,Parque Santa Maria,Mercado / Mini Mercado,PARQUE SANTA MARIA
FORTALEZA,41373975000142,(85) 3261-2781,Fortaleza,CE,Torres Câmara 428,CARTAO CEARA SEM FOME,TEMPERO DO SERTAO,Aldeota,Mercado / Mini Mercado,ALDEOTA
FORTALEZA,41377444000128,,Fortaleza,CE,Padre Valdevino 551,CARTAO CEARA SEM FOME,NATO - CONFEITARIA SAUDAVEL,Joaquim Távora,Padaria,JOAQUIM TÁVORA
FORTALEZA,41387508000171,,Fortaleza,CE,da Assunção 381,CARTAO CEARA SEM FOME,JOSE AIRTON RODRIGUES MENDONCA,Centro,Mercado / Mini Mercado,CENTRO
FORTALEZA,41398322000118,(85) 3232-4379,Fortaleza,CE,Major Facundo 259,CARTAO CEARA SEM FOME,GARFO SELF SERVICE,José Bonifácio,Restaurante,JOSÉ BONIFÁCIO
FORTALEZA,41414467000165,(85) 3295-3684,Fortaleza,CE,G 477,CARTAO CEARA SEM FOME,SUPERMERCADO AQUARIO,Manoel Dias Branco,Mercado / Mini Mercado,MANOEL DIAS BRANCO
FORTALEZA,41419151000166,(08) 5352-92145,FORTALEZA,CE,"RUA 1155,59 ",CARTAO CEARA SEM FOME,MERCANTIL ERIVALDO,Conjunto Ceará,Mercado / Mini Mercado,CONJUNTO CEARÁ
FORTALEZA,41423344000190,(85) 3478-6017,Fortaleza,CE,São Sebastião 430,CARTAO CEARA SEM FOME,MERCANTIL MENOR PRECO,Presidente Kennedy,Mercado / Mini Mercado,PRESIDENTE KENNEDY
FORTALEZA,41425836000115,,Fortaleza,CE,Nossa Senhora das Graças 1317 B,CARTAO CEARA SEM FOME,MERCANTIL SERRANO,Pirambu,Mercado / Mini Mercado,PIRAMBU
FORTALEZA,41433194000104,(85) 3291-4459,Fortaleza,CE,José Messias Matos 885,CARTAO CEARA SEM FOME,MERCEARIA SOUSA,Boa Vista,Mercado / Mini Mercado,BOA VISTA
FORTALEZA,41434879000167,,Fortaleza,CE,G 206,CARTAO CEARA SEM FOME,CASA DO BOLO,Manoel Dias Branco,Padaria,MANOEL DIAS BRANCO
FORTALEZA,41476475000136,(85) 9811-71918,Fortaleza,CE,Astrogildo Fontoura 435,CARTAO CEARA SEM FOME,W&G QUEIJOS & FRIOS,Barra do Ceará,Mercado / Mini Mercado,BARRA DO CEARÁ
FORTALEZA,41516039000143,,Fortaleza,CE,Livino de Carvalho 830,CARTAO CEARA SEM FOME,MERCADINHO JUNIOR,Itaoca,Mercado / Mini Mercado,ITAOCA
FORTALEZA,41543281000106,(85) 3227-0722,Fortaleza,CE,Soriano Albuquerque 441,CARTAO CEARA SEM FOME,PANIFICADORA PANETUTTE,Joaquim Távora,Padaria,JOAQUIM TÁVORA
FORTALEZA,41551243000103,(85) 9996-40045,Fortaleza,CE,Godofredo Maciel 3440,CARTAO CEARA SEM FOME,PANIFICADORA SANTA CLARA,Parangaba,Padaria,PARANGABA
FORTALEZA,41566761000192,,FORTALEZA,CE,"CONTORNO SUL ,N 333 ",CARTAO CEARA SEM FOME,SUPER BARATAO,Conjunto Esperança,Supermercado,CONJUNTO ESPERANÇA
FORTALEZA,41566761000354,(85) 3244-6789,Fortaleza,CE,Doutor Theberge 538,CARTAO CEARA SEM FOME,SUPER BARATAO 3,Álvaro Weyne,Supermercado,ÁLVARO WEYNE
FORTALEZA,41566761000435,(85) 3241-4244,Fortaleza,CE,General Osório de Paiva 7020,CARTAO CEARA SEM FOME,SUPER BARATAO 4,Siqueira,Supermercado,SIQUEIRA
FORTALEZA,41584525000107,(85) 3085-1032,Fortaleza,CE,Godofredo Maciel 3190,CARTAO CEARA SEM FOME,OFICINA DA MASSA,Maraponga,Restaurante,MARAPONGA
FORTALEZA,41586652000137,,Fortaleza,CE,Jardim Fluminense 844,CARTAO CEARA SEM FOME,ANTONIA MARIA JULIO ELIZEU,Conjunto Esperança,Mercado / Mini Mercado,CONJUNTO ESPERANÇA
FORTALEZA,41601311000193,(85) 9851-80094,Fortaleza,CE,Conselheiro Tristão 593,CARTAO CEARA SEM FOME,LANCHONETE TROPICAL,Centro,Supermercado,CENTRO
FORTALEZA,41626692000165,(85) 9893-27752,Fortaleza,CE,13 SN,CARTAO CEARA SEM FOME,MERCADINHO DA LORA,Pedras,Mercado / Mini Mercado,PEDRAS
FORTALEZA,41681544000143,(85) 9691-1100,Fortaleza,CE,Carapinima 2200,CARTAO CEARA SEM FOME,BRITO COMERCIO,Benfica,Mercado / Mini Mercado,BENFICA
FORTALEZA,41741126000102,(85) 8684-4421,Fortaleza,CE,Altaneira 487,CARTAO CEARA SEM FOME,FRIGORIFICO DO CHEFF,Jardim Iracema,Açougue,JARDIM IRACEMA
FORTALEZA,41742350000100,,Fortaleza,CE,Cidade Ecológica 182,CARTAO CEARA SEM FOME,MERCADINHO PRECO BAIXO,Edson Queiroz,Mercado / Mini Mercado,EDSON QUEIROZ
FORTALEZA,41773226000102,,Fortaleza,CE,Professor Lino Encarnação 440,CARTAO CEARA SEM FOME,GISELIA BARROS,Parquelândia,Padaria,PARQUELÂNDIA
FORTALEZA,41813227000133,,Fortaleza,CE,Viriato Ribeiro 1157,CARTAO CEARA SEM FOME,MERCADINHO BOMFIM,Bela Vista,Mercado / Mini Mercado,BELA VISTA
FORTALEZA,41815355000116,,Fortaleza,CE,Pompeu Cavalcante 279,CARTAO CEARA SEM FOME,FM SUPLEMENTOS,Vila Ellery,Mercado / Mini Mercado,VILA ELLERY
FORTALEZA,41967475000139,,Fortaleza,CE,Verde 5 478,CARTAO CEARA SEM FOME,PANIFICADORA MANA,Jangurussu,Padaria,JANGURUSSU
FORTALEZA,41973891000140,,Fortaleza,CE,Grito de Alerta 379 B,CARTAO CEARA SEM FOME,DEPOSITO BOM JESUS,Barra do Ceará,Mercado / Mini Mercado,BARRA DO CEARÁ
FORTALEZA,42016591000135,,Fortaleza,CE,Pintor Antônio Bandeira 1751,CARTAO CEARA SEM FOME,BLOGUERITA SALGADOS,Vicente Pinzon,Lanchonete,VICENTE PINZON
FORTALEZA,42061696000106,,Fortaleza,CE,Jonas Sampaio 609,CARTAO CEARA SEM FOME,D Y MERCADINHO,José de Alencar,Mercado / Mini Mercado,JOSÉ DE ALENCAR
FORTALEZA,42064068000184,(85) 4011-3900,Fortaleza,CE,Manuel da Nóbrega 111,CARTAO CEARA SEM FOME,MERCANTIL HELENA,Manuel Sátiro,Supermercado,MANUEL SÁTIRO
FORTALEZA,42112030000130,(85) 9872-78320,Fortaleza,CE,José Vilar 699,CARTAO CEARA SEM FOME,MEU PE DE LARANJA,Aldeota,Alimentação,ALDEOTA
FORTALEZA,42130511000178,,Fortaleza,CE,Mirtes Cordeiro 1439,CARTAO CEARA SEM FOME,DRAGAO DO SUSHI,Bom Jardim,Restaurante,BOM JARDIM
FORTALEZA,42235927000150,,Fortaleza,CE,Desembargador Gonzaga 971,CARTAO CEARA SEM FOME,TOMODACHI SUSHI BAR,Parque Iracema,Restaurante,PARQUE IRACEMA
FORTALEZA,42237048000168,,Fortaleza,CE,José Abílio 1868,CARTAO CEARA SEM FOME,HIPER GELADO COMERCIO DE BEBIBAS LTDA,Granja Portugal,Alimentação,GRANJA PORTUGAL
FORTALEZA,42241246000103,,Fortaleza,CE,Alagoas 1224,CARTAO CEARA SEM FOME,D & I SUPLEMENTOS,Demócrito Rocha,Mercado / Mini Mercado,DEMÓCRITO ROCHA
FORTALEZA,42322284000182,,Fortaleza,CE,Professor José Bonifácio 895,CARTAO CEARA SEM FOME,MERCADINHO ZEZINHO,Álvaro Weyne,Mercado / Mini Mercado,ÁLVARO WEYNE
FORTALEZA,42330667000100,(85) 9873-46312,Fortaleza,CE,Tubiacanga 310,CARTAO CEARA SEM FOME,CHEF RAFAEL,Antônio Diogo,Supermercado,ANTÔNIO DIOGO
FORTALEZA,42360432000153,,Fortaleza,CE,Maria Gomes de Sá 1259,CARTAO CEARA SEM FOME,PANEPIZZA,Mondubim,Padaria,MONDUBIM
FORTALEZA,42381717000170,(85) 3283-1570,Fortaleza,CE,General Osório de Paiva 2481,CARTAO CEARA SEM FOME,J A FRIOS,Vila Peri,Comércio Varejista,VILA PERI
FORTALEZA,42402591000173,,Fortaleza,CE,Hércules 155,CARTAO CEARA SEM FOME,ALZIRA,Itaoca,Mercado / Mini Mercado,ITAOCA
FORTALEZA,42409179000185,,Fortaleza,CE,Marquês de Abrantes 530,CARTAO CEARA SEM FOME,MERCADINHO BOM PRECO,Mondubim,Mercado / Mini Mercado,MONDUBIM
FORTALEZA,42518751000144,,Fortaleza,CE,Mozart Pinheiro de Lucena 1565,CARTAO CEARA SEM FOME,FRUTAS E CEREAIS,Vila Velha,Mercado / Mini Mercado,VILA VELHA
FORTALEZA,42538775000165,,Fortaleza,CE,dos Paroaras 1095,CARTAO CEARA SEM FOME,COMERCIAL PAROARAS,Passaré,Mercado / Mini Mercado,PASSARÉ
FORTALEZA,42659864000160,(85) 9869-30461,Fortaleza,CE,105 270,CARTAO CEARA SEM FOME,R.M MARMITAS,Conjunto Esperança,Supermercado,CONJUNTO ESPERANÇA
FORTALEZA,42705417000108,(85) 9286-6253,Fortaleza,CE,Vital Brasil 510,CARTAO CEARA SEM FOME,MJ MERCADINHO JOELMA,Bonsucesso,Mercado / Mini Mercado,BONSUCESSO
FORTALEZA,42846062000240,,Fortaleza,CE,Padre Valdevino 2175,CARTAO CEARA SEM FOME,FRIGORIFICO CORDEIRO DE OURO,Aldeota,Açougue,ALDEOTA
FORTALEZA,42846062000401,,Fortaleza,CE,Padre Valdevino 2175,CARTAO CEARA SEM FOME,RESTAURANTE CORDEIRO DE OURO,Aldeota,Restaurante,ALDEOTA
FORTALEZA,42884628000147,,Fortaleza,CE,1 770,CARTAO CEARA SEM FOME,MINI MERCADO MAIS ECONOMICO,Mondubim,Mercado / Mini Mercado,MONDUBIM
FORTALEZA,43026703000100,(85) 9183-7038,Fortaleza,CE,Alfredo de Castro 731,CARTAO CEARA SEM FOME,MERCADINHO QUEIROZ,Montese,Mercado / Mini Mercado,MONTESE
FORTALEZA,43047138000159,,Fortaleza,CE,das Cerejeiras 1480,CARTAO CEARA SEM FOME,MERCADINHO O PAULO,Parque Presidente Vargas,Mercado / Mini Mercado,PARQUE PRESIDENTE VARGAS
FORTALEZA,43062438000107,,Fortaleza,CE,Sapucaia Condomínio 3 Bloco 6 45,CARTAO CEARA SEM FOME,MARMITARIA DA MONICA,Prefeito José Walter,Restaurante,PREFEITO JOSÉ WALTER
FORTALEZA,43111831000143,,Fortaleza,CE,Castelo de Castro 254,CARTAO CEARA SEM FOME,BUDEGA NA FAZENDA SERTAO E FRIOS,Jangurussu,Mercado / Mini Mercado,JANGURUSSU
FORTALEZA,43306314000120,,Fortaleza,CE,Cecília Meireles 354,CARTAO CEARA SEM FOME,BARBARA SUELLEN,Messejana,Mercado / Mini Mercado,MESSEJANA
FORTALEZA,43384848000174,,Fortaleza,CE,Senador Alencar 396,CARTAO CEARA SEM FOME,NORDESTE GRILL,Centro,Padaria,CENTRO
FORTALEZA,43425747000102,(85) 9911-47555,Fortaleza,CE,Sabino Monte 4260,CARTAO CEARA SEM FOME,COMERCIO DE ALIMENTOS F L LTDA,São João do Tauape,Alimentação,SÃO JOÃO DO TAUAPE
FORTALEZA,43535926000194,,Fortaleza,CE,Mozart Pinto 360,CARTAO CEARA SEM FOME,MERCADINHO ANASTACIO,Monte Castelo,Mercado / Mini Mercado,MONTE CASTELO
FORTALEZA,43552143000119,,Fortaleza,CE,Vitória da Conquista 1498,CARTAO CEARA SEM FOME,MARE 2000,Manoel Dias Branco,Restaurante,MANOEL DIAS BRANCO
FORTALEZA,43576865000103,(85) 3257-6662,Fortaleza,CE,ARMANDO MONTEIRO 485,CARTAO CEARA SEM FOME,VAREJO BOM,Parreão,Varejista,PARREÃO
FORTALEZA,43625413000174,,Fortaleza,CE,Deputado Orzette Filomeno 296,CARTAO CEARA SEM FOME,MERCADINHO NENEM,Cais do Porto,Supermercado,CAIS DO PORTO
FORTALEZA,43632899000178,,Fortaleza,CE,Paranapanema 471,CARTAO CEARA SEM FOME,TAPIOCARIA IMPERIO 88,Pici,Restaurante,PICI
FORTALEZA,43762967000113,,Fortaleza,CE,Doutor Elizeu Holanda 67,CARTAO CEARA SEM FOME,D & A SELF SERVICE,Antônio Diogo,Restaurante,ANTÔNIO DIOGO
FORTALEZA,43775315000113,,Fortaleza,CE,Rio Grande do Sul 1414,CARTAO CEARA SEM FOME,SUPER MAX,Demócrito Rocha,Mercado / Mini Mercado,DEMÓCRITO ROCHA
FORTALEZA,43789131000102,,Fortaleza,CE,Professor Leite Gondim 575,CARTAO CEARA SEM FOME,EFICIENCE PROJETOS E CONSULTORIA,Antônio Bezerra,Mercado / Mini Mercado,ANTÔNIO BEZERRA
FORTALEZA,43843915000171,(85) 3472-3912,Fortaleza,CE,Sargento Hermínio Sampaio 1359,CARTAO CEARA SEM FOME,CAMILA FERNANDES,São Gerardo,Mercado / Mini Mercado,SÃO GERARDO
FORTALEZA,44002862000129,,Fortaleza,CE,Imperatriz 1082,CARTAO CEARA SEM FOME,PANIFICADORA RME,Barra do Ceará,Padaria,BARRA DO CEARÁ
FORTALEZA,44137141000126,,Fortaleza,CE,Pereira de Miranda 81,CARTAO CEARA SEM FOME,PADARIA PAES DA SERRA,Papicu,Padaria,PAPICU
FORTALEZA,44238804000107,,Fortaleza,CE,Humberto Lomeu 2622,CARTAO CEARA SEM FOME,MERCEARIA LOIRA,Granja Portugal,Mercado / Mini Mercado,GRANJA PORTUGAL
FORTALEZA,44260535000177,,Fortaleza,CE,Oscar Verçosa 170,CARTAO CEARA SEM FOME,MERCADINHO YURI,Antônio Diogo,Mercado / Mini Mercado,ANTÔNIO DIOGO
FORTALEZA,44292678000160,,Fortaleza,CE,Desembargador Moreira 2617,CARTAO CEARA SEM FOME,FEIRA CAROÁ,Dionisio Torres,Mercado / Mini Mercado,DIONISIO TORRES
FORTALEZA,44368269000109,,Fortaleza,CE,Doutor Periguari 290,CARTAO CEARA SEM FOME,JANA SUPERMERCADO,Antônio Bezerra,Supermercado,ANTÔNIO BEZERRA
FORTALEZA,44381579000155,,Fortaleza,CE,São Tomaz de Aquino 407,CARTAO CEARA SEM FOME,MERCADINHO MIXX,Passaré,Mercado / Mini Mercado,PASSARÉ
FORTALEZA,44442644000105,,Fortaleza,CE,Banvarth Bezerra 293,CARTAO CEARA SEM FOME,J&K,Padre Andrade,Mercado / Mini Mercado,PADRE ANDRADE
FORTALEZA,44450980000108,,Fortaleza,CE,Joaquim Lima 2307,CARTAO CEARA SEM FOME,MERCADINHO N&A VARIEDADES,Papicu,Padaria,PAPICU
FORTALEZA,44484195000168,,Fortaleza,CE,Professor Cabral 558,CARTAO CEARA SEM FOME,PANIFICADORA FELIX,Parque Santa Rosa,Padaria,PARQUE SANTA ROSA
FORTALEZA,44504825000119,,Fortaleza,CE,6 1693,CARTAO CEARA SEM FOME,FREITAS PAN,Mondubim,Padaria,MONDUBIM
FORTALEZA,44568454000139,,Fortaleza,CE,Coronel Alves Teixeira 422,CARTAO CEARA SEM FOME,MERCADINHO ALVES TEIXEIRA,Joaquim Távora,Mercado / Mini Mercado,JOAQUIM TÁVORA
FORTALEZA,44730780000109,(85) 9941-89848,Fortaleza,CE,dos Jangadeiros 350,CARTAO CEARA SEM FOME,MERCADINHO SANTO ANTONIO,Mucuripe,Mercado / Mini Mercado,MUCURIPE
FORTALEZA,44803366000174,(85) 9925-70869,Fortaleza,CE,1 1095,CARTAO CEARA SEM FOME,MERCADINHO DIVA,Mondubim,Mercado / Mini Mercado,MONDUBIM
FORTALEZA,44984408000110,(85) 9810-10202,Fortaleza,CE,112 20,CARTAO CEARA SEM FOME,GALETO CARIOCA,Conjunto Esperança,Restaurante,CONJUNTO ESPERANÇA
FORTALEZA,45023339000141,(85) 9927-15143,Fortaleza,CE,Carnaubal 160,CARTAO CEARA SEM FOME,MERCADINHO E FRIGORIFICO NAX,Floresta,Mercado / Mini Mercado,FLORESTA
FORTALEZA,45033916000186,(85) 9889-98905,Fortaleza,CE,José Hipólito 1191,CARTAO CEARA SEM FOME,ACAI REAL BANDEIRANTES,Messejana,Lanchonete,MESSEJANA
FORTALEZA,45054703000130,(85) 9994-85449,Fortaleza,CE,Antônio Teixeira Leite 1000,CARTAO CEARA SEM FOME,GALETO SUPER + ASSADOS E BEBIDAS,Serrinha,Mercado / Mini Mercado,SERRINHA
FORTALEZA,45115838000169,,Fortaleza,CE,Maracanã 144,CARTAO CEARA SEM FOME,MEIRE DOCES,Parangaba,Padaria,PARANGABA
FORTALEZA,45148867000127,(85) 9991-54815,Fortaleza,CE,Guararema 330,CARTAO CEARA SEM FOME,MERCADINHO PADERIM,Granja Lisboa,Mercado / Mini Mercado,GRANJA LISBOA
FORTALEZA,45185011000121,,Fortaleza,CE,Viena Weyne 780,CARTAO CEARA SEM FOME,ADEGA DOS SOLANAS,Cambeba,Mercado / Mini Mercado,CAMBEBA
FORTALEZA,45259950000173,,Fortaleza,CE,A 331,CARTAO CEARA SEM FOME,MERCADINHO ASTRO,Mondubim,Mercado / Mini Mercado,MONDUBIM
FORTALEZA,45297560000198,,Fortaleza,CE,José Vilar 3229,CARTAO CEARA SEM FOME,DOCE EFEITO,Dionisio Torres,Padaria,DIONISIO TORRES
FORTALEZA,45406548000174,(85) 9965-07453,Fortaleza,CE,Edite Braga 858,CARTAO CEARA SEM FOME,JM SERVICOS,Bom Futuro,Mercado / Mini Mercado,BOM FUTURO
FORTALEZA,45542687000125,(85) 9943-21668,Fortaleza,CE,Q 58,CARTAO CEARA SEM FOME,"PJM VARIEDADES, MOTOBOY E MUSICO",Vila Velha,Lanchonete,VILA VELHA
FORTALEZA,45543915030412,(11) 1111-1111,Fortaleza,CE,Godofredo Maciel ,CARTAO CEARA SEM FOME,CARREFOUR,Parangaba,Alimentação,PARANGABA
FORTALEZA,45543915031818,11 11111111,Fortaleza,CE,Barão de Studart ,CARTAO CEARA SEM FOME,CARREFOUR,Joaquim Távora,Alimentação,JOAQUIM TÁVORA
FORTALEZA,45580137000109,(85) 9965-98805,Fortaleza,CE,Doutor Joaquim Bento 633,CARTAO CEARA SEM FOME,PANIFICADORA SABORITO,Messejana,Padaria,MESSEJANA
FORTALEZA,45610802000151,,Fortaleza,CE,Dom Quintino 595,CARTAO CEARA SEM FOME,IRIS BOMBONIERE,Pirambu,Mercado / Mini Mercado,PIRAMBU
FORTALEZA,45629671000154,,Fortaleza,CE,Pintor Antônio Bandeira 406,CARTAO CEARA SEM FOME,MERCADINHO SAMUEL,Cais do Porto,Mercado / Mini Mercado,CAIS DO PORTO
FORTALEZA,45690810000155,,Fortaleza,CE,Santo Amaro do Pici 251,CARTAO CEARA SEM FOME,ACOUGUE HORTIFRUT TODO DIA,Pici,Açougue,PICI
FORTALEZA,45763684000111,(85) 9920-94485,Fortaleza,CE,Cláudio Guimarães 115,CARTAO CEARA SEM FOME,SKINA DA CARNE,Quintino Cunha,Açougue,QUINTINO CUNHA
FORTALEZA,45802914000104,(85) 9997-36133,Fortaleza,CE,Valparaíso 379,CARTAO CEARA SEM FOME,FRIGORIFICO OCARA,Conjunto Palmeiras,Frigorifico,CONJUNTO PALMEIRAS
FORTALEZA,45830228000147,,Fortaleza,CE,Olavo Lima Silva 71,CARTAO CEARA SEM FOME,COMIDA CASEIRA,Patriolino Ribeiro,Restaurante,PATRIOLINO RIBEIRO
FORTALEZA,45911511000101,(85) 9274-6625,Fortaleza,CE,Gustavo Sampaio 427,CARTAO CEARA SEM FOME,BRAZUCA ALIMENTOS E VARIEDADES,Parquelândia,Mercado / Mini Mercado,PARQUELÂNDIA
FORTALEZA,46045810000165,,Fortaleza,CE,Independência 1412,CARTAO CEARA SEM FOME,MERCADINHO IMPERIAL,Jardim Guanabara,Mercado / Mini Mercado,JARDIM GUANABARA
FORTALEZA,46053024000100,(85) 9881-46554,Fortaleza,CE,General Osório de Paiva 1401,CARTAO CEARA SEM FOME,QUALITY FRIOS E LATICINIOS,Parangaba,Padaria,PARANGABA
FORTALEZA,46071554000180,,Fortaleza,CE,Professor Virgílio Morais 500,CARTAO CEARA SEM FOME,A3 COMERCIO E SERVICOS,Autran Nunes,Mercado / Mini Mercado,AUTRAN NUNES
FORTALEZA,46156633000194,(85) 9882-82722,Fortaleza,CE,dos Jangadeiros 754,CARTAO CEARA SEM FOME,FRANCISCO HENRIQUE,Mucuripe,Padaria,MUCURIPE
FORTALEZA,46176415000111,,Fortaleza,CE,José Cândido 541,CARTAO CEARA SEM FOME,MERCADINHO NL,Monte Castelo,Mercado / Mini Mercado,MONTE CASTELO
FORTALEZA,46213705000198,(85) 9978-91604,Fortaleza,CE,Professor Cabral 636,CARTAO CEARA SEM FOME,LIFE FITNESS,Parque Presidente Vargas,Lanchonete,PARQUE PRESIDENTE VARGAS
FORTALEZA,46262106000164,,Fortaleza,CE,Alberto Monteiro 433,CARTAO CEARA SEM FOME,KYPRECO,Antônio Diogo,Mercado / Mini Mercado,ANTÔNIO DIOGO
FORTALEZA,46295495000124,(85) 9855-98824,Fortaleza,CE,Melo Oliveira 724,CARTAO CEARA SEM FOME,SUPER PARCEIRO,Jóquei Clube,Mercado / Mini Mercado,JÓQUEI CLUBE
FORTALEZA,46374736000120,,Fortaleza,CE,Albertino Neto 39,CARTAO CEARA SEM FOME,MERC GILBERTO,Prefeito José Walter,Mercado / Mini Mercado,PREFEITO JOSÉ WALTER
FORTALEZA,46384957000180,,Fortaleza,CE,Olegário Memória 2773,CARTAO CEARA SEM FOME,MERCADINHO O PAREIA,Sapiranga,Mercado / Mini Mercado,SAPIRANGA
FORTALEZA,46387740000123,,Fortaleza,CE,C 546,CARTAO CEARA SEM FOME,W L MERCADINHO,Mondubim,Mercado / Mini Mercado,MONDUBIM
FORTALEZA,46399201000104,,Fortaleza,CE,Maria Júlia 1402,CARTAO CEARA SEM FOME,BLACK FOX SUPLEMENTOS,Bom Jardim,Mercado / Mini Mercado,BOM JARDIM
FORTALEZA,46442267000130,(85) 8794-9797,Fortaleza,CE,Magna 38,CARTAO CEARA SEM FOME,MERCADINHO WELINGTON,Conjunto Esperança,Supermercado,CONJUNTO ESPERANÇA
FORTALEZA,46476068000142,(85) 9894-99493,Fortaleza,CE,Suíça 842,CARTAO CEARA SEM FOME,MERCADINHO BIG FAMILIA,Manuel Sátiro,Supermercado,MANUEL SÁTIRO
FORTALEZA,46523358000108,,Fortaleza,CE,Raul Uchôa 442,CARTAO CEARA SEM FOME,NATURAIS VARIEDADES,Bom Futuro,Mercado / Mini Mercado,BOM FUTURO
FORTALEZA,46537669000118,,Fortaleza,CE,Heraclito Graça 826,CARTAO CEARA SEM FOME,TALWAN ITALO,Centro,Lanchonete,CENTRO
FORTALEZA,46603110000149,(85) 9921-91957,Fortaleza,CE,Romeu Martins 520,CARTAO CEARA SEM FOME,MERCADINHO MARQUES BOX,Montese,Mercado / Mini Mercado,MONTESE
FORTALEZA,46645471000158,,Fortaleza,CE,Coronel Virgílio Nogueira 730,CARTAO CEARA SEM FOME,COMERCIAL LIMA,Bom Jardim,Mercado / Mini Mercado,BOM JARDIM
FORTALEZA,46783860000140,,Fortaleza,CE,Professor José Arthur de Carvalho 1950,CARTAO CEARA SEM FOME,FARMACIA PARENTE,Lagoa Redonda,Farmacia,LAGOA REDONDA
FORTALEZA,46790206000163,(85) 3484-2184,Fortaleza,CE,Raimundo Nery 531,CARTAO CEARA SEM FOME,LARIMIX,Parque São José,Mercado / Mini Mercado,PARQUE SÃO JOSÉ
FORTALEZA,47019254000115,(85) 9990-56795,Fortaleza,CE,XIII 472,CARTAO CEARA SEM FOME,PANIFICADORA CANINDE,Canindezinho,Padaria,CANINDEZINHO
FORTALEZA,47034999000153,(85) 2136-4595,Fortaleza,CE,Coronel Fabriciano 2085,CARTAO CEARA SEM FOME,AURISTELA SUPERMERCADO,Granja Lisboa,Supermercado,GRANJA LISBOA
FORTALEZA,47079615000119,,Fortaleza,CE,Mozart Pinheiro de Lucena 2040,CARTAO CEARA SEM FOME,BOI BRABO FRIGORIFICO,Vila Velha,Açougue,VILA VELHA
FORTALEZA,47080622000130,,Fortaleza,CE,Barão do Rio Branco 3000,CARTAO CEARA SEM FOME,SUSHI VIBE FATIMA,Fátima,Restaurante,FÁTIMA
FORTALEZA,47080749000150,,Fortaleza,CE,Desembargador Praxedes 1999,CARTAO CEARA SEM FOME,CARLOS EUGENIO BAYMA DE HOLANDA,Vila União,Restaurante,VILA UNIÃO
FORTALEZA,47083145000167,(85) 3229-0384,Fortaleza,CE,Padre João Piamarta 599,CARTAO CEARA SEM FOME,VITORIANO SUPERMERCADO,Parreão,Supermercado,PARREÃO
FORTALEZA,47113630000136,,Fortaleza,CE,Minerva 39,CARTAO CEARA SEM FOME,SUPERMERCADO ARAGAO,Parque Genibaú,Supermercado,PARQUE GENIBAÚ
FORTALEZA,47128650000180,(85) 9813-47931,Fortaleza,CE,Joaquim Machado 620,CARTAO CEARA SEM FOME,PIZZARIA PASTEL & CIA,Paupina,Restaurante,PAUPINA
FORTALEZA,47133331000163,,Fortaleza,CE,Monsenhor Tabosa 1717,CARTAO CEARA SEM FOME,BOTCO D MARIANO,Meireles,Restaurante,MEIRELES
FORTALEZA,47157147000153,(88) 9880-39192,Fortaleza,CE,José Messias Matos 701,CARTAO CEARA SEM FOME,ARTE DA CARNE,Boa Vista,Açougue,BOA VISTA
FORTALEZA,47196348000160,(85) 8865-2610,Fortaleza,CE,D 68,CARTAO CEARA SEM FOME,MERCADINHO ROGERIO,Canindezinho,Mercado / Mini Mercado,CANINDEZINHO
FORTALEZA,47222521000157,(85) 9886-79285,Fortaleza,CE,1 1269,CARTAO CEARA SEM FOME,SUPER VICTOR,Mondubim,Supermercado,MONDUBIM
FORTALEZA,47237720000139,(85) 9877-95690,Fortaleza,CE,da Abolição 1816,CARTAO CEARA SEM FOME,QUITANDA QUIXADA,Meireles,Mercado / Mini Mercado,MEIRELES
FORTALEZA,47287916000138,(85) 9959-2114,Fortaleza,CE,Puebla 981,CARTAO CEARA SEM FOME,MERCADINHO EMANOEL,Prefeito José Walter,Mercado / Mini Mercado,PREFEITO JOSÉ WALTER
FORTALEZA,47317717000125,,Fortaleza,CE,Viena Weyne 290,CARTAO CEARA SEM FOME,KAISEN SUSHI BAR,Cambeba,Restaurante,CAMBEBA
FORTALEZA,47382398000131,(85) 8835-6717,Fortaleza,CE,Maestro Lisboa 3075,CARTAO CEARA SEM FOME,A M M PESCAS,Lagoa Redonda,Mercado / Mini Mercado,LAGOA REDONDA
FORTALEZA,47382824000137,(85) 9641-6850,Fortaleza,CE,Dioguinho 6330,CARTAO CEARA SEM FOME,PANIFICADORA E CAFETERIA AMIGAO,Antônio Diogo,Restaurante,ANTÔNIO DIOGO
FORTALEZA,47407882000178,(85) 8695-1584,Fortaleza,CE,Florêncio de Alencar 1000,CARTAO CEARA SEM FOME,COUNTRY BAR E RESTO,Vila Velha,Restaurante,VILA VELHA
FORTALEZA,47410133000108,(85) 8882-04130,Fortaleza,CE,Alberto Montezuma 194,CARTAO CEARA SEM FOME,FRANCINILDO BIZE,Vila União,Mercado / Mini Mercado,VILA UNIÃO
FORTALEZA,47411807000180,(85) 8700-1182,Fortaleza,CE,C 248 C,CARTAO CEARA SEM FOME,CASARAO DA PIZZA,Conjunto Ceará,Restaurante,CONJUNTO CEARÁ
FORTALEZA,47508411035707,(85 ) 3433 -9857,Fortaleza,CE,Santos Dumont ,CARTAO CEARA SEM FOME,PÃO DE AÇUCAR-1209-CENTER UM,Aldeota,Alimentação,ALDEOTA
FORTALEZA,47508411035960,(85 ) 433 -2663,Fortaleza,CE,da Abolição ,CARTAO CEARA SEM FOME,PÃO DE AÇUCAR-1004-NAUTICO,Meireles,Alimentação,MEIRELES
FORTALEZA,47508411036002,(11) 3886-0106,Fortaleza,CE,Aguanambi ,CARTAO CEARA SEM FOME,PÃO DE AÇÚCAR 1398 AGUANAMBI,Fátima,Alimentação,FÁTIMA
FORTALEZA,47508411059711,11 3886-0106,Fortaleza,CE,Senador Virgílio Távora ,CARTAO CEARA SEM FOME,PÃO DE AÇUCAR-1298-VIRGILO TAVORA,Dionisio Torres,Alimentação,DIONISIO TORRES
FORTALEZA,47508411083930,(85) 3433-2625,Fortaleza,CE,Washington Soares ,CARTAO CEARA SEM FOME,PÃO DE AÇUCAR-2374-BUENA VISTA,Edson Queiroz,Alimentação,EDSON QUEIROZ
FORTALEZA,47508411093570,85 452-5395,Fortaleza,CE,Santos Dumont ,CARTAO CEARA SEM FOME,PÃO DE AÇUCAR-1220-SAO JOAO,Centro,Alimentação,CENTRO
FORTALEZA,47508411103125,11 3886-0106,Fortaleza,CE,Deputado Oswaldo Studart ,CARTAO CEARA SEM FOME,MERCADO EXTRA-1404-RODOVIARIA,Fátima,Alimentação,FÁTIMA
FORTALEZA,47508411106817,(85) 3433-9877,Fortaleza,CE,da Abolição ,CARTAO CEARA SEM FOME,PÃO DE AÇUCAR-1257-MUCURIPE,Meireles,Alimentação,MEIRELES
FORTALEZA,47508411107465,11 3886-0106,Fortaleza,CE,Dom Luís ,CARTAO CEARA SEM FOME,PÃO DE AÇUCAR-1249-SHOPPING ALDEOTA,Meireles,Alimentação,MEIRELES
FORTALEZA,47508411116880,(85  )  3433-5346,Fortaleza,CE,Bezerra de Menezes 571,CARTAO CEARA SEM FOME,PÃO DE AÇUCAR-2375-SAO GERARDO,São Gerardo,Alimentação,SÃO GERARDO
FORTALEZA,47613486000105,,Fortaleza,CE,Conselheiro Estelita 605,CARTAO CEARA SEM FOME,FRANCISCO JOSE BALTAZAR VIANA 16639790300,Centro,Mercado / Mini Mercado,CENTRO
FORTALEZA,47705848000180,(85) 9853-98123,Fortaleza,CE,Raimundo Ribeiro 98,CARTAO CEARA SEM FOME,MERCANTIL JM,Autran Nunes,Mercado / Mini Mercado,AUTRAN NUNES
FORTALEZA,47837751000120,(85) 8613-2371,Fortaleza,CE,Dezenove de Março 54,CARTAO CEARA SEM FOME,MR. JOHN YAKISSOBA,Mondubim,Restaurante,MONDUBIM
FORTALEZA,47843758000155,,Fortaleza,CE,José Pedra 1028,CARTAO CEARA SEM FOME,KI FRUTAS E VERDURAS,Parque Dois Irmãos,Mercado / Mini Mercado,PARQUE DOIS IRMÃOS
FORTALEZA,47940906000150,,Fortaleza,CE,Floro Bartolomeu 1012,CARTAO CEARA SEM FOME,RESTAURANTE E MERCEARIA DA VIVI,São João do Tauape,Restaurante,SÃO JOÃO DO TAUAPE
FORTALEZA,48159742000190,,Fortaleza,CE,Peri 940,CARTAO CEARA SEM FOME,MERCADINHO CARLINHO,Barra do Ceará,Mercado / Mini Mercado,BARRA DO CEARÁ
FORTALEZA,48196437000179,,Fortaleza,CE,Capitão Herminio 668,CARTAO CEARA SEM FOME,NOVO CORDEIRO,Parque Santa Maria,Supermercado,PARQUE SANTA MARIA
FORTALEZA,48201961000190,,Fortaleza,CE,Luiz Guimarães 88,CARTAO CEARA SEM FOME,MERCADINHO ZE DAS BANANAS,Presidente Kennedy,Mercado / Mini Mercado,PRESIDENTE KENNEDY
FORTALEZA,48219821000140,,Fortaleza,CE,General Clarindo de Queiroz 1745,CARTAO CEARA SEM FOME,PEIXARIA DO IRMAO,Centro,Peixaria,CENTRO
FORTALEZA,48271479000127,,Fortaleza,CE,Francisco Domingos 1388 A,CARTAO CEARA SEM FOME,SUPERMERCADO ATACADAO AGUIAR,Granja Portugal,Supermercado,GRANJA PORTUGAL
FORTALEZA,48326005000135,(85) 3219-7005,Fortaleza,CE,Monsenhor Tabosa 451,CARTAO CEARA SEM FOME,MARMITARIA E DE CASA,Centro,Restaurante,CENTRO
FORTALEZA,48368160000114,,Fortaleza,CE,L 1312,CARTAO CEARA SEM FOME,PEIXARIA E FRUTARIA O FLAVIO,Vila Velha,Peixaria,VILA VELHA
FORTALEZA,48683110000121,,Fortaleza,CE,Santa Maria 18,CARTAO CEARA SEM FOME,NANAS VARIEDADES,Antônio Diogo,Mercado / Mini Mercado,ANTÔNIO DIOGO
FORTALEZA,48720286000106,(85) 9139-6392,Fortaleza,CE,R LUIS TORRES 85,CARTAO CEARA SEM FOME,ACARAJE DO BAIANO EM FORTALEZA,Dendê,Restaurante,DENDÊ
FORTALEZA,48740785000165,(85) 8782-4749,Fortaleza,CE,Cônego Lima Sucupira 2304,CARTAO CEARA SEM FOME,LANCHE NET BAR E MARMITARIA,Itaoca,Restaurante,ITAOCA
FORTALEZA,48793884000105,,Fortaleza,CE,Gentil Pereira Junior 62,CARTAO CEARA SEM FOME,MERCANTIL SUPER BENDITO,Canindezinho,Mercado / Mini Mercado,CANINDEZINHO
FORTALEZA,48853845000156,,Fortaleza,CE,Taxista João Henrique 160,CARTAO CEARA SEM FOME,SM MERCADO,Pedras,Mercado / Mini Mercado,PEDRAS
FORTALEZA,48973365000129,(85) 9912-62727,Fortaleza,CE,Santa Clara do Pici 260,CARTAO CEARA SEM FOME,MERCADINHO DIAMANTE,Pici,Supermercado,PICI
FORTALEZA,48995473000100,,Fortaleza,CE,Major Celestino 767,CARTAO CEARA SEM FOME,KATHRYN TUDO TEM,Antônio Bezerra,Mercado / Mini Mercado,ANTÔNIO BEZERRA
FORTALEZA,49258659000131,(85) 9960-72622,Fortaleza,CE,Núbia Araújo Cavalcante 167,CARTAO CEARA SEM FOME,SUPER IP ALBUQUERQUE,Siqueira,Supermercado,SIQUEIRA
FORTALEZA,49267774000172,(85) 9993-44458,Fortaleza,CE,Joaquim Nabuco 1915,CARTAO CEARA SEM FOME,FRIGIHORTFRUTS,Aldeota,Mercado / Mini Mercado,ALDEOTA
FORTALEZA,49271681000111,,Fortaleza,CE,PADRE ANCHIETA - DE 321/322 A 938/939 733,CARTAO CEARA SEM FOME,MARMITEX DO DARI,Monte Castelo,Padaria,MONTE CASTELO
FORTALEZA,49297010000120,,Fortaleza,CE,José Hipólito 3125,CARTAO CEARA SEM FOME,KI DELICIA,Messejana,Padaria,MESSEJANA
FORTALEZA,49316527000119,(85) 8956-6200,Fortaleza,CE,Mozart Pinheiro de Lucena 3274,CARTAO CEARA SEM FOME,SUPER MAX,Quintino Cunha,Mercado / Mini Mercado,QUINTINO CUNHA
FORTALEZA,49390932000187,(85) 8775-2434,Fortaleza,CE,Francisco Sá 5481 A,CARTAO CEARA SEM FOME,CICERO MENEZES VASCONCELOS,Barra do Ceará,Padaria,BARRA DO CEARÁ
FORTALEZA,49409703000167,,Fortaleza,CE,Santiago 714,CARTAO CEARA SEM FOME,MERCADINHO LEAL,Serrinha,Mercado / Mini Mercado,SERRINHA
FORTALEZA,49563236000125,,Fortaleza,CE,José Mendonça 480,CARTAO CEARA SEM FOME,MERCADINHO O CARIRI,Parque Genibaú,Mercado / Mini Mercado,PARQUE GENIBAÚ
FORTALEZA,49591869000147,,Fortaleza,CE,Luciano Lira 492,CARTAO CEARA SEM FOME,MERCADINHO MIGUEL ARRAIS,Siqueira,Mercado / Mini Mercado,SIQUEIRA
FORTALEZA,49614748000173,,Fortaleza,CE,Guilherme Rocha 510,CARTAO CEARA SEM FOME,SOL PRODUTOS NATURAIS,Centro,Alimentação,CENTRO
FORTALEZA,49645119000100,(85) 9196-9283,Fortaleza,CE,Raimundo Estevão 373,CARTAO CEARA SEM FOME,RV MERCADINHO,Pedras,Mercado / Mini Mercado,PEDRAS
FORTALEZA,49665402000102,(85) 9114-0077,Fortaleza,CE,F 81,CARTAO CEARA SEM FOME,R&R CARNES,Prefeito José Walter,Restaurante,PREFEITO JOSÉ WALTER
FORTALEZA,49721037000106,(85) 8755-7692,Fortaleza,CE,D 630,CARTAO CEARA SEM FOME,SALGADINHO OFICIAL,Prefeito José Walter,Padaria,PREFEITO JOSÉ WALTER
FORTALEZA,49751785000123,(85) 9823-00336,Fortaleza,CE,Liberato Barroso 737,CARTAO CEARA SEM FOME,MARMITARIA TIA ROSA,Centro,Lanchonete,CENTRO
FORTALEZA,49889274000172,,Fortaleza,CE,Camélia 742,CARTAO CEARA SEM FOME,RESTAURANTE TO COM FOME,Cristo Redentor,Restaurante,CRISTO REDENTOR
FORTALEZA,49920400000104,(85) 8703-4459,Fortaleza,CE,8 60,CARTAO CEARA SEM FOME,MERCADINHO PENHA,Passaré,Mercado / Mini Mercado,PASSARÉ
FORTALEZA,49931775000170,,Fortaleza,CE,Maria Júlia 1536,CARTAO CEARA SEM FOME,FRIGORIFICO MC CARNES,Bom Jardim,Açougue,BOM JARDIM
FORTALEZA,49996627000133,(85) 9246-3854,Fortaleza,CE,Nossa Senhora das Graças 1254,CARTAO CEARA SEM FOME,NUBIA ANDRADE,Pirambu,Restaurante,PIRAMBU
FORTALEZA,50038275000192,(85) 9778-2700,Fortaleza,CE,1 sn,CARTAO CEARA SEM FOME,MERCANTIL M&D,Parque Presidente Vargas,Mercado / Mini Mercado,PARQUE PRESIDENTE VARGAS
FORTALEZA,50040851000136,(85) 3274-4196,Fortaleza,CE,Ana Brito 650,CARTAO CEARA SEM FOME,SUPER OLIVEIRA,Mondubim,Supermercado,MONDUBIM
FORTALEZA,50054523000199,(85) 3261-2781,Fortaleza,CE,Torres Câmara 428,CARTAO CEARA SEM FOME,VAQUEIRO GRILL,Aldeota,Mercado / Mini Mercado,ALDEOTA
FORTALEZA,50231852000168,(85) 9853-44439,Fortaleza,CE,Joaquim Ferreira 433,CARTAO CEARA SEM FOME,MERCADINHO DANIEL,Lagoa Redonda,Mercado / Mini Mercado,LAGOA REDONDA
FORTALEZA,50252362000148,(85) 9131-7651,Fortaleza,CE,Raimundo Bizarria 719,CARTAO CEARA SEM FOME,FRIGORIFICO LAEL,Floresta,Mercado / Mini Mercado,FLORESTA
FORTALEZA,50330082000100,(85) 9960-16059,Fortaleza,CE,Miguel Aragão 800,CARTAO CEARA SEM FOME,MARCOS GAS,Mondubim,Mercado / Mini Mercado,MONDUBIM
FORTALEZA,50331229000187,(85) 8603-3466,Fortaleza,CE,68 270,CARTAO CEARA SEM FOME,BUDEGA DO SERTAO,Prefeito José Walter,Mercado / Mini Mercado,PREFEITO JOSÉ WALTER
FORTALEZA,50512306000103,,Fortaleza,CE,do Trilho 1103,CARTAO CEARA SEM FOME,MERCADINHO ALEXANDRE,Moura Brasil,Alimentação,MOURA BRASIL
FORTALEZA,50631079000127,,Fortaleza,CE,Minas Gerais 490,CARTAO CEARA SEM FOME,ROBERTUSS SERVICOS E SOLUCOES,Pan Americano,Mercado / Mini Mercado,PAN AMERICANO
FORTALEZA,51167063000178,,Fortaleza,CE,Castelo de Castro 383,CARTAO CEARA SEM FOME,REI DAVI SUPERMERCADOS,Jangurussu,Supermercado,JANGURUSSU
FORTALEZA,51258528000104,,Fortaleza,CE,Demétrio Menezes 3467,CARTAO CEARA SEM FOME,REAL LANCHES,Padre Andrade,Lanchonete,PADRE ANDRADE
FORTALEZA,51294652000117,(85) 9999-16537,Fortaleza,CE,Cesário Lange 100,CARTAO CEARA SEM FOME,ATACADAO REIPHARMA,Messejana,Supermercado,MESSEJANA
FORTALEZA,51511265000195,(85) 9866-97855,Fortaleza,CE,311 59,CARTAO CEARA SEM FOME,SUPERMERCADO ERIVALDO,Conjunto Ceará,Mercado / Mini Mercado,CONJUNTO CEARÁ
FORTALEZA,51990546000178,,Fortaleza,CE,Olímpio Batista 149,CARTAO CEARA SEM FOME,CHABOM PRODUTOS NATURAIS,Canindezinho,Mercado / Mini Mercado,CANINDEZINHO
FORTALEZA,52938553000193,,Fortaleza,CE,35 1331,CARTAO CEARA SEM FOME,SUPERMERCADO EBENEZER,Jangurussu,Supermercado,JANGURUSSU
FORTALEZA,53196631000194,,Fortaleza,CE,Nelson Coelho 665,CARTAO CEARA SEM FOME,BARATAO CURIO,Lagoa Redonda,Supermercado,LAGOA REDONDA
FORTALEZA,53272273000151,,Fortaleza,CE,Ada Pimentel 1171 A,CARTAO CEARA SEM FOME,MERCADINHO DO PEIXE,Jangurussu,Mercado / Mini Mercado,JANGURUSSU
FORTALEZA,53384026000147,,Fortaleza,CE,João Vítor 1638,CARTAO CEARA SEM FOME,MERCADINHO E FRIGORIFICO O MACHADINHO,Siqueira,Mercado / Mini Mercado,SIQUEIRA
FORTALEZA,54093439000135,,Fortaleza,CE,Afonso Lopes 1415,CARTAO CEARA SEM FOME,MERCADINHO AGUIAR,Parque Dois Irmãos,Mercado / Mini Mercado,PARQUE DOIS IRMÃOS
FORTALEZA,54825350000116,,Fortaleza,CE,Minerva 39,CARTAO CEARA SEM FOME,SUPERMERCADO ARAGÃO,Parque Genibaú,Supermercado,PARQUE GENIBAÚ
FORTALEZA,54910123000199,,Fortaleza,CE,Professor Francisco Carlos 1245,CARTAO CEARA SEM FOME,MERCADINHO POPULAR,São Bento,Mercado / Mini Mercado,SÃO BENTO
FORTALEZA,55332474000122,,Fortaleza,CE,Doutor Periguari 290,CARTAO CEARA SEM FOME,AGUIAR SUPERMERCADO,Antônio Bezerra,Supermercado,ANTÔNIO BEZERRA
FORTALEZA,56345206000108,,Fortaleza,CE,Tebas 141,CARTAO CEARA SEM FOME,MERCADINHO DOURADO,Siqueira,Mercado / Mini Mercado,SIQUEIRA
FORTALEZA,57013763000194,,Fortaleza,CE,A 11 A,CARTAO CEARA SEM FOME,SUPER CAJAZEIRAS,Cajazeiras,Supermercado,CAJAZEIRAS
FORTALEZA,57240365000100,,Fortaleza,CE,Maria Mirtes Pereira 1291,CARTAO CEARA SEM FOME,NOSSA CASA EXPRESS,Passaré,Mercado / Mini Mercado,PASSARÉ
FORTALEZA,57930590000179,,Fortaleza,CE,Coronel Virgílio Nogueira 1074,CARTAO CEARA SEM FOME,DANIEL SUPERMERCADO,Granja Lisboa,Supermercado,GRANJA LISBOA
FORTALEZA,57930590000250,,Fortaleza,CE,IX 349,CARTAO CEARA SEM FOME,DANIEL SUPERMERCADOS,Canindezinho,Supermercado,CANINDEZINHO
FORTALEZA,58227771000104,,Fortaleza,CE,Padre Renato 1581,CARTAO CEARA SEM FOME,PADARIA NOVO SIQUEIRA,Siqueira,Padaria,SIQUEIRA
FORTALEZA,58480045000190,,Fortaleza,CE,Umarizeiras 2137 A,CARTAO CEARA SEM FOME,O PONTO CERTO DA ECONOMIA,Parque Presidente Vargas,Supermercado,PARQUE PRESIDENTE VARGAS
FORTALEZA,59258535000100,,Fortaleza,CE,Betel 1841,CARTAO CEARA SEM FOME,SUPER VIEIRA,Dendê,Mercado / Mini Mercado,DENDÊ
FORTALEZA,59455969000108,,Fortaleza,CE,Monte Cristo 7563,CARTAO CEARA SEM FOME,MERCANTIL QUEIROZ,Aerolândia,Mercado / Mini Mercado,AEROLÂNDIA
FORTALEZA,59788340000171,,Fortaleza,CE,Francisco Calaça 232,CARTAO CEARA SEM FOME,MERCADINHO CASA BRANCA,Barra do Ceará,Mercado / Mini Mercado,BARRA DO CEARÁ
FORTALEZA,63363279000198,,Fortaleza,CE,Nossa Senhora das Graças 1156,CARTAO CEARA SEM FOME,MERCADINHO O MOISES,Pirambu,Mercado / Mini Mercado,PIRAMBU
FORTALEZA,63378665000153,(08) 5348-89984,Fortaleza,CE,Godofredo Maciel ,CARTAO CEARA SEM FOME,PINHEIRO SUPERMERCADO,Parangaba,Supermercado,PARANGABA
FORTALEZA,63379986000172,(85) 9843-31446,Fortaleza,CE,Antônio Gentil 1217,CARTAO CEARA SEM FOME,SUPERMERCADO SARAIVA,Sapiranga,Supermercado,SAPIRANGA
FORTALEZA,63383442000184,(85) 3272-6642,Fortaleza,CE,Tenente Barbosa 115,CARTAO CEARA SEM FOME,FRIGOFRUTA PINHEIRO,Alto da Balança,Açougue,ALTO DA BALANÇA
FORTALEZA,63549356000107,(85) 3294-0477,Fortaleza,CE,Gonçalo Coelho 1446,CARTAO CEARA SEM FOME,M. G. MERCEARIA,Parque Genibaú,Mercado / Mini Mercado,PARQUE GENIBAÚ
FORTALEZA,63552947000125,,Fortaleza,CE,Raimundo Frota 585,CARTAO CEARA SEM FOME,MERCADINHO,Barra do Ceará,Mercado / Mini Mercado,BARRA DO CEARÁ
FORTALEZA,63560221000134,,Fortaleza,CE,DESEMBARGADOR PRAXEDES 1995,CARTAO CEARA SEM FOME,BAYMA S,Vila União,Mercado / Mini Mercado,VILA UNIÃO
FORTALEZA,63563647000575,(85) 3291-2233,Fortaleza,CE,General Rabelo 447,CARTAO CEARA SEM FOME,MERCANTIL MEDEIROS LTDA,Siqueira,Supermercado,SIQUEIRA
FORTALEZA,63563647000656,,Fortaleza,CE,Evaldo Braga 821,CARTAO CEARA SEM FOME,MERCANTIL MEDEIROS,Conjunto Palmeiras,Supermercado,CONJUNTO PALMEIRAS
FORTALEZA,63564801000108,(85) 9969-51120,Fortaleza,CE,Jaqueline 53,CARTAO CEARA SEM FOME,CCA CE,São João do Tauape,Cooperativa,SÃO JOÃO DO TAUAPE
FORTALEZA,69360758000137,(85) 3496-4081,Fortaleza,CE,MELO DE OLIVEIRA 725,CARTAO CEARA SEM FOME,COMERCIAL MOTA,João XXIII,Alimentação,JOÃO XXIII
FORTALEZA,69361376000128,(85) 3111-0626,Fortaleza,CE,Lavras do Sul 146,CARTAO CEARA SEM FOME,SUPERMERCADO PARENTE,Autran Nunes,Supermercado,AUTRAN NUNES
FORTALEZA,69369791000128,(85) 3484-9793,FORTALEZA,CE,TRAVESSA MACAU 120,CARTAO CEARA SEM FOME,MERCADINHO BOM PREÇO,BONSUCESSO,Refeição,BONSUCESSO
FORTALEZA,69704674000173,(85) 3484-1475,Fortaleza,CE,Rubi 7,CARTAO CEARA SEM FOME,MERCADINHO Q BARATO,Mondubim,Mercado / Mini Mercado,MONDUBIM
FORTALEZA,69707172000104,,Fortaleza,CE,Manuel da Nóbrega 274,CARTAO CEARA SEM FOME,J ANTONIO BEZERRA,Manuel Sátiro,Supermercado,MANUEL SÁTIRO
FORTALEZA,72103641000182,(81) 3286-1161,FORTALEZA,CE,RUA CARLOS GONDIN 329,CARTAO CEARA SEM FOME,MERCADINHO DA GENTE,JARDIM GUANABARA,Mercado / Mini Mercado,JARDIM GUANABARA
FORTALEZA,72120199000283,(85) 3099-7733,Fortaleza,CE,BARAO DO CRATO 1041,CARTAO CEARA SEM FOME,EXITO MERCANTIL,Monte Castelo,Supermercado,MONTE CASTELO
FORTALEZA,72120199000445,,Fortaleza,CE,Washington Soares 600,CARTAO CEARA SEM FOME,EXITO SUPERMERCADO,Patriolino Ribeiro,Supermercado,PATRIOLINO RIBEIRO
FORTALEZA,72203359000177,(85) 3493-1718,Fortaleza,CE,105 54,CARTAO CEARA SEM FOME,MERCADINHO TROPICAL,Parque Dois Irmãos,Mercado / Mini Mercado,PARQUE DOIS IRMÃOS
FORTALEZA,72257918000121,(85) 3274-4704,Fortaleza,CE,José Moreira 546,CARTAO CEARA SEM FOME,PEDRO LOPES NOBRE,Parque Santa Maria,Mercado / Mini Mercado,PARQUE SANTA MARIA
FORTALEZA,72284284000287,(85) 9814-63377,Fortaleza,CE,Presidente Castelo Branco 3936,CARTAO CEARA SEM FOME,ALBERTO FRUTAS,Carlito Pamplona,Alimentação,CARLITO PAMPLONA
FORTALEZA,72320336000142,(85) 3212-8484,Fortaleza,CE,do Patrocínio 10,CARTAO CEARA SEM FOME,AGP PIMENTINHA,Centro,Mercado / Mini Mercado,CENTRO
FORTALEZA,72336092000196,(85) 3245-4587,Fortaleza,CE,R BOM JESUS 1409,CARTAO CEARA SEM FOME,MERCADINHO SOARES,Centro,Mercado / Mini Mercado,CENTRO
FORTALEZA,73446890000133,(85) 3022-1070,Fortaleza,CE,Professor Costa Mendes 609,CARTAO CEARA SEM FOME,DELICATESSEM MENDES,Bom Futuro,Padaria,BOM FUTURO
FORTALEZA,73446890000214,(85) 3022-1070,Fortaleza,CE,Vicente Padilha 103,CARTAO CEARA SEM FOME,MENDES DELICATESSEM,Vila União,Padaria,VILA UNIÃO
FORTALEZA,73446890000303,(85) 3022-1070,Fortaleza,CE,Barão de Studart 777,CARTAO CEARA SEM FOME,MENDES DELICATESSEN,Aldeota,Padaria,ALDEOTA
FORTALEZA,73575078000108,(85) 3087-9115,Fortaleza,CE,Senador Pompeu ,CARTAO CEARA SEM FOME,NATUREZA PURA ALIMEN,Centro,Refeição,CENTRO
FORTALEZA,74010216000174,(85) 4141-4981,Fortaleza,CE,R TRES 64,CARTAO CEARA SEM FOME,MERCADINHO CONFIANCA,Maraponga,Mercado / Mini Mercado,MARAPONGA
FORTALEZA,86979903000181,,Fortaleza,CE,Professor José Henrique 27,CARTAO CEARA SEM FOME,MESSE PLAST,Messejana,Padaria,MESSEJANA
FORTIM,1733241000102,(88) 9822-32657,Fortim,CE,JOAQUIM PERGENTINO 19,CARTAO CEARA SEM FOME,MERCADINHO OLIVEIRA,Centro,Mercado / Mini Mercado,CENTRO
FORTIM,2616037000174,,Fortim,CE,ANTONIO SOUSA FILHO 298,CARTAO CEARA SEM FOME,MERCADINHO PEREIRA,Centro,Mercado / Mini Mercado,CENTRO
FORTIM,8701648000288,(88) 9923-84038,Fortim,CE,AV JOAQUIM CRISOSTOMO 938,CARTAO CEARA SEM FOME,SUPER COMPLEXO SAO JOSE,Centro,Supermercado,CENTRO
FORTIM,9206703000145,(88) 3413-1217,Fortim,CE,R JOAQUIM PERGENTINO MAIA 279,CARTAO CEARA SEM FOME,MINIBOX FORTIM,Centro,Supermercado,CENTRO
FORTIM,9206703000498,,Fortim,CE,AV JOAQUIM CRISOSTOMO 1300,CARTAO CEARA SEM FOME,MINIBOX FORTIM MALL,Centro,Supermercado,CENTRO
FORTIM,9489729000148,,Fortim,CE,R JOAQUIM CRISOSTOMO 1010,CARTAO CEARA SEM FOME,MERCADINHO SERAFIM,Centro,Mercado / Mini Mercado,CENTRO
FORTIM,12116090000160,,Fortim,CE,R MAURO CAVALCANTE SN,CARTAO CEARA SEM FOME,FRANCINEIDE DA COSTA SOUZA,Centro,Mercado / Mini Mercado,CENTRO
FORTIM,63353718000181,,Fortim,CE,R RAIMUNDO GURGEL MAIA 734,CARTAO CEARA SEM FOME,F F NETO MERCEARIA,Centro,Mercado / Mini Mercado,CENTRO
FRECHEIRINHA,24550983000106,,Frecheirinha,CE,antonio pereira de lira 120,CARTAO CEARA SEM FOME,ANA CAROLINA SOARES REIS COSTA,Centro,Mercado / Mini Mercado,CENTRO
FRECHEIRINHA,29045055000523,,Frecheirinha,CE,R NOBERTO RODRIGUES 1046,CARTAO CEARA SEM FOME,VAREJAO SUPER BARATO FRECHEIRINHA,Centro,Mercado / Mini Mercado,CENTRO
FRECHEIRINHA,29426922000147,(88) 9949-61460,Frecheirinha,CE,REGINO CUSTODIO 77,CARTAO CEARA SEM FOME,COMERCIAL PONTES,Centro,Mercado / Mini Mercado,CENTRO
FRECHEIRINHA,39860294000167,(88) 9927-96939,Frecheirinha,CE,R CAPITAO JOAQUIM FRANCISCO 0,CARTAO CEARA SEM FOME,SUPER BARATEIRO,Centro,Supermercado,CENTRO
FRECHEIRINHA,54894406000194,,Frecheirinha,CE,R CAPITAO JOAQUIM FRANCISCO 1160,CARTAO CEARA SEM FOME,MERCANTIL PAGUE MENOS,Centro,Mercado / Mini Mercado,CENTRO
FRECHEIRINHA,73784878000139,,Frecheirinha,CE,noberto rodrigues sn,CARTAO CEARA SEM FOME,OSMAR COSTA DA SILVA,Centro,Mercado / Mini Mercado,CENTRO
GENERAL SAMPAIO,7559404000169,(85) 9876-73621,General Sampaio,CE,DELFINO GOMES 23,CARTAO CEARA SEM FOME,COMERCIAL OLIVEIRA,Centro,Mercado / Mini Mercado,CENTRO
GENERAL SAMPAIO,7955101000165,(85) 3235-1295,General Sampaio,CE,R JOSE SEVERINO FILHO 16,CARTAO CEARA SEM FOME,RAIMUNDO NONATO SOARES DE LIMA,Centro,Supermercado,CENTRO
GENERAL SAMPAIO,12654728000116,(85) 3343-0395,General Sampaio,CE,R JOSE SEVERINO FILHO 252,CARTAO CEARA SEM FOME,MERCADINHO O WALBER,Centro,Mercado / Mini Mercado,CENTRO
GENERAL SAMPAIO,26232845000104,,General Sampaio,CE,R FILOMENA BARBOSA DE OLIVEIRA 01,CARTAO CEARA SEM FOME,MERCADINHO SR VALDO,Centro,Mercado / Mini Mercado,CENTRO
GENERAL SAMPAIO,30289489000124,(85) 9870-51810,General Sampaio,CE,AV JOSE SEVERINO FILHO 2710,CARTAO CEARA SEM FOME,MARINHEIRO SUPERMERCADO,Centro,Supermercado,CENTRO
GENERAL SAMPAIO,35230532000108,,General Sampaio,CE,AV AVENIDA JOSE FELIX 579,CARTAO CEARA SEM FOME,AVMIL,Centro,Mercado / Mini Mercado,CENTRO
GENERAL SAMPAIO,42789334000136,,General Sampaio,CE,R JOSE FELIX 587,CARTAO CEARA SEM FOME,MERCADINHO JN,Centro,Mercado / Mini Mercado,CENTRO
GRANJA,5018831000104,,Granja,CE,da independencia 708,CARTAO CEARA SEM FOME,RAIMUNDO FREIRE ALVES,Centro,Mercado / Mini Mercado,CENTRO
GRANJA,8058628000150,,Granja,CE,R PEDRO PORTELA 509,CARTAO CEARA SEM FOME,MERCADINHO PORTELA,Centro,Mercado / Mini Mercado,CENTRO
GRANJA,8484912000279,,Granja,CE,R FRANCISCO SOUSA 292,CARTAO CEARA SEM FOME,SUPER ATACAREJO O HELENO,Centro,Supermercado,CENTRO
GRANJA,8743879000173,,Granja,CE,R PESSOA ANTA 682,CARTAO CEARA SEM FOME,SACOLAO IBIAPABA,Centro,Mercado / Mini Mercado,CENTRO
GRANJA,9135728000103,,Granja,CE,CRG DA RAIZ 01,CARTAO CEARA SEM FOME,GRANJA 2 CORACOES,Centro,Mercado / Mini Mercado,CENTRO
GRANJA,11090114000196,,Granja,CE,R MARTINIANO FONTENELE 409,CARTAO CEARA SEM FOME,MERCADINHO NOSSA SENHORA DA CONCEICAO,Centro,Mercado / Mini Mercado,CENTRO
GRANJA,12219245000193,,Granja,CE,R DA GUARITA 1034 A,CARTAO CEARA SEM FOME,JR VARIEDADES,Centro,Mercado / Mini Mercado,CENTRO
GRANJA,12975890000136,,Granja,CE,TIAGO RIBAS 272,CARTAO CEARA SEM FOME,MERCADINHO CONFIANCA VARIEDADES,Centro,Mercado / Mini Mercado,CENTRO
GRANJA,15297786000128,(88) 9929-11641,Granja,CE,R OLAVO OLIVEIRA' 129,CARTAO CEARA SEM FOME,FRIGORIFICO BETINHO,Centro,Frigorifico,CENTRO
GRANJA,18504939000159,,Granja,CE,R PESSOA ANTA 530,CARTAO CEARA SEM FOME,MERCANTIL ONOFRE,Centro,Mercado / Mini Mercado,CENTRO
GRANJA,20615424000178,,Granja,CE,AV PREFEITO FRANCISCO SOUSA 188,CARTAO CEARA SEM FOME,ELE MERCADINHO,Centro,Mercado / Mini Mercado,CENTRO
GRANJA,21211165000182,,Granja,CE,R CEL JOSE ELIAS 327,CARTAO CEARA SEM FOME,MERCADINHO DONA ROZA,Centro,Mercado / Mini Mercado,CENTRO
GRANJA,21931287000143,(88) 9971-28471,Granja,CE,VL CAJUEIRO DOS COUTINHOS 20,CARTAO CEARA SEM FOME,MERCEARIA DA GILDETE,Centro,Mercado / Mini Mercado,CENTRO
GRANJA,34172329000151,,Granja,CE,R PESSOA ANTA 658,CARTAO CEARA SEM FOME,VAREJAO SUPER BARATO,Centro,Mercado / Mini Mercado,CENTRO
GRANJA,39998048000176,,Granja,CE,R SETOR CONSELHO TIMONHA SN,CARTAO CEARA SEM FOME,MERCADO MARIA TOINHO,Centro,Mercado / Mini Mercado,CENTRO
GRANJA,41425729000197,,Granja,CE,R MARTINIANO FONTENELE 588,CARTAO CEARA SEM FOME,JONAS VARIEDADES,Centro,Mercado / Mini Mercado,CENTRO
GRANJA,44063334000180,,Granja,CE,10 R MARTINIANO FONTENELE 311,CARTAO CEARA SEM FOME,MERCADINHO SAO PEDRO,Centro,Mercado / Mini Mercado,CENTRO
GRANJA,48428135000189,,Granja,CE,R VICENTE FERREIRA 594,CARTAO CEARA SEM FOME,ATACAREJO JR BALCAO,Centro,Supermercado,CENTRO
GRANJA,52185954000110,,Granja,CE,R 13 DE DEZEMBRO 243,CARTAO CEARA SEM FOME,MERCANTIL SAO JOAQUIM,Centro,Mercado / Mini Mercado,CENTRO
GRANJEIRO,1925348000152,,Granjeiro,CE,R RAIMUNDO IDELFONSO 127,CARTAO CEARA SEM FOME,MERCEARIA CALISTO,Centro,Mercado / Mini Mercado,CENTRO
GRANJEIRO,15514266000120,,Granjeiro,CE,RAIMUNDO IDELFONSO 92,CARTAO CEARA SEM FOME,MARIA CICERA MOREIRA DE AQUINO ME,Centro,Mercado / Mini Mercado,CENTRO
GRANJEIRO,19795911000180,(88) 9921-67778,Granjeiro,CE,JUNCO SN,CARTAO CEARA SEM FOME,MERCADINHO PADRE CICERO,Centro,Mercado / Mini Mercado,CENTRO
GRANJEIRO,26100899000108,,Granjeiro,CE,SANTA VITORIA 306,CARTAO CEARA SEM FOME,MERCADINHO JOSE FELIX,Centro,Mercado / Mini Mercado,CENTRO
GRAÇA,10762155000119,(88) 9929-68369,Graça,CE,R DOMINGOS LOPES CARVALHO 383,CARTAO CEARA SEM FOME,MERCADINHO O MESSIAS,Centro,Mercado / Mini Mercado,CENTRO
GRAÇA,12200744000139,,Graça,CE,R EUCLIDES AUGUSTO RIBEIRO 897,CARTAO CEARA SEM FOME,MERCADINHO PINDA,Centro,Mercado / Mini Mercado,CENTRO
GRAÇA,13722460000175,,Graça,CE,VICENTE RODRIGUES NEPOMUCENO 836,CARTAO CEARA SEM FOME,PARADINHA DOS AMIGOS,Centro,Mercado / Mini Mercado,CENTRO
GRAÇA,19791404000179,,Graça,CE,MANOEL MATIAS LIMA SN,CARTAO CEARA SEM FOME,EMPORIO ESCOLHA SAUDAVEL,Centro,Mercado / Mini Mercado,CENTRO
GRAÇA,27427568000220,,Graça,CE,R MANOEL MATIAS LIMA 25,CARTAO CEARA SEM FOME,COMERCIAL NOVA OPCAO 2,Centro,Mercado / Mini Mercado,CENTRO
GRAÇA,27508451000190,,Graça,CE,AV RAIMUNDO DA CUNHA BRITO 366,CARTAO CEARA SEM FOME,MERCANTIL O VALENTE II,Centro,Mercado / Mini Mercado,CENTRO
GRAÇA,34590918000150,,Graça,CE,AV RAIMUNDO DA CUNHA BRITO 361,CARTAO CEARA SEM FOME,MERCANTIL PEREIRÃO,Centro,Mercado / Mini Mercado,CENTRO
GRAÇA,34636772000136,(88) 9993-29164,Graça,CE,R RUA RAIMUNDO NONATO RODRIGUES SN,CARTAO CEARA SEM FOME,LUCAS,Centro,Padaria,CENTRO
GROAIRAS,317189000140,,Groairas,CE,R EPITACIO CRUZ 65,CARTAO CEARA SEM FOME,CASA DO FRANGO,Centro,Mercado / Mini Mercado,CENTRO
GROAIRAS,7474928000157,,Groairas,CE,R DONA LEOPOLDINA 1380,CARTAO CEARA SEM FOME,MERCADINHO D C RODRIGUES,Centro,Mercado / Mini Mercado,CENTRO
GROAIRAS,12343353000173,,Groairas,CE,R FRANCISCO GONCALVES FEIJAO s/n,CARTAO CEARA SEM FOME,MERCADINHO ELISANGELA,Centro,Mercado / Mini Mercado,CENTRO
GROAIRAS,14184452000185,(88) 9882-61819,Groairas,CE,R PROF. MALAQUIAS 1510,CARTAO CEARA SEM FOME,LANCHONETE BOM SABOR,Centro,Supermercado,CENTRO
GROAIRAS,19163312000144,(88) 9810-99932,Groairas,CE,R PRINCESA ISABEL 1850,CARTAO CEARA SEM FOME,MERCADINHO DOIS IRMAOS,Centro,Supermercado,CENTRO
GROAIRAS,19812515000114,,Groairas,CE,R LOURENCO GUIMARAES 1230,CARTAO CEARA SEM FOME,MERCADINHO OLIVEIRA,Centro,Mercado / Mini Mercado,CENTRO
GROAIRAS,22445620000177,,Groairas,CE,PC PRINCESA ISABEL 2080,CARTAO CEARA SEM FOME,MERCADINHO DA JOICE,Centro,Mercado / Mini Mercado,CENTRO
GROAIRAS,26569199000167,,Groairas,CE,R RUA PROFESSOR MALAQUIAS SN,CARTAO CEARA SEM FOME,RONE BIZERRA,Centro,Mercado / Mini Mercado,CENTRO
GROAIRAS,47585102000180,(88) 9929-90140,Groairas,CE,R PROFESSOR MALAQUIAS 0,CARTAO CEARA SEM FOME,MERCADINHO E FRIGORIFICO D G,Centro,Supermercado,CENTRO
GROAIRAS,49138226000142,,Groairas,CE,TV MADEIRA DE MATOS 155,CARTAO CEARA SEM FOME,R J FRIOS,Centro,Mercado / Mini Mercado,CENTRO
GUAIÚBA,3423559000112,,Guaiúba,CE,R MANUEL ALBINO 100,CARTAO CEARA SEM FOME,COMERCIAL REGIA,Centro,Mercado / Mini Mercado,CENTRO
GUARACIABA DO NORTE,2688006000129,(88) 9818-2103,Guaraciaba do Norte,CE,R VEREADOR JOSE IVAN RODRIGUES 146,CARTAO CEARA SEM FOME,PADARIA E MERCEARIA LAPAZ,Centro,Padaria,CENTRO
GUARACIABA DO NORTE,7439697000493,,Guaraciaba do Norte,CE,MONSENHOR EURICO 498,CARTAO CEARA SEM FOME,VAREJAO CHOCOBALAS,Centro,Mercado / Mini Mercado,CENTRO
GUARACIABA DO NORTE,8304647000119,,Guaraciaba do Norte,CE,PREF METON SILVANO 763,CARTAO CEARA SEM FOME,MERCADINHO POPULAR,Centro,Mercado / Mini Mercado,CENTRO
GUARACIABA DO NORTE,20808005000829,,Guaraciaba do Norte,CE,R CAPITAO FERREIRA 387,CARTAO CEARA SEM FOME,SUPERMERCADO DOIS IRMAOS IPU LTDA,Centro,Mercado / Mini Mercado,CENTRO
GUARACIABA DO NORTE,20808005001043,,Guaraciaba do Norte,CE,R MONSENHOR EURICO 120,CARTAO CEARA SEM FOME,SUPERMERCADO DOIS IRMAOS IPU LTDA,Centro,Mercado / Mini Mercado,CENTRO
GUARACIABA DO NORTE,21081091000107,,Guaraciaba do Norte,CE,R FRANCISCO BEZERRA 235,CARTAO CEARA SEM FOME,SACOLAO FRUTAS E LEGUMES,Centro,Mercado / Mini Mercado,CENTRO
GUARACIABA DO NORTE,23891520000137,,Guaraciaba do Norte,CE,R MONSENHOR EURICO 496,CARTAO CEARA SEM FOME,PADARIA LA PAZ,Centro,Padaria,CENTRO
GUARACIABA DO NORTE,28306085000150,,Guaraciaba do Norte,CE,R MAESTRO VICENTE MARQUES 19,CARTAO CEARA SEM FOME,FERNANDO FRIOS,Centro,Açougue,CENTRO
GUARACIABA DO NORTE,31685036000180,,Guaraciaba do Norte,CE,R MONSENHOR EURICO 163,CARTAO CEARA SEM FOME,REI DO FRANGO,Centro,Açougue,CENTRO
GUARACIABA DO NORTE,37904143000138,,Guaraciaba do Norte,CE,DT MORRIHOS NOVOS SN,CARTAO CEARA SEM FOME,MERCADINHO VEM QUE TEM & FC CONSTRUCOES,Centro,Mercado / Mini Mercado,CENTRO
GUARACIABA DO NORTE,41035129000112,,Guaraciaba do Norte,CE,62.380-000 102,CARTAO CEARA SEM FOME,LA PAZ 3,Centro,Mercado / Mini Mercado,CENTRO
GUARACIABA DO NORTE,41425748000113,(21) 9803-48961,Guaraciaba do Norte,CE,R SENADOR CATUNDA 1562,CARTAO CEARA SEM FOME,MERCEARIA MIX DA SERRA,Centro,Mercado / Mini Mercado,CENTRO
GUARACIABA DO NORTE,42555527000122,,Guaraciaba do Norte,CE,R CAPITAO FERREIRA 349,CARTAO CEARA SEM FOME,QUITANDA DAS FRUTAS,Centro,Mercado / Mini Mercado,CENTRO
GUARACIABA DO NORTE,63316905000195,(88) 3252-1158,Guaraciaba do Norte,CE,R FRANCISCO BEZERRA 38,CARTAO CEARA SEM FOME,SUPERMERCADO MAGALHAES,Centro,Supermercado,CENTRO
GUARAMIRANGA,2689129000184,,Guaramiranga,CE,R CEL FRANCISCO MATOS BRITO 209,CARTAO CEARA SEM FOME,MERCADINHO O FERNANDO,Centro,Mercado / Mini Mercado,CENTRO
GUARAMIRANGA,10288087000106,,Guaramiranga,CE,guarajá S/N,CARTAO CEARA SEM FOME,MERCEARIA DOM BOSCO,Centro,Mercado / Mini Mercado,CENTRO
GUARAMIRANGA,11343705000128,,Guaramiranga,CE,AV PREFEITO FRANCISCO FARIAS FILHO 350,CARTAO CEARA SEM FOME,MERCADINHO MESQUITA,Centro,Mercado / Mini Mercado,CENTRO
GUARAMIRANGA,22966403000122,(85) 3325-1356,Guaramiranga,CE,R OLEGARIO CORREIA 218,CARTAO CEARA SEM FOME,COMERCIAL SANTA MARIA,Centro,Mercado / Mini Mercado,CENTRO
GUARAMIRANGA,39326687000195,,Guaramiranga,CE,AV VEREADOR JOSE DE SOUZA COSTA 200,CARTAO CEARA SEM FOME,COMERCIAL FORQUILHA,Centro,Mercado / Mini Mercado,CENTRO
GUARAMIRANGA,42733705000168,,Guaramiranga,CE,R JOAQUIM ALVES NOGUEIRA 606,CARTAO CEARA SEM FOME,FRIGORIFICO SÃO FRANCISCO,Centro,Frigorifico,CENTRO
GUARAMIRANGA,47818086000128,(85) 9914-37304,Guaramiranga,CE,RAIMUNDO NONATO DA COSTA 46,CARTAO CEARA SEM FOME,MERCADINHO MINI EXPRESSO,Centro,Mercado / Mini Mercado,CENTRO
GUARAMIRANGA,48386242000191,,Guaramiranga,CE,JOAQUIM ALVES NOGUEIRA 538,CARTAO CEARA SEM FOME,MERCADINHO SUPER 10,Centro,Mercado / Mini Mercado,CENTRO
HIDROLÂNDIA,135252000128,,Hidrolândia,CE,R PRESIDENTE CASTELO BRANCO 185,CARTAO CEARA SEM FOME,MERCANTIL O BARATEIRO,Centro,Mercado / Mini Mercado,CENTRO
HIDROLÂNDIA,6182546000197,,Hidrolândia,CE,R 27 DE DEZEMBRO 358,CARTAO CEARA SEM FOME,MERCANTIL VITORIA,Centro,Mercado / Mini Mercado,CENTRO
HIDROLÂNDIA,12283651000115,,Hidrolândia,CE,R PRESIDENTE CASTELO BRANCO 305,CARTAO CEARA SEM FOME,MERCANTIL FREITAS,Centro,Mercado / Mini Mercado,CENTRO
HIDROLÂNDIA,19466855000130,(88) 9817-02674,Hidrolândia,CE,R MARIANO PEREIRA 64,CARTAO CEARA SEM FOME,MERCADINHO PAGUE MENOS,Centro,Mercado / Mini Mercado,CENTRO
HIDROLÂNDIA,23507530000126,,Hidrolândia,CE,R GECI MACIEL DE FRANCA 288,CARTAO CEARA SEM FOME,MERCADINHO ROCHA,Centro,Mercado / Mini Mercado,CENTRO
HIDROLÂNDIA,24950713000184,(88) 9946-15960,Hidrolândia,CE,R LUIZ GONZAGA VIEIRA 215,CARTAO CEARA SEM FOME,MERCADINHO NOVA OPÇÃO,Centro,Mercado / Mini Mercado,CENTRO
HIDROLÂNDIA,34908030000112,,Hidrolândia,CE,R 27 DE DEZEMBRO 391,CARTAO CEARA SEM FOME,L&L FRIOS,Centro,Mercado / Mini Mercado,CENTRO
HIDROLÂNDIA,34938291000185,,Hidrolândia,CE,R GECI MACIEL DE FRANCA 260,CARTAO CEARA SEM FOME,MERCANTIL DAS VARIEDADES,Centro,Mercado / Mini Mercado,CENTRO
HIDROLÂNDIA,46297515000104,,Hidrolândia,CE,ANICETA FERREIRA 150,CARTAO CEARA SEM FOME,COMERCIAL FARIAS,Centro,Mercado / Mini Mercado,CENTRO
HIDROLÂNDIA,47128437000179,,Hidrolândia,CE,R ANICETA FERREIRA 156 A,CARTAO CEARA SEM FOME,COMERCIAL DIAS,Centro,Mercado / Mini Mercado,CENTRO
HIDROLÂNDIA,54728521000199,,Hidrolândia,CE,R LILIU FERREIRA DE AQUINO 385,CARTAO CEARA SEM FOME,MERCANTIL PAIVA,Centro,Mercado / Mini Mercado,CENTRO
HIDROLÂNDIA,56390190000155,,Hidrolândia,CE,R 27 DE DEZEMBRO SN,CARTAO CEARA SEM FOME,MERCANTIL BOA VISTA,Centro,Mercado / Mini Mercado,CENTRO
HORIZONTE,4334068000168,(85) 9427-2276,Horizonte,CE,R LOURIVAL DE SOUZA 74,CARTAO CEARA SEM FOME,MERCADINHO PARADA OBRIGATORIA,Centro,Mercado / Mini Mercado,CENTRO
HORIZONTE,7103375000126,(85) 3336-0464,Horizonte,CE,JOAO PEREIRA DA SILVA 359,CARTAO CEARA SEM FOME,MERCADINHO CHICO,Catolé,Mercado / Mini Mercado,CATOLÉ
HORIZONTE,8182989000103,(85) 3336-2815,Horizonte,CE,FERNANDO AUGUSTO NOGUEIRA 995,CARTAO CEARA SEM FOME,MERCADINHO JUNIOR,Centro,Mercado / Mini Mercado,CENTRO
HORIZONTE,11659770000752,(85) 3348-8455,Horizonte,CE,RAIMUNDO NOGUEIRA LOPES 100,CARTAO CEARA SEM FOME,SUPERMERCADO MORANGUINHO,Centro,Supermercado,CENTRO
HORIZONTE,11659770001058,(85) 3348-8455,Horizonte,CE,PRESIDENTE CASTELO BRANCO 4599,CARTAO CEARA SEM FOME,JANGADA ATACAREJO,Centro,Supermercado,CENTRO
HORIZONTE,11659770001724,,Horizonte,CE,baturite 1607,CARTAO CEARA SEM FOME,SUPERMERCADO MORANGUINHO LTDA,Centro,Supermercado,CENTRO
HORIZONTE,14182434000164,(08) 5333-92809,HORIZONTE,CE,R ALEXANDRE JOCA ,CARTAO CEARA SEM FOME,MERCADÃO TEND TUDO,Centro,Mercado / Mini Mercado,CENTRO
HORIZONTE,14182434000245,(08) 5307-73791,HORIZONTE,CE,"RUA IVANEIDE SOUZA, 3337 ",CARTAO CEARA SEM FOME,MERCADÃO TENDTUDO,Centro,Supermercado,CENTRO
HORIZONTE,23151812000486,,Horizonte,CE,AV PRESIDENTE CASTELO BRANCO 3786,CARTAO CEARA SEM FOME,RAIMAR,Centro,Supermercado,CENTRO
HORIZONTE,23151812000800,(85) 9972-22212,Horizonte,CE,R LUIZ INACIO DE SOUSA 882,CARTAO CEARA SEM FOME,RAIMAR SUPERMERCADO,Centro,Supermercado,CENTRO
HORIZONTE,41574692000169,,Horizonte,CE,R JOSE LINO DA SILVEIRA 138,CARTAO CEARA SEM FOME,MERCADINHO FE EM DEUS,Centro,Mercado / Mini Mercado,CENTRO
HORIZONTE,41781254000171,,Horizonte,CE,R CIRO BILHAR 816,CARTAO CEARA SEM FOME,FRIGORIFICO VILA NASCIMENTO,Centro,Mercado / Mini Mercado,CENTRO
HORIZONTE,50276355000186,(85) 8183-4648,Horizonte,CE,R MARIA JUVENAL DE CASTRO 225,CARTAO CEARA SEM FOME,SOMBRA TATTOO,Centro,Mercado / Mini Mercado,CENTRO
IBARETAMA,7509038000133,,Ibaretama,CE,AV FRANCISCO RODRIGUES DA COSTA 30,CARTAO CEARA SEM FOME,MERCANTIL SANTO ANTONIO,Centro,Mercado / Mini Mercado,CENTRO
IBARETAMA,8080371000132,(88) 3414-4608,Ibaretama,CE,TV JOAO DE ALMEIDA 158,CARTAO CEARA SEM FOME,MERCADINHO FREITAS & SILVA,Centro,Mercado / Mini Mercado,CENTRO
IBARETAMA,9086983000103,(88) 9938-15373,Ibaretama,CE,AV JOAO DE ALMEIDA 348,CARTAO CEARA SEM FOME,SUPERMERCADO SANTA TEREZA,Centro,Supermercado,CENTRO
IBARETAMA,12040165000176,,Ibaretama,CE,R RAIMUNDO AUGUSTINHO 27,CARTAO CEARA SEM FOME,MERCADINHO SAO FRANCISCO,Centro,Mercado / Mini Mercado,CENTRO
IBARETAMA,26562486000145,(88) 9474-7589,Ibaretama,CE,AV JOAO DE ALMEIDA 357,CARTAO CEARA SEM FOME,MERCANTIL CAVALCANTE,Centro,Mercado / Mini Mercado,CENTRO
IBARETAMA,39239015000142,(88) 9813-91191,Ibaretama,CE,VL PEDRA E CAL S/N 21,CARTAO CEARA SEM FOME,MERCADINHO QUEIROZ,Centro,Mercado / Mini Mercado,CENTRO
IBARETAMA,52881503000117,,Ibaretama,CE,AV AVENIDA JOAO DE ALMEIDA 248,CARTAO CEARA SEM FOME,SUPERMERCADO DOIS IRMAOS,Centro,Supermercado,CENTRO
IBARETAMA,86741832000184,(88) 3439-1204,Ibaretama,CE,R JOAO DE ALMEIDA 286,CARTAO CEARA SEM FOME,MERCANTIL DOIS IRMÃOS,Centro,Mercado / Mini Mercado,CENTRO
IBIAPINA,29818000137,,Ibiapina,CE,DEP ALVARO SOARES 950,CARTAO CEARA SEM FOME,MERCADINHO POPULAR,Centro,Mercado / Mini Mercado,CENTRO
IBIAPINA,7439697000574,,Ibiapina,CE,PRESIDENTE CASTELO BRANCO 33,CARTAO CEARA SEM FOME,VAREJAO CHOCOBALAS,Centro,Mercado / Mini Mercado,CENTRO
IBIAPINA,8364743000152,,Ibiapina,CE,R PADRE IBIAPINA 66,CARTAO CEARA SEM FOME,MERCANTIL TIO AUGUSTO,Centro,Supermercado,CENTRO
IBIAPINA,11567585000142,(88) 9916-7876,Ibiapina,CE,R PADRE IBIAPINA S/N,CARTAO CEARA SEM FOME,MERCADINHO PIO ABREU,Centro,Loja de Armarinho,CENTRO
IBIAPINA,32663367000181,,Ibiapina,CE,AV ESCRITOR PEDRO FERREIRA DE ASSIS 96,CARTAO CEARA SEM FOME,SUPER 3 TIO AUGUSTO,Centro,Supermercado,CENTRO
IBICUITABA,48087652000131,,Ibicuitaba,CE,CAPITAO MANOEL ANTONIO 2427,CARTAO CEARA SEM FOME,MERCADINHO CENTRAL DAS FRUTAS LTDA,Centro,Mercado / Mini Mercado,CENTRO
IBICUITINGA,2941643000165,,Ibicuitinga,CE,R SAMUEL FERREIRA NOBRE 2298,CARTAO CEARA SEM FOME,MERCADINHO GEAN,Centro,Mercado / Mini Mercado,CENTRO
IBICUITINGA,5893727000169,,Ibicuitinga,CE,R CAPITAO MANOEL ANTONIO 2457,CARTAO CEARA SEM FOME,MERCANTIL GOMES,Centro,Mercado / Mini Mercado,CENTRO
IBICUITINGA,6890845000186,,Ibicuitinga,CE,R CAPITAO MANOEL ANTONIO 2365,CARTAO CEARA SEM FOME,COMERCIAL NOBRE,Centro,Mercado / Mini Mercado,CENTRO
IBICUITINGA,27917999000194,(88) 9926-97840,Ibicuitinga,CE,11 R JOSE DAMASCENO 1593,CARTAO CEARA SEM FOME,MERCADINHO E FRUTARIA O FERREIRINHA,Centro,Mercado / Mini Mercado,CENTRO
IBICUITINGA,30452180000103,,Ibicuitinga,CE,R JOSE RODRIGUES 68,CARTAO CEARA SEM FOME,MERCADINHO POPULAR,Centro,Mercado / Mini Mercado,CENTRO
IBICUITINGA,31923151000145,,Ibicuitinga,CE,10 R MELQUIADES ALVES MAIA 344,CARTAO CEARA SEM FOME,MERCADINHO SANTANA,Centro,Mercado / Mini Mercado,CENTRO
IBICUITINGA,46172989000111,,Ibicuitinga,CE,10 R JOSE DAMASCENO 1606,CARTAO CEARA SEM FOME,TOP SUINO,Centro,Açougue,CENTRO
ICAPUÍ,8941295000102,(88) 9940-32390,Icapuí,CE,VL SERRA DE PEROBA SN,CARTAO CEARA SEM FOME,MERCANTIL FREITAS,Centro,Mercado / Mini Mercado,CENTRO
ICAPUÍ,18884572000146,(88) 9916-6368,Icapuí,CE,R CORREDOR DE HERMOLAU SN,CARTAO CEARA SEM FOME,MERCADINHO ECONOMICO,Centro,Mercado / Mini Mercado,CENTRO
ICAPUÍ,97529667000207,,Icapuí,CE,AV ENOK CARNEIRO 3964,CARTAO CEARA SEM FOME,SUPER MINIBOX ICAPUI,Centro,Supermercado,CENTRO
ICARAÍ,28613809000108,,Icaraí,CE,ADERBAL PRACIANO SAMPAIO 585,CARTAO CEARA SEM FOME,CENTER COMERCIAL,Centro,Mercado / Mini Mercado,CENTRO
ICÓ,2323877000149,,Icó,CE,VL ALTO DA VARZEA 1080,CARTAO CEARA SEM FOME,MERCADINHO MENINO JESUS,Centro,Mercado / Mini Mercado,CENTRO
ICÓ,2521841000170,(88) 3561-1379,Icó,CE,AV JOSEFA NOGUEIRA MONTEIRO 1391,CARTAO CEARA SEM FOME,FRIGORIFICO SERVE BEM,Centro,Açougue,CENTRO
ICÓ,3862767000118,,Icó,CE,NOGUEIRA ACIOLY 1202,CARTAO CEARA SEM FOME,MERCANTIL CLAUDINO,Centro,Mercado / Mini Mercado,CENTRO
ICÓ,4389917000180,(88) 3561-2441,Icó,CE,R MONSENHOR FROTA 529,CARTAO CEARA SEM FOME,MERCANTIL DARLA,Centro,Alimentação,CENTRO
ICÓ,4874952000195,(88) 3561-1331,Icó,CE,RUA FRANCISCO MACIEL Nº2061 2061,CARTAO CEARA SEM FOME,MERCANTIL DUARTE,CENTRO,Mercado / Mini Mercado,CENTRO
ICÓ,4934820000101,(88) 9970-39711,Icó,CE,AV PREFEITO ANISIO PEQUENO SAMPAIO 192,CARTAO CEARA SEM FOME,MERCADINHO SAO PAULO,Centro,Mercado / Mini Mercado,CENTRO
ICÓ,5830768000106,,Icó,CE,R BENJAMIM CONSTANT 327,CARTAO CEARA SEM FOME,MERCANTIL N SRA FATIMA,Centro,Mercado / Mini Mercado,CENTRO
ICÓ,9305029000237,(88) 3561-2361,Icó,CE,R PREFEITO JAIME ALENCAR 684,CARTAO CEARA SEM FOME,SUPER QUEIROZ,Centro,Supermercado,CENTRO
ICÓ,10819388000100,(88) 3561-5809,Icó,CE,AV PREFEITO ANISIO PEQUENO SAMPAIO 184,CARTAO CEARA SEM FOME,O BARATEIRO,Centro,Mercado / Mini Mercado,CENTRO
ICÓ,10910775000158,,Icó,CE,R DOS AMORES 55,CARTAO CEARA SEM FOME,MERCANTIL GG,Centro,Mercado / Mini Mercado,CENTRO
ICÓ,12334742000132,(88) 9936-64082,Icó,CE,AV NOGUEIRA ACIOLY 1256,CARTAO CEARA SEM FOME,EMPORIO DA CARNE,Centro,Açougue,CENTRO
ICÓ,12778680000158,(88) 9921-81305,Icó,CE,R BENJAMIN CONSTANT 339,CARTAO CEARA SEM FOME,MERCANTIL SENHORA SANTANA,Centro,Mercado / Mini Mercado,CENTRO
ICÓ,15319321000120,,Icó,CE,sao geraldo 56,CARTAO CEARA SEM FOME,FRANCISCO ENILSON PEREIRA FILHO,Centro,Mercado / Mini Mercado,CENTRO
ICÓ,18084548000122,(88) 3561-4009,Icó,CE,AV PREFEITO ANISIO PEQUENO SAMPAIO 164,CARTAO CEARA SEM FOME,MERCANTIL SAO JORGE,Centro,Mercado / Mini Mercado,CENTRO
ICÓ,23551914000146,(88) 9972-05145,Icó,CE,NOGUEIRA ACIOLY 1136,CARTAO CEARA SEM FOME,MERCANTIL SAO SEBASTIAO,Centro,Mercado / Mini Mercado,CENTRO
ICÓ,28778762000132,(85) 9827-1010,Icó,CE,AV NOGUEIRA ACIOLY 1138,CARTAO CEARA SEM FOME,W. L. SILVA DE CARVALHO LTDA,Centro,Supermercado,CENTRO
ICÓ,35006162000111,(88) 3561-1362,Icó,CE,AV NOGUEIRA ACIOLY 1699,CARTAO CEARA SEM FOME,SUPERMERCADO ALMEIDA,Centro,Supermercado,CENTRO
ICÓ,48159104000170,,Icó,CE,FRANCISCO MACIEL DA SILVA 2028,CARTAO CEARA SEM FOME,SUPER LIMA COMERCIO DE ALIMENTOS LTDA,Centro,Mercado / Mini Mercado,CENTRO
IGUATU,1120741000179,(08) 8581-7777,IGUATU,CE,PRACA FRANCISCO AIRTON JUCA DE CARVALHO 30,CARTAO CEARA SEM FOME,SUPERMERCADO LEANDRO,CENTRO,Alimentação,CENTRO
IGUATU,2741690000165,(88) 3581-7377,Iguatu,CE,Leonardo Mota 73,CARTAO CEARA SEM FOME,SUPER NEIDE,João Paulo II,Mercado / Mini Mercado,JOÃO PAULO II
IGUATU,2748512000166,,Iguatu,CE,Doutor José Holanda Montenegro 31,CARTAO CEARA SEM FOME,ATACAREJO DISTRIBUIDORA LTDA,Veneza,Mercado / Mini Mercado,VENEZA
IGUATU,2748512000328,(88) 3581-4055,Iguatu,CE,Doutor José Holanda Montenegro 31,CARTAO CEARA SEM FOME,DISTRIBUIDORA SB DE ALIMENTOS,Veneza,Alimentação,VENEZA
IGUATU,4368448000113,(88) 3581-8077,Iguatu,CE,Hilton Gonzaga de Assis 220,CARTAO CEARA SEM FOME,MERCEARIA DOIS IRMAOS,Alto do Jucá,Mercado / Mini Mercado,ALTO DO JUCÁ
IGUATU,4601165001494,(85) 3477-2317,Iguatu,CE,Professor João Coelho 71,CARTAO CEARA SEM FOME,SUPER LAGOA,Centro,Supermercado,CENTRO
IGUATU,4632374000261,(85) 3581-1650,Iguatu,CE,Coronel José Adolfo Oliveira 97,CARTAO CEARA SEM FOME,SUPERMERCADO ALEXANDRE,Santo Antônio,Supermercado,SANTO ANTÔNIO
IGUATU,4632374000342,,Iguatu,CE,José Márcio Nogueira 60,CARTAO CEARA SEM FOME,VALDIR JOAO ALEXANDRE,Areias I,Mercado / Mini Mercado,AREIAS I
IGUATU,5491836000150,(088) 3581-7777,IGUATU,CE,RUA 21 DE ABRIL Nº149 ,CARTAO CEARA SEM FOME,SUPERMERCADO LEANDRO,PRADO,Alimentação,PRADO
IGUATU,5925209000180,(88) 9999-47606,Iguatu,CE,Engenheiro Wilton Correia Lima 927,CARTAO CEARA SEM FOME,MERCANTIL KENNEDY,Prado,Mercado / Mini Mercado,PRADO
IGUATU,6057223041285,(11) 3411-5200,Iguatu,CE,Avenida Carlos Roberto Costa S/N,CARTAO CEARA SEM FOME,ASSAÍ ATACADISTA,Areias II,Supermercado,AREIAS II
IGUATU,6136811000109,(88) 3581-1555,Iguatu,CE,Deocléciano Bezerra 803,CARTAO CEARA SEM FOME,SUPERMERCADO SUPER BOX,Centro,Supermercado,CENTRO
IGUATU,6554993000120,,Iguatu,CE,AV DOUTOR JOSE HOLANDA MONTENEGRO 526,CARTAO CEARA SEM FOME,BUGI DISTRIBUIDORA DE ALIMENTOS,Centro,Mercado / Mini Mercado,CENTRO
IGUATU,7448777000162,(88) 3581-1405,Iguatu,CE,Agenor Araújo 852,CARTAO CEARA SEM FOME,MERCANTIL LEANDRO,Centro,Mercado / Mini Mercado,CENTRO
IGUATU,8356451000178,(88) 3581-4188,Iguatu,CE,Professor João Coelho 131,CARTAO CEARA SEM FOME,VDB MERCEARIA,Centro,Mercado / Mini Mercado,CENTRO
IGUATU,8560620000197,,Iguatu,CE,Professor João Coelho 401,CARTAO CEARA SEM FOME,MERCANTIL AGUIMAR,Centro,Mercado / Mini Mercado,CENTRO
IGUATU,8679335000190,,Iguatu,CE,Professor João Coelho 554 A,CARTAO CEARA SEM FOME,MERCADINHO PIRES,Centro,Mercado / Mini Mercado,CENTRO
IGUATU,9305029000903,,Iguatu,CE,Apulcro Lima Verde 77,CARTAO CEARA SEM FOME,JQ SUPER IGUATU,Alto do Jucá,Supermercado,ALTO DO JUCÁ
IGUATU,10661271000141,,Iguatu,CE,R MANOEL FERREIRA MARCIEL 225,CARTAO CEARA SEM FOME,SUPER ALVES,Centro,Mercado / Mini Mercado,CENTRO
IGUATU,13681811000147,,Iguatu,CE,AV JOSE MARCIO DA SILVA NOGUEIRA 84,CARTAO CEARA SEM FOME,MERCADINHO DEZIVAN,Altiplano,Mercado / Mini Mercado,ALTIPLANO
IGUATU,15920100000103,,Iguatu,CE,Joaquim Ailton Alexandre 223,CARTAO CEARA SEM FOME,SKINÃO DAS FRUTA,Alto do Jucá,Mercado / Mini Mercado,ALTO DO JUCÁ
IGUATU,18367780000178,,Iguatu,CE,Silvio Amaro 514,CARTAO CEARA SEM FOME,MERCANTIL LIDER,Jardim Oásis,Mercado / Mini Mercado,JARDIM OÁSIS
IGUATU,26624476000197,,Iguatu,CE,Valdemiro José Oliveira 332,CARTAO CEARA SEM FOME,MARCANTIL BOM NO PRECO,Altiplano,Mercado / Mini Mercado,ALTIPLANO
IGUATU,27994111000117,,Iguatu,CE,Dona Chichica 1050,CARTAO CEARA SEM FOME,MERCANTIL LAVOR,Altiplano,Mercado / Mini Mercado,ALTIPLANO
IGUATU,30357437000148,(88) 9267-2508,Iguatu,CE,R EDWIGES VIEIRA DE SOUZA 22,CARTAO CEARA SEM FOME,MERCADINHO BERTO,Vila Coqueiros,Supermercado,VILA COQUEIROS
IGUATU,34747051000101,,Iguatu,CE,Deocléciano Bezerra 667,CARTAO CEARA SEM FOME,MERCANTIL PAI LUIZ,Centro,Mercado / Mini Mercado,CENTRO
IGUATU,36625219000123,(88) 8171-3536,Iguatu,CE,Paula Alves Ferreira Quintino 235,CARTAO CEARA SEM FOME,EVANDRO MORANGOS,Altiplano,Mercado / Mini Mercado,ALTIPLANO
IGUATU,46638299000105,(88) 9966-1964,Iguatu,CE,Moacir Torres Bandeira 171,CARTAO CEARA SEM FOME,EMPORIO ESPLENDOR,Areias II,Mercado / Mini Mercado,AREIAS II
IGUATU,47323922000101,(88) 9813-4616,Iguatu,CE,R BOA FORTUNA 47,CARTAO CEARA SEM FOME,MERCADINHO MENESES,Centro,Mercado / Mini Mercado,CENTRO
IGUATU,58837812000176,,Iguatu,CE,Doutor José Holanda Montenegro 526,CARTAO CEARA SEM FOME,SUPERMERCADO BUGI,Veneza,Supermercado,VENEZA
IGUATU,72294697000161,(88) 9613-2968,Iguatu,CE,Deocléciano Bezerra 664,CARTAO CEARA SEM FOME,DISTRIBUIDORA SENHORA SANTANA,Centro,Mercado / Mini Mercado,CENTRO
INDEPENDÊNCIA,6190394000174,(88) 9962-67843,Independência,CE,R ALEXANDRE BONFIM 78,CARTAO CEARA SEM FOME,MERCADINHO DONA LUIZA,Centro,Mercado / Mini Mercado,CENTRO
INDEPENDÊNCIA,7021926000102,,Independência,CE,das Pedrinhas 379,CARTAO CEARA SEM FOME,SUPERMERCADO JOAO NETO,Centro,Mercado / Mini Mercado,CENTRO
INDEPENDÊNCIA,10816450000100,,Independência,CE,das pedrinhas 333,CARTAO CEARA SEM FOME,MERCADINHO ECONOMICO,Centro,Alimentação,CENTRO
INDEPENDÊNCIA,33087089000124,(88) 9962-67843,Independência,CE,R JOAO FACUNDES BONFIM 197,CARTAO CEARA SEM FOME,DOCE DELICIA FESTAS SUPERMERCADO,Centro,Mercado / Mini Mercado,CENTRO
INDEPENDÊNCIA,63376925000151,(88) 9995-64717,Independência,CE,frei vidal 401,CARTAO CEARA SEM FOME,HIPER BENVAN,Centro,Mercado / Mini Mercado,CENTRO
IPAPORANGA,1245197000191,,Ipaporanga,CE,R FRANKLIN JOSE VIEIRA 388,CARTAO CEARA SEM FOME,MERCANTIL CASA CHEIA,Centro,Mercado / Mini Mercado,CENTRO
IPAPORANGA,1473303000194,(88) 9996-23254,Ipaporanga,CE,DONA VITORINHA 16,CARTAO CEARA SEM FOME,MERCADO CAMPEÃO,Centro,Mercado / Mini Mercado,CENTRO
IPAPORANGA,1755918000103,,Ipaporanga,CE,R RAIMUNDO EVARISTO 206,CARTAO CEARA SEM FOME,MERCANTIL DA MICINHA,Centro,Mercado / Mini Mercado,CENTRO
IPAPORANGA,5961379000110,,Ipaporanga,CE,R GONCALO DE PAULA BEZERRA 06,CARTAO CEARA SEM FOME,MERCADINHO SAO JOSE,Centro,Mercado / Mini Mercado,CENTRO
IPAPORANGA,7765651000111,,Ipaporanga,CE,R FRANKLIN JOSE VIEIRA 497,CARTAO CEARA SEM FOME,JUNIOR VARIEDADES,Centro,Mercado / Mini Mercado,CENTRO
IPAPORANGA,11986727000106,(88) 3684-1345,Ipaporanga,CE,VL SACRAMENTO 23,CARTAO CEARA SEM FOME,LOLO VARIEDADES,Centro,Loja de Armarinho,CENTRO
IPAPORANGA,17067237000192,(88) 9997-40403,Ipaporanga,CE,ROD BR 404 127,CARTAO CEARA SEM FOME,MERCADINHO POPULAR,Centro,Mercado / Mini Mercado,CENTRO
IPAPORANGA,21658982000183,,Ipaporanga,CE,R FRANKLIN JOSE VIEIRA 396,CARTAO CEARA SEM FOME,MERCADINHO CASA CHEIA,Centro,Mercado / Mini Mercado,CENTRO
IPAPORANGA,27167314000130,(88) 8102-0844,Ipaporanga,CE,R FRANKLIN JOSE VIEIRA 137,CARTAO CEARA SEM FOME,HIPER GRANFRUITS,Centro,Mercado / Mini Mercado,CENTRO
IPAPORANGA,27442230000167,,Ipaporanga,CE,SIT PV AGUA BRANCA S/N,CARTAO CEARA SEM FOME,SILMARA NIAS,Centro,Mercado / Mini Mercado,CENTRO
IPAPORANGA,32527336000101,,Ipaporanga,CE,R FRANKLIN JOSE VIEIRA 57,CARTAO CEARA SEM FOME,SOUSA VARIEDADES,Centro,Mercado / Mini Mercado,CENTRO
IPAPORANGA,34060670000115,(88) 9822-60692,Ipaporanga,CE,DT SAO JOSE SN,CARTAO CEARA SEM FOME,MERCADINHO HBR,Centro,Mercado / Mini Mercado,CENTRO
IPAPORANGA,40275110000180,,Ipaporanga,CE,R JOAO DO CARMO 415,CARTAO CEARA SEM FOME,DEUS E FIEL MERCADINHO E HORTIFRUTI,Centro,Mercado / Mini Mercado,CENTRO
IPAPORANGA,43229579000171,,Ipaporanga,CE,ROD SAO JOSE 50,CARTAO CEARA SEM FOME,MERCADINHO SÃO JOSÉ,Centro,Mercado / Mini Mercado,CENTRO
IPAPORANGA,45253530000180,,Ipaporanga,CE,joao luciano 28,CARTAO CEARA SEM FOME,MERCANTIL O BARAO,Centro,Mercado / Mini Mercado,CENTRO
IPAUMIRIM,7520216000127,(08) 8356-71081,Ipaumirim,CE,PRAÇA PADRE CICERO   22,CARTAO CEARA SEM FOME,MERCANTIL SAO JORGE,CENTRO,Alimentação,CENTRO
IPAUMIRIM,8349435000158,,Ipaumirim,CE,F 268,CARTAO CEARA SEM FOME,MERCANTIL SARA,Centro,Mercado / Mini Mercado,CENTRO
IPAUMIRIM,18586160000120,,Ipaumirim,CE,PREFEITO ALEXANDRE GONCALVES 297,CARTAO CEARA SEM FOME,VERDES FRUTAS,Centro,Mercado / Mini Mercado,CENTRO
IPAUMIRIM,21850666000109,(88) 9985-20201,IPAUMIRIM,CE,"RUA PREFEITO ALEXANDRE GONÇALVES, 325 ",CARTAO CEARA SEM FOME,SUPERMERCADO OLIVEIRA,CENTRO,Supermercado,CENTRO
IPAUMIRIM,49882842000103,,Ipaumirim,CE,R ZECA FELIZARDO 141,CARTAO CEARA SEM FOME,MERCANTIL OLHO D AGUA,Centro,Mercado / Mini Mercado,CENTRO
IPU,1677668000130,(88) 9999-87222,Ipu,CE,R CORONEL LIBERALINO 1182,CARTAO CEARA SEM FOME,ECONOMICO IPU,Centro,Mercado / Mini Mercado,CENTRO
IPU,1677668000211,(88) 9999-87222,Ipu,CE,R CORONEL LIBERALINO 1056,CARTAO CEARA SEM FOME,ECONOMICO IPU,Centro,Mercado / Mini Mercado,CENTRO
IPU,16594551000160,,Ipu,CE,SIT MARRUAS DOS PAIVA s/n,CARTAO CEARA SEM FOME,MERCADINHO SÃO JORGE,Centro,Mercado / Mini Mercado,CENTRO
IPU,16785684000700,,Ipu,CE,R DR LEONARDO MOTA 1180,CARTAO CEARA SEM FOME,CARNAUBA SUPERMERCADOS,Centro,Supermercado,CENTRO
IPU,20808005000152,,Ipu,CE,R CEL LIBERALINO 1272,CARTAO CEARA SEM FOME,SUPERMERCADO DOIS IRMAOS IPU LTDA,Centro,Mercado / Mini Mercado,CENTRO
IPU,20808005000233,,Ipu,CE,R CORONEL MANOEL MOURAO 250,CARTAO CEARA SEM FOME,SUPERMERCADO DOIS IRMAOS IPU LTDA,Centro,Mercado / Mini Mercado,CENTRO
IPU,20808005001124,,Ipu,CE,AV BOULEVARD SEBASTIAO CARLOS 448,CARTAO CEARA SEM FOME,SUPERMERCADO DOIS IRMAOS IPU LTDA,Centro,Mercado / Mini Mercado,CENTRO
IPU,20808005001205,,Ipu,CE,R CORONEL FELIX 1287,CARTAO CEARA SEM FOME,SUPERMERCADO DOIS IRMAOS IPU LTDA,Centro,Mercado / Mini Mercado,CENTRO
IPU,30721896000320,,Ipu,CE,DR LEONARDO MOTA 180,CARTAO CEARA SEM FOME,DATERRA COMERCIAL DE ALIMENTOS LTDA,Centro,Mercado / Mini Mercado,CENTRO
IPU,32586167000172,(88) 9961-32200,Ipu,CE,JOSE CARVALHO DE ARAGAO 595,CARTAO CEARA SEM FOME,ATACAREJO SAO FRANCISCO,Centro,Supermercado,CENTRO
IPU,34712093000107,,Ipu,CE,R CEL. LIBERALINO 1368,CARTAO CEARA SEM FOME,SUPERMERCADOS MARTMAG,Centro,Supermercado,CENTRO
IPU,36345898000187,(88) 9961-31321,Ipu,CE,marruas do paiva S/N,CARTAO CEARA SEM FOME,RJ FRIOS,Centro,Alimentação,CENTRO
IPU,40040779000193,(88) 9963-10295,Ipu,CE,Avenida Jose Carvalho de Aragao 1014,CARTAO CEARA SEM FOME,Super Sao Jose,Centro,Mercado / Mini Mercado,CENTRO
IPU,43084634000182,,Ipu,CE,MARRUAS DOS PAIVA 13,CARTAO CEARA SEM FOME,MERCADINHO AMARELINHO,Centro,Mercado / Mini Mercado,CENTRO
IPU,47045525000107,,Ipu,CE,AV DARCY CORREA 733,CARTAO CEARA SEM FOME,DOIS IRMAOS DISTRIBUIDORA LTDA,Centro,Mercado / Mini Mercado,CENTRO
IPUEIRAS,20808005000900,,Ipueiras,CE,AV FRANCISCO PAZ ARAGAO 801,CARTAO CEARA SEM FOME,SUPERMERCADO DOIS IRMAOS IPU,Centro,Supermercado,CENTRO
IPUEIRAS,32586167000253,,Ipueiras,CE,R PADRE ANGELIM 543,CARTAO CEARA SEM FOME,MERCADINHO SAO FRANCISCO,Centro,Mercado / Mini Mercado,CENTRO
IRACEMA,163560000167,,Iracema,CE,Delta Holanda 466,CARTAO CEARA SEM FOME,MERCADINHO SAO FRANCISCO,Centro,Mercado / Mini Mercado,CENTRO
IRACEMA,6221699000104,(85) 9998-20277,Iracema,CE,ULISSES DE HOLANDA CAMPELO 214,CARTAO CEARA SEM FOME,OPCAO SUPERMERCADO,Centro,Supermercado,CENTRO
IRACEMA,7251916000163,(88) 9817-29205,Iracema,CE,R CLIMERIO ROQUE DE MACEDO 481,CARTAO CEARA SEM FOME,NOGUEIRA & QUEIROZ,Centro,Mercado / Mini Mercado,CENTRO
IRACEMA,7290670000139,,Iracema,CE,R CLIMERIO ROQUE DE MACEDO 499,CARTAO CEARA SEM FOME,GUERRA & PINHEIRO,Centro,Mercado / Mini Mercado,CENTRO
IRACEMA,7907365000143,(88) 3428-1518,Iracema,CE,R FRANCISCO DAS CHAGAS MAGALHAES 324,CARTAO CEARA SEM FOME,MERCADINHO MAGALHAES,Centro,Mercado / Mini Mercado,CENTRO
IRACEMA,8887568000188,(88) 3428-1161,Iracema,CE,AV RAIMUNDO LEANDRO PINHEIRO 405,CARTAO CEARA SEM FOME,MERCADINHO IRACEMA,Centro,Mercado / Mini Mercado,CENTRO
IRACEMA,11545756000132,(88) 9997-46411,Iracema,CE,R LEODEGARIO HOLANDA GUERRA 16,CARTAO CEARA SEM FOME,MERCADINHO DIDI SENA,Centro,Mercado / Mini Mercado,CENTRO
IRACEMA,12337184000169,,Iracema,CE,MARIA NILDE DE QUEIROZ FARIAS 28,CARTAO CEARA SEM FOME,MERCANTIL FELIPE,Centro,Mercado / Mini Mercado,CENTRO
IRACEMA,13261372000113,,Iracema,CE,jose pereira nunes 106,CARTAO CEARA SEM FOME,MERCANTIL CAIXA DAGUA,Centro,Mercado / Mini Mercado,CENTRO
IRACEMA,24733256000176,(88) 9711-29009,Iracema,CE,R GERVASIO HOLANDA GUERRA 0080,CARTAO CEARA SEM FOME,IRACEMA SUPERMERCADOS,Centro,Supermercado,CENTRO
IRACEMA,34187277000197,,Iracema,CE,R FRANCISCO DAS CHAGAS MAGALHAES 397,CARTAO CEARA SEM FOME,PADARIA E MINI MERCADO PINGO DOCE DELICES,Centro,Padaria,CENTRO
IRACEMA,34684684000100,(88) 9991-68132,Iracema,CE,AV AUGUSTA CLEMENTINA DE NEGREIROS 622,CARTAO CEARA SEM FOME,COMERCIAL BEZERRA,Centro,Mercado / Mini Mercado,CENTRO
IRACEMA,37037705000193,,Iracema,CE,R LEODEGARIO HOLANDA GUERRA 16,CARTAO CEARA SEM FOME,MERCADINHO V & A LEITE,Centro,Mercado / Mini Mercado,CENTRO
IRACEMA,39686424000197,,Iracema,CE,MARIA NILDE DE QUEIROZ FARIAS 296,CARTAO CEARA SEM FOME,REI DA CARNE,Centro,Mercado / Mini Mercado,CENTRO
IRACEMA,54061914000191,,Iracema,CE,R FRANCISCO PEREIRA SAMPAIO 387,CARTAO CEARA SEM FOME,MERCADINHO DO BRENO,Centro,Mercado / Mini Mercado,CENTRO
IRAUÇUBA,1093882000140,,Irauçuba,CE,JOAQUIM PEREIRA 269,CARTAO CEARA SEM FOME,J NILDON DA SILVA,Centro,Mercado / Mini Mercado,CENTRO
IRAUÇUBA,2903329000198,,Irauçuba,CE,PAULO BASTOS 414,CARTAO CEARA SEM FOME,MERCANTIL O TUTA,Centro,Mercado / Mini Mercado,CENTRO
IRAUÇUBA,7175425000180,,Irauçuba,CE,R 7 DE SETEMBRO 336,CARTAO CEARA SEM FOME,MERCANTIL O DELEGADO,Centro,Mercado / Mini Mercado,CENTRO
IRAUÇUBA,7175964000110,,Irauçuba,CE,AV PAULO BASTOS 749,CARTAO CEARA SEM FOME,L. F. B. DE SOUZA,Centro,Mercado / Mini Mercado,CENTRO
IRAUÇUBA,9156923000101,,Irauçuba,CE,R JULIO PINHEIRO BASTOS 740,CARTAO CEARA SEM FOME,FRIGORIFICO MESQUITA,Centro,Açougue,CENTRO
IRAUÇUBA,21211251000195,,Irauçuba,CE,DT CAMPINAS 115,CARTAO CEARA SEM FOME,COMERCIAL RAYSSA,Centro,Mercado / Mini Mercado,CENTRO
IRAUÇUBA,27341665000115,,Irauçuba,CE,AV PAULO BASTOS 1018,CARTAO CEARA SEM FOME,SUPER CENTER,Centro,Supermercado,CENTRO
IRAUÇUBA,27359440000196,(88) 3635-1160,Irauçuba,CE,AV PAULO BASTOS 1060,CARTAO CEARA SEM FOME,MERCANTIL MOTA,Centro,Supermercado,CENTRO
IRAUÇUBA,29070660000120,,Irauçuba,CE,R JOSE DE FARIAS 40,CARTAO CEARA SEM FOME,COMERCIAL BARBOSA,Centro,Mercado / Mini Mercado,CENTRO
IRAUÇUBA,41585585000136,,Irauçuba,CE,BR 222 256,CARTAO CEARA SEM FOME,MERCANTIL VELHO CHICO,Centro,Mercado / Mini Mercado,CENTRO
IRAUÇUBA,48655523000100,,Irauçuba,CE,AV PAULO BASTOS 891,CARTAO CEARA SEM FOME,FRIGORIFICO MESQUITA,Centro,Açougue,CENTRO
ITAITINGA,3604392000196,(85) 3250-1394,Itaitinga,CE,JOAQUIM RAMOS 545,CARTAO CEARA SEM FOME,MERCADINHO CAVALCANTE,Centro,Mercado / Mini Mercado,CENTRO
ITAITINGA,5377917000123,(85) 3377-1384,ITAITINGA,CE,"RUA RODOLFO PEREIRA CALVALCANTE,155 ",CARTAO CEARA SEM FOME,SUPERMERCADO MAE RAINHA,CENTRO,Supermercado,CENTRO
ITAITINGA,5377917000204,(85) 3377-1384,ITAITINGA,CE,"RUA CORONEL JOAO CORREIA MENDES, 75 ",CARTAO CEARA SEM FOME,SUPERMERCADO MAE RAINHA,CENTRO,Supermercado,CENTRO
ITAITINGA,7358849000180,(85) 3229-1002,Itaitinga,CE,AV DIONISIO LEONEL ALENCAR 1923,CARTAO CEARA SEM FOME,SUPER ISRAEL,Centro,Mercado / Mini Mercado,CENTRO
ITAITINGA,8926631000490,(85) 3274-5766,ITAITINGA,CE,"AVENIDA I, 237 ",CARTAO CEARA SEM FOME,ISMAEL SUPERMERCADOS,CENTRO,Supermercado,CENTRO
ITAITINGA,10325989000167,,Itaitinga,CE,R JOAQUIM LOPES DA COSTA 750,CARTAO CEARA SEM FOME,CARNAUBA SUPERMERCADOS,Centro,Supermercado,CENTRO
ITAITINGA,10386811000207,(85) 3377-1807,Itaitinga,CE,AVENIDA GOV VIRGILIO TAVORA N 395  ,CARTAO CEARA SEM FOME,SUPERMERCADO COMPRE CERTO,CENTRO,Supermercado,CENTRO
ITAITINGA,11497712001318,,Itaitinga,CE,AV I (CONJUNTO PARQUE DOM PEDRO) 237,CARTAO CEARA SEM FOME,CENTERBOX SUPERMERCADOS,Parque Dom Pedro II,Supermercado,PARQUE DOM PEDRO II
ITAITINGA,21461522000160,(85) 9989-71824,Itaitinga,CE,10TV DA ESPERANCA 250,CARTAO CEARA SEM FOME,MERCADINHO SANTOS,Centro,Mercado / Mini Mercado,CENTRO
ITAITINGA,21522714000130,(85) 9897-09318,Itaitinga,CE,AV DEPUTADO PAULINO ROCHA 105,CARTAO CEARA SEM FOME,ISRAEL SUPERMERCADOS,Jubuti,Supermercado,JUBUTI
ITAITINGA,32180971000157,(85) 9888-56641,Itaitinga,CE,1 TV DA ESPERANCA 01,CARTAO CEARA SEM FOME,MERCEARIA PONTO CERTO.,Centro,Mercado / Mini Mercado,CENTRO
ITAITINGA,34781560000142,(85) 9923-03373,Itaitinga,CE,R MANOEL ALVES DE ASSIS 426,CARTAO CEARA SEM FOME,MERCADINHO ECONOMICO,Centro,Mercado / Mini Mercado,CENTRO
ITAITINGA,39540798000108,(85) 9967-49965,Itaitinga,CE,R CANDIDO MEIRELES 392,CARTAO CEARA SEM FOME,MERCADAO MAX REDE,Centro,Supermercado,CENTRO
ITAITINGA,40969734000106,(85) 9875-56188,Itaitinga,CE,ROD EDSON QUEIROZ 2779,CARTAO CEARA SEM FOME,MERCADINHO JK,Centro,Mercado / Mini Mercado,CENTRO
ITAITINGA,46267354000106,,Itaitinga,CE,10 R VENEZA 296,CARTAO CEARA SEM FOME,POINT DO FRANGO GALETERIA E PETISCARIA,Centro,Restaurante,CENTRO
ITAITINGA,46786606000103,,Itaitinga,CE,PARQUE DOM PEDRO 100,CARTAO CEARA SEM FOME,DELIVERY DO CAMARAO,Parque Dom Pedro II,Peixaria,PARQUE DOM PEDRO II
ITAITINGA,59908572000116,(85) 3271-3737,Itaitinga,CE,R MANOEL DE SOUSA 215,CARTAO CEARA SEM FOME,DATERRA SUPERMERCADOS,Centro,Supermercado,CENTRO
ITAIÇABA,436213000160,(88) 9940-31808,Itaiçaba,CE,R CEL. JOAO BATISTA 86,CARTAO CEARA SEM FOME,G C REPRESENTACOES,Centro,Refeição,CENTRO
ITAIÇABA,2357477000154,(88) 9287-7890,Itaiçaba,CE,R ALEXANDRE BEZERRA 48,CARTAO CEARA SEM FOME,MERCADINHO FRUVER,Centro,Mercado / Mini Mercado,CENTRO
ITAIÇABA,9484881000138,,Itaiçaba,CE,AV JOAO BARBOSA LIMA 501,CARTAO CEARA SEM FOME,COMERCIAL SAO FRANCISCO,Centro,Mercado / Mini Mercado,CENTRO
ITAIÇABA,18118433000101,(88) 9922-63637,Itaiçaba,CE,TV DO MERCADO 63,CARTAO CEARA SEM FOME,MERCANTIL NOSSA SENHORA DE FATIMA,Centro,Mercado / Mini Mercado,CENTRO
ITAIÇABA,21926056000141,,Itaiçaba,CE,R CEL JOAO BARBOSA 559,CARTAO CEARA SEM FOME,MERCADINHO ITAIÇABA,Centro,Mercado / Mini Mercado,CENTRO
ITAIÇABA,31182944000150,(88) 9921-34698,Itaiçaba,CE,R ALEXANDRE BEZERRA 474,CARTAO CEARA SEM FOME,MINI MERCADO EBENEZER,Centro,Supermercado,CENTRO
ITAIÇABA,34452977000161,(88) 9433-3586,Itaiçaba,CE,10AV CEL JOAO CORREIA LIMA 456,CARTAO CEARA SEM FOME,BANG CARNES,Centro,Açougue,CENTRO
ITAPAJÉ,675177000198,(85) 3346-0348,Itapajé,CE,R MAJOR BARRETO 1451,CARTAO CEARA SEM FOME,SHOPPING PAES & CIA,Centro,Padaria,CENTRO
ITAPAJÉ,5377917000638,,Itapajé,CE,AV OSMAR BASTOS 1063,CARTAO CEARA SEM FOME,SUPERMERCADO MAE RAINHA,Centro,Supermercado,CENTRO
ITAPAJÉ,6337300000147,(85) 3346-0573,Itapajé,CE,R FELIPE SAMPAIO 132,CARTAO CEARA SEM FOME,SUPERMERCADO OPCAO,Centro,Mercado / Mini Mercado,CENTRO
ITAPAJÉ,7097051000122,(85) 9921-22570,Itapajé,CE,R MAJOR JOAO RIBEIRO 33,CARTAO CEARA SEM FOME,MERCANTIL ZÉ GOMES,Centro,Mercado / Mini Mercado,CENTRO
ITAPAJÉ,13126796000175,(85) 3346-1034,Itapajé,CE,R CAPITAO MANOEL PINTO 121,CARTAO CEARA SEM FOME,MERCADINHO HS,Centro,Mercado / Mini Mercado,CENTRO
ITAPAJÉ,14696003000205,,Itapajé,CE,R MANOEL LUIS DA ROCHA 115,CARTAO CEARA SEM FOME,KI FRANGO,Centro,Açougue,CENTRO
ITAPAJÉ,17257815000315,,Itapajé,CE,R BACHAREL JOSE AIRTON ROCHA 1655,CARTAO CEARA SEM FOME,PARA TY SUPERMERCADOS,Centro,Supermercado,CENTRO
ITAPAJÉ,18910400000108,,Itapajé,CE,R MANOEL LUIZ DA ROCHA 87,CARTAO CEARA SEM FOME,MERCANTIL MENOR PRECO,Centro,Mercado / Mini Mercado,CENTRO
ITAPAJÉ,39632623000112,(85) 9941-28919,Itapajé,CE,11 R TEIXEIRA PINTO 45,CARTAO CEARA SEM FOME,MERCADINHO JM BARROSO,Centro,Supermercado,CENTRO
ITAPAJÉ,44107663000185,,Itapajé,CE,MANOEL LUIS DA ROCHA 95,CARTAO CEARA SEM FOME,MERCANTIL SERVE LAR,Centro,Mercado / Mini Mercado,CENTRO
ITAPAJÉ,48977505000137,,Itapajé,CE,M D RIOS GOMES LTDA 1602,CARTAO CEARA SEM FOME,KIFRANGO,Centro,Açougue,CENTRO
ITAPAJÉ,53110215000121,,Itapajé,CE,10 R FERREIRA JARDIM 22,CARTAO CEARA SEM FOME,COMERCIO JUNIOR BARROSO,Centro,Mercado / Mini Mercado,CENTRO
ITAPAJÉ,55303647000184,,Itapajé,CE,R MAJOR JOAO RIBEIRO 33,CARTAO CEARA SEM FOME,MERCANTIL ZE GOMES,Centro,Mercado / Mini Mercado,CENTRO
ITAPAJÉ,57368679000193,,Itapajé,CE,R FELIPE SAMPAIO 132,CARTAO CEARA SEM FOME,SUPERMERCADO OPCAO,Centro,Supermercado,CENTRO
ITAPAJÉ,63484554000121,(85) 9914-53941,Itapajé,CE,MAJOR JOAO RIBEIRO 28,CARTAO CEARA SEM FOME,FRIGOPESCA,Centro,Peixaria,CENTRO
ITAPIPOCA,801874000148,(88) 9979-23378,Itapipoca,CE,R FRANCISCO D BRAGA FILHO 2802,CARTAO CEARA SEM FOME,MERCADINHO GEOVA,Centro,Mercado / Mini Mercado,CENTRO
ITAPIPOCA,1277208000115,,Itapipoca,CE,VICENTE SIEBRA 1779,CARTAO CEARA SEM FOME,MERCADINHO ALBUQUERQUE,Centro,Mercado / Mini Mercado,CENTRO
ITAPIPOCA,2527160000119,,Itapipoca,CE,R RAIMUNDO TEOFILO DE CASTRO 140,CARTAO CEARA SEM FOME,COMERCIAL O VAREJÃO,Centro,Mercado / Mini Mercado,CENTRO
ITAPIPOCA,3242796000187,(88) 9471-04495,Itapipoca,CE,R MAJOR ANTONIO RODRIGUES 340,CARTAO CEARA SEM FOME,MERCADINHO LAVOR,Centro,Mercado / Mini Mercado,CENTRO
ITAPIPOCA,3718920000138,(88) 9971-41303,Itapipoca,CE,ANASTACIO BRAGA 689,CARTAO CEARA SEM FOME,FRIGORIFICO SERRANO,Centro,Frigorifico,CENTRO
ITAPIPOCA,3995515023612,(98) 3216-5682,Itapipoca,CE,R VICENTE SIEBRA 3279,CARTAO CEARA SEM FOME,MATEUS SUPERMERCADOS,Centro,Supermercado,CENTRO
ITAPIPOCA,5741243000102,,Itapipoca,CE,AV ANASTACIO BRAGA 4928,CARTAO CEARA SEM FOME,MERCADINHO O MIMI,Centro,Mercado / Mini Mercado,CENTRO
ITAPIPOCA,8178375001049,,Itapipoca,CE,AV MONSENHOR TABOSA 2500 B,CARTAO CEARA SEM FOME,DATERRA ATACAREJO,Centro,Supermercado,CENTRO
ITAPIPOCA,11335733000101,,Itapipoca,CE,R PRINCIPAL DA BALEIA 130,CARTAO CEARA SEM FOME,SUPERMERCADO O DANIEL,Centro,Supermercado,CENTRO
ITAPIPOCA,11665449000195,(88) 3631-3358,Itapipoca,CE,R INOCENCIO BRAGA 313,CARTAO CEARA SEM FOME,SUPERMERCADO O VAREJAO,Centro,Mercado / Mini Mercado,CENTRO
ITAPIPOCA,12338109000112,(88) 3631-1533,ITAPIPOCA,CE,AVENIDA DUQUE DE CAXIAS 553,CARTAO CEARA SEM FOME,SUPERMERCADO ECONOMICO,CENTRO,Supermercado,CENTRO
ITAPIPOCA,12338109000201,(88) 3631-1533,Itapipoca,CE,R VICENTE SIEBRA 3010,CARTAO CEARA SEM FOME,SUPERMERCADO ECONOMICO,Centro,Supermercado,CENTRO
ITAPIPOCA,12338109000384,,Itapipoca,CE,R INOCENCIO BRAGA 161 A,CARTAO CEARA SEM FOME,ECONOMICO EXPRESS,Centro,Supermercado,CENTRO
ITAPIPOCA,14984125000108,(88) 3631-1850,Itapipoca,CE,DUQUE DE CAXIAS 761,CARTAO CEARA SEM FOME,FRIGOCARNES,Centro,Açougue,CENTRO
ITAPIPOCA,21325439000164,(88) 3631-1233,Itapipoca,CE,AV ANASTACIO BRAGA 950A,CARTAO CEARA SEM FOME,UNIBOI,Centro,Açougue,CENTRO
ITAPIPOCA,30421395000167,(88) 3631-1223,Itapipoca,CE,R OSVALDO CRUZ 275,CARTAO CEARA SEM FOME,SUPERMERCADO PONTO DA ECONOMIA,Centro,Supermercado,CENTRO
ITAPIPOCA,30721896000240,,Itapipoca,CE,AV MONSENHOR TABOSA 2500,CARTAO CEARA SEM FOME,DATERRA II,Centro,Supermercado,CENTRO
ITAPIPOCA,33219911000163,,Itapipoca,CE,OSVALDO CRUZ 81,CARTAO CEARA SEM FOME,DONTA TERRA,Centro,Mercado / Mini Mercado,CENTRO
ITAPIPOCA,33630996000178,(88) 9887-61314,Itapipoca,CE,R ANTONIO CARVALHO 28,CARTAO CEARA SEM FOME,MERCADINHO ALICE,Centro,Mercado / Mini Mercado,CENTRO
ITAPIPOCA,39891605000155,,Itapipoca,CE,R VICENTE MOURA VIANA 2229,CARTAO CEARA SEM FOME,MERCADO SOUSA REI,Centro,Mercado / Mini Mercado,CENTRO
ITAPIPOCA,41150003000199,(88) 9965-03511,Itapipoca,CE,R JOSE ROMERO 120,CARTAO CEARA SEM FOME,JM FRUTAS E VERDURAS,Centro,Mercado / Mini Mercado,CENTRO
ITAPIPOCA,41710847000147,(88) 9970-75652,Itapipoca,CE,R PV CORREGO DOS TANQUES 0,CARTAO CEARA SEM FOME,MERCADINHO O GILSON,Centro,Supermercado,CENTRO
ITAPIPOCA,43766398000184,,Itapipoca,CE,FAZ CROATA 10700,CARTAO CEARA SEM FOME,FRANCISCA AURILENE MAGALHAES LUCAS 90590988387,Centro,Mercado / Mini Mercado,CENTRO
ITAPIPOCA,73975500000112,,Itapipoca,CE,R OSVALDO CRUZ 281,CARTAO CEARA SEM FOME,MIRELA CHAVES RAÇÕES E CEREAIS,Centro,Mercado / Mini Mercado,CENTRO
ITAPIÚNA,112850000181,,Itapiúna,CE,R FIRMINO ANTUNES S/N,CARTAO CEARA SEM FOME,MERCEARIA CAVALCANTE,Centro,Mercado / Mini Mercado,CENTRO
ITAPIÚNA,1615904000356,(85) 9913-88468,Itapiúna,CE,R CAPITAO JOAO DE FREITAS 51,CARTAO CEARA SEM FOME,SUPERMERCADO QUEIROZ,Centro,Supermercado,CENTRO
ITAPIÚNA,7195771000120,,Itapiúna,CE,R SAO FRANCISCO 81,CARTAO CEARA SEM FOME,ITA MERCANTIL,Centro,Mercado / Mini Mercado,CENTRO
ITAPIÚNA,7401650000198,(88) 9992-12101,Itapiúna,CE,PATRIOLINO AGUIAR 50,CARTAO CEARA SEM FOME,MERCEARIA MENDES,Centro,Mercado / Mini Mercado,CENTRO
ITAPIÚNA,35230059000150,(88) 9971-14344,Itapiúna,CE,R BOTICARIO MANOEL CALDAS 02,CARTAO CEARA SEM FOME,MERCADINHO GUARUJA,Centro,Mercado / Mini Mercado,CENTRO
ITAPIÚNA,97517239000175,(88) 9990-73792,Itapiúna,CE,R JOAQUIM BEZERRA 20,CARTAO CEARA SEM FOME,MERCANTIL A.R. SANTOS,Centro,Supermercado,CENTRO
ITAREMA,7587137000133,(85) 3667-1690,Itarema,CE,R JOAO JAIME 25-B,CARTAO CEARA SEM FOME,MERCADINHO BOM JESUS,Centro,Mercado / Mini Mercado,CENTRO
ITAREMA,9280267000154,(88) 9971-64671,Itarema,CE,AV BEIRA RIO 0,CARTAO CEARA SEM FOME,ACC SUPERMERCADO,Centro,Supermercado,CENTRO
ITAREMA,11669306000151,,Itarema,CE,MANOEL RIOS 124,CARTAO CEARA SEM FOME,MERCADINHO SILVEIRA,Centro,Supermercado,CENTRO
ITAREMA,11669306000232,(88) 9986-65434,Itarema,CE,AV JOAO BATISTA RIOS 1321,CARTAO CEARA SEM FOME,SUPERMERCADO IDEAL,Centro,Supermercado,CENTRO
ITAREMA,11803526000126,,Itarema,CE,CARVOEIRO CANUDOS 80,CARTAO CEARA SEM FOME,MARIA GISLENE DOS SANTOS AGUIAR,Centro,Mercado / Mini Mercado,CENTRO
ITAREMA,12289475000129,(88) 3667-1690,Itarema,CE,"RUA AFONSO FONTES, 158  ",CARTAO CEARA SEM FOME,SUPERMERCADO BOM JES,CENTRO,Alimentação,CENTRO
ITAREMA,12289475000552,(85) 3241-5212,Itarema,CE,R 05 DE FEVEREIRO 186,CARTAO CEARA SEM FOME,SUPERMERCADO BOM JESUS,Centro,Supermercado,CENTRO
ITAREMA,13186567000146,(88) 9978-21566,Itarema,CE,TOMAZ SABINO DE SOUSA 149,CARTAO CEARA SEM FOME,PC SUPERMERCADO,Centro,Supermercado,CENTRO
ITAREMA,14908767000128,,Itarema,CE,URUBU SN,CARTAO CEARA SEM FOME,COMERCIAL MJ,Centro,Mercado / Mini Mercado,CENTRO
ITAREMA,15710708000103,(88) 3667-1276,Itarema,CE,R MANOEL RIOS 99,CARTAO CEARA SEM FOME,MERCANTIL DLS,Centro,Mercado / Mini Mercado,CENTRO
ITAREMA,15710708000294,(88) 9650-5985,Itarema,CE,AV TOMAZ SABINO DE SOUZA 143,CARTAO CEARA SEM FOME,MERCANTIL DLS,Centro,Mercado / Mini Mercado,CENTRO
ITAREMA,16733976000103,,Itarema,CE,AV JOAO BATISTA RIOS 2639,CARTAO CEARA SEM FOME,SUPERMERCADO COSTA E MAR,Centro,Mercado / Mini Mercado,CENTRO
ITAREMA,16883955000174,,Itarema,CE,DO CEMITERIO SN,CARTAO CEARA SEM FOME,COMERCIAL BRAGA,Centro,Comercial,CENTRO
ITAREMA,23487952000187,,Itarema,CE,R SAO JOSE SN,CARTAO CEARA SEM FOME,O CARNEIRO MERCEARIA,Centro,Mercado / Mini Mercado,CENTRO
ITAREMA,28573790000113,,Itarema,CE,MANOEL SALES 118,CARTAO CEARA SEM FOME,SUPERMERCADO O BINGA,Centro,Supermercado,CENTRO
ITAREMA,31118194000158,(85) 9973-54891,Itarema,CE,AV JOAO BATISTA RIOS 2162,CARTAO CEARA SEM FOME,COMERCIAL UNIAO,Centro,Supermercado,CENTRO
ITAREMA,35277586000110,(88) 9815-24107,Itarema,CE,AV ADONIAS ALVES DA COSTA 0,CARTAO CEARA SEM FOME,MERCANTIL 2 IRMAOS,Centro,Supermercado,CENTRO
ITAREMA,38535144000115,(88) 3660-1582,Itarema,CE,AV JOAO BATISTA RIOS 2618,CARTAO CEARA SEM FOME,CENTER CARNE ITAREMA,Centro,Açougue,CENTRO
ITAREMA,39156367000134,,Itarema,CE,R DO CAIS SN,CARTAO CEARA SEM FOME,MERCADINHO VITORIA,Centro,Mercado / Mini Mercado,CENTRO
ITAREMA,42972782000170,(85) 9973-54891,Itarema,CE,AV JOAO BATISTA RIOS 383,CARTAO CEARA SEM FOME,UNIAO COMERCIAL,Centro,Supermercado,CENTRO
ITAREMA,49344577000100,,Itarema,CE,AV MANOEL SALES 166 A,CARTAO CEARA SEM FOME,MERCADINHO GLESIANA,Centro,Mercado / Mini Mercado,CENTRO
ITAREMA,49794378000101,(88) 9986-65434,Itarema,CE,AV JOAO BATISTA RIOS 1321,CARTAO CEARA SEM FOME,SUPERMERCADO SILVEIRA,Centro,Mercado / Mini Mercado,CENTRO
ITAREMA,51776572000106,,Itarema,CE,10 R RUA CARVOEIRO SN,CARTAO CEARA SEM FOME,COMERCIAL CICERO GRACIANO,Centro,Mercado / Mini Mercado,CENTRO
ITATIRA,2803599000127,,Itatira,CE,ANTONIO SABINO GUERRA 289,CARTAO CEARA SEM FOME,COMERCIAL VANZINHO,Centro,Mercado / Mini Mercado,CENTRO
ITATIRA,3952196000102,,Itatira,CE,R TIRADENTES 357,CARTAO CEARA SEM FOME,MERCANTIL SÃO FRANCISCO,Centro,Mercado / Mini Mercado,CENTRO
ITATIRA,6196650000130,,Itatira,CE,R 25 DE MARCO 450,CARTAO CEARA SEM FOME,ROBERTO ALVES DE SOUSA,Centro,Mercado / Mini Mercado,CENTRO
ITATIRA,10820353000191,(88) 9922-77782,Itatira,CE,AV TRAJANO HONORATO 271,CARTAO CEARA SEM FOME,COMERCIAL MARINHO,Centro,Supermercado,CENTRO
ITATIRA,10837569000160,,Itatira,CE,AV ZEZE JUCA 1273,CARTAO CEARA SEM FOME,COMERCIAL NB,Centro,Mercado / Mini Mercado,CENTRO
ITATIRA,11115860000197,,Itatira,CE,R PRINCESA ISABEL 860,CARTAO CEARA SEM FOME,MERCEARIA RAIMUNDO CORREIA,Centro,Mercado / Mini Mercado,CENTRO
ITATIRA,11126906000173,,Itatira,CE,VL NOVA CACHOEIRA SN,CARTAO CEARA SEM FOME,COMERCIAL TALIR,Centro,Mercado / Mini Mercado,CENTRO
ITATIRA,12309268000199,,Itatira,CE,CONJUNTO HABITACIONAL DE CACHOEIRA BR 27,CARTAO CEARA SEM FOME,M - DIFOR SUPERMERCADO,Centro,Mercado / Mini Mercado,CENTRO
ITATIRA,16579907000197,,Itatira,CE,DT SAO GONCALO SN,CARTAO CEARA SEM FOME,COMERCIAL O LUCIVANDO,Centro,Mercado / Mini Mercado,CENTRO
ITATIRA,17127065000103,,Itatira,CE,COM LAGOA SECA SN,CARTAO CEARA SEM FOME,MERCADINHO OPCAO,Centro,Mercado / Mini Mercado,CENTRO
ITATIRA,20139984000101,,Itatira,CE,AV NOSSA SENHORA DO CARMO 134,CARTAO CEARA SEM FOME,COMERCIAL J. L,Centro,Mercado / Mini Mercado,CENTRO
ITATIRA,20933932000102,(88) 9810-14014,Itatira,CE,AV TRAJANO HONORATO 241,CARTAO CEARA SEM FOME,SUPERMERCADO PAZ E AMOR,Centro,Supermercado,CENTRO
ITATIRA,23919308000130,(85) 9817-46082,Itatira,CE,R JOAO AUGUSTO LOBO 117,CARTAO CEARA SEM FOME,SUPER POVAO,Centro,Supermercado,CENTRO
ITATIRA,27395688000102,,Itatira,CE,AV ZEZE JUCA 932,CARTAO CEARA SEM FOME,ALTERNATIVA COMERCIO E SERVICOS,Centro,Mercado / Mini Mercado,CENTRO
ITATIRA,34843583000134,(88) 9811-88736,Itatira,CE,R RUA PEDRO XAVIER MACAMBIRA 35,CARTAO CEARA SEM FOME,MERCADINHO RYAN,Centro,Supermercado,CENTRO
ITATIRA,36044413000115,(88) 9810-70831,Itatira,CE,R ANTONIO SABINO GUERRA 214,CARTAO CEARA SEM FOME,CANTINHO DA SERRA,Centro,Mercado / Mini Mercado,CENTRO
ITATIRA,41453226000125,,Itatira,CE,VL NOVA SN,CARTAO CEARA SEM FOME,MERCANTIL ECONOMICO,Centro,Mercado / Mini Mercado,CENTRO
JAGUARETAMA,2220541000150,,Jaguaretama,CE,R JOSE FURTADO DE MACEDO 402,CARTAO CEARA SEM FOME,MERCADINHO O HAROLDO,Centro,Mercado / Mini Mercado,CENTRO
JAGUARETAMA,4396606000149,,Jaguaretama,CE,AV MARILANDIA 278,CARTAO CEARA SEM FOME,MINIBOX PINHEIROS,Centro,Mercado / Mini Mercado,CENTRO
JAGUARETAMA,5232134000151,(88) 9811-78998,Jaguaretama,CE,TRISTAO GONCALVES 562,CARTAO CEARA SEM FOME,MERCADINHO BANDEIRA,Centro,Mercado / Mini Mercado,CENTRO
JAGUARETAMA,5470748000171,,Jaguaretama,CE,TRISTAO GONCALVES 600,CARTAO CEARA SEM FOME,MERCADINHO E BOMBONIERE CENTRAL,Centro,Mercado / Mini Mercado,CENTRO
JAGUARETAMA,7443674000100,,Jaguaretama,CE,TRISTAO GONCALVES 551,CARTAO CEARA SEM FOME,MERCEARIA QUEIROZ,Centro,Mercado / Mini Mercado,CENTRO
JAGUARETAMA,8659532000147,(88) 9813-34616,Jaguaretama,CE,R TRISTAO GONCALVES 696,CARTAO CEARA SEM FOME,SUPERMERCADO DANTAS,Centro,Supermercado,CENTRO
JAGUARETAMA,10808850000174,(88) 9811-51326,Jaguaretama,CE,R TRISTAO GONCALVES 612,CARTAO CEARA SEM FOME,MERCADINHO PINHEIRO,Centro,Supermercado,CENTRO
JAGUARETAMA,26757265000122,(88) 9812-25774,Jaguaretama,CE,TEOFILO PEIXOTO 374,CARTAO CEARA SEM FOME,MERCADINHO POPULAR,Centro,Mercado / Mini Mercado,CENTRO
JAGUARETAMA,35023357000170,(88) 3576-1432,Jaguaretama,CE,R TRISTAO GONCALVES 634,CARTAO CEARA SEM FOME,SUPER SANTIAGO,Centro,Mercado / Mini Mercado,CENTRO
JAGUARIBARA,6126732000109,(88) 9996-36951,Jaguaribara,CE,AV VEREADOR SOBRINHO 463,CARTAO CEARA SEM FOME,PAGUE MENOS SUPERMERCADO,Centro,Supermercado,CENTRO
JAGUARIBARA,6350442000144,(88) 9996-87242,Jaguaribara,CE,AV VEREADOR SOBRINHO 272,CARTAO CEARA SEM FOME,CHURRASCARIA E POUSADA PEREIRA,Centro,Mercado / Mini Mercado,CENTRO
JAGUARIBARA,10493985000198,,Jaguaribara,CE,AV PERGENTINO ALMINO PINHEIRO 242,CARTAO CEARA SEM FOME,MERCADINHO ADELMO,Centro,Mercado / Mini Mercado,CENTRO
JAGUARIBARA,11075637000163,(88) 9966-92122,Jaguaribara,CE,AV JOSE FURTADO DE MACEDO 366,CARTAO CEARA SEM FOME,MERCADINHO DANTAS,Centro,Mercado / Mini Mercado,CENTRO
JAGUARIBARA,11668939000145,,Jaguaribara,CE,R CICERO FERNANDES 981,CARTAO CEARA SEM FOME,MERCADINHO SANTA TEREZINHA,Centro,Mercado / Mini Mercado,CENTRO
JAGUARIBARA,11816642000180,(88) 9648-1222,Jaguaribara,CE,R JOSE FURTADO DE MACEDO 396,CARTAO CEARA SEM FOME,MERCANTIL PEIXOTO,Centro,Mercado / Mini Mercado,CENTRO
JAGUARIBARA,23735194000179,,Jaguaribara,CE,PORCINO FERNANDES MAIA 742,CARTAO CEARA SEM FOME,MERCADINHO O ZITO,Centro,Mercado / Mini Mercado,CENTRO
JAGUARIBARA,28456167000180,,Jaguaribara,CE,FRANCISCO MELANIAS BEZERRA 226,CARTAO CEARA SEM FOME,PANIFICADORA MARTINS,Centro,Padaria,CENTRO
JAGUARIBARA,35191812000146,,Jaguaribara,CE,FRANCISCO MELANIAS BEZERRA 527,CARTAO CEARA SEM FOME,PANIFICADORA BOM GOSTO,Centro,Padaria,CENTRO
JAGUARIBARA,37388053000131,(85) 9997-60231,Jaguaribara,CE,SAO VICENTE 00,CARTAO CEARA SEM FOME,DIOGENES & DANTAS MERCADINHO E TRANSPORTES,Centro,Mercado / Mini Mercado,CENTRO
JAGUARIBARA,41585191000188,,Jaguaribara,CE,AV FRANCISCO MELANIAS BEZERRA 781,CARTAO CEARA SEM FOME,MERCADINHO SALDANHA,Centro,Mercado / Mini Mercado,CENTRO
JAGUARIBE,398593000196,(88) 9965-70908,Jaguaribe,CE,PC SENADOR FERNANDES TAVORA 04,CARTAO CEARA SEM FOME,FERNANDES & BARBOSA VAREJISTA DE ALIMENTOS,Centro,Frigorifico,CENTRO
JAGUARIBE,1137059000270,(88) 3522-2805,Jaguaribe,CE,"RUA PADRE JOAO BANDEIRA, 860 ",CARTAO CEARA SEM FOME,MERCANTIL DIAMANTE,CENTRO,Mercado / Mini Mercado,CENTRO
JAGUARIBE,5564280000184,,Jaguaribe,CE,FRANCISCO DIOGENES 194,CARTAO CEARA SEM FOME,LENILSON DIOGENES SALDANHA,Centro,Alimentação,CENTRO
JAGUARIBE,8934266000113,(88) 2136-1378,Jaguaribe,CE,R PADRE JOAO BANDEIRA 784,CARTAO CEARA SEM FOME,SUPER MOURAO,Centro,Supermercado,CENTRO
JAGUARIBE,8995535000151,(88) 9970-50999,Jaguaribe,CE,R SETE DE SETEMBRO 782,CARTAO CEARA SEM FOME,MERCADINHO MARTINS,Centro,Supermercado,CENTRO
JAGUARIBE,9305029000580,(88) 3561-2361,Jaguaribe,CE,R 07 DE SETEMBRO 887,CARTAO CEARA SEM FOME,SUPER QUEIROZ,Centro,Supermercado,CENTRO
JAGUARIBE,9305029001047,,Jaguaribe,CE,AV ALOISIO DIOGENES 641,CARTAO CEARA SEM FOME,SUPER QUEIROZ 10,Centro,Supermercado,CENTRO
JAGUARIBE,12363102000150,,Jaguaribe,CE,AV DR. JOSE APARICIO BEZERRA DE FIGUEIREDO 72,CARTAO CEARA SEM FOME,MERCADINHO O BARATEIRO,Centro,Mercado / Mini Mercado,CENTRO
JAGUARIBE,18281572000151,,Jaguaribe,CE,AV 9 DE DEZEMBRO 203,CARTAO CEARA SEM FOME,SUPERMERCADO COMPRE BEM,Centro,Supermercado,CENTRO
JAGUARIBE,41450222000193,,Jaguaribe,CE,R 7 DE SETEMBRO 708,CARTAO CEARA SEM FOME,SUPERMERCADO OLIVAN,Centro,Supermercado,CENTRO
JAGUARIBE,49551891000163,(88) 9927-43257,Jaguaribe,CE,R SAVINO BARREIRA 585,CARTAO CEARA SEM FOME,SUPER DIAMANTE,Centro,Mercado / Mini Mercado,CENTRO
JAGUARUANA,487479000132,(88) 3418-1741,Jaguaruana,CE,TV GEORGIA GOMES DA SILVA 171,CARTAO CEARA SEM FOME,SUPERMERCADO LALA,Centro,Mercado / Mini Mercado,CENTRO
JAGUARUANA,487479000213,,Jaguaruana,CE,R PDE ROCHA 1276,CARTAO CEARA SEM FOME,SUPERMERCADO LALA,Centro,Supermercado,CENTRO
JAGUARUANA,573484000168,(88) 3418-1754,Jaguaruana,CE,R CEL RAIMUNDO FRANCISCO 1964,CARTAO CEARA SEM FOME,MERCADINHO CESTA BASICA,Centro,Mercado / Mini Mercado,CENTRO
JAGUARUANA,6007051000121,,Jaguaruana,CE,R CEL RAIMUNDO FRANCISCO 747,CARTAO CEARA SEM FOME,MERCANTIL 2 IRMÃOS,Centro,Mercado / Mini Mercado,CENTRO
JAGUARUANA,9518224000164,(88) 3418-1437,Jaguaruana,CE,AV SIMAO DE GOIS 1101,CARTAO CEARA SEM FOME,SUPER ECONOMICO,Centro,Mercado / Mini Mercado,CENTRO
JAGUARUANA,10846852000158,,Jaguaruana,CE,R SAO JOSE 1126,CARTAO CEARA SEM FOME,MERCADINHO RAIMUNDO OLE,Centro,Mercado / Mini Mercado,CENTRO
JAGUARUANA,13523404000101,,Jaguaruana,CE,SIT VOLTA SN,CARTAO CEARA SEM FOME,MERCADINHO O FLAVIO,Centro,Mercado / Mini Mercado,CENTRO
JAGUARUANA,24652732000124,(88) 9444-8955,Jaguaruana,CE,R PADRE ROCHA 531,CARTAO CEARA SEM FOME,SKINA DA ECONOMIA,Centro,Mercado / Mini Mercado,CENTRO
JAGUARUANA,33959983000147,(88) 9935-89490,Jaguaruana,CE,R PADRE ROCHA 1424,CARTAO CEARA SEM FOME,BARRACA CHICO DAS FRUTAS,Centro,Mercado / Mini Mercado,CENTRO
JAGUARUANA,35075035000174,,Jaguaruana,CE,RUA PADRE ROCHA 1354,CARTAO CEARA SEM FOME,MERCADINHO ECONOMICO,Centro,Mercado / Mini Mercado,CENTRO
JAGUARUANA,35902343000126,(88) 9465-8739,Jaguaruana,CE,R PADRE ROCHA 1435,CARTAO CEARA SEM FOME,CASA DA CARNE,Centro,Açougue,CENTRO
JAGUARUANA,40030410000108,,Jaguaruana,CE,SIT PATOS SN,CARTAO CEARA SEM FOME,MERCADINHO DO EDNARDO,Centro,Mercado / Mini Mercado,CENTRO
JAGUARUANA,40196497000180,(88) 9708-3487,Jaguaruana,CE,AV SIMAO DE GOIS 1519,CARTAO CEARA SEM FOME,FRIGORIFICO BL,Centro,Açougue,CENTRO
JAGUARUANA,50822743000115,,Jaguaruana,CE,SIT ANTONOPOLIS SN,CARTAO CEARA SEM FOME,MERCANTIL LENIOS,Centro,Mercado / Mini Mercado,CENTRO
JAGUARUANA,97529667000380,,Jaguaruana,CE,AV SIMAO DE GOES 1794,CARTAO CEARA SEM FOME,SUPER MINIBOX,Centro,Mercado / Mini Mercado,CENTRO
JARDIM,3025524000125,(88) 9811-57684,Jardim,CE,R DR JOSE VIEIRA 111,CARTAO CEARA SEM FOME,BARATAO SUPERMERCADO,Centro,Supermercado,CENTRO
JARDIM,3168984000102,,Jardim,CE,AV WILSON RORIZ 1623,CARTAO CEARA SEM FOME,MERCADINHO NOSSA SENHORA DE FATIMA,Centro,Mercado / Mini Mercado,CENTRO
JARDIM,6314251000127,,Jardim,CE,ROMAO SAMPAIO 75,CARTAO CEARA SEM FOME,COMBEJA - COMERCIAL DE BEBIDAS JARDINENSE,Centro,Mercado / Mini Mercado,CENTRO
JARDIM,7391089000103,,Jardim,CE,PADRE MIGUEL COELHO 165,CARTAO CEARA SEM FOME,MERCANTIL SANTO ANTONIO,Centro,Mercado / Mini Mercado,CENTRO
JARDIM,11082709000108,(88) 9815-82469,Jardim,CE,AV WILSON RORIZ 1680,CARTAO CEARA SEM FOME,SUPER SACOLAO DA FARTURA,Centro,Mercado / Mini Mercado,CENTRO
JARDIM,11304962000150,(88) 3555-1278,Jardim,CE,SIT LAMEIRAO 1480,CARTAO CEARA SEM FOME,MERCADINHO PADRE CICERO,Centro,Loja de Armarinho,CENTRO
JARDIM,21154636000168,,Jardim,CE,LEONEL ALENCAR 48,CARTAO CEARA SEM FOME,MERCADINHO MELHOR PRECO,Centro,Mercado / Mini Mercado,CENTRO
JARDIM,43364797000119,,Jardim,CE,SIT BOM SUCESSO S/N,CARTAO CEARA SEM FOME,MERCADINHO SAO MIGUEL,Centro,Mercado / Mini Mercado,CENTRO
JARDIM,69364917000171,,Jardim,CE,R LEONEL ALENCAR 170,CARTAO CEARA SEM FOME,+ BARATO ATACAREJO,Centro,Mercado / Mini Mercado,CENTRO
JATI,10743465000196,(88) 9813-81558,Jati,CE,MANOEL LUIS 70,CARTAO CEARA SEM FOME,MERCANTIL RODRIGUES,Centro,Mercado / Mini Mercado,CENTRO
JATI,18416822000113,(88) 3575-3001,Jati,CE,R MANOEL LUIS 122,CARTAO CEARA SEM FOME,SUPERMERCADO EVILA,Centro,Supermercado,CENTRO
JATI,24630579000134,,Jati,CE,SIT Carnauba de jati 170,CARTAO CEARA SEM FOME,MERCADINHO N NASCIMENTO,Centro,Mercado / Mini Mercado,CENTRO
JATI,33652378000129,,Jati,CE,VL CARNAUBA - RUA SAO SEBASTIAO 146,CARTAO CEARA SEM FOME,MERCEARIA DO JOSUI,Centro,Mercado / Mini Mercado,CENTRO
JATI,41473524000187,,Jati,CE,R MANOEL LUIZ 200,CARTAO CEARA SEM FOME,COMPRE FACIL,Centro,Mercado / Mini Mercado,CENTRO
JIJOCA DE JERICOACOARA,14449038000150,(88) 9613-1983,Jijoca de Jericoacoara,CE,R MINAS GERAIS 410,CARTAO CEARA SEM FOME,MERCADINHO DO POVO,Centro,Supermercado,CENTRO
JIJOCA DE JERICOACOARA,17157446000127,(88) 9967-81991,Jijoca de Jericoacoara,CE,R CAMPO GRANDE 2423,CARTAO CEARA SEM FOME,MERCADINHO PRIMAVERA,Centro,Supermercado,CENTRO
JIJOCA DE JERICOACOARA,17386854000231,(88) 9817-44059,Jijoca de Jericoacoara,CE,AV MANOEL TEIXEIRA 128,CARTAO CEARA SEM FOME,ATACADÃO CARNEIRO,Centro,Mercado / Mini Mercado,CENTRO
JIJOCA DE JERICOACOARA,20604034000100,(88) 9961-81357,Jijoca de Jericoacoara,CE,R MINAS GERAIS 445,CARTAO CEARA SEM FOME,COMERCIAL BARROS,Centro,Supermercado,CENTRO
JIJOCA DE JERICOACOARA,20638727000106,,Jijoca de Jericoacoara,CE,R VITAL VERISSIMO 0,CARTAO CEARA SEM FOME,ELIAS BEBIDAS,Centro,Supermercado,CENTRO
JIJOCA DE JERICOACOARA,21708705000138,,Jijoca de Jericoacoara,CE,R CAMPO GRANDE 2470,CARTAO CEARA SEM FOME,MERCANTIL DOS IRMAOS,Centro,Mercado / Mini Mercado,CENTRO
JIJOCA DE JERICOACOARA,28059824000156,(88) 9814-82991,Jijoca de Jericoacoara,CE,AV MANOEL TEIXEIRA 50,CARTAO CEARA SEM FOME,J C FRIOS E TUDO MAIS,Centro,Supermercado,CENTRO
JIJOCA DE JERICOACOARA,32541616000166,(88) 9990-32853,Jijoca de Jericoacoara,CE,AV MANOEL TEIXEIRA 112,CARTAO CEARA SEM FOME,MERCADINHO ECONOMICO,Centro,Supermercado,CENTRO
JIJOCA DE JERICOACOARA,32768826000272,,Jijoca de Jericoacoara,CE,jericoacoara 450,CARTAO CEARA SEM FOME,ATACADO DO VALE COMERCIO DE ALIMENTOS LTDA,Centro,Mercado / Mini Mercado,CENTRO
JIJOCA DE JERICOACOARA,33190183000104,(88) 9961-91535,Jijoca de Jericoacoara,CE,AV MANOEL TEIXEIRA 155,CARTAO CEARA SEM FOME,MERCADINHO COMPRE FACIL,Centro,Supermercado,CENTRO
JIJOCA DE JERICOACOARA,35285479000134,,Jijoca de Jericoacoara,CE,EDVA ESMERINO S/N,CARTAO CEARA SEM FOME,MERCADINHO CARNEIRO,Centro,Mercado / Mini Mercado,CENTRO
JIJOCA DE JERICOACOARA,43116779000207,,Jijoca de Jericoacoara,CE,AV MANOEL TEIXEIRA 141,CARTAO CEARA SEM FOME,RAINHA BEM AQUI JIJOCA,Centro,Supermercado,CENTRO
JIJOCA DE JERICOACOARA,43750110000183,(88) 9946-92679,Jijoca de Jericoacoara,CE,R OLAVO VASCONCELOS 0,CARTAO CEARA SEM FOME,PONTO DO COCO,Centro,Supermercado,CENTRO
JIJOCA DE JERICOACOARA,48951310000118,,Jijoca de Jericoacoara,CE,R IZALTA VASCONCELOS 666,CARTAO CEARA SEM FOME,MERCADINHO N N,Centro,Supermercado,CENTRO
JUAZEIRO DO NORTE,87096000177,(88) 3512-4157,Juazeiro do Norte,CE,São Paulo 491,CARTAO CEARA SEM FOME,SUPERMERCADO YOHANNE,Centro,Supermercado,CENTRO
JUAZEIRO DO NORTE,416944000144,(88) 3512-4910,Juazeiro do Norte,CE,Formosa 664,CARTAO CEARA SEM FOME,KAIPIRA MERCANTIL,Pio XII,Mercado / Mini Mercado,PIO XII
JUAZEIRO DO NORTE,3123142000134,(88) 3572-8800,Juazeiro do Norte,CE,Abel Sobreira 193,CARTAO CEARA SEM FOME,SUPER ECONOMICO,Santa Tereza,Alimentação,SANTA TEREZA
JUAZEIRO DO NORTE,3123142000215,(88) 3572-8800,Juazeiro do Norte,CE,João Dias de Oliveira 60,CARTAO CEARA SEM FOME,SUPER ECONOMICO,Pedrinhas,Supermercado,PEDRINHAS
JUAZEIRO DO NORTE,3123142000568,(88) 3572-8800,Juazeiro do Norte,CE,Presidente Castelo Branco 4737,CARTAO CEARA SEM FOME,DINIZ SUPERMERCADOS,Betolândia,Mercado / Mini Mercado,BETOLÂNDIA
JUAZEIRO DO NORTE,3123142000649,(88) 3572-8800,Juazeiro do Norte,CE,Ailton Gomes de Alencar 2569,CARTAO CEARA SEM FOME,DINIZ SUPERMERCADOS,José Geraldo da Cruz,Mercado / Mini Mercado,JOSÉ GERALDO DA CRUZ
JUAZEIRO DO NORTE,3123142000800,,Juazeiro do Norte,CE,Padre Cícero 2027,CARTAO CEARA SEM FOME,DINIZ SUPERMERCADOS,Salesianos,Supermercado,SALESIANOS
JUAZEIRO DO NORTE,3720882003505,(85) 3131-2820,Juazeiro do Norte,CE,AV CORONEL HUMBERTO BEZERRA 1019,CARTAO CEARA SEM FOME,Super Mercadinhos São Luiz - Loja 31,Novo Juazeiro,Alimentação,NOVO JUAZEIRO
JUAZEIRO DO NORTE,3995515027367,,Juazeiro do Norte,CE,Padre Cícero 2241,CARTAO CEARA SEM FOME,MATEUS SUPERMERCADOS,Santa Tereza,Supermercado,SANTA TEREZA
JUAZEIRO DO NORTE,4601165000331,(85) 3477-2317,Juazeiro do Norte,CE,da Conceição 484,CARTAO CEARA SEM FOME,SUPER LAGOA,Centro,Supermercado,CENTRO
JUAZEIRO DO NORTE,5351889000175,(88) 5115-4545,JUAZEIRO DO NORTE,CE,RUA DA PAZ Nº343 343,CARTAO CEARA SEM FOME,COMERCIAL SANTO ANTONIO,Pirajá,Supermercado,PIRAJÁ
JUAZEIRO DO NORTE,5619617000103,,Juazeiro do Norte,CE,R VINTE E UM DE ABRIL 56,CARTAO CEARA SEM FOME,MERCADINHO LIMA JUNIOR,Tiradentes,Padaria,TIRADENTES
JUAZEIRO DO NORTE,5821256000183,(88) 3587-3876,Juazeiro do Norte,CE,Santa Luzia 1594,CARTAO CEARA SEM FOME,MERCANTIL ZE DO CAL,São Miguel,Mercado / Mini Mercado,SÃO MIGUEL
JUAZEIRO DO NORTE,6057223021926,(11) 3411-5213,Juazeiro do Norte,CE,Padre Cícero ,CARTAO CEARA SEM FOME,ASSAÍ ATACADISTA,São José,Supermercado,SÃO JOSÉ
JUAZEIRO DO NORTE,7163381000250,,Juazeiro do Norte,CE,Santa Luzia 495,CARTAO CEARA SEM FOME,PANIFICADORA SANTA LIQUINA,Centro,Padaria,CENTRO
JUAZEIRO DO NORTE,7166677000143,(88) 3511-9574,Juazeiro do Norte,CE,Alencar Peixoto 586/A,CARTAO CEARA SEM FOME,NUTREBEM,Centro,Alimentação,CENTRO
JUAZEIRO DO NORTE,11135169000175,(88) 9812-60865,Juazeiro do Norte,CE,Abel Sobreira 88A,CARTAO CEARA SEM FOME,MERCANTIL NOGUEIRA,Santa Tereza,Supermercado,SANTA TEREZA
JUAZEIRO DO NORTE,11738424000174,(85) 3319-1440,Juazeiro do Norte,CE,MUNICÍPIO CHOROZINHO 230,CARTAO CEARA SEM FOME,MERCADINHO CHICO BRUNO,Centro,Mercado / Mini Mercado,CENTRO
JUAZEIRO DO NORTE,11903332000100,(88) 9968-17454,Juazeiro do Norte,CE,R JOAO ALVES SILVA 450,CARTAO CEARA SEM FOME,MERCANTIL CAMPO NOVO,Campo Alegre,Mercado / Mini Mercado,CAMPO ALEGRE
JUAZEIRO DO NORTE,14186436000121,(88) 9802-5487,Juazeiro do Norte,CE,São Paulo 725,CARTAO CEARA SEM FOME,RESTAURANTE SELF SERVICE SABOR DE MEL,Centro,Restaurante,CENTRO
JUAZEIRO DO NORTE,15099833000200,(85) 4012-2948,Juazeiro do Norte,CE,Padre Cícero 4446,CARTAO CEARA SEM FOME,LAREDO FOOD SERVICE,São José,Supermercado,SÃO JOSÉ
JUAZEIRO DO NORTE,15688967000185,,Juazeiro do Norte,CE,Valdomiro Marçal do Carmo ,CARTAO CEARA SEM FOME,MERCANTIL NOGUEIRA,Triângulo,Alimentação,TRIÂNGULO
JUAZEIRO DO NORTE,15688967000266,(88) 3571-2479,Juazeiro do Norte,CE,Doutor Mário Malzoni ,CARTAO CEARA SEM FOME,CARIRI CENTER SUPERM,Lagoa Seca,Supermercado,LAGOA SECA
JUAZEIRO DO NORTE,17129242000182,(88) 9966-47021,Juazeiro do Norte,CE,Padre Cícero 2555,CARTAO CEARA SEM FOME,MONTANA/SIRIGUELA,Triângulo,Serviços de Alimentação,TRIÂNGULO
JUAZEIRO DO NORTE,17696621000154,(88) 9887-28208,Juazeiro do Norte,CE,Ailton Gomes de Alencar 2263,CARTAO CEARA SEM FOME,QUALI CARNES,Pirajá,Açougue,PIRAJÁ
JUAZEIRO DO NORTE,18561543000143,(88) 3511-2442,Juazeiro do Norte,CE,São Vicente de Paula 92,CARTAO CEARA SEM FOME,FRIGORIFICO E SACOLAO BOI DE OURO,Socorro,Açougue,SOCORRO
JUAZEIRO DO NORTE,19095296000108,,Juazeiro do Norte,CE,Alencar Peixoto 583,CARTAO CEARA SEM FOME,NATTURE,Centro,Alimentação,CENTRO
JUAZEIRO DO NORTE,20862617000123,,Juazeiro do Norte,CE,Padre Alcântara S/N,CARTAO CEARA SEM FOME,CENTER PEIXE,Triângulo,Peixaria,TRIÂNGULO
JUAZEIRO DO NORTE,22330751000109,,Juazeiro do Norte,CE,José Inácio Gomes 307,CARTAO CEARA SEM FOME,Panificadora Ana Raquel,Jardim Gonzaga,Padaria,JARDIM GONZAGA
JUAZEIRO DO NORTE,23143709000141,,Juazeiro do Norte,CE,Todos os Santos 808,CARTAO CEARA SEM FOME,VITRINE DO PAO,Salesianos,Padaria,SALESIANOS
JUAZEIRO DO NORTE,24250256000115,(88) 3511-3626,Juazeiro do Norte,CE,R FRANCISCO LIRA PEREIRA 50,CARTAO CEARA SEM FOME,COAFAC,Centro,Mercado / Mini Mercado,CENTRO
JUAZEIRO DO NORTE,24262472000180,,Juazeiro do Norte,CE,Alberto Vieira 24,CARTAO CEARA SEM FOME,CHURRASQUINHO CARIRI,Novo Juazeiro,Alimentação,NOVO JUAZEIRO
JUAZEIRO DO NORTE,24404118000143,(88) 9887-69921,Juazeiro do Norte,CE,Alencar Peixoto 515,CARTAO CEARA SEM FOME,EMPORIUM CARIRI,Centro,Loja Prod. Naturais/Organicos,CENTRO
JUAZEIRO DO NORTE,24404118000224,(88) 9997-24523,Juazeiro do Norte,CE,Doutor Mauro Sampaio 940,CARTAO CEARA SEM FOME,EMPORIUM CARIRI,Lagoa Seca,Loja Prod. Naturais/Organicos,LAGOA SECA
JUAZEIRO DO NORTE,24687173000198,,Juazeiro do Norte,CE,do Mercado 473,CARTAO CEARA SEM FOME,O PAIZAO,Centro,Açougue,CENTRO
JUAZEIRO DO NORTE,25510953000120,,Juazeiro do Norte,CE,Ailton Gomes de Alencar S/N,CARTAO CEARA SEM FOME,FRIGORIFICO SAO JOSE,Pirajá,Frigorifico,PIRAJÁ
JUAZEIRO DO NORTE,26111220000186,(88) 3571-7335,Juazeiro do Norte,CE,São Paulo 623,CARTAO CEARA SEM FOME,MR COURAS MERCANTIL LTDA,Centro,Mercado / Mini Mercado,CENTRO
JUAZEIRO DO NORTE,27445537000111,(88) 9645-9009,Juazeiro do Norte,CE,Arnóbio Bacelar Caneca 320,CARTAO CEARA SEM FOME,ALBUQUERQUE DELICATESSEN,Lagoa Seca,Restaurante,LAGOA SECA
JUAZEIRO DO NORTE,27643161000150,(88) 3572-8800,Juazeiro do Norte,CE,Radialista Coelho Alves 65,CARTAO CEARA SEM FOME,SUPER ECONOMICO,Tiradentes,Supermercado,TIRADENTES
JUAZEIRO DO NORTE,28164396000121,(88) 3511-5552,Juazeiro do Norte,CE,Coronel Fausto Guimarães 20,CARTAO CEARA SEM FOME,COMPRE MAIS ATACAREJO,Pirajá,Supermercado,PIRAJÁ
JUAZEIRO DO NORTE,28164396000393,,Juazeiro do Norte,CE,Padre Cícero 2027,CARTAO CEARA SEM FOME,COMPRE MAIS ATACAREJO,Salesianos,Mercado / Mini Mercado,SALESIANOS
JUAZEIRO DO NORTE,28172175000103,,Juazeiro do Norte,CE,São Salvador 408,CARTAO CEARA SEM FOME,PADARIA PAO DE MANA,Juvencio Santana,Padaria,JUVENCIO SANTANA
JUAZEIRO DO NORTE,28861608000120,,Juazeiro do Norte,CE,Francisco Martins de Souza 1215,CARTAO CEARA SEM FOME,YOHANNE SUPERMERCADO,Jardim Gonzaga,Supermercado,JARDIM GONZAGA
JUAZEIRO DO NORTE,30025081000145,,Juazeiro do Norte,CE,José Anastácio Tavares 77,CARTAO CEARA SEM FOME,NUTREBEM,Planalto,Restaurante,PLANALTO
JUAZEIRO DO NORTE,30453517000105,(88) 9971-01440,Juazeiro do Norte,CE,Vereador José Gonçalves de Almeida 65,CARTAO CEARA SEM FOME,A PRACA E NOSSA,Tiradentes,Restaurante,TIRADENTES
JUAZEIRO DO NORTE,31331043000183,,Juazeiro do Norte,CE,Ailton Gomes de Alencar 1056,CARTAO CEARA SEM FOME,BLITZ SORVETES,Franciscanos,Mercado / Mini Mercado,FRANCISCANOS
JUAZEIRO DO NORTE,31759212000180,(88) 2156-6902,Juazeiro do Norte,CE,São Paulo 2006,CARTAO CEARA SEM FOME,CARMELA,Santa Tereza,Açougue,SANTA TEREZA
JUAZEIRO DO NORTE,32267292004026,(86) 3276-5663,Juazeiro do Norte,CE,São Pedro 2393,CARTAO CEARA SEM FOME,CARIRI CENTER SUPERMERCADOS,Santa Tereza,Supermercado,SANTA TEREZA
JUAZEIRO DO NORTE,32267292004107,(86) 3276-5663,Juazeiro do Norte,CE,Deputado Leão Sampaio 128,CARTAO CEARA SEM FOME,CARIRI CENTER SUPERMERCADOS,Triângulo,Supermercado,TRIÂNGULO
JUAZEIRO DO NORTE,32267292004298,(86) 3276-5663,Juazeiro do Norte,CE,Doutor Mário Malzoni 899,CARTAO CEARA SEM FOME,CARIRI CENTER SUPERMERCADOS,Lagoa Seca,Supermercado,LAGOA SECA
JUAZEIRO DO NORTE,32267292004450,(86) 3276-5663,Juazeiro do Norte,CE,Radialista Coelho Alves 214,CARTAO CEARA SEM FOME,R CARVALHO,Tiradentes,Supermercado,TIRADENTES
JUAZEIRO DO NORTE,32267292004530,(86) 3276-5663,Juazeiro do Norte,CE,Horácio Campelo 544,CARTAO CEARA SEM FOME,CARIRI CENTER SUPERMERCADOS,Limoeiro,Supermercado,LIMOEIRO
JUAZEIRO DO NORTE,32554927000160,,Juazeiro do Norte,CE,Presidente Castelo Branco 3426,CARTAO CEARA SEM FOME,PAO NOBRE,Novo Juazeiro,Padaria,NOVO JUAZEIRO
JUAZEIRO DO NORTE,33663036000104,(88) 9971-35367,Juazeiro do Norte,CE,Valdomiro Marçal do Carmo 369,CARTAO CEARA SEM FOME,SUPERMERCADO MOREIRA,Triângulo,Mercado / Mini Mercado,TRIÂNGULO
JUAZEIRO DO NORTE,33794646000147,(88) 2157-5642,Juazeiro do Norte,CE,Presidente Castelo Branco 3298,CARTAO CEARA SEM FOME,FRIGOS MEATS,Tiradentes,Açougue,TIRADENTES
JUAZEIRO DO NORTE,34997130000162,(88) 3511-2299,Juazeiro do Norte,CE,São Paulo 605,CARTAO CEARA SEM FOME,MERCADINHO MAINHA,Centro,Mercado / Mini Mercado,CENTRO
JUAZEIRO DO NORTE,35040799000124,(88) 3511-3922,Juazeiro do Norte,CE,Santa Luzia 549,CARTAO CEARA SEM FOME,MERCANTIL SOUZA LIRA,Centro,Mercado / Mini Mercado,CENTRO
JUAZEIRO DO NORTE,36304680000184,,Juazeiro do Norte,CE,Ailton Gomes de Alencar 1115,CARTAO CEARA SEM FOME,RICARDO MARCOLINO DE SALES,Franciscanos,Mercado / Mini Mercado,FRANCISCANOS
JUAZEIRO DO NORTE,40013460000179,,Juazeiro do Norte,CE,Ailton Gomes de Alencar 2992,CARTAO CEARA SEM FOME,C J M PARENTE,Lagoa Seca,Mercado / Mini Mercado,LAGOA SECA
JUAZEIRO DO NORTE,41665612000180,,Juazeiro do Norte,CE,Presidente Castelo Branco 3282,CARTAO CEARA SEM FOME,SACOLAO E MERCADINHO MULT VERDE,Novo Juazeiro,Mercado / Mini Mercado,NOVO JUAZEIRO
JUAZEIRO DO NORTE,43009350000121,,Juazeiro do Norte,CE,João Marcelino 742,CARTAO CEARA SEM FOME,MERCANTIL MARINHO,Pio XII,Mercado / Mini Mercado,PIO XII
JUAZEIRO DO NORTE,43054803000131,(88) 9812-1140,Juazeiro do Norte,CE,Presidente Castelo Branco 3254,CARTAO CEARA SEM FOME,GRAO JUA PRODUTOS NATURAIS,Betolândia,Loja Prod. Naturais/Organicos,BETOLÂNDIA
JUAZEIRO DO NORTE,43178816000112,(88) 3511-9596,Juazeiro do Norte,CE,José de Matos França 690,CARTAO CEARA SEM FOME,JOAO'S,Lagoa Seca,Restaurante,LAGOA SECA
JUAZEIRO DO NORTE,43368047000115,(88) 3511-9347,Juazeiro do Norte,CE,São Paulo 665,CARTAO CEARA SEM FOME,CASA DA RAPADURA,Centro,Mercado / Mini Mercado,CENTRO
JUAZEIRO DO NORTE,43616155000160,(88) 3511-3053,Juazeiro do Norte,CE,João Maciel 305,CARTAO CEARA SEM FOME,FRANGO E CIA,Triângulo,Açougue,TRIÂNGULO
JUAZEIRO DO NORTE,43962788000120,(88) 9968-83656,Juazeiro do Norte,CE,Doutor Mauro Sampaio 700,CARTAO CEARA SEM FOME,CROK CHIKEN,Lagoa Seca,Restaurante,LAGOA SECA
JUAZEIRO DO NORTE,44875470000174,,Juazeiro do Norte,CE,Tenente José Dias 15,CARTAO CEARA SEM FOME,BOM PRECO,Limoeiro,Mercado / Mini Mercado,LIMOEIRO
JUAZEIRO DO NORTE,44971140000182,,Juazeiro do Norte,CE,Alencar Peixoto 557,CARTAO CEARA SEM FOME,FARELO E GRAO COMERCIO DE PRODUTOS NATURAIS,Centro,Alimentação,CENTRO
JUAZEIRO DO NORTE,45894857000130,(88) 9815-04845,Juazeiro do Norte,CE,Maria Ednir Bezerra de Mendonça 70C,CARTAO CEARA SEM FOME,KARDEC SUPLEMENTOS,José Geraldo da Cruz,Mercado / Mini Mercado,JOSÉ GERALDO DA CRUZ
JUAZEIRO DO NORTE,47103265000189,(88) 9998-80511,Juazeiro do Norte,CE,Prefeito Carlos Cruz 1421,CARTAO CEARA SEM FOME,MACARRAO AO VIVO,Franciscanos,Restaurante,FRANCISCANOS
JUAZEIRO DO NORTE,47272681000100,,Juazeiro do Norte,CE,Santa Luzia 518,CARTAO CEARA SEM FOME,MERCADO NATURAL,Centro,Mercado / Mini Mercado,CENTRO
JUAZEIRO DO NORTE,48245236000114,(88) 9961-49189,Juazeiro do Norte,CE,do Limoeiro 186,CARTAO CEARA SEM FOME,FRIGORIFICO MISTER CARNES,São Miguel,Frigorifico,SÃO MIGUEL
JUAZEIRO DO NORTE,49324340000167,(79) 9809-4114,Juazeiro do Norte,CE,Maria Jesus dos Santos 2028,CARTAO CEARA SEM FOME,MERCADINHO JUNANE,Jardim Gonzaga,Mercado / Mini Mercado,JARDIM GONZAGA
JUAZEIRO DO NORTE,49499425000186,,Juazeiro do Norte,CE,Doutor Possidônio Bem 455,CARTAO CEARA SEM FOME,GALPAO KARIRI,Lagoa Seca,Restaurante,LAGOA SECA
JUAZEIRO DO NORTE,51901713000167,,Juazeiro do Norte,CE,Valdomiro Marçal do Carmo 354,CARTAO CEARA SEM FOME,SUPERMERCADO MOREIRA,Triângulo,Supermercado,TRIÂNGULO
JUAZEIRO DO NORTE,63452551000106,(88) 3572-1589,Juazeiro do Norte,CE,Sinharinha Granja 5,CARTAO CEARA SEM FOME,NUNES E LEITE,Novo Juazeiro,Mercado / Mini Mercado,NOVO JUAZEIRO
JUAZEIRO DO NORTE,72171267000233,(88) 3532-0110,Juazeiro do Norte,CE,Nossa Senhora do Carmo 65,CARTAO CEARA SEM FOME,LEONIDAS ROSENDO DA SILVA & CIA LTDA,Franciscanos,Mercado / Mini Mercado,FRANCISCANOS
JUAZEIRO DO NORTE,73830002000181,(88) 9998-01581,Juazeiro do Norte,CE,José Bernardino da Silva 128,CARTAO CEARA SEM FOME,MERCANTIL EVILASIO,Triângulo,Mercado / Mini Mercado,TRIÂNGULO
JUCÁS,1022746000169,(88) 3517-1151,Jucás,CE,R PADRE PIO 174,CARTAO CEARA SEM FOME,SUPER MARBEN,Centro,Mercado / Mini Mercado,CENTRO
JUCÁS,4632374000423,,Jucás,CE,ANTONIO PEREIRA DA SILVA S/N,CARTAO CEARA SEM FOME,VALDIR JOAO ALEXANDRE,Centro,Mercado / Mini Mercado,CENTRO
JUCÁS,4632374000776,,Jucás,CE,ORMECINDA CORREIA LEITE 477,CARTAO CEARA SEM FOME,VALDIR JOAO ALEXANDRE,Centro,Mercado / Mini Mercado,CENTRO
JUCÁS,7712975000191,,Jucás,CE,R ANTONIO PEREIRA DA SILVA 420,CARTAO CEARA SEM FOME,FRIGOMERCANTIL TOZINHO E FILHOS,Centro,Açougue,CENTRO
JUCÁS,7907730000110,(88) 9999-5775,Jucás,CE,R JOAQUIM VIEIRA NOBRE 135,CARTAO CEARA SEM FOME,NB ATACAREJO 2,Centro,Supermercado,CENTRO
JUCÁS,11353903000172,,Jucás,CE,ALTO DO THOR 150,CARTAO CEARA SEM FOME,LUCIVANDO VIEIRA GOMES,Centro,Mercado / Mini Mercado,CENTRO
JUCÁS,14713289000109,,Jucás,CE,AV ORMICINDA CORREIA LEITE 442,CARTAO CEARA SEM FOME,C&A ATACAREJO,Centro,Mercado / Mini Mercado,CENTRO
JUCÁS,18175793000145,,Jucás,CE,NELZINHO 25,CARTAO CEARA SEM FOME,SUPERMERCADO ORMECOL,Centro,Mercado / Mini Mercado,CENTRO
JUCÁS,19064173000100,(88) 3517-1276,Jucás,CE,R ANTONIO PEREIRA DA SILVA 382,CARTAO CEARA SEM FOME,CARLOS RENAN,Centro,Mercado / Mini Mercado,CENTRO
JUCÁS,24663225000196,,Jucás,CE,R ANTONIO PEREIRA DA SILVA 415,CARTAO CEARA SEM FOME,SUPERMERCADO DA FAMILIA,Centro,Supermercado,CENTRO
JUCÁS,49375227000100,(88) 9813-35100,Jucás,CE,VL BAIXIO DA DONANA SN,CARTAO CEARA SEM FOME,MERCADINHO EGM,Centro,Mercado / Mini Mercado,CENTRO
JUCÁS,53092012000150,,Jucás,CE,AV ORMECINDA CORREIA LEITE 327,CARTAO CEARA SEM FOME,NB ATACAREJO,Centro,Supermercado,CENTRO
LAVRAS DA MANGABEIRA,666191000125,(88) 9930-36311,Lavras da Mangabeira,CE,R VICENTE FAVELA 254,CARTAO CEARA SEM FOME,MERCADINHO SAO GERALDO,Centro,Mercado / Mini Mercado,CENTRO
LAVRAS DA MANGABEIRA,724223000100,,Lavras da Mangabeira,CE,R ANTONIO LOBO 11,CARTAO CEARA SEM FOME,MERCADINHO DAS FRUTAS,Centro,Mercado / Mini Mercado,CENTRO
LAVRAS DA MANGABEIRA,1127591000125,(88) 9961-70400,Lavras da Mangabeira,CE,R VICENTE FAVELA 175,CARTAO CEARA SEM FOME,FRANCISCO DE ARAUJO,Centro,Mercado / Mini Mercado,CENTRO
LAVRAS DA MANGABEIRA,1344593000176,,Lavras da Mangabeira,CE,PE ARGEMIRO ROLIM 39,CARTAO CEARA SEM FOME,PEREIRA COMERCIAL DE ALIMENTOS,Centro,Mercado / Mini Mercado,CENTRO
LAVRAS DA MANGABEIRA,3682962000166,,Lavras da Mangabeira,CE,R MAJOR IDELFONSO 214,CARTAO CEARA SEM FOME,MERCADINHO SÃO LUCAS,Centro,Mercado / Mini Mercado,CENTRO
LAVRAS DA MANGABEIRA,16881607000168,,Lavras da Mangabeira,CE,José Amaro de Barros 13,CARTAO CEARA SEM FOME,SUPERMERCADO OPCAO CERTA,Centro,Supermercado,CENTRO
LAVRAS DA MANGABEIRA,24408963000197,(88) 9218-6664,Lavras da Mangabeira,CE,R DR PAULINO AUGUSTO DUTRA 180,CARTAO CEARA SEM FOME,MERCADINHO FIRMO,Centro,Mercado / Mini Mercado,CENTRO
LAVRAS DA MANGABEIRA,33011561000226,,Lavras da Mangabeira,CE,R HILDA AUGUSTO 70,CARTAO CEARA SEM FOME,MEGA ATACAREJO,Centro,Supermercado,CENTRO
LAVRAS DA MANGABEIRA,45767705000177,,Lavras da Mangabeira,CE,R MAJOR ILDELFONSO 222,CARTAO CEARA SEM FOME,PURO SABOR IMPORTADOS,Centro,Mercado / Mini Mercado,CENTRO
LAVRAS DA MANGABEIRA,48876220000100,,Lavras da Mangabeira,CE,miguel bispo 78,CARTAO CEARA SEM FOME,SACOLAO OUROFRUTAS,Centro,Mercado / Mini Mercado,CENTRO
LIMOEIRO DO NORTE,851692000181,(88) 3423-3679,Limoeiro do Norte,CE,"RUA CORONEL JOSÉ NUNES, 831 ",CARTAO CEARA SEM FOME,SUPERMERCADO NOVA OPCAO,CENTRO,Supermercado,CENTRO
LIMOEIRO DO NORTE,3654609000172,(88) 9979-23638,Limoeiro do Norte,CE,R FRANCISCO HOLANDA 84,CARTAO CEARA SEM FOME,MERCEARIA PRECO MINIMO,Centro,Mercado / Mini Mercado,CENTRO
LIMOEIRO DO NORTE,4264900000288,(88) 9924-27949,LIMOEIRO DO NORTE,CE,AVENIDA DOM AURELIANO MATOS 2760,CARTAO CEARA SEM FOME,SUPER NOSSA FAMILIA,CENTRO,Supermercado,CENTRO
LIMOEIRO DO NORTE,22479035000198,(88) 9920-16125,Limoeiro do Norte,CE,R Conego Climerio Chaves 2604,CARTAO CEARA SEM FOME,MERCADINHO PETRONIO,Centro,Mercado / Mini Mercado,CENTRO
LIMOEIRO DO NORTE,29142202000400,,Limoeiro do Norte,CE,dom aureliano matos 1752,CARTAO CEARA SEM FOME,NOSSO ATACAREJO COMERCIO DE GENEROS ALIMENTICIOS LTDA,Centro,Mercado / Mini Mercado,CENTRO
LIMOEIRO DO NORTE,29842954000123,(88) 9943-18400,Limoeiro do Norte,CE,11AV EXPEDICIONARIOS 3244,CARTAO CEARA SEM FOME,MERCADINHO FLORINDA,Centro,Mercado / Mini Mercado,CENTRO
LIMOEIRO DO NORTE,41630898000169,(88) 3423-3409,Limoeiro do Norte,CE,R CORONEL SERAFIM CHAVES 1093,CARTAO CEARA SEM FOME,MERCADINHO LIMA,Centro,Mercado / Mini Mercado,CENTRO
LIMOEIRO DO NORTE,52945835000118,,Limoeiro do Norte,CE,R FRANCISCO BANDEIRA 1904,CARTAO CEARA SEM FOME,SNF COMERCIO DE ALIMENTOS,Centro,Mercado / Mini Mercado,CENTRO
LIMOEIRO DO NORTE,72270242000106,(88) 3423-1981,Limoeiro do Norte,CE,R CELIO SANTIAGO 706,CARTAO CEARA SEM FOME,LIMOFRUTAS,Centro,Mercado / Mini Mercado,CENTRO
MADALENA,7487028000144,(88) 9926-85998,Madalena,CE,R ANTONIO COSTA VIEIRA 936,CARTAO CEARA SEM FOME,MERCEARIA OLIVEIRA,Centro,Supermercado,CENTRO
MADALENA,43415662000135,(88) 9935-74974,Madalena,CE,R RUA JOSE HOMERO SARAIVA CAMARA 360,CARTAO CEARA SEM FOME,ATACADO V2+,Centro,Supermercado,CENTRO
MADALENA,44593343000182,(88) 9814-82607,Madalena,CE,AV ANTONIO COSTA VIEIRA SN,CARTAO CEARA SEM FOME,RMA COMERCIAL,Centro,Mercado / Mini Mercado,CENTRO
MARACANAÚ,689973000180,(85) 3371-5137,Maracanaú,CE,Tiradentes 701,CARTAO CEARA SEM FOME,MERCADINHO SÃO JOSE,Coqueiral,Mercado / Mini Mercado,COQUEIRAL
MARACANAÚ,923921000126,(85) 9850-64156,Maracanaú,CE,R FRANCISCO DAS NEVES 104,CARTAO CEARA SEM FOME,MERCADINHO AMIGO PRECO,Olho D' Água,Mercado / Mini Mercado,OLHO D' ÁGUA
MARACANAÚ,1159424000166,(85) 3371-6243,Maracanaú,CE,Ouro Branco 600,CARTAO CEARA SEM FOME,MERCANTIL NONATA,Coqueiral,Alimentação,COQUEIRAL
MARACANAÚ,1652141000151,(85) 3498-1419,Maracanaú,CE,30 1550,CARTAO CEARA SEM FOME,MERCADINHO O VIEIRA,Boa Vista,Mercado / Mini Mercado,BOA VISTA
MARACANAÚ,1882584000139,(85) 3498-4108,Maracanaú,CE,30 1245,CARTAO CEARA SEM FOME,SUPER LACERDA,Boa Vista,Supermercado,BOA VISTA
MARACANAÚ,2114945000240,(85) 9889-76940,Maracanaú,CE,Padre José Holanda do Vale 1820,CARTAO CEARA SEM FOME,SUPER VILTON,Piratininga,Supermercado,PIRATININGA
MARACANAÚ,2329553000118,(85) 3383-4800,Maracanaú,CE,IX 335,CARTAO CEARA SEM FOME,SUPER LACERDA,Jereissati II,Supermercado,JEREISSATI II
MARACANAÚ,2405925000148,(85) 3297-2267,Maracanaú,CE,Santos Dumont 112,CARTAO CEARA SEM FOME,MERCADINHO BEZERRA,Pajuçara,Mercado / Mini Mercado,PAJUÇARA
MARACANAÚ,3720882003254,(85) 3131-2820,Maracanaú,CE,João de Alencar 113,CARTAO CEARA SEM FOME,MERCADINHOS SAO LUIZ,Centro,Alimentação,CENTRO
MARACANAÚ,3995515026638,,Maracanaú,CE,Doutor Mendel Steinbruch 14000,CARTAO CEARA SEM FOME,MATEUS SUPERMERCADOS,Distrito Industrial I,Alimentação,DISTRITO INDUSTRIAL I
MARACANAÚ,5277359000124,(85) 9990-37022,Maracanaú,CE,Pretória 1749,CARTAO CEARA SEM FOME,LEMOS SUPERMERCADO,Alto Alegre II,Supermercado,ALTO ALEGRE II
MARACANAÚ,5822007000102,,Maracanaú,CE,III 168,CARTAO CEARA SEM FOME,RR PANIFICACOES LTDA,Jereissati I,Mercado / Mini Mercado,JEREISSATI I
MARACANAÚ,5934667000266,,Maracanaú,CE,Luiz Pereira Lima 587,CARTAO CEARA SEM FOME,SUPERMERCADO BENCAO DE DEUS,Luzardo Viana,Supermercado,LUZARDO VIANA
MARACANAÚ,6057223022060,(11) 3411-5200,Maracanaú,CE,Senador Virgílio Távora ,CARTAO CEARA SEM FOME,ASSAÍ ATACADISTA,Distrito Industrial I,Supermercado,DISTRITO INDUSTRIAL I
MARACANAÚ,6881313000182,(85) 3371-9222,Maracanaú,CE,110 220,CARTAO CEARA SEM FOME,SUPERMERCADO PROGRESSO,Timbó,Supermercado,TIMBÓ
MARACANAÚ,6887668000936,(85),Maracanaú,CE,Capitão Valdemar de Lima ,CARTAO CEARA SEM FOME,SUPERMERCADO COMETA,Boa Vista,Alimentação,BOA VISTA
MARACANAÚ,7326586000128,(85) 3215-1674,Maracanaú,CE,Joaquim Ferreira de Souza ,CARTAO CEARA SEM FOME,MERCADINHO KI-PREÇO,Pajuçara,Alimentação,PAJUÇARA
MARACANAÚ,7342794000110,(85) 3371-4884,Maracanaú,CE,13 ,CARTAO CEARA SEM FOME,ESQUINA DA CARNE,Jereissati I,Refeição,JEREISSATI I
MARACANAÚ,8359310000109,(85) 3383-2602,Maracanaú,CE,103 18,CARTAO CEARA SEM FOME,MERCADINHO VALDEILTON,Cágado,Mercado / Mini Mercado,CÁGADO
MARACANAÚ,9019979000114,(85) 3015-4049,Maracanaú,CE,49 ,CARTAO CEARA SEM FOME,NOBRE LANCHES,Jereissati II,Refeição,JEREISSATI II
MARACANAÚ,9474014000111,(85) 3467-7296,Maracanaú,CE,18 12,CARTAO CEARA SEM FOME,ALEXANDRA MARTINS DE LIMA,Novo Oriente,Mercado / Mini Mercado,NOVO ORIENTE
MARACANAÚ,11167322000227,,Maracanaú,CE,37 414,CARTAO CEARA SEM FOME,PANIFICADORA E CONFEITARIA PANEGOMES,Jereissati I,Padaria,JEREISSATI I
MARACANAÚ,11748369000101,(85) 3371-1416,Maracanaú,CE,10 ,CARTAO CEARA SEM FOME,MERC AVENIDA,Novo Maracanaú,Alimentação,NOVO MARACANAÚ
MARACANAÚ,11992735000165,,Maracanaú,CE,GENERAL OSORIO DE PAIVA 7880,CARTAO CEARA SEM FOME,TAKO TAYAK,Siqueira,Restaurante,SIQUEIRA
MARACANAÚ,13319509000143,,Maracanaú,CE,1 613,CARTAO CEARA SEM FOME,PANIFICADORA BOA OPCAO,Jarí,Mercado / Mini Mercado,JARÍ
MARACANAÚ,13680458000180,,Maracanaú,CE,Cícero Rodrigues de Moura 210,CARTAO CEARA SEM FOME,FRANCISCO EDIVAN DOS SANTOS,Jardim Bandeirantes,Supermercado,JARDIM BANDEIRANTES
MARACANAÚ,14189836000190,(85) 3383-9414,Maracanaú,CE,11 ,CARTAO CEARA SEM FOME,SUPERMERCADO IDALIA,Cágado,Supermercado,CÁGADO
MARACANAÚ,14810955000119,(85) 3371-1524,Maracanaú,CE,Francisco Vieira Araújo 40,CARTAO CEARA SEM FOME,SUPERMERCADO ZEZE,Alto da Mangueira,Supermercado,ALTO DA MANGUEIRA
MARACANAÚ,14898679000192,,Maracanaú,CE,118 130,CARTAO CEARA SEM FOME,ROSANGELA MARIA FERNANDES VIEIRA,Timbó,Mercado / Mini Mercado,TIMBÓ
MARACANAÚ,15598531000103,(85) 9894-40745,Maracanaú,CE,AIRTON SENA 101,CARTAO CEARA SEM FOME,MERCADINHO ROGERIO,Pajuçara,Mercado / Mini Mercado,PAJUÇARA
MARACANAÚ,16881664000147,(85) 3382-0371,Maracanaú,CE,XII (CJ JEREISSATI II) 65,CARTAO CEARA SEM FOME,MERCADINHO SAO PEDRO,Jereissati II,Mercado / Mini Mercado,JEREISSATI II
MARACANAÚ,17280621000179,,Maracanaú,CE,Raimundo Pessoa de Araújo 929,CARTAO CEARA SEM FOME,MERCANTIL ASP LTDA,Mucunã,Mercado / Mini Mercado,MUCUNÃ
MARACANAÚ,21020528000100,(85) 9943-10410,Maracanaú,CE,138 281,CARTAO CEARA SEM FOME,MERCARDINHO JK,Timbó,Mercado / Mini Mercado,TIMBÓ
MARACANAÚ,21663458000281,,Maracanaú,CE,AV MACIEL BEZERRA 1968,CARTAO CEARA SEM FOME,SUPERMERCADO NOVO SIQUEIRA,Centro,Supermercado,CENTRO
MARACANAÚ,22824405000187,(85) 9413-7352,Maracanaú,CE,João de Alencar 113,CARTAO CEARA SEM FOME,ALFA E OMEGA CAFE,Centro,Padaria,CENTRO
MARACANAÚ,23390414000412,(85) 9897-5750,Maracanaú,CE,Luís Gonzaga dos Santos 1001,CARTAO CEARA SEM FOME,KALBIR COMERCIAL ATACAREJO DE ALIMENTOS E PERFUMARIA LTDA,Pajuçara,Comercio Atacadista,PAJUÇARA
MARACANAÚ,25300069000161,(85) 3371-1500,Maracanaú,CE,43 048,CARTAO CEARA SEM FOME,PANIFICADORA QUERO MAIS,Jereissati II,Padaria,JEREISSATI II
MARACANAÚ,27518561000486,(85) 9843-31446,Maracanaú,CE,Lateral Sul 125,CARTAO CEARA SEM FOME,SARAIVA & CORDEIRO COMERCIO VAREJISTA DE ALIMENTOS LTDA,Acaracuzinho,Supermercado,ACARACUZINHO
MARACANAÚ,28277335000170,(85) 3291-6105,Maracanaú,CE,VII 243,CARTAO CEARA SEM FOME,SUPERMERCADO MARANHAO,Jereissati I,Supermercado,JEREISSATI I
MARACANAÚ,28465217000196,,Maracanaú,CE,5 180,CARTAO CEARA SEM FOME,AJG ALIMENTOS,Novo Oriente,Mercado / Mini Mercado,NOVO ORIENTE
MARACANAÚ,29117925000107,(85) 9881-7152,Maracanaú,CE,118 520,CARTAO CEARA SEM FOME,AJM MERCEARIA,Timbó,Mercado / Mini Mercado,TIMBÓ
MARACANAÚ,29280316000166,,Maracanaú,CE,R SIQUEIRA CAMPOS 1441,CARTAO CEARA SEM FOME,PANIFICADORA ERIPAN,Siqueira,Padaria,SIQUEIRA
MARACANAÚ,29452543000121,(85) 9814-50965,Maracanaú,CE,Lateral Sul 805,CARTAO CEARA SEM FOME,FONTELES SUPERMERCADOS,Acaracuzinho,Supermercado,ACARACUZINHO
MARACANAÚ,29760432000344,(85) 9971-70550,Maracanaú,CE,João de Alencar 113,CARTAO CEARA SEM FOME,GML COMERCIO VAREJISTA LTDA,Centro,Supermercado,CENTRO
MARACANAÚ,30347071000126,,Maracanaú,CE,Professor José Henrique da Silva 5290,CARTAO CEARA SEM FOME,BODEGA DO MEU PATRAO,Horto,Mercado / Mini Mercado,HORTO
MARACANAÚ,32361328000120,,Maracanaú,CE,Conêgo de Castro 9826,CARTAO CEARA SEM FOME,ATACAREJO ALTO ALEGRE,Alto Alegre II,Mercado / Mini Mercado,ALTO ALEGRE II
MARACANAÚ,34722873000120,,Maracanaú,CE,Capitão Justiniano Lopes da Cunha 1000,CARTAO CEARA SEM FOME,SUPER ECONOMIA,Jardim Bandeirantes,Mercado / Mini Mercado,JARDIM BANDEIRANTES
MARACANAÚ,35229707000159,(85) 9878-87587,Maracanaú,CE,3 676,CARTAO CEARA SEM FOME,SUPER POP,Jereissati I,Supermercado,JEREISSATI I
MARACANAÚ,36355274000140,(11) 9739-97257,Maracanaú,CE,Pedro Caetano de Paiva 542,CARTAO CEARA SEM FOME,HIPER MENEZES,Pajuçara,Supermercado,PAJUÇARA
MARACANAÚ,37205239000108,(11) 9739-97257,Maracanaú,CE,Estevão Alves 102,CARTAO CEARA SEM FOME,HIPER MENEZES,Pajuçara,Supermercado,PAJUÇARA
MARACANAÚ,39292185000190,,Maracanaú,CE,Coronel Antônio Ludugero 884,CARTAO CEARA SEM FOME,RT ATACAREJO,Jaçanaú,Supermercado,JAÇANAÚ
MARACANAÚ,40332204000144,,Maracanaú,CE,José de Deus Alves Feitosa 265,CARTAO CEARA SEM FOME,ENGORDIET GOURMET,Timbó,Padaria,TIMBÓ
MARACANAÚ,40357546000119,,Maracanaú,CE,Capitão Justiniano Lopes da Cunha 403,CARTAO CEARA SEM FOME,NV - NALDO VARIEDADES,Jardim Bandeirantes,Mercado / Mini Mercado,JARDIM BANDEIRANTES
MARACANAÚ,40472907000178,,Maracanaú,CE,12 407,CARTAO CEARA SEM FOME,GK COMERCIO,Jereissati I,Mercado / Mini Mercado,JEREISSATI I
MARACANAÚ,41169911000124,,Maracanaú,CE,Miguel Alves 14,CARTAO CEARA SEM FOME,SAUDEFORCA SUPLEMENTOS E NATURAIS,Centro,Mercado / Mini Mercado,CENTRO
MARACANAÚ,41566761000516,(85) 3298-5633,Maracanaú,CE,Paulo Batista dos Santos 1112,CARTAO CEARA SEM FOME,SUPER BARATAO 5,Pajuçara,Supermercado,PAJUÇARA
MARACANAÚ,42547027000149,,Maracanaú,CE,15 47,CARTAO CEARA SEM FOME,E E DISTRIBUIDORA,Jereissati I,Mercado / Mini Mercado,JEREISSATI I
MARACANAÚ,42774563000187,,Maracanaú,CE,13 250,CARTAO CEARA SEM FOME,M F DE FREITAS PANIFICADORA,Jereissati I,Padaria,JEREISSATI I
MARACANAÚ,42829019000195,(11) 9739-97257,Maracanaú,CE,Capitão Justiniano Lopes da Cunha 511,CARTAO CEARA SEM FOME,HIPER MENEZES ATACAREJO,Jardim Bandeirantes,Supermercado,JARDIM BANDEIRANTES
MARACANAÚ,42898358000123,(85) 9963-55543,Maracanaú,CE,Joinville 759,CARTAO CEARA SEM FOME,MERCANTIL SUPER PIRATININGA,Coqueiral,Supermercado,COQUEIRAL
MARACANAÚ,43144738000135,,Maracanaú,CE,16 241,CARTAO CEARA SEM FOME,SUPER AMIGOS,Novo Maracanaú,Supermercado,NOVO MARACANAÚ
MARACANAÚ,43560080000142,,Maracanaú,CE,15 1190,CARTAO CEARA SEM FOME,MERCANTIL D'ULAR,Alto Alegre II,Mercado / Mini Mercado,ALTO ALEGRE II
MARACANAÚ,43937714000133,,Maracanaú,CE,28 36,CARTAO CEARA SEM FOME,MERCADINHO VITORIA,Boa Vista,Mercado / Mini Mercado,BOA VISTA
MARACANAÚ,44019514000164,(85) 3215-1565,Maracanaú,CE,Paulo Batista dos Santos 1112,CARTAO CEARA SEM FOME,SUPERMERCADO AAR,Pajuçara,Mercado / Mini Mercado,PAJUÇARA
MARACANAÚ,44411423000170,,Maracanaú,CE,Central Sul 954,CARTAO CEARA SEM FOME,MERCANTIL E FRIGORIFICO J AGUIAR,Acaracuzinho,Mercado / Mini Mercado,ACARACUZINHO
MARACANAÚ,45089567000114,,Maracanaú,CE,2 370,CARTAO CEARA SEM FOME,MERCADINHO AVENIDA,Novo Maracanaú,Mercado / Mini Mercado,NOVO MARACANAÚ
MARACANAÚ,48252632000179,,Maracanaú,CE,Central 79,CARTAO CEARA SEM FOME,KI FRANGO,Jardim Bandeirantes,Mercado / Mini Mercado,JARDIM BANDEIRANTES
MARACANAÚ,48344299000128,,Maracanaú,CE,III 606,CARTAO CEARA SEM FOME,RESTAURANTE TEMPERO PREDILETO,Jereissati I,Restaurante,JEREISSATI I
MARACANAÚ,48757810000113,(85) 9881-9289,Maracanaú,CE,Vinte e Quatro de Maio 640,CARTAO CEARA SEM FOME,FRIGORIFICO VANDAME,Cidade Nova,Restaurante,CIDADE NOVA
MARACANAÚ,49908722000138,,Maracanaú,CE,Nossa Senhora Aparecida 1178,CARTAO CEARA SEM FOME,MERCADINHO NO PRECO,Jardim Bandeirantes,Mercado / Mini Mercado,JARDIM BANDEIRANTES
MARACANAÚ,51167063000330,(85) 9881-45128,Maracanaú,CE,Lateral Sul 805,CARTAO CEARA SEM FOME,REI DAVI SUPERMERCADOS,Acaracuzinho,Supermercado,ACARACUZINHO
MARACANAÚ,72475528000128,(85) 9812-65057,Maracanaú,CE,Jaime Paulino 1251,CARTAO CEARA SEM FOME,SUPERMERCADO O RAI,Boa Vista,Supermercado,BOA VISTA
MARACANAÚ,73508491000150,,Maracanaú,CE,Capitão Justiniano Lopes da Cunha 443,CARTAO CEARA SEM FOME,MERCADINHO O0 MARCIO,Jardim Bandeirantes,Mercado / Mini Mercado,JARDIM BANDEIRANTES
MARANGUAPE,3995515027871,,Maranguape,CE,COMANDANTE AVIADOR CHILDERICO MOTTA S/N,CARTAO CEARA SEM FOME,MATEUS SUPERMERCADOS,Tangueira,Supermercado,TANGUEIRA
MARANGUAPE,4163766002272,,Maranguape,CE,Chico Anísio 200,CARTAO CEARA SEM FOME,SUPERMERCADO PINHEIRO - O BOM VIZINHO,Centro,Supermercado,CENTRO
MARANGUAPE,4400402000134,,Maranguape,CE,José Feliciano 227,CARTAO CEARA SEM FOME,SUPER MACHADO,Novo Maranguape I,Mercado / Mini Mercado,NOVO MARANGUAPE I
MARANGUAPE,4400402000215,(85) 9820-23022,Maranguape,CE,Amaro de Morais 467,CARTAO CEARA SEM FOME,SUPER MACHADO,Outra Banda,Mercado / Mini Mercado,OUTRA BANDA
MARANGUAPE,4683021000100,,Maranguape,CE,Rosa Mística 300,CARTAO CEARA SEM FOME,MERCADINHO DO POVO,Lameirão,Mercado / Mini Mercado,LAMEIRÃO
MARANGUAPE,7770378000113,(85) 3341-1908,MARANGUAPE,CE,RUA SENADOR ALMIR PINTO 2500,CARTAO CEARA SEM FOME,SUPERNOVO MARANGUAPE,NOVO MARANGUAPE I,Alimentação,NOVO MARANGUAPE I
MARANGUAPE,7770378000202,,Maranguape,CE,Doutor Argeu Braga Herbster 1188,CARTAO CEARA SEM FOME,SUPER NOVO EXPRESS,Outra Banda,Supermercado,OUTRA BANDA
MARANGUAPE,7770378000385,,Maranguape,CE,Capitão Manoel Bandeira 683,CARTAO CEARA SEM FOME,SUPER NOVO EXPRESS 13,Centro,Mercado / Mini Mercado,CENTRO
MARANGUAPE,7770378000466,(85) 3341-1908,Maranguape,CE,AV COMANDANTE AVIADOR CHILDERICO MOTTA 2769,CARTAO CEARA SEM FOME,SUPERNOVO EXPRESS COITE,Coité,Mercado / Mini Mercado,COITÉ
MARANGUAPE,7796910000171,(85) 8591-7175,Maranguape,CE,Raimundo Girão 858,CARTAO CEARA SEM FOME,MERCADINHO SAO JOAO,Parque São João,Mercado / Mini Mercado,PARQUE SÃO JOÃO
MARANGUAPE,7881172000160,85 3383-1805,Maranguape,CE,Paraná 2268,CARTAO CEARA SEM FOME,MERCADINHO JUNIOR,Cônego Raimundo Pinto,Alimentação,CÔNEGO RAIMUNDO PINTO
MARANGUAPE,8178375000743,(85) 3111-0300,Maranguape,CE,Coronel Antônio Botelho de Sousa 92,CARTAO CEARA SEM FOME,SUPERMERCADO NIDOBOX,Centro,Supermercado,CENTRO
MARANGUAPE,8574150000110,(85) 9819-18864,Maranguape,CE,AV AV BRASILIA 415,CARTAO CEARA SEM FOME,MERCADINHO MELO,Centro,Supermercado,CENTRO
MARANGUAPE,8781394000506,,Maranguape,CE,Senador Almir Pinto 2500,CARTAO CEARA SEM FOME,SUPERMERCADO ANALI,Novo Maranguape I,Supermercado,NOVO MARANGUAPE I
MARANGUAPE,10386811000550,(85) 3345-1182,Maranguape,CE,Raimundo Herbster 124,CARTAO CEARA SEM FOME,SUPER MERCADO COMPRE CERTO,Centro,Supermercado,CENTRO
MARANGUAPE,11389767000170,(85) 9813-64536,Maranguape,CE,R DO COMERCIO 1518,CARTAO CEARA SEM FOME,SUPERMERCADO MENOR PRECO,Centro,Supermercado,CENTRO
MARANGUAPE,11914134000134,(85) 8990-0503,Maranguape,CE,Francisca Sousa 408,CARTAO CEARA SEM FOME,MERCADINHO FELIZARDO,Novo Maranguape II,Mercado / Mini Mercado,NOVO MARANGUAPE II
MARANGUAPE,12354841000186,(85) 3341-3107,MARANGUAPE,CE,RUA JOSE FERNANDES VIEIRA 166,CARTAO CEARA SEM FOME,SUPERMERCADO MESA FARTA,CENTRO,Alimentação,CENTRO
MARANGUAPE,13601391000141,(85) 3281-1878,MARANGUAPE,CE,"RUA CORONEL ANTÔNIO BOTELHO DE SOUSA, 99 ",CARTAO CEARA SEM FOME,SUPER CARNES,CENTRO,Açougue,CENTRO
MARANGUAPE,15099833000633,(85) 4012-2948,Maranguape,CE,Capitão Jeová Collares 101,CARTAO CEARA SEM FOME,LAREDO FOOD SERVICE,Outra Banda,Supermercado,OUTRA BANDA
MARANGUAPE,15346045000190,(85) 3341-1115,Maranguape,CE,Coronel Antônio Botelho de Sousa 415,CARTAO CEARA SEM FOME,ATACAREJO O IRMAO,Centro,Supermercado,CENTRO
MARANGUAPE,15346045000270,(85) 3341-1115,Maranguape,CE,Coronel Joaquim Sombra 39,CARTAO CEARA SEM FOME,MERCANTIL O IRMAO,Centro,Supermercado,CENTRO
MARANGUAPE,17434869000147,(85) 9860-32765,MARANGUAPE,CE,"RUA LAURO CIRINO, 398 ",CARTAO CEARA SEM FOME,MERCADINHO DO POVO,PARQUE IRACEMA,Mercado / Mini Mercado,PARQUE IRACEMA
MARANGUAPE,21094769000196,(85) 3497-8201,Maranguape,CE,Senador Almir Pinto ,CARTAO CEARA SEM FOME,ANALI SUPERMERCADO,Novo Maranguape I,Supermercado,NOVO MARANGUAPE I
MARANGUAPE,24962733000175,(85) 9879-68874,Maranguape,CE,R CAPITAO JOSE MARQUES 0,CARTAO CEARA SEM FOME,DAGOBERTO MERCANTIL,Centro,Supermercado,CENTRO
MARANGUAPE,30608917000134,,Maranguape,CE,capitão jose marques 750,CARTAO CEARA SEM FOME,MERCADINHO PAULINHO,Centro,Mercado / Mini Mercado,CENTRO
MARANGUAPE,35200795000166,,Maranguape,CE,R DO COMERCIO 1616,CARTAO CEARA SEM FOME,W L COMERCIO,Centro,Mercado / Mini Mercado,CENTRO
MARANGUAPE,35577559000163,(85) 3226-3173,Maranguape,CE,Capitão Jeová Collares 101,CARTAO CEARA SEM FOME,ROMANA,Outra Banda,Padaria,OUTRA BANDA
MARANGUAPE,41579814000100,,Maranguape,CE,Coronel Antônio Botelho de Sousa sn,CARTAO CEARA SEM FOME,MERCEARIA ALBUQUERQUE,Centro,Mercado / Mini Mercado,CENTRO
MARANGUAPE,46420508000140,,Maranguape,CE,Arterial 993,CARTAO CEARA SEM FOME,SUPER FELIZARDO,Novo Maranguape I,Supermercado,NOVO MARANGUAPE I
MARANGUAPE,46608880000184,,Maranguape,CE,Coronel Joaquim Sombra 08,CARTAO CEARA SEM FOME,MS FIT,Centro,Mercado / Mini Mercado,CENTRO
MARANGUAPE,46647430000109,,Maranguape,CE,R FELIX MARINHO 1061,CARTAO CEARA SEM FOME,MERCADINHO MAX ALVES,Centro,Supermercado,CENTRO
MARANGUAPE,51222090000104,,Maranguape,CE,LUIZ CORDEIRO SOBRINHO 07,CARTAO CEARA SEM FOME,MERCADINHO SAO FRANCISCO,Centro,Alimentação,CENTRO
MARANGUAPE,52749639000178,,Maranguape,CE,Doutor Argeu Braga Herbster 1188,CARTAO CEARA SEM FOME,SUPER FELIZARDO,Outra Banda,Supermercado,OUTRA BANDA
MARCO,3205735000140,(88) 9965-48800,Marco,CE,R MONSENHOR VALDIR 610,CARTAO CEARA SEM FOME,SUPERMERCADO RIOS,Centro,Mercado / Mini Mercado,CENTRO
MARCO,9061570000247,(88) 3664-1031,Marco,CE,AV PREF GUIDO OSTERNO 489,CARTAO CEARA SEM FOME,DISTRIBUIDORA LUIZINHO,Centro,Mercado / Mini Mercado,CENTRO
MARCO,17351856000104,(88) 3664-1661,Marco,CE,AV DIDE RIOS 515,CARTAO CEARA SEM FOME,SUPER DO BOM,Centro,Mercado / Mini Mercado,CENTRO
MARCO,29835631000102,(88) 9971-30222,Marco,CE,R PARSIFAL BARROSO SN,CARTAO CEARA SEM FOME,FRIGORIFICO DUVALLE,Centro,Açougue,CENTRO
MARCO,30398752000113,,Marco,CE,senador virgilio tavora 827,CARTAO CEARA SEM FOME,MERCADINHO IDEAL,Centro,Alimentação,CENTRO
MARTINÓPOLE,2701117000128,(88) 9942-72476,Martinópole,CE,R ANTONIO FONTENELE 137,CARTAO CEARA SEM FOME,Mercadinho Princesinha,Centro,Supermercado,CENTRO
MARTINÓPOLE,5123326000120,,Martinópole,CE,FRANCISCO ALMEIDA 1,CARTAO CEARA SEM FOME,COMERCIAL SAMPAIO,Centro,Mercado / Mini Mercado,CENTRO
MARTINÓPOLE,9322505000147,(88) 9928-04381,Martinópole,CE,FRANCISCO FERRO 315,CARTAO CEARA SEM FOME,MERCEARIA DO IVO,Centro,Mercado / Mini Mercado,CENTRO
MARTINÓPOLE,11086998000105,,Martinópole,CE,R FRANCISCO ALMEIDA 138,CARTAO CEARA SEM FOME,MERCEARIA CORACAO DE MAE,Centro,Mercado / Mini Mercado,CENTRO
MARTINÓPOLE,13480927000118,,Martinópole,CE,TV PEDRO FEIJO SN,CARTAO CEARA SEM FOME,MERCADINHO VANDERLEI,Centro,Mercado / Mini Mercado,CENTRO
MARTINÓPOLE,17522280000109,,Martinópole,CE,NAZARE FEIJO 75,CARTAO CEARA SEM FOME,MERCADINHO NOSSA SENHORA DO LIVRAMENTO,Centro,Mercado / Mini Mercado,CENTRO
MARTINÓPOLE,27835761000110,(88) 9884-49226,Martinópole,CE,AV FRANCISCO FERRO SN,CARTAO CEARA SEM FOME,MERCADINHO LIRO,Centro,Mercado / Mini Mercado,CENTRO
MARTINÓPOLE,28232236000172,,Martinópole,CE,vicente linhares 000,CARTAO CEARA SEM FOME,MERCADINHO DO PEPE,Centro,Mercado / Mini Mercado,CENTRO
MARTINÓPOLE,41167246000130,,Martinópole,CE,AV CAPITAO BRITO 858,CARTAO CEARA SEM FOME,NOSSA SENHORA DA CONCEICAO,Centro,Mercado / Mini Mercado,CENTRO
MASSAPÊ,18904443000172,,Massapê,CE,R AMADEU ALBUQUERQUE 195,CARTAO CEARA SEM FOME,MERCANTIL SERRANO,Centro,Mercado / Mini Mercado,CENTRO
MASSAPÊ,23559121000173,,Massapê,CE,R PEDRO OLIMPIO DE MENEZES 36,CARTAO CEARA SEM FOME,MERCADINHO MENOR PREÇO,Centro,Mercado / Mini Mercado,CENTRO
MASSAPÊ,24674982000165,,Massapê,CE,PEDRO OLIMPIO DE MENEZES 288,CARTAO CEARA SEM FOME,JOAO C DE ALBUQUERQUE,Centro,Mercado / Mini Mercado,CENTRO
MASSAPÊ,34093978000167,,Massapê,CE,gerardo magalhães 12,CARTAO CEARA SEM FOME,ARAUJO & VASCONCELOS MERCEARIA LTDA,Centro,Mercado / Mini Mercado,CENTRO
MASSAPÊ,35451529000106,(88) 9932-77337,Massapê,CE,TV JOSE AMANCIO 321,CARTAO CEARA SEM FOME,MERCADAO DA CARNE,Centro,Açougue,CENTRO
MASSAPÊ,73916892000149,,Massapê,CE,R GERARDO MAGALHAES 10,CARTAO CEARA SEM FOME,MERCADINHO BOM PRECO,Centro,Mercado / Mini Mercado,CENTRO
MAURITI,2541358000157,,Mauriti,CE,R RUA ADAUTO LEITE 133,CARTAO CEARA SEM FOME,LEVE SABOR,Centro,Mercado / Mini Mercado,CENTRO
MAURITI,5088241000158,,Mauriti,CE,R JOAO LUCAS 64,CARTAO CEARA SEM FOME,SUPERMERCADO TEM DE TUDO,Centro,Supermercado,CENTRO
MAURITI,5699389000129,(88) 9964-44339,Mauriti,CE,R BENJAMIN CONSTANT 262,CARTAO CEARA SEM FOME,FRIGOBOI,Centro,Açougue,CENTRO
MAURITI,6907969000127,,Mauriti,CE,R AMELIO LEITE 62,CARTAO CEARA SEM FOME,MERCADINHO EVILA,Centro,Mercado / Mini Mercado,CENTRO
MAURITI,7320070000176,,Mauriti,CE,MARECHAL FLORIANO 341,CARTAO CEARA SEM FOME,MERCEARIA SAO FRANCISCO,Centro,Mercado / Mini Mercado,CENTRO
MAURITI,8654438000103,(88) 3552-1662,Mauriti,CE,AV SENHOR MARTINS 872,CARTAO CEARA SEM FOME,MERCADINHO SAO FRANCISCO,Centro,Mercado / Mini Mercado,CENTRO
MAURITI,10557159000670,(88) 9967-04567,Mauriti,CE,"AV SENHOR MARTINS, 1183",CARTAO CEARA SEM FOME,SUPER SELETO,Centro,Supermercado,CENTRO
MAURITI,10909895000135,,Mauriti,CE,R JOSE QUINTINO 262,CARTAO CEARA SEM FOME,RR FRIOS,Centro,Mercado / Mini Mercado,CENTRO
MAURITI,14897877000131,(88) 9709-3837,Mauriti,CE,R BENJAMIN CONSTANT 507,CARTAO CEARA SEM FOME,MERCADINHO PAGUE MENOS,Centro,Mercado / Mini Mercado,CENTRO
MAURITI,22976467000104,,Mauriti,CE,R JOSE QUINTINO LEITE 263,CARTAO CEARA SEM FOME,JC COMERCIAL VAREJO LTDA.,Centro,Alimentação,CENTRO
MAURITI,24201464000124,(88) 9960-46372,Mauriti,CE,AT DA BELA VISTA RUA 01 122,CARTAO CEARA SEM FOME,MERCADINHO LEVE MAIS PAGUE MENOS,Centro,Mercado / Mini Mercado,CENTRO
MAURITI,63494694000180,(88) 9998-32776,Mauriti,CE,R MAL FLORIANO 330,CARTAO CEARA SEM FOME,MERCANTIL OPCAO,Centro,Mercado / Mini Mercado,CENTRO
MERUOCA,5247247000120,,Meruoca,CE,R MONSENHOR JOSE FURTADO 361,CARTAO CEARA SEM FOME,COMERCIAL CHICO DAVI,Centro,Mercado / Mini Mercado,CENTRO
MERUOCA,7599892000138,(88) 3611-4536,Meruoca,CE,PEDRO SAMPAIO 240,CARTAO CEARA SEM FOME,MERCADINHO ATRATIVA,Centro,Mercado / Mini Mercado,CENTRO
MERUOCA,13655430000193,,Meruoca,CE,R MONSENHOR FURTADO CAVALCANTE 12,CARTAO CEARA SEM FOME,MERCADINHO MAGALHÃES,Centro,Mercado / Mini Mercado,CENTRO
MERUOCA,17030062000149,(88) 9976-54923,Meruoca,CE,R CENTRO DE ABASTECIMENTO 8,CARTAO CEARA SEM FOME,MERCADINHO O JOAO PAULO,Centro,Mercado / Mini Mercado,CENTRO
MERUOCA,18904443000253,,Meruoca,CE,AV CARLOS DAVI s/n,CARTAO CEARA SEM FOME,MERCANTIL SERRANO,Centro,Mercado / Mini Mercado,CENTRO
MERUOCA,20098558000169,(88) 9923-25390,Meruoca,CE,R DOM JOSE 361,CARTAO CEARA SEM FOME,COMERCIAL O CLEBER,Centro,Mercado / Mini Mercado,CENTRO
MERUOCA,26624954000169,,Meruoca,CE,AV CARLOS DAVI 12,CARTAO CEARA SEM FOME,MERCADINHO VALMIR DO GAS,Centro,Mercado / Mini Mercado,CENTRO
MERUOCA,49084547000101,,Meruoca,CE,PEDRO SAMPAIO S/N,CARTAO CEARA SEM FOME,MERCADINHO O ARNOBIO,Centro,Mercado / Mini Mercado,CENTRO
MERUOCA,52919589000120,,Meruoca,CE,R DOM JOSE 363,CARTAO CEARA SEM FOME,ATACAREJO DA ANDRESA,Centro,Supermercado,CENTRO
MILAGRES,132890000195,,Milagres,CE,R JULIO COELHO 05,CARTAO CEARA SEM FOME,RAIMUNDO FAUSTINO,Centro,Açougue,CENTRO
MILAGRES,581085000149,,Milagres,CE,Geovane feitosa de araujo 22,CARTAO CEARA SEM FOME,FRANCISCO IVANILTON FERNANDES,Centro,Mercado / Mini Mercado,CENTRO
MILAGRES,1028144000119,,Milagres,CE,R SOUZA PRESA 239,CARTAO CEARA SEM FOME,MERCADINHO COM FÉ,Centro,Mercado / Mini Mercado,CENTRO
MILAGRES,1129065000102,,Milagres,CE,SIT CARRAPICHO SN,CARTAO CEARA SEM FOME,APAVICA,Centro,Alimentação,CENTRO
MILAGRES,1259450000166,,Milagres,CE,R DO COMERCIO 47,CARTAO CEARA SEM FOME,ANNA SARAH ALVES FELIX,Centro,Mercado / Mini Mercado,CENTRO
MILAGRES,3286951000167,(88) 3553-1263,Milagres,CE,DO COMERCIO 27,CARTAO CEARA SEM FOME,MERCEARIA CHICO LINS,Centro,Mercado / Mini Mercado,CENTRO
MILAGRES,7980728000176,(88) 3553-1875,Milagres,CE,PC DO MERCADO EDUARDO B FIGUEIREDO 23,CARTAO CEARA SEM FOME,MERCNTIL SANTA CLARA,Centro,Mercado / Mini Mercado,CENTRO
MILAGRES,8849410000113,,Milagres,CE,R BENTO CORREIA LIMA 1159,CARTAO CEARA SEM FOME,MERCEARIA CHAVES,Centro,Mercado / Mini Mercado,CENTRO
MILAGRES,13874406000498,(88) 9884-21235,Milagres,CE,R FRANCISCO ALMIR BRAGA 325,CARTAO CEARA SEM FOME,ATACAREJO TERRA SANTA,Centro,Supermercado,CENTRO
MILAGRES,21353044000175,(88) 3553-1715,Milagres,CE,R SOUSA PRESA 23,CARTAO CEARA SEM FOME,MERCANTIL SUPERMAIS,Centro,Mercado / Mini Mercado,CENTRO
MILAGRES,28027070000152,(88) 9985-62858,Milagres,CE,R JOSE ESMERALDO DA SILVA 643,CARTAO CEARA SEM FOME,SUPERMERCADO PONTO DA ECONOMIA,Centro,Supermercado,CENTRO
MILAGRES,30406353000157,(88) 9743-0355,Milagres,CE,R FRANCISCO FELIPE SAMPAIO 223,CARTAO CEARA SEM FOME,MERCADINHO ALCANTARA,Centro,Mercado / Mini Mercado,CENTRO
MILAGRES,35090869000159,(88) 3553-1717,Milagres,CE,RUA SOUZA PRESA 228,CARTAO CEARA SEM FOME,PALABOM VEICULOS,Centro,Alimentação,CENTRO
MILAGRES,35943882000103,(88) 9814-0222,Milagres,CE,R PADRE MISAEL GOMES 635,CARTAO CEARA SEM FOME,PADARIA E CONFEITARIA OURO BRANCO,Centro,Mercado / Mini Mercado,CENTRO
MILAGRES,41631136000187,,Milagres,CE,R PRESIDENTE VARGAS 249,CARTAO CEARA SEM FOME,SUPER BURUNDANGA,Centro,Mercado / Mini Mercado,CENTRO
MILHÃ,7733454000110,,Milhã,CE,AV DR WILSON PINHEIRO 82,CARTAO CEARA SEM FOME,MERCADINHO SAO GERALDO,Centro,Mercado / Mini Mercado,CENTRO
MILHÃ,10499085000158,,Milhã,CE,JOSE DE ARAUJO 213,CARTAO CEARA SEM FOME,MERCADINHO SAO JOAO,Centro,Mercado / Mini Mercado,CENTRO
MILHÃ,14535904000126,,Milhã,CE,AV PREF AZIMIRO DE OLIVEIRA 620,CARTAO CEARA SEM FOME,MERCADINHO ANDRADE,Centro,Mercado / Mini Mercado,CENTRO
MILHÃ,15652145000144,,Milhã,CE,R JOSE DE ARAUJO 118,CARTAO CEARA SEM FOME,MERCADINHO PIMENTEL,Centro,Mercado / Mini Mercado,CENTRO
MILHÃ,18635134000144,,Milhã,CE,PE JOSE JOACYR CAVALCANTE 147,CARTAO CEARA SEM FOME,ATACADAO SAO FRANCISCO,Centro,Mercado / Mini Mercado,CENTRO
MILHÃ,21958709000174,(88) 9973-31115,Milhã,CE,R MARIA EUFRAZIA PINHEIRO 220,CARTAO CEARA SEM FOME,Mercadinho Lopes,Centro,Supermercado,CENTRO
MILHÃ,37881886000130,,Milhã,CE,AV DR WILSON PINHEIRO 82,CARTAO CEARA SEM FOME,SACOLÃO SABOR DA TERRA,Centro,Mercado / Mini Mercado,CENTRO
MILHÃ,42831920000100,(88) 9995-17604,Milhã,CE,R DR LUIZ AUGUSTO FERREIRA 23,CARTAO CEARA SEM FOME,MERCADINHO SAO MIGUEL,Centro,Mercado / Mini Mercado,CENTRO
MILHÃ,48191807000185,,Milhã,CE,AV DR WILSON PINHEIRO 284,CARTAO CEARA SEM FOME,MERCADINHO PAGUE MENOS,Centro,Mercado / Mini Mercado,CENTRO
MILHÃ,72438542000151,,Milhã,CE,AV DOUTOR WILSON PINHEIRO 296,CARTAO CEARA SEM FOME,MERCADINHO DANTAS,Centro,Mercado / Mini Mercado,CENTRO
MIRAÍMA,21079480000106,,Miraíma,CE,AV MIGUEIRA BRAGA 123,CARTAO CEARA SEM FOME,MERCADINHO VITORIA,Centro,Mercado / Mini Mercado,CENTRO
MIRAÍMA,24921364000172,(88) 9921-29747,Miraíma,CE,R ANTONIO RODRIGUES BARROSO 557,CARTAO CEARA SEM FOME,MERCADINHO BRUNO DAVY,Centro,Mercado / Mini Mercado,CENTRO
MIRAÍMA,26679439000186,,Miraíma,CE,R JOAO COELHO MOURA 294,CARTAO CEARA SEM FOME,MERCADINHO SAO FRANCISCO,Centro,Mercado / Mini Mercado,CENTRO
MIRAÍMA,50516901000109,,Miraíma,CE,AV FRANCISCO MARQUES 220,CARTAO CEARA SEM FOME,MERCADINHO NETO GOLEIRO,Centro,Mercado / Mini Mercado,CENTRO
MIRAÍMA,97410310000116,,Miraíma,CE,R 12 DE MAIO 217,CARTAO CEARA SEM FOME,LINHARES COMERCIAL,Centro,Mercado / Mini Mercado,CENTRO
MISSÃO VELHA,4046713000147,(88) 3542-1325,Missão Velha,CE,R AFONSO RIBEIRO 378,CARTAO CEARA SEM FOME,MERCADINHO MINI-PRECO,Centro,Mercado / Mini Mercado,CENTRO
MISSÃO VELHA,4412026000106,,Missão Velha,CE,R PADRE FELIX 176,CARTAO CEARA SEM FOME,MERCANTIL SÃO JOÃO,Centro,Mercado / Mini Mercado,CENTRO
MISSÃO VELHA,4506343000183,(88) 3511-6815,Missão Velha,CE,R D. AFONSO RIBEIRO 115,CARTAO CEARA SEM FOME,CICERO JOSE VICENTE,Centro,Mercado / Mini Mercado,CENTRO
MISSÃO VELHA,6341512000289,,Missão Velha,CE,ROD MESTRE ANTONIO LINARD SN,CARTAO CEARA SEM FOME,DINIZ SUPERMERCADOS,Centro,Supermercado,CENTRO
MISSÃO VELHA,23004687000139,,Missão Velha,CE,AV FRANCISCO AGAPITO TAVARES RIBEIRO 843,CARTAO CEARA SEM FOME,HIPERMERCADO NIWLAN,Centro,Mercado / Mini Mercado,CENTRO
MISSÃO VELHA,26336194000275,,Missão Velha,CE,R PADRE CICERO 389,CARTAO CEARA SEM FOME,ATACAREJO H HIPER POVÃO,Centro,Supermercado,CENTRO
MISSÃO VELHA,32267292004379,(86) 3276-5663,Missão Velha,CE,PADRE FELIX 12,CARTAO CEARA SEM FOME,ATACAREJO CARIRI CENTER,Centro,Supermercado,CENTRO
MISSÃO VELHA,36429759000131,,Missão Velha,CE,SIT QUIMAMI SN,CARTAO CEARA SEM FOME,MERCANTIL JS QUIMAMI,Centro,Mercado / Mini Mercado,CENTRO
MISSÃO VELHA,47259632000138,,Missão Velha,CE,R ROSALVO MAIA 265,CARTAO CEARA SEM FOME,MERCADINHO S INÁCIO 20,Centro,Mercado / Mini Mercado,CENTRO
MOMBAÇA,687944000189,,Mombaça,CE,VL CIPO SN,CARTAO CEARA SEM FOME,MERCEARIA CAMPOS,Centro,Mercado / Mini Mercado,CENTRO
MOMBAÇA,1910848000110,(88) 9810-75832,Mombaça,CE,FRANCISCO BARROSO FEIJO 244,CARTAO CEARA SEM FOME,MERCADINHO IGOR,Centro,Mercado / Mini Mercado,CENTRO
MOMBAÇA,3627913000120,(88) 9967-57874,Mombaça,CE,R JOAO ALENCAR 104,CARTAO CEARA SEM FOME,SUPER SAO JOSE,Centro,Mercado / Mini Mercado,CENTRO
MOMBAÇA,3930429000176,,Mombaça,CE,JOAO MARTINS DE MELO 35,CARTAO CEARA SEM FOME,ALEX ARAUJO NOGUEIRA,Centro,Mercado / Mini Mercado,CENTRO
MOMBAÇA,4386063000189,,Mombaça,CE,JOSE DE SA AZEVEDO 159,CARTAO CEARA SEM FOME,PADARIA E MERCANTIL SANTO ANTONIO,Centro,Mercado / Mini Mercado,CENTRO
MOMBAÇA,7664741000116,,Mombaça,CE,R CEL JOSE ADERALDO 114,CARTAO CEARA SEM FOME,MERCANTIL AVELINO QUEIROGA,Centro,Mercado / Mini Mercado,CENTRO
MOMBAÇA,9069461000195,(88) 3583-1201,Mombaça,CE,R JOSE DE SA AZEVEDO 183,CARTAO CEARA SEM FOME,SUPERMERCADO JEAN,Centro,Mercado / Mini Mercado,CENTRO
MOMBAÇA,10491507000149,,Mombaça,CE,MANOEL ALENCAR 134,CARTAO CEARA SEM FOME,M DE SIQUEIRA PAULINO MINIMERCADO,Centro,Mercado / Mini Mercado,CENTRO
MOMBAÇA,10807040000101,(88) 3583-1177,Mombaça,CE,PC CICERO MARQUES 30,CARTAO CEARA SEM FOME,MERCADINHO SAO LUIZ,Centro,Mercado / Mini Mercado,CENTRO
MOMBAÇA,11230776000114,(88) 3583-1088,Mombaça,CE,R SILVINO LOPES SA BENEVIDES 31,CARTAO CEARA SEM FOME,FRIGOFRIOS O POPULAR,Centro,Açougue,CENTRO
MOMBAÇA,12218525000187,,Mombaça,CE,coronel jose aderaldo 124,CARTAO CEARA SEM FOME,ANTONIO NEVES DE SOUZA FILHO,Centro,Mercado / Mini Mercado,CENTRO
MOMBAÇA,15761859000190,(81) 3628-5786,Mombaça,CE,JOAO ALENCAR 53,CARTAO CEARA SEM FOME,MERCADINHO O VIEIRA II,Centro,Mercado / Mini Mercado,CENTRO
MOMBAÇA,18791247000139,,Mombaça,CE,felicidade 34,CARTAO CEARA SEM FOME,MERCADINHO VO DOMINGOS,Centro,Alimentação,CENTRO
MOMBAÇA,29267576000100,(88) 9961-10952,Mombaça,CE,ANTONIO JAIME BENEVIDES FILHO 747,CARTAO CEARA SEM FOME,CENTRAL ATACAREJO,Centro,Supermercado,CENTRO
MOMBAÇA,33016805000182,,Mombaça,CE,ANTONIA GENEROSA DE ALMEIDA 56,CARTAO CEARA SEM FOME,ADEGA SUB ZERO,Centro,Mercado / Mini Mercado,CENTRO
MOMBAÇA,37003222000178,,Mombaça,CE,JOANA VIEIRA SA 424,CARTAO CEARA SEM FOME,MERCADINHO E PADARIA SAO DOMINGOS,Centro,Mercado / Mini Mercado,CENTRO
MOMBAÇA,39756584000165,,Mombaça,CE,AV ANTONIO JAIME BENEVIDES FILHO 1078,CARTAO CEARA SEM FOME,DONA ANA SUPERMERCADO,Centro,Supermercado,CENTRO
MOMBAÇA,41334046000124,,Mombaça,CE,CICERO MARQUES 38,CARTAO CEARA SEM FOME,MERCANTIL RIBEIRO,Centro,Mercado / Mini Mercado,CENTRO
MOMBAÇA,41428434000174,(88) 3583-1538,Mombaça,CE,AUGUSTO VIEIRA 290,CARTAO CEARA SEM FOME,COMERCIAL QUEIROGA,Centro,Abastecimento,CENTRO
MOMBAÇA,41428459000178,(88) 9965-97343,Mombaça,CE,R CEL JOSE ADERALDO 142,CARTAO CEARA SEM FOME,MERCANTIL QUEIROGA,Centro,Mercado / Mini Mercado,CENTRO
MOMBAÇA,41442187000160,,Mombaça,CE,padre leao 176,CARTAO CEARA SEM FOME,VALERIA MOTA CORREIA,Centro,Mercado / Mini Mercado,CENTRO
MOMBAÇA,48330511000106,,Mombaça,CE,R JAIME BENEVIDES 274,CARTAO CEARA SEM FOME,MERCADINHO IDEAL,Centro,Mercado / Mini Mercado,CENTRO
MOMBAÇA,48795036000135,(88) 9816-72496,Mombaça,CE,ANTONIO JAIME BENEVIDES FILHO 1136,CARTAO CEARA SEM FOME,SUPERMERCADO MENOR PRECO,Centro,Supermercado,CENTRO
MOMBAÇA,53305243000102,,Mombaça,CE,AV ANTONIO NONATO DE CARVALHO 384,CARTAO CEARA SEM FOME,MERCADINHO MOTA,Centro,Mercado / Mini Mercado,CENTRO
MONSENHOR TABOSA,572266000109,,Monsenhor Tabosa,CE,DIMAS RODRIGUES DE SOUSA 23,CARTAO CEARA SEM FOME,ARI MONTEIRO FARIAS,Centro,Alimentação,CENTRO
MONSENHOR TABOSA,1191255000141,(88) 9965-11919,Monsenhor Tabosa,CE,AV HONORIO MELO 64,CARTAO CEARA SEM FOME,MERCADINHO BOM PREÇO,Centro,Mercado / Mini Mercado,CENTRO
MONSENHOR TABOSA,7487166000123,(88) 9968-08998,Monsenhor Tabosa,CE,SANTO ANTONIO 846,CARTAO CEARA SEM FOME,SUPERIOS,Centro,Mercado / Mini Mercado,CENTRO
MONSENHOR TABOSA,13874190000118,,Monsenhor Tabosa,CE,AV DIMAS RODRIGUES 06,CARTAO CEARA SEM FOME,MARIA HELENA GOMES FARIAS,Centro,Açougue,CENTRO
MONSENHOR TABOSA,35042266000181,,Monsenhor Tabosa,CE,R JOAO PAMPLONA 03,CARTAO CEARA SEM FOME,JOSE ILDEFONSO,Centro,Mercado / Mini Mercado,CENTRO
MORADA NOVA,2727125000224,(88) 3422-2531,Morada Nova,CE,R FRANCISCO MONTEIRO MAIA 180,CARTAO CEARA SEM FOME,MERCADINHO ARI,Centro,Supermercado,CENTRO
MORADA NOVA,2968670000121,(88) 3422-1223,Morada Nova,CE,R CIPRIANO MAIA 122,CARTAO CEARA SEM FOME,MERCADINHO BEATRIZ,Centro,Supermercado,CENTRO
MORADA NOVA,3802460000121,(88) 9647-4697,Morada Nova,CE,R CIPRIANO MAIA 265,CARTAO CEARA SEM FOME,SUPERMERCADO ANA CRISTINA,Centro,Mercado / Mini Mercado,CENTRO
MORADA NOVA,3802460000202,,Morada Nova,CE,R CEL TIBURCIO 355,CARTAO CEARA SEM FOME,ATACAREJO A C FERNANDES,Centro,Supermercado,CENTRO
MORADA NOVA,4319145000100,(88) 9994-86461,MORADA NOVA,CE,"RUA CIPRIANO MAIA, 1 ",CARTAO CEARA SEM FOME,LIDER MAX SUPERMERCADO,CENTRO,Alimentação,CENTRO
MORADA NOVA,4457449000134,,Morada Nova,CE,duque rabelo 414,CARTAO CEARA SEM FOME,MERCADINHO DA VARZEA,Centro,Mercado / Mini Mercado,CENTRO
MORADA NOVA,5772548000173,(88) 3422-1717,Morada Nova,CE,Agostinho chagas 1111,CARTAO CEARA SEM FOME,SUPER LIDER,Centro,Mercado / Mini Mercado,CENTRO
MORADA NOVA,13613254000127,,Morada Nova,CE,CEL JOSE PAULO GIRAO 1060,CARTAO CEARA SEM FOME,FRANCISCO ELIEUDO DE OLIVEIRA RABELO,Centro,Mercado / Mini Mercado,CENTRO
MORADA NOVA,16602896000119,(88) 3422-1051,Morada Nova,CE,AV CEL TIBURCIO 520,CARTAO CEARA SEM FOME,SUPER VITORIA,Centro,Mercado / Mini Mercado,CENTRO
MORADA NOVA,18927649000118,(88) 9982-9446,Morada Nova,CE,R RAUL NOGUEIRA 845,CARTAO CEARA SEM FOME,GLD VARIEDADES,Centro,Mercado / Mini Mercado,CENTRO
MORADA NOVA,23585565000183,,Morada Nova,CE,cipriano maia 20,CARTAO CEARA SEM FOME,MERCADINHO DEMONTIER,Centro,Mercado / Mini Mercado,CENTRO
MORADA NOVA,32026640000167,(88) 9963-23233,Morada Nova,CE,R CIPRIANO MAIA 177,CARTAO CEARA SEM FOME,SKINAO SUPERMERCADO,Centro,Supermercado,CENTRO
MORADA NOVA,41541319000101,(88) 3422-2478,Morada Nova,CE,R CIPRIANO MAIA 142,CARTAO CEARA SEM FOME,SUPERMERCADO MENINO DEUS,Centro,Mercado / Mini Mercado,CENTRO
MORADA NOVA,41550666000109,(88) 3422-5036,Morada Nova,CE,AV JOAO PINTO DOS ANJOS 1752,CARTAO CEARA SEM FOME,MERCADINHO IDEAL,Centro,Mercado / Mini Mercado,CENTRO
MORADA NOVA,63318588000146,,Morada Nova,CE,AV PRES ERNESTO GEISEL 1753,CARTAO CEARA SEM FOME,MERCADINHO ARUARU,Centro,Mercado / Mini Mercado,CENTRO
MORAÚJO,18933661000135,(88) 9948-30943,Moraújo,CE,ROD CE 364 501,CARTAO CEARA SEM FOME,MERCEARIA SÃO MATEUS,Centro,Mercado / Mini Mercado,CENTRO
MORAÚJO,32882356000192,(88) 9946-64660,Moraújo,CE,chico leopoldo 83,CARTAO CEARA SEM FOME,MERCADINHO SAO DOMINGOS,Centro,Mercado / Mini Mercado,CENTRO
MORAÚJO,39611866000174,,Moraújo,CE,RAIMUNDO GOMES 305,CARTAO CEARA SEM FOME,COMERCIAL FELIZARDO,Centro,Mercado / Mini Mercado,CENTRO
MORAÚJO,41584239000133,,Moraújo,CE,ALEXANDRE CLARINDO 01,CARTAO CEARA SEM FOME,MERCADINHO BOM PREÇO MORAUJO,Centro,Mercado / Mini Mercado,CENTRO
MORAÚJO,49116322000190,,Moraújo,CE,AV PREFEITO RAIMUNDO BENICIO 532,CARTAO CEARA SEM FOME,SUPERMERCADO MERCOSUL,Centro,Supermercado,CENTRO
MORRINHOS,5799340000148,,Morrinhos,CE,R NOSSA SENHORA DE FATIMA 26,CARTAO CEARA SEM FOME,MERCADINHO DA SANDRA,Centro,Mercado / Mini Mercado,CENTRO
MORRINHOS,14104661000171,(85) 9965-98001,Morrinhos,CE,AV SAO FRANCISCO SN,CARTAO CEARA SEM FOME,COMERCIAL RIBEIRO,Centro,Mercado / Mini Mercado,CENTRO
MORRINHOS,22614280000160,(88) 9992-56631,Morrinhos,CE,R MIGUEL SANTOS 120,CARTAO CEARA SEM FOME,MERCARDINHO CARNEIRO,Centro,Supermercado,CENTRO
MORRINHOS,24185917000176,(88) 9935-9000,Morrinhos,CE,R RUA MANOEL PEREGRINO ROCHA 1004,CARTAO CEARA SEM FOME,COMERCIAL O CLAUDIO,Centro,Loja de Armarinho,CENTRO
MORRINHOS,34224255000150,,Morrinhos,CE,FAZ JOAO LAURINDO SN,CARTAO CEARA SEM FOME,MERCADINHO ANA LAURA DA ROCHA,Centro,Mercado / Mini Mercado,CENTRO
MUCAMBO,4617951000165,(88) 3611-2553,Mucambo,CE,PEDRO ARAGAO XIMENES 251,CARTAO CEARA SEM FOME,ARMAZEM JOSE MARIA,Centro,Mercado / Mini Mercado,CENTRO
MUCAMBO,5697820000106,(88) 9943-74768,Mucambo,CE,R PADRE SEVERIANO 311,CARTAO CEARA SEM FOME,JOSE NEUDO MERCEARIA,Centro,Mercado / Mini Mercado,CENTRO
MUCAMBO,7793704000108,,Mucambo,CE,PEDRO ARAGAO XIMENES 247,CARTAO CEARA SEM FOME,ANTONIO F DO NASCIMENTO MERCEARIA,Centro,Mercado / Mini Mercado,CENTRO
MUCAMBO,8364743000314,,Mucambo,CE,R SERAFIM DE AQUINO 250,CARTAO CEARA SEM FOME,SUPER TIO AUGUSTO,Centro,Supermercado,CENTRO
MUCAMBO,12337654000194,(88) 9940-63682,Mucambo,CE,R JOSE CLAUDIO DE ARAUJO 471,CARTAO CEARA SEM FOME,PADARIA RAINHA,Centro,Padaria,CENTRO
MUCAMBO,20603712000102,(88) 9920-53876,Mucambo,CE,R JOSE CLAUDIO DE ARAUJO 241,CARTAO CEARA SEM FOME,MERCANTIL O VALENTE,Centro,Mercado / Mini Mercado,CENTRO
MUCAMBO,56634300000187,,Mucambo,CE,R ANTONIO AZEVEDO 226,CARTAO CEARA SEM FOME,MERCANTIL VALENTE,Centro,Mercado / Mini Mercado,CENTRO
MULUNGU,4550186000103,(85) 9966-68743,Mulungu,CE,R CORONEL JUSTINO CAFE 302,CARTAO CEARA SEM FOME,MERCANTIL GERMANO I,Centro,Mercado / Mini Mercado,CENTRO
MULUNGU,5744580000145,,Mulungu,CE,R SANTA INES 1002,CARTAO CEARA SEM FOME,MERCADINHO KARINE,Centro,Mercado / Mini Mercado,CENTRO
MULUNGU,7325095000162,(85) 3347-0643,Mulungu,CE,R CEL JUSTINO CAFE 345,CARTAO CEARA SEM FOME,MERCANTIL LUIZ SABINO,Centro,Mercado / Mini Mercado,CENTRO
MULUNGU,8679817000140,(85) 3347-0105,Mulungu,CE,R CEL JUSTINO CAFE 310,CARTAO CEARA SEM FOME,MERCADINHO O PAULO,Centro,Mercado / Mini Mercado,CENTRO
MULUNGU,10504085000107,,Mulungu,CE,R PADRE ALOISIO 14,CARTAO CEARA SEM FOME,SUPER MULUNGU,Centro,Supermercado,CENTRO
MULUNGU,14277935000124,(85) 3347-1072,Mulungu,CE,R SANTA INES 753,CARTAO CEARA SEM FOME,MERCANTIL GERMANO II,Centro,Supermercado,CENTRO
MULUNGU,18109242000183,(85) 9922-84031,Mulungu,CE,R PADRE BENEDITO 319,CARTAO CEARA SEM FOME,MERCADINHO SUPER FLAVIO,Centro,Mercado / Mini Mercado,CENTRO
MULUNGU,22488825000300,,Mulungu,CE,R CORONEL JUSTINO CAFE 354,CARTAO CEARA SEM FOME,SUPER SOFYA 2,Centro,Supermercado,CENTRO
MULUNGU,26063023000139,,Mulungu,CE,R CORONEL JUSTINO CAFE 263,CARTAO CEARA SEM FOME,MERCADINHO SANTO EXPEDITO,Centro,Mercado / Mini Mercado,CENTRO
MULUNGU,35054558000134,,Mulungu,CE,PR LUIZ ERMENEGILDO ROCHA 9,CARTAO CEARA SEM FOME,Mercadinho So Jesus E a Solucao,Centro,Mercado / Mini Mercado,CENTRO
MULUNGU,37676712000135,,Mulungu,CE,R SANTA INES 492,CARTAO CEARA SEM FOME,BIBI CARNES,Centro,Açougue,CENTRO
MULUNGU,47264520000175,(85) 9885-83565,Mulungu,CE,CORONEL JUSTINO CAFE 191,CARTAO CEARA SEM FOME,MERCADINHO OPCAO,Centro,Mercado / Mini Mercado,CENTRO
NOVA OLINDA,14963321000104,(88) 9964-79904,Nova Olinda,CE,TV BELEM 21,CARTAO CEARA SEM FOME,FRIGORIFICO SAO FRANCISCO,Centro,Açougue,CENTRO
NOVA OLINDA,15624162000178,(88) 9977-85022,Nova Olinda,CE,AV PERIMETRAL SUL 468,CARTAO CEARA SEM FOME,MERCADINHO SUKITA,Centro,Mercado / Mini Mercado,CENTRO
NOVA OLINDA,15841385000197,,Nova Olinda,CE,prof. nanor 195,CARTAO CEARA SEM FOME,MERCADINHO PADRE CICERO,Centro,Mercado / Mini Mercado,CENTRO
NOVA OLINDA,24786312000130,,Nova Olinda,CE,dra fabia brito 368,CARTAO CEARA SEM FOME,MERCADINHO SAO FRANCISCO,Centro,Alimentação,CENTRO
NOVA OLINDA,37892579000154,,Nova Olinda,CE,AV PERIMETRAL SUL 352,CARTAO CEARA SEM FOME,MERCADINHO SUKITA,Centro,Mercado / Mini Mercado,CENTRO
NOVA OLINDA,38384395000146,,Nova Olinda,CE,Ubirajara lacerda 99,CARTAO CEARA SEM FOME,MERCARIA DA MARIA,Centro,Mercado / Mini Mercado,CENTRO
NOVA OLINDA,43716878000130,,Nova Olinda,CE,AV PERIMETRAL SUL 342,CARTAO CEARA SEM FOME,FRIGORIFICO RODRIGUES,Centro,Mercado / Mini Mercado,CENTRO
NOVA OLINDA,44610192000123,,Nova Olinda,CE,AV PERIMETRAL SUL 333,CARTAO CEARA SEM FOME,SUPERMERCADO SAO SEBASTIAO,Centro,Mercado / Mini Mercado,CENTRO
NOVA RUSSAS,2067472000197,(88) 9882-63587,Nova Russas,CE,R ANTONIO JOAQUIM DE SOUSA 939,CARTAO CEARA SEM FOME,SUPERMERCADO MARTMAG,Centro,Supermercado,CENTRO
NOVA RUSSAS,8683418000152,,Nova Russas,CE,R MONSENHOR HOLANDA 1310,CARTAO CEARA SEM FOME,LIDER MERCANTIL,Centro,Mercado / Mini Mercado,CENTRO
NOVA RUSSAS,9344968000100,,Nova Russas,CE,ALIPIO GOMES 148,CARTAO CEARA SEM FOME,ELIS REGINA DE SOUSA TORRES,Centro,Mercado / Mini Mercado,CENTRO
NOVA RUSSAS,11057890000194,,Nova Russas,CE,alipio gomes 312,CARTAO CEARA SEM FOME,TEREZINHA ABREU DE LIMA,Centro,Mercado / Mini Mercado,CENTRO
NOVA RUSSAS,19619721000102,,Nova Russas,CE,R HERMENEGILDO MARTINS 573,CARTAO CEARA SEM FOME,MERCADINHO PATRONATO,Centro,Mercado / Mini Mercado,CENTRO
NOVA RUSSAS,23602073000159,,Nova Russas,CE,R DOUTOR PAULO MATOS 240,CARTAO CEARA SEM FOME,SUPERMECADO CACHOEIRAO,Centro,Supermercado,CENTRO
NOVA RUSSAS,23602073000230,,Nova Russas,CE,AV JOAQUIM LOPES PEDROSA 4176,CARTAO CEARA SEM FOME,CACHOEIRAO,Centro,Supermercado,CENTRO
NOVA RUSSAS,38200989000150,,Nova Russas,CE,alipio gomes 296,CARTAO CEARA SEM FOME,A GISELE TORRES ALIADUZ,Centro,Mercado / Mini Mercado,CENTRO
NOVA RUSSAS,40941276000199,,Nova Russas,CE,R HERMENEGILDO MARTINS 533,CARTAO CEARA SEM FOME,MERCADINHO O MOACIR,Centro,Mercado / Mini Mercado,CENTRO
NOVA RUSSAS,41002373000189,,Nova Russas,CE,R PROFESSOR LUIS GONZAGA 854,CARTAO CEARA SEM FOME,MERCADO VERDE,Centro,Mercado / Mini Mercado,CENTRO
NOVA RUSSAS,41002373000260,,Nova Russas,CE,AV JOAQUIM LOPES PEDROSA 3343,CARTAO CEARA SEM FOME,MERCADO VERDE,Centro,Mercado / Mini Mercado,CENTRO
NOVA RUSSAS,45402069000180,,Nova Russas,CE,AV GENERAL SAMPAIO 1100,CARTAO CEARA SEM FOME,MERCANTIL JUCA,Centro,Mercado / Mini Mercado,CENTRO
NOVA RUSSAS,52058094000153,,Nova Russas,CE,R MONSENHOR HOLANDA 1310,CARTAO CEARA SEM FOME,LIDER MERCANTIL,Centro,Supermercado,CENTRO
NOVO ORIENTE,2969455000145,(88) 3629-1665,Novo Oriente,CE,R ELPIDIO RODRIGUES 235,CARTAO CEARA SEM FOME,MERCANTIL HIPERBOX,Centro,Mercado / Mini Mercado,CENTRO
NOVO ORIENTE,4735824000160,,Novo Oriente,CE,R SETE DE SETEMBRO 309,CARTAO CEARA SEM FOME,MERCADINHO COMPRE BEM,Centro,Mercado / Mini Mercado,CENTRO
NOVO ORIENTE,18960668000146,,Novo Oriente,CE,DT SAO RAIMUNDO 5225,CARTAO CEARA SEM FOME,MERCANTIL FAMILIAR,Centro,Mercado / Mini Mercado,CENTRO
NOVO ORIENTE,32450441000181,,Novo Oriente,CE,R SAO RAIMUNDO 65,CARTAO CEARA SEM FOME,EMPORIO JK,Centro,Mercado / Mini Mercado,CENTRO
NOVO ORIENTE,32796180000156,,Novo Oriente,CE,R DEOCLECIANO ARAGAO 460,CARTAO CEARA SEM FOME,ENZO HIPER ATACAREJO,Centro,Mercado / Mini Mercado,CENTRO
OCARA,5415604000112,,Ocara,CE,AV CORONEL JOAO FELIPE 412,CARTAO CEARA SEM FOME,FRIGORIFICO E MERCADINHO OCARA,Centro,Mercado / Mini Mercado,CENTRO
OCARA,5739502000152,,Ocara,CE,AV CORONEL JOAO FELIPE 1049,CARTAO CEARA SEM FOME,MERCADINHO L&L,Centro,Mercado / Mini Mercado,CENTRO
OCARA,26909113000106,,Ocara,CE,AV CEL JOAO FELIPE 583,CARTAO CEARA SEM FOME,MERCADINHO J FILHO,Centro,Mercado / Mini Mercado,CENTRO
OCARA,32650099000163,,Ocara,CE,AV CORONEL JOAO FELIPE 240,CARTAO CEARA SEM FOME,COMERCIAL DE ALIMENTOS MJ3,Centro,Supermercado,CENTRO
OCARA,35494331000100,(85) 9154-6799,Ocara,CE,AV CORONEL JOAO FELIPE 356,CARTAO CEARA SEM FOME,CANTINHO DAS VARIEDADES,Centro,Mercado / Mini Mercado,CENTRO
OCARA,41332024000125,(85) 9912-27979,Ocara,CE,AV CORONEL JOAO FELIPE 422,CARTAO CEARA SEM FOME,JONAS BATISTA DOS SANTOS,Centro,Mercado / Mini Mercado,CENTRO
OCARA,50049271000100,,Ocara,CE,AV CORONEL JOAO FELIPE 278 B,CARTAO CEARA SEM FOME,JUREMA SUPERMERCADO,Centro,Supermercado,CENTRO
OCARA,51609886000106,(85) 9822-40293,Ocara,CE,COM SERROTE DE BAIXO - JABAL SN,CARTAO CEARA SEM FOME,MERCADINHO POPULAR SERRAGEM,Centro,Mercado / Mini Mercado,CENTRO
ORÓS,770942000159,,Orós,CE,R FRANCISCO DO MONTE 257,CARTAO CEARA SEM FOME,MERCADINHO PORFIRIO,Centro,Mercado / Mini Mercado,CENTRO
ORÓS,1593312000119,(88) 3584-1195,Orós,CE,AV JOSE GABRIEL BEZERRA 21,CARTAO CEARA SEM FOME,O JUMBAO MERCANTIL,Centro,Mercado / Mini Mercado,CENTRO
ORÓS,2580251000118,,Orós,CE,AV MANFREDO FERREIRA LIMA 425,CARTAO CEARA SEM FOME,MERCANTIL VICTOR,Centro,Mercado / Mini Mercado,CENTRO
ORÓS,4632374000504,,Orós,CE,CE 153 1773,CARTAO CEARA SEM FOME,VALDIR JOAO ALEXANDRE,Centro,Mercado / Mini Mercado,CENTRO
ORÓS,7398484000118,,Orós,CE,R DA MATRIZ 494,CARTAO CEARA SEM FOME,MERCANTIL RODRIGUES,Centro,Mercado / Mini Mercado,CENTRO
ORÓS,9284813000125,,Orós,CE,R EPITACIO PESSOA 135,CARTAO CEARA SEM FOME,FRIGORIFRICO DA AMIZADE,Centro,Açougue,CENTRO
ORÓS,11660273000189,,Orós,CE,Roberto Tavora 8,CARTAO CEARA SEM FOME,J C COMERCIAL ATACADO & VAREJO,Centro,Mercado / Mini Mercado,CENTRO
ORÓS,15479591000107,,Orós,CE,R SAO JOSE 44,CARTAO CEARA SEM FOME,MERCANTIL DO ASSIS,Centro,Mercado / Mini Mercado,CENTRO
ORÓS,22818188000112,,Orós,CE,CUSTODIO NUNES 29,CARTAO CEARA SEM FOME,ARTE PAPELARIA,Centro,Supermercado,CENTRO
ORÓS,33011561000145,,Orós,CE,FARES LOPES 1999,CARTAO CEARA SEM FOME,MEGA ATACAREJO LTDA,Centro,Mercado / Mini Mercado,CENTRO
ORÓS,49273867000100,,Orós,CE,EPITACIO PESSOA 100,CARTAO CEARA SEM FOME,MERCANTIL COMPRE BEM,Centro,Mercado / Mini Mercado,CENTRO
ORÓS,86931797000166,(88) 3584-2446,Orós,CE,CUSTODIO NUNES 235,CARTAO CEARA SEM FOME,MARILEUSA ELIAS,Centro,Mercado / Mini Mercado,CENTRO
PACAJUS,3879760002071,,Pacajus,CE,AV PEDRO PHILOMENO GOMES 356,CARTAO CEARA SEM FOME,FRANGOLANDIA,Centro,Alimentação,CENTRO
PACAJUS,3995515030660,,Pacajus,CE,AV DOCA NOGUEIRA sn,CARTAO CEARA SEM FOME,MATEUS SUPERMERCADOS MIX PACAJUS,Centro,Alimentação,CENTRO
PACAJUS,7916939000140,,Pacajus,CE,R JOSE DE SOUSA FALCAO 986,CARTAO CEARA SEM FOME,MERCADINHO SANTA TEREZINHA,Centro,Supermercado,CENTRO
PACAJUS,11659770000167,(85) 3348-8455,PACAJUS,CE,RUA PROFESSORA HERMINEA MENDONCA 387,CARTAO CEARA SEM FOME,SUPERMERCADO MORANGUINHO,CENTRO,Supermercado,CENTRO
PACAJUS,11659770000329,(85) 3348-8455,Pacajus,CE,R JOSE DE SOUSA FALCAO 1186,CARTAO CEARA SEM FOME,SUPERMERCADO MORANGUINHO,Centro,Supermercado,CENTRO
PACAJUS,11659770000590,(85) 3348-8455,Pacajus,CE,PEDRO PHILOMENO 291,CARTAO CEARA SEM FOME,SUPERMERCADO MORANGUINHO,Centro,Supermercado,CENTRO
PACAJUS,11659770000833,(85) 3348-8455,Pacajus,CE,LUIS CLAUDIO 354,CARTAO CEARA SEM FOME,SUPERMERCADO MORANGUINHO,Centro,Supermercado,CENTRO
PACAJUS,11659770001210,(85) 3348-8455,Pacajus,CE,R TABELIAO JOSE GAMA FILHO 1441,CARTAO CEARA SEM FOME,SUPERMERCADO MORANGUINHO,Centro,Supermercado,CENTRO
PACATUBA,5414824000121,(85) 3384-2737,Pacatuba,CE,R 10 (RES SAO FRANCISCO) 130,CARTAO CEARA SEM FOME,MERCADINHO UNIAO,Centro,Mercado / Mini Mercado,CENTRO
PACATUBA,6099597000150,(85) 3384-1097,Pacatuba,CE,83 18,CARTAO CEARA SEM FOME,JOSE MARIA M LIMA,Centro,Mercado / Mini Mercado,CENTRO
PACATUBA,7733265000148,(85) 3384-0226,Pacatuba,CE,R SABINO CHAGAS 167,CARTAO CEARA SEM FOME,MERCADINHO SAO JOSE,Centro,Mercado / Mini Mercado,CENTRO
PACATUBA,8686357000420,,Pacatuba,CE,AV JOSE GUILHERME 567,CARTAO CEARA SEM FOME,MARTRI SUPERMERCADO,Centro,Supermercado,CENTRO
PACATUBA,8966654000186,(85) 9923-89514,Pacatuba,CE,AV XIX (CONJ JEREISSATI II) 804,CARTAO CEARA SEM FOME,PROGRESSO 2,Centro,Supermercado,CENTRO
PACATUBA,9313654000140,(85) 4117-0050,Pacatuba,CE,R 9 (RES BOM FUTURO) 190,CARTAO CEARA SEM FOME,MERCANTIL ACHEI !,Centro,Mercado / Mini Mercado,CENTRO
PACATUBA,9418565000168,(85) 9925-42722,Pacatuba,CE,R JOAO INACIO 54,CARTAO CEARA SEM FOME,MERCADINHO LIMA,Centro,Mercado / Mini Mercado,CENTRO
PACATUBA,10386811000126,(85) 3345-1320,PACATUBA,CE,RUA RAIMUNDO SIQUEIRA 1949,CARTAO CEARA SEM FOME,SUPERMERCADO COMPRE CERTO,CENTRO,Supermercado,CENTRO
PACATUBA,10386811000630,(85) 3345-1320,Pacatuba,CE,R CAIO PRADO 289,CARTAO CEARA SEM FOME,VEM PRA K ATACAREJO,Centro,Supermercado,CENTRO
PACATUBA,13385306000155,,Pacatuba,CE,SANTANA DA PARAIBA 900,CARTAO CEARA SEM FOME,H2R SUPERMERCADO,Centro,Mercado / Mini Mercado,CENTRO
PACATUBA,19456519000107,,Pacatuba,CE,91 (CONJ JEREISSATI II) 428,CARTAO CEARA SEM FOME,COMPRE MAIS SUPERMERCADO,Centro,Mercado / Mini Mercado,CENTRO
PACATUBA,22227809000193,,Pacatuba,CE,R Jose Guilherme 941,CARTAO CEARA SEM FOME,CARLINHOS SUPERMERCADO,Centro,Mercado / Mini Mercado,CENTRO
PACATUBA,23282498000128,(85) 9162-8111,Pacatuba,CE,R LUIZ FERRER 158,CARTAO CEARA SEM FOME,VERUS LANCHES,Centro,Lanchonete,CENTRO
PACATUBA,24221089000346,,Pacatuba,CE,R CAIO PRADO 289,CARTAO CEARA SEM FOME,CASA GRANDE ATACAREJO,Centro,Supermercado,CENTRO
PACATUBA,27518561000648,(85) 3484-2304,Pacatuba,CE,R 72 (CONJ JEREISSATI II) 807,CARTAO CEARA SEM FOME,SUPER CORDEIRO,Centro,Supermercado,CENTRO
PACATUBA,29782475000169,,Pacatuba,CE,AV XVIII (CONJ JEREISSATI II) 340,CARTAO CEARA SEM FOME,MERCADINHO O BRAZ,Centro,Mercado / Mini Mercado,CENTRO
PACATUBA,30265353000184,(85) 9867-52643,Pacatuba,CE,R SANTA INES 110,CARTAO CEARA SEM FOME,LS FRIGORIFICO,Centro,Açougue,CENTRO
PACATUBA,41307471000124,(85) 4117-0050,Pacatuba,CE,AV XXV (CONJ JEREISSATI II) 475,CARTAO CEARA SEM FOME,MERCADINHO MARTINS,Centro,Mercado / Mini Mercado,CENTRO
PACATUBA,41687744000103,,Pacatuba,CE,R 74 (CONJ JEREISSATI II) 457,CARTAO CEARA SEM FOME,MR CAMARAO,Centro,Restaurante,CENTRO
PACATUBA,48416859000102,,Pacatuba,CE,AV 01 (LOT MORADA DA BOA VIZINHANCA PACATU 182,CARTAO CEARA SEM FOME,MERCADINHO SUPER JP,Centro,Mercado / Mini Mercado,CENTRO
PACATUBA,48791176000135,(85) 9155-0901,Pacatuba,CE,R 71 (CONJ JEREISSATI II) 443,CARTAO CEARA SEM FOME,RICARDO FRIOS,Centro,Mercado / Mini Mercado,CENTRO
PACATUBA,58312460000135,,Pacatuba,CE,R 72 (CONJ JEREISSATI II) 806,CARTAO CEARA SEM FOME,MERCADINHO NILSON,Centro,Mercado / Mini Mercado,CENTRO
PACOTI,6615306000139,,Pacoti,CE,AV CORONEL JOSE CICERO SAMPAIO 680,CARTAO CEARA SEM FOME,MERCANTIL SERRA NOSSA,Centro,Mercado / Mini Mercado,CENTRO
PACOTI,7417611000189,(85) 3325-1250,Pacoti,CE,DUARTE HOLANDA 608,CARTAO CEARA SEM FOME,PANIFICADORA PACOTI,Centro,Padaria,CENTRO
PACOTI,9191632000235,(85) 3325-2114,Pacoti,CE,DR. LUIS CICERO SAMPAIO 315,CARTAO CEARA SEM FOME,COMERCIAL O MARDONIO,Centro,Mercado / Mini Mercado,CENTRO
PACOTI,10199393000168,,Pacoti,CE,R DUARTE HOLANDA 517,CARTAO CEARA SEM FOME,MERCADINHO BOM DE PRECO,Centro,Mercado / Mini Mercado,CENTRO
PACOTI,22473818000164,,Pacoti,CE,R DUARTE HOLANDA 44,CARTAO CEARA SEM FOME,DEPOSITO SAO GERALDO,Centro,Mercado / Mini Mercado,CENTRO
PACOTI,34230349000131,,Pacoti,CE,CLAUDEMIRO LOPES BEZERRA SN,CARTAO CEARA SEM FOME,FRIGORIFICO FLAVIO LAPADA,Centro,Frigorifico,CENTRO
PACUJÁ,1641157000169,(88) 3641-1206,Pacujá,CE,R FRANCISCO FILIZOLA 454,CARTAO CEARA SEM FOME,MERCADINHO CANDIDO,Centro,Mercado / Mini Mercado,CENTRO
PACUJÁ,27427568000140,,Pacujá,CE,AV CORONEL DRACON BARRETO 182,CARTAO CEARA SEM FOME,COMERCIAL NOVA OPCAO,Centro,Mercado / Mini Mercado,CENTRO
PACUJÁ,33096047000150,(88) 9928-83736,Pacujá,CE,DOUTOR JOAQUIM BASTOS 652,CARTAO CEARA SEM FOME,M L NERY DE SOUSA,Centro,Mercado / Mini Mercado,CENTRO
PACUJÁ,41308214000107,(88) 9948-75869,Pacujá,CE,R DR. JOAQUIM BASTOS 614,CARTAO CEARA SEM FOME,MERCADINHO SÃO JOSÉ,Centro,Mercado / Mini Mercado,CENTRO
PALHANO,3312647000147,(88) 9943-64357,Palhano,CE,R MIGUEL RODRIGUES SANTIAGO 106,CARTAO CEARA SEM FOME,MERCANTIL O REI DAS VARIEDADES,Centro,Mercado / Mini Mercado,CENTRO
PALHANO,3875476000164,(88) 9940-72490,Palhano,CE,AV POSSIDONIO BARRETO 104,CARTAO CEARA SEM FOME,DEPOSITO SAO FRANCISCO,Centro,Mercado / Mini Mercado,CENTRO
PALHANO,3875477000109,(88) 9929-56347,Palhano,CE,AV POSSIDONIO BARRETO 249,CARTAO CEARA SEM FOME,MERCADINHO SAO JOAQUIM,Centro,Mercado / Mini Mercado,CENTRO
PALHANO,10813326000191,,Palhano,CE,AV SIMPLICIO DE PAULA GALVAO 133,CARTAO CEARA SEM FOME,MERCEARIA DA LOURA,Centro,Mercado / Mini Mercado,CENTRO
PALHANO,11245481000111,(88) 9942-98508,Palhano,CE,AV POSSIDONIO BARRETO 266,CARTAO CEARA SEM FOME,CENTRO COMERCIAL PH,Centro,Mercado / Mini Mercado,CENTRO
PALHANO,11575113000131,,Palhano,CE,R PEDRO RODRIGUES SEVERIANO 449,CARTAO CEARA SEM FOME,MERCADINHO SUPER NOVO,Centro,Mercado / Mini Mercado,CENTRO
PALHANO,26968782000574,,Palhano,CE,R MANOEL PEDRO DA SILVA 259,CARTAO CEARA SEM FOME,F5 EXPRESS III,Centro,Mercado / Mini Mercado,CENTRO
PALMÁCIA,4369346000112,,Palmácia,CE,R JOSE POLICARPO 406 A,CARTAO CEARA SEM FOME,MERCADINHO BELEVA,Centro,Mercado / Mini Mercado,CENTRO
PALMÁCIA,12245676000124,,Palmácia,CE,ILDELFONSO CAMPOS 292,CARTAO CEARA SEM FOME,MERCANTIL DO GILBERTO,Centro,Mercado / Mini Mercado,CENTRO
PALMÁCIA,17344652000146,,Palmácia,CE,JOSE POLICARPO BARBOSA 435,CARTAO CEARA SEM FOME,MERCANTIL TCHOKAO,Centro,Mercado / Mini Mercado,CENTRO
PALMÁCIA,42070451000145,(85) 9940-88332,Palmácia,CE,R FRANCISCO DE QUEIROZ SN,CARTAO CEARA SEM FOME,FINNA CARNE,Centro,Mercado / Mini Mercado,CENTRO
PALMÁCIA,42093574000100,,Palmácia,CE,R JOSE MOISES 380,CARTAO CEARA SEM FOME,RV ATACAREJO,Centro,Supermercado,CENTRO
PALMÁCIA,54305592000189,(85) 9913-69726,Palmácia,CE,R JOSE POLICARPO BARBOSA 435,CARTAO CEARA SEM FOME,TCHOKAO MERCANTIL,Centro,Mercado / Mini Mercado,CENTRO
PALMÁCIA,72395528000118,,Palmácia,CE,R ILDEFONSO CAMPOS 607,CARTAO CEARA SEM FOME,MERCADINHO DEUS FORTE,Centro,Mercado / Mini Mercado,CENTRO
PARACURU,1150708000191,,Paracuru,CE,DOMINGOS PAULINO 710,CARTAO CEARA SEM FOME,PANIFICADORA LAGOA,Centro,Padaria,CENTRO
PARACURU,5377917000557,(85) 9977-58721,Paracuru,CE,Antônio Sales 1664,CARTAO CEARA SEM FOME,SUPERMERCADO MAE RAINHA,Centro,Supermercado,CENTRO
PARACURU,5853586000150,(85) 3344-2217,Paracuru,CE,R CAPITAO JOSE TELES 700,CARTAO CEARA SEM FOME,SUPERMERCADOS J&L,Centro,Supermercado,CENTRO
PARACURU,5853586000312,(88) 3344-2217,Paracuru,CE,R SAO JOAO EVANGELISTA 796,CARTAO CEARA SEM FOME,SUPERMERCADO J&L,Centro,Supermercado,CENTRO
PARACURU,8610217000206,,Paracuru,CE,ANTONIO SALES 840,CARTAO CEARA SEM FOME,A&A COMERCIAL,Centro,Mercado / Mini Mercado,CENTRO
PARACURU,28233155000197,,Paracuru,CE,Maria Ferreira Neri 850,CARTAO CEARA SEM FOME,TEMPERO DA LAGOA,Centro,Restaurante,CENTRO
PARACURU,31102656000149,,Paracuru,CE,AV ANTONIO SALES 658,CARTAO CEARA SEM FOME,MARFRIOS DISTRIBUIDORA DE FRIOS E ALIMENTOS,Centro,Mercado / Mini Mercado,CENTRO
PARACURU,32484233000101,,Paracuru,CE,AV JOAO LOPES MEIRELES 2534,CARTAO CEARA SEM FOME,SUPERMERCADO JR,Centro,Mercado / Mini Mercado,CENTRO
PARACURU,35017060000100,,Paracuru,CE,AV PERILO TEIXEIRA SN,CARTAO CEARA SEM FOME,MERCANTIL PEREIRA,Centro,Mercado / Mini Mercado,CENTRO
PARACURU,41412156000167,,Paracuru,CE,R LUIZA CIPRIANO DE SOUSA 665,CARTAO CEARA SEM FOME,MERCADINHO ANUNCIACAO,Centro,Mercado / Mini Mercado,CENTRO
PARAIPABA,407028000148,,Paraipaba,CE,R MARIA MOREIRA 87,CARTAO CEARA SEM FOME,MERCEARIA SANTA RITA - O ADEMAR,Centro,Mercado / Mini Mercado,CENTRO
PARAIPABA,783323000107,(88) 3863-1318,Paraipaba,CE,ANTONIO TABOSA 162,CARTAO CEARA SEM FOME,MERCADINHO MAGALHÃES,Centro,Mercado / Mini Mercado,CENTRO
PARAIPABA,3224166000180,(85) 9913-27212,Paraipaba,CE,AV LUIZ BRAGA 77,CARTAO CEARA SEM FOME,MERCANTIL FACILYTA,Centro,Mercado / Mini Mercado,CENTRO
PARAIPABA,3284758000197,,Paraipaba,CE,ANTONIO EUZEBIO 195,CARTAO CEARA SEM FOME,PADARIA & CONFEITARIA CAVALCANTE,Centro,Padaria,CENTRO
PARAIPABA,5364370000121,(85) 9976-75722,Paraipaba,CE,R MARIA MOREIRA 138,CARTAO CEARA SEM FOME,MERCADINHO NOSSA SENHORA APERECIDA,Centro,Mercado / Mini Mercado,CENTRO
PARAIPABA,5377917000719,,Paraipaba,CE,R DOMINGOS RODRIGUES VIANA SN,CARTAO CEARA SEM FOME,SUPERMERCADO MAE RAINHA,Centro,Supermercado,CENTRO
PARAIPABA,5853586000401,,Paraipaba,CE,AV DOMINGOS BARROSO 207,CARTAO CEARA SEM FOME,SUPERMERCADO J&L,Centro,Supermercado,CENTRO
PARAIPABA,8057330000125,(85) 3352-1266,Paraipaba,CE,MARIA MOREIRA 107,CARTAO CEARA SEM FOME,PANIFICADORA M & M,Centro,Padaria,CENTRO
PARAIPABA,8868216000185,,Paraipaba,CE,R PRESIDENTE GETULIO VARGAS SN,CARTAO CEARA SEM FOME,MERCADINHO ECONOMICO,Centro,Mercado / Mini Mercado,CENTRO
PARAIPABA,8896429000110,(85) 9640-7351,Paraipaba,CE,AV ANTONIO HENRIQUE DE AZEVEDO 687,CARTAO CEARA SEM FOME,FRIOS CARVALHO,Centro,Mercado / Mini Mercado,CENTRO
PARAIPABA,10376512000100,(85) 3315-4078,Paraipaba,CE,ROD SOL POENTE SN,CARTAO CEARA SEM FOME,RESTAURANTE SAO PAULO,Centro,Restaurante,CENTRO
PARAIPABA,10407463000126,(85) 3363-1411,Paraipaba,CE,R ALMIRANTE BEIRA MAR S N,CARTAO CEARA SEM FOME,RESTAURANTE O DUDE,Centro,Restaurante,CENTRO
PARAIPABA,13595547000129,(85) 9921-63210,PARAIPABA,CE,"RUA MARIA MOREIRA, 111 ",CARTAO CEARA SEM FOME,CENTRAL CARNES,CENTRO,Açougue,CENTRO
PARAIPABA,32627386000152,,Paraipaba,CE,R ANTONIO TABOSA 166,CARTAO CEARA SEM FOME,MERCADINHO PONTES,Centro,Mercado / Mini Mercado,CENTRO
PARAIPABA,36398362000120,(85) 9821-5887,Paraipaba,CE,R JOSE DE SOUSA PINTO 424,CARTAO CEARA SEM FOME,VANDCOCO,Centro,Mercado / Mini Mercado,CENTRO
PARAIPABA,36853217000191,,Paraipaba,CE,AV ANTONIO HENRIQUE DE AZEVEDO 540,CARTAO CEARA SEM FOME,SUPERMERCADINHO TIAO,Centro,Mercado / Mini Mercado,CENTRO
PARAIPABA,36954374000193,,Paraipaba,CE,AV MARIA MOREIRA 66,CARTAO CEARA SEM FOME,SUPERMERCADOS CLODOALDO,Centro,Mercado / Mini Mercado,CENTRO
PARAIPABA,39367707000176,,Paraipaba,CE,PETRONILIA BARROSO 51,CARTAO CEARA SEM FOME,SERVE BEM VOCE,Centro,Mercado / Mini Mercado,CENTRO
PARAIPABA,41594086000105,,Paraipaba,CE,AV MARIA MOREIRA SN,CARTAO CEARA SEM FOME,MERCADINHO O MOZAR,Centro,Mercado / Mini Mercado,CENTRO
PARAIPABA,48667481000110,,Paraipaba,CE,AV MARIA MOREIRA 126,CARTAO CEARA SEM FOME,PARAIPABA FRIOS,Centro,Mercado / Mini Mercado,CENTRO
PARAIPABA,48839321000100,(85) 9816-3949,Paraipaba,CE,R JOAQUIM PEREIRA DE AZEVEDO 99,CARTAO CEARA SEM FOME,NICOLLE CRISTHINA CORREIA DIAS,Centro,Restaurante,CENTRO
PARAMBU,4829934000191,(88) 9922-61258,Parambu,CE,ENEAS DE CASTRO 48,CARTAO CEARA SEM FOME,MERCANTIL SOARES,Centro,Mercado / Mini Mercado,CENTRO
PARAMBU,5467857000130,(88) 9972-16667,Parambu,CE,R MANOEL ALEXANDRE 10,CARTAO CEARA SEM FOME,COMERCIAL O JEOVA,Centro,Mercado / Mini Mercado,CENTRO
PARAMBU,18840788000100,(88) 9652-7939,Parambu,CE,R MANOEL ALVES TEIXEIRA 147,CARTAO CEARA SEM FOME,SUPER PARAIBA,Centro,Mercado / Mini Mercado,CENTRO
PARAMBU,22264051000163,,Parambu,CE,AV SALUSTRINA HENRIQUE DA SILVA 17,CARTAO CEARA SEM FOME,MERCANTIL BATISTA,Centro,Mercado / Mini Mercado,CENTRO
PARAMBU,29645014000144,,Parambu,CE,R DA MATRIZ 18,CARTAO CEARA SEM FOME,SUPERBARATAO,Centro,Supermercado,CENTRO
PARAMBU,30551484000128,,Parambu,CE,francisco cota 77,CARTAO CEARA SEM FOME,M. V. MOTA ALIMENTOS LTDA,Centro,Mercado / Mini Mercado,CENTRO
PARAMBU,31816899000149,(88) 9966-48825,Parambu,CE,AV SALUSTRINA HENRIQUE DA SILVA 11,CARTAO CEARA SEM FOME,MARCELO MERCANTIL,Centro,Mercado / Mini Mercado,CENTRO
PARAMBU,32712368000179,,Parambu,CE,R SANTA ROSA 5,CARTAO CEARA SEM FOME,SUPER MERCANTIL POPULAR,Centro,Mercado / Mini Mercado,CENTRO
PARAMBU,36936719000186,(88) 9961-13360,Parambu,CE,R MANOEL ALEXANDRE 79,CARTAO CEARA SEM FOME,MERCANTIL CENTRAL,Centro,Mercado / Mini Mercado,CENTRO
PARAMOTI,640035000195,,Paramoti,CE,R GONCALO SOARES 128,CARTAO CEARA SEM FOME,MERCANTIL CANTINHO DAS FRUTAS,Centro,Mercado / Mini Mercado,CENTRO
PARAMOTI,944654000173,(85) 9919-77827,Paramoti,CE,R ALEXANDRE TEIXEIRA 99,CARTAO CEARA SEM FOME,MERCADINHO BOM PRECO,Centro,Supermercado,CENTRO
PARAMOTI,1539895000108,(85) 3320-1259,PARAMOTI,CE,"AVENIDA HONORATO FEIJÓ, 138 ",CARTAO CEARA SEM FOME,MERCADINHO BELA VISTA,CENTRO,Mercado / Mini Mercado,CENTRO
PARAMOTI,12979174000127,(85) 9918-53624,Paramoti,CE,AV HONORATO FEIJO SN,CARTAO CEARA SEM FOME,DORO SUPER,Centro,Mercado / Mini Mercado,CENTRO
PARAMOTI,13099012000167,(85) 3343-0196,Paramoti,CE,R ITAECIO FEIJO 91,CARTAO CEARA SEM FOME,MERCADINHO AEV VARIEDADES,Centro,Supermercado,CENTRO
PARAMOTI,28006514000173,(85) 9992-68544,Paramoti,CE,R PEDRO EUGENIO DE SOUSA 0,CARTAO CEARA SEM FOME,MERCADINHO SANTA CLARA,Centro,Supermercado,CENTRO
PARAMOTI,44740437000137,,Paramoti,CE,EST ZONA RURAL 51,CARTAO CEARA SEM FOME,MERCADINHO SAO FRANCISCO,Centro,Mercado / Mini Mercado,CENTRO
PARAMOTI,47808533000168,,Paramoti,CE,HONORATO FEIJO 56,CARTAO CEARA SEM FOME,DEPOSITO JARBAS,Centro,Mercado / Mini Mercado,CENTRO
PARAMOTI,50103328000101,,Paramoti,CE,AV TOME GOMES 649,CARTAO CEARA SEM FOME,SUPER MARINHEIRO,Centro,Supermercado,CENTRO
PEDRA BRANCA,1486156000197,,Pedra Branca,CE,ERNESTO VIEIRA 43,CARTAO CEARA SEM FOME,SUPERMERCADO DA PRACA LTDA,Centro,Supermercado,CENTRO
PEDRA BRANCA,2077570000105,,Pedra Branca,CE,R MARIA ALVES DE MESQUITA 246,CARTAO CEARA SEM FOME,MERCEARIA PEDROSA,Centro,Mercado / Mini Mercado,CENTRO
PEDRA BRANCA,2847862000180,,Pedra Branca,CE,R JOAQUIM CAVALCANTE 134,CARTAO CEARA SEM FOME,MERCEARIA MOREIRA,Centro,Mercado / Mini Mercado,CENTRO
PEDRA BRANCA,4830863000147,,Pedra Branca,CE,AV RAIMUNDO BEZERRA DE CARVALHO 090,CARTAO CEARA SEM FOME,BRAZ CONSTRUCOES,Centro,Mercado / Mini Mercado,CENTRO
PEDRA BRANCA,7146942000121,(88) 9969-30003,Pedra Branca,CE,R JOAQUIM ALVES TEIXEIRA 220,CARTAO CEARA SEM FOME,MERCADINHO LUCIANO,Centro,Mercado / Mini Mercado,CENTRO
PEDRA BRANCA,11753993000199,,Pedra Branca,CE,AV RAIMUNDO BEZERRA DE CARVALHO 70,CARTAO CEARA SEM FOME,SUPERMERCADO BRAS,Centro,Supermercado,CENTRO
PEDRA BRANCA,17425154000128,,Pedra Branca,CE,R ANTONIO CONRADO 02,CARTAO CEARA SEM FOME,MERCADINHO LULIANU,Centro,Mercado / Mini Mercado,CENTRO
PEDRA BRANCA,32715082000147,,Pedra Branca,CE,ALVARO LINS CAVALCANTE 166,CARTAO CEARA SEM FOME,MERCADINHO JUJU,Centro,Mercado / Mini Mercado,CENTRO
PEDRA BRANCA,38195358000190,(88) 3515-4030,Pedra Branca,CE,R CECILIA VIANA 350,CARTAO CEARA SEM FOME,SUPER PAGUE MENOS,Centro,Mercado / Mini Mercado,CENTRO
PEDRA BRANCA,49358397000187,,Pedra Branca,CE,CJ JOSE MINEIRO QUADRA G 03,CARTAO CEARA SEM FOME,MERCANTIL NOBRE,Centro,Mercado / Mini Mercado,CENTRO
PEDRA BRANCA,57732320000153,,Pedra Branca,CE,SIT SITIO NOVO 87,CARTAO CEARA SEM FOME,MERCADINHO DA SERRA,Centro,Mercado / Mini Mercado,CENTRO
PEDRA BRANCA,74081712000119,(88) 9978-93583,Pedra Branca,CE,R MARIA ALVES DE MESQUITA 0,CARTAO CEARA SEM FOME,SUPER SANTO ANTONIO,Centro,Supermercado,CENTRO
PENAFORTE,1123396000127,,Penaforte,CE,R MANOEL ANGELO 1245,CARTAO CEARA SEM FOME,MERCANTIL MINI TUDO,Centro,Mercado / Mini Mercado,CENTRO
PENAFORTE,4277517000183,(88) 9884-51362,Penaforte,CE,R MILITAO CARVALHO 57,CARTAO CEARA SEM FOME,MERCFRUTAS VARIEDADES,Centro,Mercado / Mini Mercado,CENTRO
PENAFORTE,6920599000168,(88) 3559-1141,Penaforte,CE,PADRE CICERO 83,CARTAO CEARA SEM FOME,SUPERMERCADO LUCENA,Centro,Mercado / Mini Mercado,CENTRO
PENAFORTE,9597130000128,,Penaforte,CE,R PADRE CICERO 126,CARTAO CEARA SEM FOME,MERCANTIL MATIAS,Centro,Mercado / Mini Mercado,CENTRO
PENAFORTE,11686136000113,,Penaforte,CE,padre cicero 71,CARTAO CEARA SEM FOME,SEBASTIAO ANGELO VIDAL,Centro,Mercado / Mini Mercado,CENTRO
PENAFORTE,31945865000154,,Penaforte,CE,ANA TEREZA DE JESUS 240,CARTAO CEARA SEM FOME,MERCANTIL E VERDURAO NOVA ESPERANCA,Centro,Mercado / Mini Mercado,CENTRO
PENAFORTE,54845643000165,,Penaforte,CE,R AGAILDES SAMPAIO GONDIM 113,CARTAO CEARA SEM FOME,MERCADINHO FAMÍLIA,Centro,Mercado / Mini Mercado,CENTRO
PENTECOSTE,7563039000166,(85) 3021-4179,PENTECOSTE,CE,R TETE BEZERRA ,CARTAO CEARA SEM FOME,SUPERMERCADO ECONOMICO,Centro,Supermercado,CENTRO
PENTECOSTE,17257815000153,,Pentecoste,CE,AV JOSE BORBA DE VASCONCELOS 97,CARTAO CEARA SEM FOME,PARA TY SUPERMERCADO,Centro,Supermercado,CENTRO
PENTECOSTE,34157794000113,,Pentecoste,CE,AGAPITO CORDEIRO 146,CARTAO CEARA SEM FOME,SUPERMERCADO PRECO BOM,Centro,Mercado / Mini Mercado,CENTRO
PENTECOSTE,40075578000121,,Pentecoste,CE,R PADRE SINVAL FACUNDO SN,CARTAO CEARA SEM FOME,MERCADINHO ACESSIVEL,Centro,Mercado / Mini Mercado,CENTRO
PENTECOSTE,49674553000119,(85) 3251-1698,Pentecoste,CE,R LUIS SOARES DO CARMO 267,CARTAO CEARA SEM FOME,MOTA FRANGO PREMIUM,Centro,Açougue,CENTRO
PEREIRO,557122000183,,Pereiro,CE,AV CAPITAO JOSE BENTO DE MORAIS 495,CARTAO CEARA SEM FOME,MERCADINHO SS,Centro,Mercado / Mini Mercado,CENTRO
PEREIRO,5113712000130,(88) 9822-65571,Pereiro,CE,R CAPITAO BANDEIRA 115,CARTAO CEARA SEM FOME,MERCANTIL MUNDINHO,Centro,Mercado / Mini Mercado,CENTRO
PEREIRO,5418614000101,,Pereiro,CE,R RAIMUNDO PINHEIRO 40,CARTAO CEARA SEM FOME,MERCANTIL PAIS E FILHOS,Centro,Mercado / Mini Mercado,CENTRO
PEREIRO,7821804000109,(88) 9981-1574,Pereiro,CE,R CORONEL JOSE FREIRE 31,CARTAO CEARA SEM FOME,CARLITO ATACAREJO,Centro,Mercado / Mini Mercado,CENTRO
PEREIRO,11990584000106,(88) 9961-50222,Pereiro,CE,R MANOEL MOURAO 698,CARTAO CEARA SEM FOME,FE SUPERMERCADO,Centro,Mercado / Mini Mercado,CENTRO
PEREIRO,20033664000164,(88) 9982-83628,Pereiro,CE,R DR ANTONIO AUGUSTO DE VASCONCELOS 162,CARTAO CEARA SEM FOME,MERCANTIL GENIVAL,Centro,Supermercado,CENTRO
PEREIRO,26322473000107,(88) 9814-82986,Pereiro,CE,Tranqueiras 258,CARTAO CEARA SEM FOME,MERCADINHO VITORIA,Centro,Mercado / Mini Mercado,CENTRO
PINDORETAMA,6248245000208,(85) 3361-1158,Pindoretama,CE,AV FIRMINO CRISOSTOMO 1239,CARTAO CEARA SEM FOME,ATACAREJO SUPER RAIMUNDINHO,Centro,Mercado / Mini Mercado,CENTRO
PINDORETAMA,6248245000542,,Pindoretama,CE,AV CAPITAO NOGUEIRA 947,CARTAO CEARA SEM FOME,SUPER RAIMUNDINHO,Centro,Supermercado,CENTRO
PINDORETAMA,6339545000707,(85) 9895-65440,Pindoretama,CE,AV FIRMINO CRISOSTOMO 1959,CARTAO CEARA SEM FOME,COMERCIAL DE ALIMENTOS SAN GERARDO,Centro,Supermercado,CENTRO
PINDORETAMA,11659770001643,,Pindoretama,CE,marechal castelo branco 1075,CARTAO CEARA SEM FOME,SUPERMERCADO MORANGUINHO LTDA,Centro,Supermercado,CENTRO
PINDORETAMA,15511477000109,(85) 3375-1056,Pindoretama,CE,R MARECHAL CASTELO BRANCO 1075,CARTAO CEARA SEM FOME,MERCADINHO FAMILIA,Centro,Mercado / Mini Mercado,CENTRO
PINDORETAMA,26022473000183,(85) 3484-7250,Pindoretama,CE,AV FIRMINO CRISOSTOMO 1959,CARTAO CEARA SEM FOME,SUPERMERCADO FAMILIA,Centro,Supermercado,CENTRO
PINDORETAMA,26288181000197,,Pindoretama,CE,AV CAPITAO NOGUEIRA 1009,CARTAO CEARA SEM FOME,MERCADINHO CHICO PEREIRA,Centro,Mercado / Mini Mercado,CENTRO
PIQUET CARNEIRO,8107174000240,,Piquet Carneiro,CE,R DEP. GENIVAL NUNES DA COSTA 110,CARTAO CEARA SEM FOME,SUPERMERCADO CENTRAL,Centro,Supermercado,CENTRO
PIQUET CARNEIRO,12426361000183,,Piquet Carneiro,CE,ALFREDO FERNANDES FRANCO 179,CARTAO CEARA SEM FOME,SUPERMERCADO JF,Centro,Mercado / Mini Mercado,CENTRO
PIQUET CARNEIRO,13385751000115,,Piquet Carneiro,CE,ALFREDO FERNANDES FRANCO 113,CARTAO CEARA SEM FOME,MERCANTIL JOÃOZINHO,Centro,Mercado / Mini Mercado,CENTRO
PIQUET CARNEIRO,14636222000100,,Piquet Carneiro,CE,R JOSE TEOTONIO 1,CARTAO CEARA SEM FOME,MERCADINHO BOA VISTA,Centro,Mercado / Mini Mercado,CENTRO
PIQUET CARNEIRO,14986856000192,,Piquet Carneiro,CE,JOSE CHAGAS FILHO 142,CARTAO CEARA SEM FOME,GILBERTO LEITE,Centro,Mercado / Mini Mercado,CENTRO
PIQUET CARNEIRO,25198192000113,,Piquet Carneiro,CE,ALFREDO FERNANDES FRANCO 37,CARTAO CEARA SEM FOME,MERCANTIL POPULAR,Centro,Mercado / Mini Mercado,CENTRO
PIQUET CARNEIRO,31288805000106,,Piquet Carneiro,CE,R ANTONIO ADONES COELHO 102,CARTAO CEARA SEM FOME,MERCANTIL JS,Centro,Mercado / Mini Mercado,CENTRO
PIQUET CARNEIRO,32463787000114,,Piquet Carneiro,CE,ZACARIAS PINHEIRO DA SILVA 10,CARTAO CEARA SEM FOME,MERCADINHO AZARIAS FERNANDES,Centro,Mercado / Mini Mercado,CENTRO
PIQUET CARNEIRO,38291905000130,,Piquet Carneiro,CE,AV JOSE CHAGAS FILHO 570,CARTAO CEARA SEM FOME,MERCADINHO SAMYRA,Centro,Mercado / Mini Mercado,CENTRO
PIQUET CARNEIRO,42742540000190,,Piquet Carneiro,CE,R JOSE BEZERRA LIMA 142,CARTAO CEARA SEM FOME,MERCADINHO LOPES,Centro,Mercado / Mini Mercado,CENTRO
PIQUET CARNEIRO,52072289000158,,Piquet Carneiro,CE,1A R CASA 12,CARTAO CEARA SEM FOME,MERCEARIA ROLIM,Centro,Mercado / Mini Mercado,CENTRO
PIQUET CARNEIRO,72379662000125,,Piquet Carneiro,CE,ALFREDO FERNANDES FRANCO 55,CARTAO CEARA SEM FOME,MERCANTIL SAO LUIZ,Centro,Mercado / Mini Mercado,CENTRO
PIRES FERREIRA,361605000108,,Pires Ferreira,CE,R SEBASTIAO OTAVIANO 165,CARTAO CEARA SEM FOME,MERCADINHO SÃO JOSÉ,Centro,Mercado / Mini Mercado,CENTRO
PIRES FERREIRA,4036302000170,,Pires Ferreira,CE,PEDRO RAIMUNDO DE OLIVEIRA 04,CARTAO CEARA SEM FOME,MERCANTIL VITORIA,Centro,Mercado / Mini Mercado,CENTRO
PIRES FERREIRA,7162523000183,,Pires Ferreira,CE,DOMINGOS DE MATOS 11,CARTAO CEARA SEM FOME,MERCANTIL SÃO CRISTOVÃO,Centro,Mercado / Mini Mercado,CENTRO
PIRES FERREIRA,7418107000101,,Pires Ferreira,CE,MARIA JURANY FARIAS DIAS SIMPLICIO 199,CARTAO CEARA SEM FOME,MERCANTIL NOVA OPÇÃO,Centro,Mercado / Mini Mercado,CENTRO
PIRES FERREIRA,30847692000179,,Pires Ferreira,CE,SIT PEDRA REDONDA 38,CARTAO CEARA SEM FOME,MERCADINHO BELEZA,Centro,Mercado / Mini Mercado,CENTRO
PLANALTO,37974548000142,(88) 9931-67237,Planalto,CE,AV IRMA MARIA DA GRACA 1038,CARTAO CEARA SEM FOME,VALBER CARNES,Centro,Mercado / Mini Mercado,CENTRO
PORANGA,806552000191,(88) 9997-78022,Poranga,CE,R MANOEL PEREIRA MOURAO 222,CARTAO CEARA SEM FOME,MERCANTIL E FRIGORIFICO PAGUE MENOS,Centro,Mercado / Mini Mercado,CENTRO
PORANGA,7634107000130,(88) 3658-1378,Poranga,CE,PC DA MATRZ 13,CARTAO CEARA SEM FOME,CASA FILHO,Centro,Loja de Armarinho,CENTRO
PORANGA,9296241000102,,Poranga,CE,ANTONIO ALMEIDA ALVES 90,CARTAO CEARA SEM FOME,COMERCIAL UCHOA,Centro,Mercado / Mini Mercado,CENTRO
PORANGA,26831730000128,(88) 9972-48008,Poranga,CE,AV DR EPITACIO DE PINHO 278,CARTAO CEARA SEM FOME,SUPERMERCADO COPAS,Centro,Supermercado,CENTRO
PORANGA,29840178000122,,Poranga,CE,AV DR. EPITACIO DE PINHO 162,CARTAO CEARA SEM FOME,MERCADINHO BOM JESUS,Centro,Mercado / Mini Mercado,CENTRO
PORANGA,29933518000160,,Poranga,CE,AV DOUTOR EPITACIO DE PINHO 210,CARTAO CEARA SEM FOME,PANIFICADORA FLÔR SERRA,Centro,Padaria,CENTRO
PORTEIRAS,7422016000131,(88) 9814-80838,Porteiras,CE,FRANCISCO XAVIER DE SOUZA 14,CARTAO CEARA SEM FOME,CESTAO DO POVO,Centro,Mercado / Mini Mercado,CENTRO
PORTEIRAS,7422016000212,,Porteiras,CE,R JERONIMA TAVARES NEVES 111,CARTAO CEARA SEM FOME,CESTAO DO POVO,Centro,Mercado / Mini Mercado,CENTRO
PORTEIRAS,7658198000144,,Porteiras,CE,JOAQUIM TAVORA 36,CARTAO CEARA SEM FOME,MERCADINHO GOMES,Centro,Mercado / Mini Mercado,CENTRO
PORTEIRAS,21966275000154,,Porteiras,CE,luiz grangeiro 7,CARTAO CEARA SEM FOME,JOAO GOMES DOS SANTOS & CIA LTDA,Centro,Mercado / Mini Mercado,CENTRO
PORTEIRAS,35010180000177,,Porteiras,CE,joaquim tavora 58,CARTAO CEARA SEM FOME,FRANCISCO JOSE LEAL,Centro,Alimentação,CENTRO
PORTEIRAS,40017951000198,,Porteiras,CE,R JOAO PIRES DOS SANTOS 142,CARTAO CEARA SEM FOME,SUPERMERCADO NOSSA SENHORA DA CONCEIÇÃO,Centro,Supermercado,CENTRO
PORTEIRAS,41340423000138,(88) 3557-1324,Porteiras,CE,R LUIZ GRANGEIRO 55,CARTAO CEARA SEM FOME,MERCADINHO VIDAL,Centro,Mercado / Mini Mercado,CENTRO
PORTEIRAS,72092562000113,,Porteiras,CE,R JOSE SOARES 7,CARTAO CEARA SEM FOME,M SAO FRANCISCO,Centro,Mercado / Mini Mercado,CENTRO
PORTEIRAS,97419824000132,,Porteiras,CE,R PRINCESA IZABEL 87,CARTAO CEARA SEM FOME,SAMERSON SUPERMERCADO,Centro,Mercado / Mini Mercado,CENTRO
POTENGI,7325046000120,(88) 3546-1252,Potengi,CE,R MANOEL MONTEIRO 194,CARTAO CEARA SEM FOME,MERCEARIA CRUZ,Centro,Mercado / Mini Mercado,CENTRO
POTENGI,26561612000147,(88) 3546-1165,Potengi,CE,R MANOEL MONTEIRO 106,CARTAO CEARA SEM FOME,HORTIFRUTI BOM PRECO,Centro,Mercado / Mini Mercado,CENTRO
POTENGI,35093830000195,(88) 9929-87010,Potengi,CE,JOSE EDMILSON ROCHA 172,CARTAO CEARA SEM FOME,MERCADINHO DO GIL,Centro,Mercado / Mini Mercado,CENTRO
POTENGI,45490073000147,(88) 9924-98351,Potengi,CE,TV ANDRADE 285,CARTAO CEARA SEM FOME,MERCADINHO E DEPOSITO DE BEBIDAS BRITO.,Centro,Supermercado,CENTRO
POTENGI,72645062000161,,Potengi,CE,R LEANDRA RODRIGUES 498-A,CARTAO CEARA SEM FOME,MERCADO DAMASCENO,Centro,Mercado / Mini Mercado,CENTRO
POTIRETAMA,5776761000153,(85) 9960-91929,Potiretama,CE,R SAO FRANCISCO 111,CARTAO CEARA SEM FOME,MERCANTIL RENASCER,Centro,Mercado / Mini Mercado,CENTRO
POTIRETAMA,5899439000111,(88) 9968-36512,Potiretama,CE,R PEDRO CORREIA DE SOUSA 932,CARTAO CEARA SEM FOME,MERCADINHO OLIVEIRA LIMA,Centro,Mercado / Mini Mercado,CENTRO
POTIRETAMA,7630106000118,(88) 9999-86789,Potiretama,CE,R PE NEGREIROS 461,CARTAO CEARA SEM FOME,MERCANTIL SERAFIM,Centro,Supermercado,CENTRO
POTIRETAMA,8754313000147,(88) 3428-1843,Potiretama,CE,R HONOR DIOGENES 509,CARTAO CEARA SEM FOME,KAMILA BARBOSA DIOGENES COSTA,Centro,Mercado / Mini Mercado,CENTRO
POTIRETAMA,11738473000107,,Potiretama,CE,IRMAOS PINHEIRO 544,CARTAO CEARA SEM FOME,MERCANTIL MENEZES,Centro,Mercado / Mini Mercado,CENTRO
POTIRETAMA,19160909000135,,Potiretama,CE,SITIO BAIXINHA s/n,CARTAO CEARA SEM FOME,MERCANTIL SAO JOSE,Centro,Mercado / Mini Mercado,CENTRO
POTIRETAMA,45586780000131,,Potiretama,CE,11° RUA PADRE NEGREIROS 865,CARTAO CEARA SEM FOME,JANIO RESTAURANTE,Centro,Mercado / Mini Mercado,CENTRO
POTIRETAMA,48545202000145,,Potiretama,CE,R ANTONIO FRACISCO DE MOURA 681,CARTAO CEARA SEM FOME,MERCADINHO O DIDI,Centro,Mercado / Mini Mercado,CENTRO
POTIRETAMA,48700184000129,,Potiretama,CE,PADRE NEGREIROS 1046,CARTAO CEARA SEM FOME,HORTIFRUTI CONFIANCA,Centro,Mercado / Mini Mercado,CENTRO
POTIRETAMA,49711921000151,(88) 9670-1554,Potiretama,CE,R PADRE NEGREIROS 861,CARTAO CEARA SEM FOME,MERCADINHO FEITOSA,Centro,Mercado / Mini Mercado,CENTRO
POTIRETAMA,49939082000123,,Potiretama,CE,10 R SITIO BAIXA DA UMBURANA 18,CARTAO CEARA SEM FOME,MERCADINHO MINI PRECO,Centro,Mercado / Mini Mercado,CENTRO
QUITERIANÓPOLIS,1816167000198,(88) 9968-24331,Quiterianópolis,CE,R QUITERIA DE LIMA 13,CARTAO CEARA SEM FOME,MERCEARIA CHICO JOANITO,Centro,Mercado / Mini Mercado,CENTRO
QUITERIANÓPOLIS,4684984000128,,Quiterianópolis,CE,R TEN JOSE LOPES 53,CARTAO CEARA SEM FOME,MERCEARIA O CRIZANTO,Centro,Mercado / Mini Mercado,CENTRO
QUITERIANÓPOLIS,7665758000198,,Quiterianópolis,CE,QUITERIA DE LIMA 43,CARTAO CEARA SEM FOME,MERCEARIA BEZERRA,Centro,Mercado / Mini Mercado,CENTRO
QUITERIANÓPOLIS,9548054000160,,Quiterianópolis,CE,R QUITERIA DE LIMA s/n,CARTAO CEARA SEM FOME,MERCANTIL COUTINHO,Centro,Mercado / Mini Mercado,CENTRO
QUITERIANÓPOLIS,18886379000144,(88) 9992-94757,Quiterianópolis,CE,AV LAURINDO GOMES 170,CARTAO CEARA SEM FOME,LUCIANA SOARES MOURAO,Centro,Supermercado,CENTRO
QUITERIANÓPOLIS,26936125000111,,Quiterianópolis,CE,R FIRMINO ANTUNES 58,CARTAO CEARA SEM FOME,MERCANTIL LACERDA,Centro,Mercado / Mini Mercado,CENTRO
QUITERIANÓPOLIS,30423138000164,,Quiterianópolis,CE,R PADRE MOACIR 97,CARTAO CEARA SEM FOME,MERCEARIA VITORIA,Centro,Mercado / Mini Mercado,CENTRO
QUITERIANÓPOLIS,41705566000104,,Quiterianópolis,CE,são francisco S/N,CARTAO CEARA SEM FOME,FRANCISCO ELIZEU MATOS COSTA JUNIOR,Centro,Mercado / Mini Mercado,CENTRO
QUITERIANÓPOLIS,45700147000122,(88) 9997-76893,Quiterianópolis,CE,R FIRMINO ANTUNES 28,CARTAO CEARA SEM FOME,MIGUEL SUPERMERCADO,Centro,Supermercado,CENTRO
QUITERIANÓPOLIS,86769965000169,,Quiterianópolis,CE,CORONEL RAIMUNDO DE OLIVEIRA 202,CARTAO CEARA SEM FOME,MERCEARIA MANOEL LIMA,Centro,Alimentação,CENTRO
QUIXADÁ,467580000121,(88) 3412-2949,Quixadá,CE,Florencio Lopes 129,CARTAO CEARA SEM FOME,MERCANTIL O EUGENIO,Centro,Mercado / Mini Mercado,CENTRO
QUIXADÁ,2681731000256,,Quixadá,CE,Plácido Castelo 2209,CARTAO CEARA SEM FOME,SUPER SÃO GERALDO,Herval,Supermercado,HERVAL
QUIXADÁ,2681731000418,,Quixadá,CE,José de Queiroz Pessoa 1631,CARTAO CEARA SEM FOME,SUPER SAO GERALDO,Centro,Supermercado,CENTRO
QUIXADÁ,2681731001309,,Quixadá,CE,José de Queiroz Pessoa 1703,CARTAO CEARA SEM FOME,SUPER SAO GERALDO,Centro,Supermercado,CENTRO
QUIXADÁ,7434684000189,(88) 3412-1784,Quixadá,CE,Florencio Lopes 1628,CARTAO CEARA SEM FOME,MERCADINHO O GILSON,Centro,Mercado / Mini Mercado,CENTRO
QUIXADÁ,7479399000184,(88) 3412-1135,Quixadá,CE,Francisco Enéas de Lima 2019,CARTAO CEARA SEM FOME,MERCADINHO SILVEIRA,Centro,Mercado / Mini Mercado,CENTRO
QUIXADÁ,7525941000600,,Quixadá,CE,Santo Antônio 448,CARTAO CEARA SEM FOME,DOCA SUPERMERCADO,Campo Novo,Supermercado,CAMPO NOVO
QUIXADÁ,9661537000177,(88) 3412-3105,Quixadá,CE,Florencio Lopes 402,CARTAO CEARA SEM FOME,MERCADINHO PAI E FILHO,Centro,Mercado / Mini Mercado,CENTRO
QUIXADÁ,10529618000105,(88) 3412-1711,Quixadá,CE,Florencio Lopes 112,CARTAO CEARA SEM FOME,MERCADINHO O CABRAL,Centro,Mercado / Mini Mercado,CENTRO
QUIXADÁ,18467510000139,(88) 9971-22827,Quixadá,CE,Florencio Lopes 50,CARTAO CEARA SEM FOME,MERCADINHO PAULO NOGUEIRA,Centro,Supermercado,CENTRO
QUIXADÁ,26537565000104,,Quixadá,CE,Doutor Eudásio Barroso 695,CARTAO CEARA SEM FOME,F G MERCADINHO,Centro,Mercado / Mini Mercado,CENTRO
QUIXADÁ,27825606000112,,Quixadá,CE,Tenente Cravo 339,CARTAO CEARA SEM FOME,MERCADINHO RABELO,Alto São Francisco,Mercado / Mini Mercado,ALTO SÃO FRANCISCO
QUIXADÁ,29142202000583,,Quixadá,CE,José Capistrano Filho 198,CARTAO CEARA SEM FOME,NOSSO ATACAREJO,Putiú,Mercado / Mini Mercado,PUTIÚ
QUIXADÁ,30141639000158,(88) 9707-0708,Quixadá,CE,José de Queiroz Pessoa 1662,CARTAO CEARA SEM FOME,SUPERMERCADO LIDERANCA,Centro,Mercado / Mini Mercado,CENTRO
QUIXADÁ,30360908000177,(88) 3412-3105,Quixadá,CE,da Estrela 278,CARTAO CEARA SEM FOME,MERCADINHO SÃO JORGE,Campo Novo,Mercado / Mini Mercado,CAMPO NOVO
QUIXADÁ,31604081000162,,Quixadá,CE,dos Voluntários 29,CARTAO CEARA SEM FOME,MERCADINHO NOVA OPCAO,Planalto Renascer,Mercado / Mini Mercado,PLANALTO RENASCER
QUIXADÁ,32181013000109,(88) 3412-1784,Quixadá,CE,José de Queiroz Pessoa 1684,CARTAO CEARA SEM FOME,MERCADINHO O GILSON,Centro,Mercado / Mini Mercado,CENTRO
QUIXADÁ,37498625000135,(88) 2147-1798,Quixadá,CE,Presidente Vargas 1110,CARTAO CEARA SEM FOME,FRIGORIFICO CENTRAL,Campo Novo,Açougue,CAMPO NOVO
QUIXADÁ,42846062000169,,Quixadá,CE,ROD BR 122 TRECHO QUIXADA JUATAMA KM 09 SN,CARTAO CEARA SEM FOME,FRIGORIFICO CORDEIRO DE OURO,Centro,Açougue,CENTRO
QUIXADÁ,44269526000228,(84) 2141-1000,Quixadá,CE,José Capistrano Filho SN,CARTAO CEARA SEM FOME,NOSSO CAFE,Putiú,Padaria,PUTIÚ
QUIXADÁ,48957535000181,(88) 9814-54084,Quixadá,CE,4 VL DISTRITO DE JUA s/n,CARTAO CEARA SEM FOME,MERCADINHO PAI E FILHA,Centro,Supermercado,CENTRO
QUIXELÔ,566733000198,,Quixelô,CE,LUIS GOMES DE ARAUJO 412,CARTAO CEARA SEM FOME,SUPERMERCADO WALDIR,Centro,Mercado / Mini Mercado,CENTRO
QUIXELÔ,14672548000192,,Quixelô,CE,LUIZ GOMES DE ARAUJO 105,CARTAO CEARA SEM FOME,MERCANTEL MESSE,Centro,Mercado / Mini Mercado,CENTRO
QUIXELÔ,30350311000141,,Quixelô,CE,LUIS GOMES DE ARAUJO 229,CARTAO CEARA SEM FOME,MERCANTIL CAMILO,Centro,Mercado / Mini Mercado,CENTRO
QUIXELÔ,41566043000116,,Quixelô,CE,LUIZ GOMES DE ARAUJO 95,CARTAO CEARA SEM FOME,G N SUPERMERCADO,Centro,Mercado / Mini Mercado,CENTRO
QUIXELÔ,45690953000167,,Quixelô,CE,"ESTRADA QUIXELO X FAE, KM01 SN",CARTAO CEARA SEM FOME,COOCEAF,Centro,Cooperativa,CENTRO
QUIXELÔ,53574892000109,,Quixelô,CE,R JOSE VICENTE DA SILVA 04,CARTAO CEARA SEM FOME,SUPERCOURAS,Centro,Supermercado,CENTRO
QUIXELÔ,54087768000173,,Quixelô,CE,SIT GASPAR SN,CARTAO CEARA SEM FOME,BOM PRECO SUPERMERCADO,Centro,Supermercado,CENTRO
QUIXERAMOBIM,1137048000109,,Quixeramobim,CE,DE ENCANTADO SN,CARTAO CEARA SEM FOME,MERCANTIL SAO JOSE,Centro,Mercado / Mini Mercado,CENTRO
QUIXERAMOBIM,3429146000145,(88) 3441-3567,Quixeramobim,CE,R TEIXEIRA DE FREITAS 290,CARTAO CEARA SEM FOME,SUPER BOM DEMAIS,Centro,Mercado / Mini Mercado,CENTRO
QUIXERAMOBIM,3912207000120,,Quixeramobim,CE,ENCANTADO SN,CARTAO CEARA SEM FOME,ANDREIA NOBRE DO NASCIMENTO,Centro,Alimentação,CENTRO
QUIXERAMOBIM,3912210000144,,Quixeramobim,CE,R JOSE CIPRIANO 103,CARTAO CEARA SEM FOME,SÃO LUIS ATACAREJO,Centro,Supermercado,CENTRO
QUIXERAMOBIM,3995515024503,(98) 3216-5682,Quixeramobim,CE,R ANTONIO PINTO DE MENDONCA s/n,CARTAO CEARA SEM FOME,MATEUS SUPERMERCADOS,Centro,Supermercado,CENTRO
QUIXERAMOBIM,4163766002353,(85) 4008-2414,Quixeramobim,CE,R ANTONIO PINTO DE MENDONCA 1450,CARTAO CEARA SEM FOME,SUPERMERCADO PINHEIRO - O BOM VIZINHO,Centro,Supermercado,CENTRO
QUIXERAMOBIM,5062581000100,(88) 3441-0028,Quixeramobim,CE,R JOSE CAMPOS TORQUATO 450,CARTAO CEARA SEM FOME,JR MERCADINHO,Centro,Mercado / Mini Mercado,CENTRO
QUIXERAMOBIM,5959774000168,(88) 9718-6099,Quixeramobim,CE,AV GERALDO BIZARRIA DE CARVALHO 304,CARTAO CEARA SEM FOME,SUPER BOM PREÇO CONCEITO,Centro,Supermercado,CENTRO
QUIXERAMOBIM,7191912000137,(88) 9923-94662,Quixeramobim,CE,R TEIXEIRA DE FREITAS 369,CARTAO CEARA SEM FOME,MERCANTIL SERTANEJO,Centro,Mercado / Mini Mercado,CENTRO
QUIXERAMOBIM,9303556000121,,Quixeramobim,CE,R TABELIAO LAFAYETE 99,CARTAO CEARA SEM FOME,SUPERMERCADO SANTO ANTONIO,Centro,Supermercado,CENTRO
QUIXERAMOBIM,17745213000307,(88) 3441-1008,Quixeramobim,CE,R MONSENHOR SALVIANO PINTO 373,CARTAO CEARA SEM FOME,ATACADÃO DAS CARNES SÃO FRANCISCO,Centro,Mercado / Mini Mercado,CENTRO
QUIXERAMOBIM,20968028000124,(88) 3441-0998,Quixeramobim,CE,R DONA ADELIA ALBUQUERQUE 401,CARTAO CEARA SEM FOME,M J DE QUEIROZ NOGUEIRA MERCEARIA,Centro,Supermercado,CENTRO
QUIXERAMOBIM,23019893000112,(88) 9934-33539,Quixeramobim,CE,R RUA EDMILSON PATRICIO 1254,CARTAO CEARA SEM FOME,MERCADINHO NOVO HORIZONTE,Centro,Supermercado,CENTRO
QUIXERAMOBIM,23323155000245,,Quixeramobim,CE,R DOM HELIO CAMPOS 189,CARTAO CEARA SEM FOME,ARMAZEM DO CAMPO,Centro,Mercado / Mini Mercado,CENTRO
QUIXERAMOBIM,32550145000152,(85) 3232-3628,Quixeramobim,CE,R CONEGO PINTO DE MENDONCA 108,CARTAO CEARA SEM FOME,SUPER PRA VOCE,Centro,Mercado / Mini Mercado,CENTRO
QUIXERAMOBIM,34827098000177,(88) 9256-0462,Quixeramobim,CE,R VEREADOR EDMILSON PATRICIO 264,CARTAO CEARA SEM FOME,MERCANTIL JL,Centro,Mercado / Mini Mercado,CENTRO
QUIXERAMOBIM,47111278000108,(88) 9941-42629,Quixeramobim,CE,R ADOLFO NOGUEIRA 273,CARTAO CEARA SEM FOME,XPAO,Centro,Supermercado,CENTRO
QUIXERAMOBIM,63471890000130,(88) 3441-1563,Quixeramobim,CE,R MONSENHOR SALVIANO PINTO 605,CARTAO CEARA SEM FOME,MARANDRE,Centro,Mercado / Mini Mercado,CENTRO
QUIXERAMOBIM,72398332000349,(88) 9961-03910,Quixeramobim,CE,R CEL. TEOFILO LESSA 347,CARTAO CEARA SEM FOME,SUPER CASA DO FRANGO,Centro,Supermercado,CENTRO
QUIXERÉ,445054000160,(88) 9973-72699,Quixeré,CE,R MANOEL GONCALVES 984,CARTAO CEARA SEM FOME,O REI DAS NOVIDADES,Centro,Mercado / Mini Mercado,CENTRO
QUIXERÉ,2354153000162,(88) 9985-08036,Quixeré,CE,MONOEL GONÇÃLVES 1112,CARTAO CEARA SEM FOME,SUPERMERCADO JULIANA,Centro,Supermercado,CENTRO
QUIXERÉ,3259204000130,,Quixeré,CE,R ANTONIO FELISMINO 66,CARTAO CEARA SEM FOME,SUPERMERCADO ARAUJO LTDA,Centro,Supermercado,CENTRO
QUIXERÉ,5513187000140,(88) 3343-1257,Quixeré,CE,R HADOQUE COSTA 1131,CARTAO CEARA SEM FOME,SUPERLULA SUPERMERCADO,Centro,Supermercado,CENTRO
QUIXERÉ,7784051000109,(88) 9973-72699,Quixeré,CE,R ANTONIO FELISMINO 15,CARTAO CEARA SEM FOME,MERCADINHO E SORVETERIA,Centro,Mercado / Mini Mercado,CENTRO
QUIXERÉ,11393820000107,(88) 3443-1638,Quixeré,CE,R MANOEL GONCALVES 1022,CARTAO CEARA SEM FOME,PADARIA PAO DO BOM,Centro,Padaria,CENTRO
QUIXERÉ,13221135000129,(88) 9921-31726,Quixeré,CE,R VEREADOR EFISIO COSTA 288,CARTAO CEARA SEM FOME,FRIGORIFICO MERCADINHO NOSSA SENHORA CONCEICAO,Centro,Frigorifico,CENTRO
QUIXERÉ,41449786000106,,Quixeré,CE,ALEIXO MANOEL PIRES 1147,CARTAO CEARA SEM FOME,MERCADINHO SAO VICENTE,Centro,Mercado / Mini Mercado,CENTRO
QUIXERÉ,42947369000156,(88) 9968-74262,Quixeré,CE,10 R MANOEL GONCALVES 1150,CARTAO CEARA SEM FOME,FRIGORIFICO CENTRAL DA CARNE,Centro,Frigorifico,CENTRO
REDENÇÃO,2725841000191,(85) 9919-85797,Redenção,CE,R SANTOS DUMONT 880,CARTAO CEARA SEM FOME,MERCANTIL O BETO,Centro,Mercado / Mini Mercado,CENTRO
REDENÇÃO,3108380000170,,Redenção,CE,R JOAQUIM PINHEIRO 91,CARTAO CEARA SEM FOME,COMERCIAL DIOGENES,Centro,Mercado / Mini Mercado,CENTRO
REDENÇÃO,9517617000668,(85) 3294-1493,Redenção,CE,R SANTOS DUMONT 558,CARTAO CEARA SEM FOME,SUPERMERCADO TELEFRANGO,Centro,Supermercado,CENTRO
REDENÇÃO,11154582000187,,Redenção,CE,R MAJOR JOSE GABRIEL 129,CARTAO CEARA SEM FOME,SUPER FAMILIA,Centro,Supermercado,CENTRO
REDENÇÃO,11186727000121,,Redenção,CE,R MARECHAL DEODORO 161,CARTAO CEARA SEM FOME,SUPERMERCADO REDENCAO,Centro,Supermercado,CENTRO
REDENÇÃO,11433909000150,(85) 9915-71171,Redenção,CE,DA ABOLICAO SN,CARTAO CEARA SEM FOME,SUPERMERCADO ABOLICAO,Centro,Supermercado,CENTRO
REDENÇÃO,23556228000168,(85) 3332-1079,Redenção,CE,"R JUVENAL DE CARVALHO, 124",CARTAO CEARA SEM FOME,COMERCIAL BANDEIRA,Centro,Mercado / Mini Mercado,CENTRO
REDENÇÃO,24221089000427,(88) 9818-16060,Redenção,CE,R SANTOS DUMONT 558,CARTAO CEARA SEM FOME,CASA GRANDE SUPERMERCADOS,Centro,Supermercado,CENTRO
REDENÇÃO,48224822000182,,Redenção,CE,padre barros 321,CARTAO CEARA SEM FOME,UNO SUPERMERCADOS LTDA,Centro,Mercado / Mini Mercado,CENTRO
REDENÇÃO,57183464000106,,Redenção,CE,PADRE BARROS 321,CARTAO CEARA SEM FOME,M&E SUPERMERCADO,Centro,Supermercado,CENTRO
REDENÇÃO,57349378000112,,Redenção,CE,R TEREZA CRISTINA 196,CARTAO CEARA SEM FOME,SUPER MIX,Centro,Supermercado,CENTRO
REDENÇÃO,72153224000144,(85) 3332-9407,Redenção,CE,R FRANCISCO SILVA SN,CARTAO CEARA SEM FOME,MERCADINHO O NEGO,Centro,Mercado / Mini Mercado,CENTRO
RERIUTABA,1131786000149,(88) 9997-81024,Reriutaba,CE,R JOSE EDMILSON AGUIAR 74,CARTAO CEARA SEM FOME,MERCADINHO E FRIGORÍFICO BOI DA TERRA,Centro,Supermercado,CENTRO
RERIUTABA,1777052000131,(88) 9969-26061,Reriutaba,CE,R CEL AGRIPIO TEODORO SOARES 79,CARTAO CEARA SEM FOME,CLODOALDO MORAIS FURTADO,Centro,Mercado / Mini Mercado,CENTRO
RERIUTABA,3076863000130,,Reriutaba,CE,R 25 DE SETEMBRO 654,CARTAO CEARA SEM FOME,GRUPO H & C,Centro,Mercado / Mini Mercado,CENTRO
RERIUTABA,5968080000197,,Reriutaba,CE,R 25 DE SETEMBRO 750,CARTAO CEARA SEM FOME,MERCEARIA MORAIS,Centro,Mercado / Mini Mercado,CENTRO
RERIUTABA,13747170000186,(88) 9960-78080,Reriutaba,CE,R RUA 25 DE SETEMBRO 786,CARTAO CEARA SEM FOME,SUPERMERCADO CESTAO DO LAR,Centro,Supermercado,CENTRO
RERIUTABA,14395914000103,(88) 3637-1249,Reriutaba,CE,R CEL AGRIPIO TEODORO SOARES 73,CARTAO CEARA SEM FOME,CASA MEDEIROS,Centro,Loja de Armarinho,CENTRO
RERIUTABA,19270368000106,(88) 3637-1223,Reriutaba,CE,R SAO JOSE 457,CARTAO CEARA SEM FOME,MERCADINHO MIRO HOUSE,Centro,Mercado / Mini Mercado,CENTRO
RERIUTABA,20808005000586,,Reriutaba,CE,R REGINA MACEDO 150,CARTAO CEARA SEM FOME,SUPERMERCADO DOIS IRMAOS IPU LTDA,Centro,Mercado / Mini Mercado,CENTRO
RERIUTABA,63460372000110,,Reriutaba,CE,R 25 DE SETEMBRO 778,CARTAO CEARA SEM FOME,LEOPOLDO ALVES E SILVA FILHO,Centro,Supermercado,CENTRO
RERIUTABA,74031709000190,(88) 3637-1312,Reriutaba,CE,R 25 DE SETEMBRO 714,CARTAO CEARA SEM FOME,MERCANTIL CLEITON MORAIS,Centro,Mercado / Mini Mercado,CENTRO
RERIUTABA,74122342000110,,Reriutaba,CE,CEL. AGRIPIO TEODORO SOARES 113,CARTAO CEARA SEM FOME,COMERCIO TRES IRMAOS,Centro,Mercado / Mini Mercado,CENTRO
RUSSAS,630612000168,(88) 9887-56415,Russas,CE,R DALTRON HOLANDA 2420,CARTAO CEARA SEM FOME,SUPERMERCADOS RABELO,Centro,Supermercado,CENTRO
RUSSAS,2230606000149,(88) 2145-0094,Russas,CE,AV DOM LINO 116,CARTAO CEARA SEM FOME,CASA DE PAES,Centro,Padaria,CENTRO
RUSSAS,3995515028410,,Russas,CE,R PROJETADA K 02,CARTAO CEARA SEM FOME,MATEUS SUPERMERCADOS,Centro,Supermercado,CENTRO
RUSSAS,5621999000100,,Russas,CE,TV PROFESSOR APRIGIO 1117,CARTAO CEARA SEM FOME,RENE SUPERMERCADO,Centro,Mercado / Mini Mercado,CENTRO
RUSSAS,8105805000101,(88) 3411-6778,RUSSAS,CE,"AVENIDA MARIA RAMALHO, Nº 1 ",CARTAO CEARA SEM FOME,SUPERMERCADO GRANJEIRO,CENTRO,Supermercado,CENTRO
RUSSAS,8105805000292,(88) 3411-6778,Russas,CE,AV FRANCISCO RAIMUNDO DE OLIVEIRA 812,CARTAO CEARA SEM FOME,SUPERMERCADO GRANJEIRO,Centro,Supermercado,CENTRO
RUSSAS,11464065000104,(88) 9815-42617,Russas,CE,R ANTONIO SABINO 2653,CARTAO CEARA SEM FOME,GENESIS SUPERMERCADO,Centro,Supermercado,CENTRO
RUSSAS,11464065000295,(88) 9815-42617,Russas,CE,AV RAIMUNDO ALVES 2089,CARTAO CEARA SEM FOME,GENESIS SUPERMERCADO LTDA,Centro,Supermercado,CENTRO
RUSSAS,26968782000140,(85) 3256-9854,Russas,CE,R CORONEL PERDIGAO SOBRINHO 300,CARTAO CEARA SEM FOME,F5 EXPRESS,Centro,Mercado / Mini Mercado,CENTRO
RUSSAS,26968782000221,,Russas,CE,AV CEL ANTONIO CORDEIRO 276,CARTAO CEARA SEM FOME,F5 EXPRESS II,Centro,Mercado / Mini Mercado,CENTRO
RUSSAS,31416931000107,(88) 2145-0785,Russas,CE,SIT PARELHAS SN,CARTAO CEARA SEM FOME,MERCADINHO SANTA CLARA,Centro,Mercado / Mini Mercado,CENTRO
RUSSAS,33006401000108,(88) 9981-58527,Russas,CE,CORONEL ARAUJO LIMA 909,CARTAO CEARA SEM FOME,UNIAO COMERCIAL,Centro,Mercado / Mini Mercado,CENTRO
RUSSAS,40435237000110,(88) 9960-01566,Russas,CE,62.900-000 1760,CARTAO CEARA SEM FOME,MERCADINHO PADRE CICERO,Centro,Mercado / Mini Mercado,CENTRO
RUSSAS,42846062000320,,Russas,CE,SIT BOM SUCESSO SN,CARTAO CEARA SEM FOME,FRIGORIFICO CORDEIRO,Centro,Açougue,CENTRO
RUSSAS,59324232000148,,Russas,CE,AV IRMA MARIA DA GRACA 1024,CARTAO CEARA SEM FOME,MERCADINHO WOW PITSTOP,Centro,Mercado / Mini Mercado,CENTRO
RUSSAS,63377972000110,(88) 9964-50406,Russas,CE,R CONEGO AGOSTINHO 2231,CARTAO CEARA SEM FOME,COMERCIAL PINHEIRO,Centro,Mercado / Mini Mercado,CENTRO
RUSSAS,72427180000101,(88) 9822-27630,Russas,CE,SIT JARDIM DE SAO JOSE SN,CARTAO CEARA SEM FOME,SUPERMERCADO LIGIA,Centro,Supermercado,CENTRO
SABOEIRO,736119000127,,Saboeiro,CE,R ANTONIO DUQUESA 205,CARTAO CEARA SEM FOME,MERCANTIL RIO VERDE,Centro,Mercado / Mini Mercado,CENTRO
SABOEIRO,9226383000195,,Saboeiro,CE,R ANTONIO DUQUEZA 255,CARTAO CEARA SEM FOME,MERCANTIL FLAMENGO,Centro,Mercado / Mini Mercado,CENTRO
SABOEIRO,13533170000183,,Saboeiro,CE,AMELIA LIMA BRAGA 191,CARTAO CEARA SEM FOME,MERCANTIL OLINDA,Centro,Mercado / Mini Mercado,CENTRO
SABOEIRO,14296801000150,(88) 9810-72629,Saboeiro,CE,R FERNANDES BASTOS 769,CARTAO CEARA SEM FOME,BRUNO MERCEARIA,Centro,Supermercado,CENTRO
SABOEIRO,20646924000177,,Saboeiro,CE,R EDITE OLINDA 110,CARTAO CEARA SEM FOME,IDERLANYO ATACADO,Centro,Mercado / Mini Mercado,CENTRO
SABOEIRO,22681767000166,(88) 9973-44709,Saboeiro,CE,R TENENTE ANTONIO PAULINO 24,CARTAO CEARA SEM FOME,MERCEARIA VIEIRA,Centro,Supermercado,CENTRO
SABOEIRO,24203118000185,(88) 8145-9505,Saboeiro,CE,VL NOCRATO RUA 101 62,CARTAO CEARA SEM FOME,DOIS IRMAOS,Centro,Supermercado,CENTRO
SABOEIRO,26483175000190,(88) 9811-00508,Saboeiro,CE,R FRANCISCO CHAGAS CAVALCANTE 39,CARTAO CEARA SEM FOME,MERCADO DA LEILIANA,Centro,Supermercado,CENTRO
SABOEIRO,26980261000109,,Saboeiro,CE,EDITE OLINDA CAVALCANTE 400,CARTAO CEARA SEM FOME,MERCADINHO DA VANGINHA,Centro,Mercado / Mini Mercado,CENTRO
SABOEIRO,29584812000103,,Saboeiro,CE,VL CEDRO 392,CARTAO CEARA SEM FOME,MERCEARIA SÃO PEDRO,Centro,Mercado / Mini Mercado,CENTRO
SABOEIRO,31072668000178,(88) 9818-18136,Saboeiro,CE,R MARIA TEREZINHA SANTOS 1,CARTAO CEARA SEM FOME,MERCADINHO RDF,Centro,Supermercado,CENTRO
SABOEIRO,35370350000124,(88) 9810-76292,Saboeiro,CE,R FERNANDES BASTOS 378,CARTAO CEARA SEM FOME,ATACAREJO SOUSA,Centro,Supermercado,CENTRO
SABOEIRO,38293026000148,(88) 9811-22003,Saboeiro,CE,R FERNANDES BASTOS 546,CARTAO CEARA SEM FOME,MERCADINHO E FRIGORIFO BRAGA,Centro,Supermercado,CENTRO
SABOEIRO,39610372000175,(88) 9813-57629,Saboeiro,CE,R FERNANDES BASTOS 225,CARTAO CEARA SEM FOME,MERCADINHO OLINDA PH,Centro,Supermercado,CENTRO
SABOEIRO,40880524000139,(88) 9810-67095,Saboeiro,CE,R CEL. SINFRONIO BRAGA 455,CARTAO CEARA SEM FOME,APARECIDA F COSTA,Centro,Supermercado,CENTRO
SABOEIRO,46992924000112,(88) 9810-22632,Saboeiro,CE,R CEL SINFRONIO BRAGA 310,CARTAO CEARA SEM FOME,ATACAREJO VITORIA,Centro,Supermercado,CENTRO
SABOEIRO,47872818000168,,Saboeiro,CE,TV CENTRO DE ABASTECIMENTO 05,CARTAO CEARA SEM FOME,MERCANTIL DERLI,Centro,Supermercado,CENTRO
SABOEIRO,69725646000132,,Saboeiro,CE,R ANTONIO DUQUESA 198,CARTAO CEARA SEM FOME,MERCANTIL ALCANTARA,Centro,Mercado / Mini Mercado,CENTRO
SALITRE,387545000100,,Salitre,CE,fortaleza 364,CARTAO CEARA SEM FOME,MERCADINHO BOM PRECO,Centro,Mercado / Mini Mercado,CENTRO
SALITRE,1486150000110,,Salitre,CE,JOSE DIONISIO FILHO 78,CARTAO CEARA SEM FOME,MERCADINHO NOVO HORIZONTE,Centro,Mercado / Mini Mercado,CENTRO
SALITRE,6257139000100,,Salitre,CE,SANTO ANTONIO 309,CARTAO CEARA SEM FOME,ROSANGELA IRENE DE SOUSA,Centro,Mercado / Mini Mercado,CENTRO
SALITRE,10174455000187,(88) 3537-1106,Salitre,CE,AV JOAO LIBANIO LEITE 487,CARTAO CEARA SEM FOME,COMERCIAL APARECIDA,Centro,Mercado / Mini Mercado,CENTRO
SALITRE,17752891000135,,Salitre,CE,R ANTONIO LEITE DE ALENCAR 340,CARTAO CEARA SEM FOME,MERCADINHO MINIPREÇO,Centro,Mercado / Mini Mercado,CENTRO
SALITRE,22995556000106,,Salitre,CE,JOSE DIONISIO FILHO 930,CARTAO CEARA SEM FOME,MERCADINHO DOIS IRMAOS,Centro,Mercado / Mini Mercado,CENTRO
SALITRE,44427859000157,,Salitre,CE,AV JOSE DIONISIO FILHO 26,CARTAO CEARA SEM FOME,COMERCIAL COSTA,Centro,Mercado / Mini Mercado,CENTRO
SALITRE,56042345000162,,Salitre,CE,R SAO PEDRO 157,CARTAO CEARA SEM FOME,MERCADINHO MANIM,Centro,Mercado / Mini Mercado,CENTRO
SANTA QUITÉRIA,745671000181,,Santa Quitéria,CE,AV TIMBO MUNIZ 2810,CARTAO CEARA SEM FOME,SUPERMERCADO DIONISIO,Centro,Mercado / Mini Mercado,CENTRO
SANTA QUITÉRIA,745671000262,,Santa Quitéria,CE,AV MELQUIDES MOURAO 870,CARTAO CEARA SEM FOME,SUPERMERCADO DIONISIO,Centro,Supermercado,CENTRO
SANTA QUITÉRIA,4614504000152,,Santa Quitéria,CE,Joao Pinto de Mesquita 395,CARTAO CEARA SEM FOME,MERCANTIL SAO MATEUS LTDA,Centro,Mercado / Mini Mercado,CENTRO
SANTA QUITÉRIA,17574976000170,,Santa Quitéria,CE,JOAO PINTO DE MESQUITA 477,CARTAO CEARA SEM FOME,COMERCIAL PIRES,Centro,Mercado / Mini Mercado,CENTRO
SANTA QUITÉRIA,17690730000164,,Santa Quitéria,CE,antonio saboia 197,CARTAO CEARA SEM FOME,ANTONIA IARA XIMENES PAIVA,Centro,Alimentação,CENTRO
SANTA QUITÉRIA,18947551000122,,Santa Quitéria,CE,EDCLEY CUNHA ALVES FRIGORIFICO 438,CARTAO CEARA SEM FOME,EDCLEY CUNHA ALVES FRIGORIFICO,Centro,Açougue,CENTRO
SANTA QUITÉRIA,21188287000103,,Santa Quitéria,CE,NAPOLEAO CAMELO 1075,CARTAO CEARA SEM FOME,COMERCIAL ZE MARIA,Centro,Mercado / Mini Mercado,CENTRO
SANTA QUITÉRIA,23558968000133,,Santa Quitéria,CE,R JOAO PINTO DE MESQUITA 484,CARTAO CEARA SEM FOME,MERCANTIL MARTMAG,Centro,Supermercado,CENTRO
SANTA QUITÉRIA,26336194000194,,Santa Quitéria,CE,R CORONEL ANTONIO ERNESTO 592,CARTAO CEARA SEM FOME,HIPER POVÃO,Centro,Supermercado,CENTRO
SANTA QUITÉRIA,30630496000148,,Santa Quitéria,CE,R DELFINO PINTO 175,CARTAO CEARA SEM FOME,SUPERMERCADO TRAPIA,Centro,Supermercado,CENTRO
SANTA QUITÉRIA,41638623000171,,Santa Quitéria,CE,R CEL. MANOEL ALVES 447,CARTAO CEARA SEM FOME,FRIGOTIL,Centro,Açougue,CENTRO
SANTA QUITÉRIA,41641887000184,(88) 9973-70048,Santa Quitéria,CE,R JOAO PINTO DE MESQUITA 493,CARTAO CEARA SEM FOME,MERCEARIA O AFONSO,Centro,Mercado / Mini Mercado,CENTRO
SANTA QUITÉRIA,63361380000100,(88) 9995-00130,Santa Quitéria,CE,R JOAO PINTO DE MESQUITA 375,CARTAO CEARA SEM FOME,SUPERMERCADO PARENTE,Centro,Mercado / Mini Mercado,CENTRO
SANTANA DO ACARAÚ,487946000124,,Santana do Acaraú,CE,joao arcanjo de maria 390,CARTAO CEARA SEM FOME,JOSE ELIEZER DA SILVA MERCEARIA,Centro,Mercado / Mini Mercado,CENTRO
SANTANA DO ACARAÚ,1941652000193,,Santana do Acaraú,CE,JOSE LEONCIO DA PONTE 112,CARTAO CEARA SEM FOME,MERCADINHO POPULAR,Centro,Mercado / Mini Mercado,CENTRO
SANTANA DO ACARAÚ,2731607000177,(88) 3644-1432,Santana do Acaraú,CE,R VIGARIO THEOTIME 7,CARTAO CEARA SEM FOME,MERCANTIL PAGUE MENOS,Centro,Mercado / Mini Mercado,CENTRO
SANTANA DO ACARAÚ,9517695000158,(88) 9963-3320,Santana do Acaraú,CE,R DR. MANOEL JOAQUIM 577,CARTAO CEARA SEM FOME,MERCANTIL SAO JOSE,Centro,Mercado / Mini Mercado,CENTRO
SANTANA DO ACARAÚ,17873247000468,,Santana do Acaraú,CE,JOSE LEONCIO DA PONTE S/N,CARTAO CEARA SEM FOME,G. D. COMERCIO DE ALIMENTOS E PERFUMARIA DE HIGIENE PESSOAL LTDA,Centro,Mercado / Mini Mercado,CENTRO
SANTANA DO ACARAÚ,21258177000162,(88) 3112-1500,Santana do Acaraú,CE,R DR MANOEL JOAQUIM 168,CARTAO CEARA SEM FOME,MERCEARIA SANTANENSE,Centro,Mercado / Mini Mercado,CENTRO
SANTANA DO ACARAÚ,31260407000181,(88) 9922-3356,Santana do Acaraú,CE,R MARIA SOCORRO MACHADO 60,CARTAO CEARA SEM FOME,MERCADINHO LIBERDADE,Centro,Mercado / Mini Mercado,CENTRO
SANTANA DO ACARAÚ,35379662000107,(88) 9981-07051,Santana do Acaraú,CE,R DR MANOEL JOAQUIM 357,CARTAO CEARA SEM FOME,MERCANTIL HIPERMAX,Centro,Supermercado,CENTRO
SANTANA DO ACARAÚ,55835632000167,,Santana do Acaraú,CE,R DR MANOEL JOAQUIM 357,CARTAO CEARA SEM FOME,CARNEIRO COMERCIO,Centro,Mercado / Mini Mercado,CENTRO
SANTANA DO ACARAÚ,59379761000149,,Santana do Acaraú,CE,R DR MANOEL JOAQUIM 367,CARTAO CEARA SEM FOME,HIPERMAX,Centro,Mercado / Mini Mercado,CENTRO
SANTANA DO ACARAÚ,63492383000182,,Santana do Acaraú,CE,JOSE LEONCIO DA PONTE 78,CARTAO CEARA SEM FOME,MERCADINHO ADEMIR,Centro,Mercado / Mini Mercado,CENTRO
SANTANA DO CARIRI,2063215000187,(88) 9966-99977,Santana do Cariri,CE,RUA CENTRAL 110,CARTAO CEARA SEM FOME,MARIA DE FATIMA ALVES VIDAL,Centro,Supermercado,CENTRO
SANTANA DO CARIRI,2479135000107,,Santana do Cariri,CE,R CENTRAL 76,CARTAO CEARA SEM FOME,MERCANTIL GUILHERME,Centro,Mercado / Mini Mercado,CENTRO
SANTANA DO CARIRI,4663003000166,(88) 9998-15783,Santana do Cariri,CE,R 11 DE JANEIRO 154,CARTAO CEARA SEM FOME,Mercantil Ericelia,Centro,Supermercado,CENTRO
SANTANA DO CARIRI,4673999000190,(88) 9920-65444,Santana do Cariri,CE,R DR PLACIDO CIDADE NUVENS 309,CARTAO CEARA SEM FOME,MERCANTIL BATISTA,Centro,Mercado / Mini Mercado,CENTRO
SANTANA DO CARIRI,4728171000192,(88) 9967-83272,Santana do Cariri,CE,R DR JOSE AUGUSTO 268,CARTAO CEARA SEM FOME,FRIGORIFICO SAO FRANCISCO,Centro,Açougue,CENTRO
SANTANA DO CARIRI,5257063000141,,Santana do Cariri,CE,R DR JOSE AUGUSTO 222,CARTAO CEARA SEM FOME,MERCADINHO GUIMARAES,Centro,Mercado / Mini Mercado,CENTRO
SANTANA DO CARIRI,7210253000139,(88) 9995-29715,Santana do Cariri,CE,SIT CEDRO 60,CARTAO CEARA SEM FOME,MERCEARIA SANTO EXPEDITO,Centro,Mercado / Mini Mercado,CENTRO
SANTANA DO CARIRI,7531761000119,,Santana do Cariri,CE,R DR JOSE AUGUSTO 220,CARTAO CEARA SEM FOME,MERCEARIA ERIVANO,Centro,Mercado / Mini Mercado,CENTRO
SANTANA DO CARIRI,9001208000108,(88) 9967-83272,Santana do Cariri,CE,R DR JOSE AUGUSTO 247,CARTAO CEARA SEM FOME,MERCADINHO SAO FRANCISCO,Centro,Mercado / Mini Mercado,CENTRO
SANTANA DO CARIRI,30903044000192,,Santana do Cariri,CE,10 R DR. PLACIDO CIDADE NUVENS 335,CARTAO CEARA SEM FOME,FRUTARIA BENIGNA,Centro,Mercado / Mini Mercado,CENTRO
SANTANA DO CARIRI,31914519000109,,Santana do Cariri,CE,R DEPUTADO FURTADO LEITE 308,CARTAO CEARA SEM FOME,DOVALE EMPREENDIMENTOS,Centro,Supermercado,CENTRO
SANTANA DO CARIRI,34485317000187,,Santana do Cariri,CE,SIT LATAO 143,CARTAO CEARA SEM FOME,PRECO BAKANNA,Centro,Mercado / Mini Mercado,CENTRO
SANTANA DO CARIRI,42741724000136,(88) 9966-95252,Santana do Cariri,CE,R CICERO ALVES DE SOUZA 8,CARTAO CEARA SEM FOME,MERCADINHO COMPRE BEM,Centro,Supermercado,CENTRO
SANTANA DO CARIRI,43716878000211,,Santana do Cariri,CE,R DR. PLACIDO CIDADE NUVENS 260,CARTAO CEARA SEM FOME,FRIGORIFICO RODRIGUES,Centro,Açougue,CENTRO
SENADOR POMPEU,4856238000174,(85) 9643-4232,Senador Pompeu,CE,R PEDRO JARDIM 28,CARTAO CEARA SEM FOME,COSTA E COMERCIO,Centro,Mercado / Mini Mercado,CENTRO
SENADOR POMPEU,5167578000150,(88) 9852-1222,Senador Pompeu,CE,R FRANCO MAGALHAES 526,CARTAO CEARA SEM FOME,COMERCIAL MIX,Centro,Mercado / Mini Mercado,CENTRO
SENADOR POMPEU,8107174000160,(88) 9821-58731,Senador Pompeu,CE,PC ALCIDES BARREIRA 48,CARTAO CEARA SEM FOME,SUPERMERCADO CENTRAL,Centro,Supermercado,CENTRO
SENADOR POMPEU,8968701000120,,Senador Pompeu,CE,AV CARLOS JEREISSATI 190,CARTAO CEARA SEM FOME,MAERCADINHO N.S. APARECIDA,Centro,Mercado / Mini Mercado,CENTRO
SENADOR POMPEU,41415991000150,,Senador Pompeu,CE,DT SAO JOAQUIM DO SALGADO 20,CARTAO CEARA SEM FOME,MINI MERCADO BRAGA SÃO JOAQUIM,Centro,Mercado / Mini Mercado,CENTRO
SENADOR POMPEU,72398332000187,(88) 9971-81500,Senador Pompeu,CE,"RUA SANTOS DUMONT , Nº 197 197",CARTAO CEARA SEM FOME,SUPER CASA DO FRANGO,CENTRO,Supermercado,CENTRO
SENADOR SÁ,5340181000119,,Senador Sá,CE,R 23 DE AGOSTO 38,CARTAO CEARA SEM FOME,MERCADINHO O KLEBER,Centro,Mercado / Mini Mercado,CENTRO
SENADOR SÁ,7362653000160,(88) 9929-28265,Senador Sá,CE,R PDE TARCISIO MELO 072,CARTAO CEARA SEM FOME,COMERCIAL G M,Centro,Mercado / Mini Mercado,CENTRO
SENADOR SÁ,19481023000193,(88) 9937-13816,Senador Sá,CE,R ALFREDO CAMPOS 50,CARTAO CEARA SEM FOME,Mercadinho Santo Antônio,Centro,Supermercado,CENTRO
SENADOR SÁ,27741655000177,,Senador Sá,CE,PADRE TARCISIO MELO 101,CARTAO CEARA SEM FOME,HYOHANNA SILVA FREITAS,Centro,Mercado / Mini Mercado,CENTRO
SENADOR SÁ,29327116000111,,Senador Sá,CE,ALFREDO CAMPOS 31,CARTAO CEARA SEM FOME,LOPES E FONTENELE COMERCIO DE FRIOS,Centro,Mercado / Mini Mercado,CENTRO
SENADOR SÁ,37841167000195,,Senador Sá,CE,1A R GL MERCADO PUBLICO 08,CARTAO CEARA SEM FOME,MERCADINHO BABY STORE,Centro,Mercado / Mini Mercado,CENTRO
SENADOR SÁ,48625774000134,,Senador Sá,CE,AV FRANCISCO XAVIER DE MESQUITA 431,CARTAO CEARA SEM FOME,COMERCIAL LAZIM,Centro,Mercado / Mini Mercado,CENTRO
SENADOR SÁ,54133146000134,,Senador Sá,CE,ALFREDO CAMPOS 1012,CARTAO CEARA SEM FOME,CENTRAL VERDE,Centro,Mercado / Mini Mercado,CENTRO
SOBRAL,626530000140,,Sobral,CE,Coronel Diogo Gomes 1157,CARTAO CEARA SEM FOME,BOIFEST,Centro,Açougue,CENTRO
SOBRAL,2067504000154,,Sobral,CE,Coronel Adeodato 712,CARTAO CEARA SEM FOME,F. C. MACEDO,Centro,Mercado / Mini Mercado,CENTRO
SOBRAL,2360908000131,,Sobral,CE,Coronel Diogo Gomes 723,CARTAO CEARA SEM FOME,PADARIA E CONFEITARIA PRINCESA DO NORTE N.02,Centro,Padaria,CENTRO
SOBRAL,2753521000145,,Sobral,CE,raimundo alves 412,CARTAO CEARA SEM FOME,MERCEARIA F. H.,Cidade Doutor José Euclides Ferreira Gomes Junior,Mercado / Mini Mercado,CIDADE DOUTOR JOSÉ EUCLIDES FERREIRA GOMES JUNIOR
SOBRAL,2936683000119,,Sobral,CE,PARCIFAL BARROSO 527,CARTAO CEARA SEM FOME,F. B. MAGALHAES LTDA,Centro,Mercado / Mini Mercado,CENTRO
SOBRAL,3312549000100,,Sobral,CE,R TABELIAO ILDEFONSO CAVALCANTE 164,CARTAO CEARA SEM FOME,BOIFEST,Centro,Açougue,CENTRO
SOBRAL,3720882003092,(85) 3131-2820,Sobral,CE,Monsenhor José Aloísio Pinto 300,CARTAO CEARA SEM FOME,MERCADINHOS SAO LUIZ,Dom Expedito,Alimentação,DOM EXPEDITO
SOBRAL,3995515018538,(99) 3511-2565,Sobral,CE,Santos Medeiros 200,CARTAO CEARA SEM FOME,MIX MATEUS,Derby Clube,Supermercado,DERBY CLUBE
SOBRAL,4163766001110,85 4008-2441,SOBRAL,CE,"AVENIDA HOHN SANFORD, 1800  ",CARTAO CEARA SEM FOME,BOM VIZINHO MERCADO,Junco,Alimentação,JUNCO
SOBRAL,4163766001462,(85) 4008-2410,Sobral,CE,João Barbosa ,CARTAO CEARA SEM FOME,MERCADO BOM VIZINHO,Centro,Supermercado,CENTRO
SOBRAL,4601165000412,(85) 3477-2317,Sobral,CE,Alberto Magno Rocha 395,CARTAO CEARA SEM FOME,SUPER LAGOA,Junco,Supermercado,JUNCO
SOBRAL,4601165001737,(85) 3477-2317,Sobral,CE,do Euripedes Ferreira Gomes 800,CARTAO CEARA SEM FOME,SUPER LAGOA,Derby Clube,Supermercado,DERBY CLUBE
SOBRAL,4609985000108,(88) 9883-02528,Sobral,CE,R DR. ARAGAO 332,CARTAO CEARA SEM FOME,KITANDA O EVANGELISTA,Centro,Mercado / Mini Mercado,CENTRO
SOBRAL,4611408000150,(88) 9883-02528,Sobral,CE,R DO COMERCIO s/n,CARTAO CEARA SEM FOME,SUPERMERCADO 2 IRMAOS,Centro,Supermercado,CENTRO
SOBRAL,5166729000156,,Sobral,CE,BR-222 2350,CARTAO CEARA SEM FOME,DISTRIBUIDORA DE ALIMENTOS PRINCESA DO NORTE LTDA,Distrito Industrial,Alimentação,DISTRITO INDUSTRIAL
SOBRAL,6057223021845,(11) 3411-5200,Sobral,CE,BR-222 ,CARTAO CEARA SEM FOME,ASSAÍ ATACADISTA,Cidade Gerardo Cristino de Menezes,Supermercado,CIDADE GERARDO CRISTINO DE MENEZES
SOBRAL,6227616000186,(88) 3611-0913,Sobral,CE,Tabelião Ildefonso Cavalcante 320,CARTAO CEARA SEM FOME,J. R. BRAGA PADARIA,Centro,Padaria,CENTRO
SOBRAL,6228083000157,,Sobral,CE,Vereador Raimundo Nilo Donizete Coelho 77,CARTAO CEARA SEM FOME,BOIFEST,Junco,Açougue,JUNCO
SOBRAL,6228083000238,,Sobral,CE,John Sanford 760,CARTAO CEARA SEM FOME,BOIFEST,Junco,Açougue,JUNCO
SOBRAL,7241050000100,(88) 3615-6217,Sobral,CE,R DO LOGRADOURO SN,CARTAO CEARA SEM FOME,MERCADINHO NOSSA SENHORA APARECIDA,Centro,Mercado / Mini Mercado,CENTRO
SOBRAL,7361780000144,(88) 3615-6067,Sobral,CE,R VICENTE LEOCADIO 999,CARTAO CEARA SEM FOME,MERCANTIL CASA SÃO FRANCISCO,Centro,Supermercado,CENTRO
SOBRAL,8493267000170,(88) 3677-2800,Sobral,CE,Viriato de Medeiros 839,CARTAO CEARA SEM FOME,ECONOMAX,Centro,Mercado / Mini Mercado,CENTRO
SOBRAL,8538810000108,,Sobral,CE,Raimundo Alves 698,CARTAO CEARA SEM FOME,PADARIA E MERCANTIL MENOR PRECO,Cidade Doutor José Euclides Ferreira Gomes Junior,Mercado / Mini Mercado,CIDADE DOUTOR JOSÉ EUCLIDES FERREIRA GOMES JUNIOR
SOBRAL,8621671000181,(88) 3611-0011,SOBRAL,CE,TRAVESSA TABELIAO ILDEFONSO CAVALCANTE 548,CARTAO CEARA SEM FOME,HIPERMERCADO RAINHA,CENTRO,Alimentação,CENTRO
SOBRAL,8945755000170,(88) 9932-72160,Sobral,CE,Tabelião Pedro Mendes Carneiro 419,CARTAO CEARA SEM FOME,MINE BOX EXPECTATIVA,Alto da Expectativa,Mercado / Mini Mercado,ALTO DA EXPECTATIVA
SOBRAL,9220473000179,,Sobral,CE,José de Alencar 726,CARTAO CEARA SEM FOME,E10 ALIMENTOS,Domingos Olímpio,Mercado / Mini Mercado,DOMINGOS OLÍMPIO
SOBRAL,10363963000103,(88) 3611-6965,Sobral,CE,Doutor Clodoveu de Arruda 244,CARTAO CEARA SEM FOME,MERCADINHO DA IRMA,Alto do Cristo,Mercado / Mini Mercado,ALTO DO CRISTO
SOBRAL,10582001000145,(88) 3695-5268,Sobral,CE,Monsenhor Domingos 210,CARTAO CEARA SEM FOME,MERCADINHO O ARCANJO,Padre Palhano,Mercado / Mini Mercado,PADRE PALHANO
SOBRAL,11291494000127,(88) 9453-1717,Sobral,CE,Miguel Teles da Frota 125,CARTAO CEARA SEM FOME,PAO MIX,Campo dos Velhos,Padaria,CAMPO DOS VELHOS
SOBRAL,11331032000277,,Sobral,CE,Doutor José Arimatéia Monte e Silva 90,CARTAO CEARA SEM FOME,Z. A. PESCADOS,Campo dos Velhos,Restaurante,CAMPO DOS VELHOS
SOBRAL,15099833000390,(85) 4012-2948,Sobral,CE,Viriato de Medeiros 1205,CARTAO CEARA SEM FOME,LAREDO FOOD SERVICE,Centro,Supermercado,CENTRO
SOBRAL,15819868000195,(88) 3695-5426,Sobral,CE,NOSSA SENHORA DO CARMO 21,CARTAO CEARA SEM FOME,JOSE WERLANGER ALBUQUERQUE BRAGA,Centro,Mercado / Mini Mercado,CENTRO
SOBRAL,16559804000165,,Sobral,CE,DOS IPES 4,CARTAO CEARA SEM FOME,FRANCISCO JOSE VIANA FURTADO,Cidade Doutor José Euclides Ferreira Gomes Junior,Mercado / Mini Mercado,CIDADE DOUTOR JOSÉ EUCLIDES FERREIRA GOMES JUNIOR
SOBRAL,16986769000837,(85) 3477-2300,Sobral,CE,Doutor José Arimatéia Monte e Silva ,CARTAO CEARA SEM FOME,SUPER LAGOA,Campo dos Velhos,Alimentação,CAMPO DOS VELHOS
SOBRAL,16986769001485,(85) 3477-2316,Sobral,CE,Padre Francisco Sadoc de Araújo ,CARTAO CEARA SEM FOME,SUPER LAGOA,Alto da Brasília,Supermercado,ALTO DA BRASÍLIA
SOBRAL,17873247000115,,Sobral,CE,Coronel Sabino Guimarães 151,CARTAO CEARA SEM FOME,G. D. COMERCIO DE ALIMENTOS E PERFUMARIA DE HIGIENE PESSOAL LTDA,Alto do Cristo,Mercado / Mini Mercado,ALTO DO CRISTO
SOBRAL,17873247000204,,Sobral,CE,raimundo rodrigues 119,CARTAO CEARA SEM FOME,G. D. COMERCIO DE ALIMENTOS E PERFUMARIA DE HIGIENE PESSOAL LTDA,Cohab II,Mercado / Mini Mercado,COHAB II
SOBRAL,18330925000166,,Sobral,CE,John Sanford 3895,CARTAO CEARA SEM FOME,PANIFICADORA PLANALTO,Nossa Senhora de Fátima,Padaria,NOSSA SENHORA DE FÁTIMA
SOBRAL,18688345000145,(88) 3614-2943,Sobral,CE,Tabelião Ildefonso Cavalcante 803,CARTAO CEARA SEM FOME,PADARIA E CONFEITARIA UNIAO LTDA,Centro,Padaria,CENTRO
SOBRAL,19540490000147,(88) 3614-3839,Sobral,CE,6 158,CARTAO CEARA SEM FOME,MERCADINHO JJ,Cohab II,Mercado / Mini Mercado,COHAB II
SOBRAL,20301886000110,(88) 3614-7245,Sobral,CE,Coronel Diogo Gomes 1681,CARTAO CEARA SEM FOME,F. R. GOMES DA SILVA FILHO,Centro,Mercado / Mini Mercado,CENTRO
SOBRAL,22331134000128,,Sobral,CE,Oriano Mendes 682,CARTAO CEARA SEM FOME,PADARIA E CONFEITARIA PADRE CICERO,Centro,Padaria,CENTRO
SOBRAL,22478273000189,,Sobral,CE,Oriano Mendes 508,CARTAO CEARA SEM FOME,MERCANTIL O BRENO,Centro,Mercado / Mini Mercado,CENTRO
SOBRAL,22778796000140,,Sobral,CE,Luís Santo Aquino 386,CARTAO CEARA SEM FOME,FRANCISCO W A PONTE LTDA,Cidade Doutor José Euclides Ferreira Gomes Junior,Mercado / Mini Mercado,CIDADE DOUTOR JOSÉ EUCLIDES FERREIRA GOMES JUNIOR
SOBRAL,23491913000153,,Sobral,CE,Coronel José Silvestre 1035,CARTAO CEARA SEM FOME,RITA DE CASSIA PONTE CAVALCANTE,Centro,Mercado / Mini Mercado,CENTRO
SOBRAL,23538963000149,,Sobral,CE,Coronel Adeodato 250,CARTAO CEARA SEM FOME,R. B. FONSECA E CIA LTDA,Centro,Mercado / Mini Mercado,CENTRO
SOBRAL,23712755000114,,Sobral,CE,Viriato de Medeiros 1063,CARTAO CEARA SEM FOME,PANIFICADORA NOVA SAUDE,Centro,Padaria,CENTRO
SOBRAL,24975924000171,(88) 9336-1167,Sobral,CE,Manaus 106,CARTAO CEARA SEM FOME,MERCADINHO O BEBETO,Alto da Brasília,Mercado / Mini Mercado,ALTO DA BRASÍLIA
SOBRAL,26194338000115,,Sobral,CE,Doutor Guarani 1109,CARTAO CEARA SEM FOME,NATURAL SNACK,Centro,Alimentação,CENTRO
SOBRAL,26194338000204,,Sobral,CE,MONSENHOR JOSE ALOISIO PINTO 300,CARTAO CEARA SEM FOME,NATURAL SNACK SHOPPING,Dom Expedito,Restaurante,DOM EXPEDITO
SOBRAL,26761801000163,(88) 3611-0059,Sobral,CE,Monsenhor José Aloísio Pinto 300,CARTAO CEARA SEM FOME,MERCADO SOBRAL,Dom Expedito,Supermercado,DOM EXPEDITO
SOBRAL,26761801000244,(88) 3611-0059,Sobral,CE,Coronel José Silvestre 789,CARTAO CEARA SEM FOME,MERCADO SOBRAL II,Centro,Supermercado,CENTRO
SOBRAL,26761801000325,(88) 3611-0059,Sobral,CE,do Euripedes Ferreira Gomes 800,CARTAO CEARA SEM FOME,MERCADO SOBRAL,Derby Clube,Supermercado,DERBY CLUBE
SOBRAL,27830369000188,,Sobral,CE,BR 2222 S/N,CARTAO CEARA SEM FOME,COMERCIAL RIBEIRO,Centro,Mercado / Mini Mercado,CENTRO
SOBRAL,31230794000103,,Sobral,CE,Coronel Antônio Frota 448,CARTAO CEARA SEM FOME,JP CEREAIS,Centro,Mercado / Mini Mercado,CENTRO
SOBRAL,32710858000136,,Sobral,CE,Senador José Ermírio de Moraes 872,CARTAO CEARA SEM FOME,MASTER CONVENIENCIA,Padre Ibiapina,Alimentação,PADRE IBIAPINA
SOBRAL,34733061000180,(88) 8848-7617,Sobral,CE,Caetano Figueiredo 230,CARTAO CEARA SEM FOME,ARMAZEM DO PAO,Cohab I,Padaria,COHAB I
SOBRAL,35876698000198,,Sobral,CE,DOUTOR JOAO DIAS IBIAPINA 792,CARTAO CEARA SEM FOME,MERCADINHO SANTO ANTONIO,Centro,Mercado / Mini Mercado,CENTRO
SOBRAL,35991756000124,(88) 3611-0305,Sobral,CE,Dom José Tupinambá da Frota 926,CARTAO CEARA SEM FOME,MEAT CLUB,Centro,Restaurante,CENTRO
SOBRAL,36310145000136,(88) 3611-3767,Sobral,CE,Margarida Moura 1160,CARTAO CEARA SEM FOME,MARCIA BOLOS,Jerônimo de Medeiros Prado,Padaria,JERÔNIMO DE MEDEIROS PRADO
SOBRAL,36683294000140,(88) 9947-17001,Sobral,CE,Tabelião Ildefonso Cavalcante 558,CARTAO CEARA SEM FOME,SOBRAL SUPERMERCADOS,Centro,Supermercado,CENTRO
SOBRAL,38024883000142,(88) 9447-0205,Sobral,CE,Luís Santo Aquino 444,CARTAO CEARA SEM FOME,MERCADINHO EBENEZER,Cidade Doutor José Euclides Ferreira Gomes Junior,Mercado / Mini Mercado,CIDADE DOUTOR JOSÉ EUCLIDES FERREIRA GOMES JUNIOR
SOBRAL,38413596000124,,Sobral,CE,BVD JOAO BARBOSA 582,CARTAO CEARA SEM FOME,NATURALLY,Centro,Padaria,CENTRO
SOBRAL,39448764000180,(88) 9208-3894,Sobral,CE,Principal 1298,CARTAO CEARA SEM FOME,MERCADINHO SANTO AMARO,Novo Recanto,Mercado / Mini Mercado,NOVO RECANTO
SOBRAL,40435538000143,(88) 3613-1382,Sobral,CE,Doutor Guarani 1047,CARTAO CEARA SEM FOME,PAO MIX,Centro,Padaria,CENTRO
SOBRAL,40808682000188,,Sobral,CE,Dona Carolina 740,CARTAO CEARA SEM FOME,SUPER MERCADINHO ALEX,Alto da Expectativa,Mercado / Mini Mercado,ALTO DA EXPECTATIVA
SOBRAL,41363807000176,(88) 9453-1717,Sobral,CE,Doutor José Arimatéia Monte e Silva 738,CARTAO CEARA SEM FOME,PAO MIX,Campo dos Velhos,Padaria,CAMPO DOS VELHOS
SOBRAL,41460982000181,,Sobral,CE,Catequista Ana Alexandre 294,CARTAO CEARA SEM FOME,MERCADINHO COMPRE BEM,Padre Palhano,Mercado / Mini Mercado,PADRE PALHANO
SOBRAL,41644238000137,(88) 3611-2225,Sobral,CE,Coronel José Silvestre 56,CARTAO CEARA SEM FOME,MERCADINHO TOMAZ,Centro,Mercado / Mini Mercado,CENTRO
SOBRAL,41651670000155,(88) 3611-0000,Sobral,CE,Coronel José Silvestre 185,CARTAO CEARA SEM FOME,SUPERMERCADO BAHIA,Centro,Mercado / Mini Mercado,CENTRO
SOBRAL,42382966000180,,Sobral,CE,Coronel Antônio Frota 422,CARTAO CEARA SEM FOME,MERCANTIL FAMILIA,Centro,Mercado / Mini Mercado,CENTRO
SOBRAL,46186542000100,,Sobral,CE,Coronel Diogo Gomes 857,CARTAO CEARA SEM FOME,ATACAREJO DAS CARNES,Centro,Mercado / Mini Mercado,CENTRO
SOBRAL,46557358000110,,Sobral,CE,Eliza Castro e Silva 184,CARTAO CEARA SEM FOME,MERCADINHO PAI E FILHO,Cidade Doutor José Euclides Ferreira Gomes Junior,Mercado / Mini Mercado,CIDADE DOUTOR JOSÉ EUCLIDES FERREIRA GOMES JUNIOR
SOBRAL,48789347000191,,Sobral,CE,Raimundo Alves 703,CARTAO CEARA SEM FOME,MERCADINHO COLISEU,Cidade Doutor José Euclides Ferreira Gomes Junior,Alimentação,CIDADE DOUTOR JOSÉ EUCLIDES FERREIRA GOMES JUNIOR
SOBRAL,72136211000167,(88) 3613-1987,Sobral,CE,Frei Álvaro 651,CARTAO CEARA SEM FOME,FRANCISCO EVILASIO FERREIRA MELO,Alto do Cristo,Mercado / Mini Mercado,ALTO DO CRISTO
SOBRAL,72314651000167,(88) 3611-4585,Sobral,CE,John Sanford 1455,CARTAO CEARA SEM FOME,FRIGORIFICO BOM PREÇO,Junco,Açougue,JUNCO
SOLONÓPOLE,4355378000169,,Solonópole,CE,TV RAIMUNDO A. RODRIGUES PINHEIRO S/N,CARTAO CEARA SEM FOME,MERCADINHO CAMILO,Centro,Mercado / Mini Mercado,CENTRO
SOLONÓPOLE,8025880000162,(88) 3518-1430,Solonópole,CE,VER FRANCISCO ODORINO PINHEIRO 102,CARTAO CEARA SEM FOME,MERCADINHO ANTONIO OSORIO,Centro,Mercado / Mini Mercado,CENTRO
SOLONÓPOLE,8659532000309,(88) 9813-34616,Solonópole,CE,R FRANCISCO CHAGAS RABELO 168,CARTAO CEARA SEM FOME,DANTAS ATACAREJO,Centro,Comercio Atacadista,CENTRO
SOLONÓPOLE,9383351000101,,Solonópole,CE,ANTONIO VALTERNO NOGUEIRA S/N,CARTAO CEARA SEM FOME,MERCADINHO EDSON,Centro,Mercado / Mini Mercado,CENTRO
SOLONÓPOLE,12285037000192,(88) 3518-1567,Solonópole,CE,LRG FRANCISCO ODORINO PINHEIRO 25,CARTAO CEARA SEM FOME,MERCADINHO CACHOEIRA,Centro,Mercado / Mini Mercado,CENTRO
SOLONÓPOLE,12708414000159,(88) 9966-13424,Solonópole,CE,R DEP ALFREDO BARREIRA FILHO SN,CARTAO CEARA SEM FOME,MERCADINHO O MARQUES,Centro,Mercado / Mini Mercado,CENTRO
SOLONÓPOLE,15008885000142,,Solonópole,CE,irineu alves S/N,CARTAO CEARA SEM FOME,MERCADINHO HONORATO,Centro,Alimentação,CENTRO
SOLONÓPOLE,21428744000181,,Solonópole,CE,SRA SANTANA 66,CARTAO CEARA SEM FOME,GB NOVIDADES,Centro,Mercado / Mini Mercado,CENTRO
SOLONÓPOLE,23710627000131,(88) 3518-1383,Solonópole,CE,"RUA DR QUEIROZ LIMA, Nº 40 ",CARTAO CEARA SEM FOME,MERC AHG,CENTRO,Supermercado,CENTRO
SOLONÓPOLE,35473885000120,,Solonópole,CE,R VEREADOR ANTONIO ELISEU PINHEIRO 199,CARTAO CEARA SEM FOME,MERCADINHO E HORTIFRUTI PAGUE MENOS,Centro,Mercado / Mini Mercado,CENTRO
SOLONÓPOLE,44851504000190,,Solonópole,CE,SIT VALPARAISO 17,CARTAO CEARA SEM FOME,MERCADINHO VALPARAISO,Centro,Mercado / Mini Mercado,CENTRO
SÃO BENEDITO,1357106000100,(08) 8992-24751,São Benedito,CE,R ITALIANO JULIO FILIZOLA 450,CARTAO CEARA SEM FOME,FALES & CIA LTDA,Centro,Supermercado,CENTRO
SÃO BENEDITO,5561807000117,(88) 9946-01784,São Benedito,CE,SIT LAGOA II 0,CARTAO CEARA SEM FOME,MERCADINHO SAO VICENTE,Centro,Supermercado,CENTRO
SÃO BENEDITO,7386670000137,(88) 9979-54579,São Benedito,CE,R JOSE ARMANDO RODRIGUES 382,CARTAO CEARA SEM FOME,XIMENES ATACAREJO,Centro,Supermercado,CENTRO
SÃO BENEDITO,7386670000218,,São Benedito,CE,R MAESTRO DOMINGOS PAIVA FILHO 302,CARTAO CEARA SEM FOME,XIMENES ATACAREJO,Centro,Supermercado,CENTRO
SÃO BENEDITO,7439697000302,,São Benedito,CE,PAULO MARQUES 340,CARTAO CEARA SEM FOME,VAREJAO CHOCOBALAS,Centro,Mercado / Mini Mercado,CENTRO
SÃO BENEDITO,8492029000140,(88) 9813-06882,São Benedito,CE,AL BRANDAO 20,CARTAO CEARA SEM FOME,Mercadinho o Fabim,Centro,Supermercado,CENTRO
SÃO BENEDITO,8788262000174,,São Benedito,CE,FRANCISCO CANDIDO DA FONSECA 272,CARTAO CEARA SEM FOME,PRINCESA DA SERRA,Centro,Mercado / Mini Mercado,CENTRO
SÃO BENEDITO,8871751000195,(88) 9946-69899,São Benedito,CE,AV FRANCISCO RUBENS BRANDAO 584,CARTAO CEARA SEM FOME,MERCEARIA SAO LUCAS,Centro,Supermercado,CENTRO
SÃO BENEDITO,13166771000103,(88) 9993-67573,São Benedito,CE,R JOAO BATISTA BALUSTIANO DE AGUIAR 232,CARTAO CEARA SEM FOME,MERCADINHO MENINO DEUS,Centro,Supermercado,CENTRO
SÃO BENEDITO,13851007000169,(88) 9922-80041,São Benedito,CE,AV SALMITO FERREIRA DE ALMEIDA 738,CARTAO CEARA SEM FOME,MERCANTIL NOSSA SENHORA DE FATIMA 2,Centro,Supermercado,CENTRO
SÃO BENEDITO,17846456000170,(88) 9997-06641,São Benedito,CE,PC CANDIDO CORREIA 60,CARTAO CEARA SEM FOME,MERCADINHO BOA SORTE,Centro,Supermercado,CENTRO
SÃO BENEDITO,19544558000166,,São Benedito,CE,R ITALIANO JULIO FILIZOLA 512,CARTAO CEARA SEM FOME,MERCADINHO POPULAR,Centro,Mercado / Mini Mercado,CENTRO
SÃO BENEDITO,29736978000106,(88) 9929-57754,São Benedito,CE,R ITALIANO JULIO FILIZOLA 482,CARTAO CEARA SEM FOME,CASA DO ARROZ,Centro,Supermercado,CENTRO
SÃO BENEDITO,34092045000155,(88) 9934-13143,São Benedito,CE,PC JOAQUIM BASTOS 200,CARTAO CEARA SEM FOME,SUPERMERCADO SP,Centro,Supermercado,CENTRO
SÃO BENEDITO,35893736000110,(88) 9998-81025,São Benedito,CE,R MINISTRO ANTONIO COELHO 618,CARTAO CEARA SEM FOME,MERCADINHO XAVIER,Centro,Supermercado,CENTRO
SÃO BENEDITO,40542902000174,(88) 9979-79739,São Benedito,CE,R ELEAZAR GOMES 336,CARTAO CEARA SEM FOME,PANIFICADORA SAO FRANCISCO,Centro,Padaria,CENTRO
SÃO BENEDITO,43479952000142,(85) 9812-80701,São Benedito,CE,R ANTONIO AVELINO 385,CARTAO CEARA SEM FOME,LUANDA SERRA,Centro,Supermercado,CENTRO
SÃO BENEDITO,43663518000118,(88) 9972-41412,São Benedito,CE,10 R DO MEIO 0,CARTAO CEARA SEM FOME,MERCADINHO SANTA CLARA,Centro,Supermercado,CENTRO
SÃO GONÇALO DO AMARANTE,2252374000120,,São Gonçalo do Amarante,CE,AV ANTONIO BRASILEIRO 863,CARTAO CEARA SEM FOME,SUPERMERCADO VASCONCELOS,Centro,Supermercado,CENTRO
SÃO GONÇALO DO AMARANTE,5853586000231,(85) 3344-2217,São Gonçalo do Amarante,CE,R PORFIRIO DE ARAUJO 17,CARTAO CEARA SEM FOME,SUPERMERCADOS J&L,Centro,Supermercado,CENTRO
SÃO GONÇALO DO AMARANTE,9512523000191,,São Gonçalo do Amarante,CE,R FRANCISCO PINTO JUCA 01,CARTAO CEARA SEM FOME,COMERCIAL JANES,Centro,Mercado / Mini Mercado,CENTRO
SÃO GONÇALO DO AMARANTE,9573839000193,(85) 3315-4368,São Gonçalo do Amarante,CE,"RUA ESTER MARTINS, 37 ",CARTAO CEARA SEM FOME,MERCADINHO KABOQUIM,CENTRO,Alimentação,CENTRO
SÃO GONÇALO DO AMARANTE,13172222000133,(85) 3315-6040,São Gonçalo do Amarante,CE,RUA CAPITAO INACIO PRATA 3530,CARTAO CEARA SEM FOME,MERCANTIL TABIA,Centro,Mercado / Mini Mercado,CENTRO
SÃO GONÇALO DO AMARANTE,17257815000587,,São Gonçalo do Amarante,CE,AV CORONEL DOCA PARAIBA 409,CARTAO CEARA SEM FOME,PARATY SUPERMERCADOS 5,Centro,Supermercado,CENTRO
SÃO GONÇALO DO AMARANTE,18837215000127,(85) 9125-8177,São Gonçalo do Amarante,CE,R DO CAJUEIRO SN,CARTAO CEARA SEM FOME,O REI DA CARNE,Centro,Açougue,CENTRO
SÃO GONÇALO DO AMARANTE,28102883000160,(85) 3235-0203,São Gonçalo do Amarante,CE,DONA BEATRIZ BRAGA SN,CARTAO CEARA SEM FOME,COMPREMAX SUPERMERCADOS PECEM,Centro,Supermercado,CENTRO
SÃO GONÇALO DO AMARANTE,34960666000103,,São Gonçalo do Amarante,CE,R PORFIRO DE ARAUJO sn,CARTAO CEARA SEM FOME,MERCADINHO O PAULAO,Centro,Mercado / Mini Mercado,CENTRO
SÃO GONÇALO DO AMARANTE,37481351000171,(85) 9821-81745,São Gonçalo do Amarante,CE,R FILOMENA A BARROSO SN,CARTAO CEARA SEM FOME,MERCADINHO BOM PRECO,Centro,Mercado / Mini Mercado,CENTRO
SÃO GONÇALO DO AMARANTE,40737277000116,(85) 3485-1851,São Gonçalo do Amarante,CE,LAGO VERDE S/N,CARTAO CEARA SEM FOME,OSIANE,Centro,Mercado / Mini Mercado,CENTRO
SÃO GONÇALO DO AMARANTE,41560004000101,(85) 3315-4273,São Gonçalo do Amarante,CE,"AVENIDA CEL NECO MARTINS, 193  ",CARTAO CEARA SEM FOME,MERCANTIL GLAUBER,CENTRO,Alimentação,CENTRO
SÃO GONÇALO DO AMARANTE,42661467000122,,São Gonçalo do Amarante,CE,V CE 085 ZONA RURAL SN,CARTAO CEARA SEM FOME,MERCADINHO MANGUEIRA,Centro,Mercado / Mini Mercado,CENTRO
SÃO GONÇALO DO AMARANTE,45132828000131,,São Gonçalo do Amarante,CE,EST CE 162 2019,CARTAO CEARA SEM FOME,MERCADINHO PRECO BOM,Centro,Mercado / Mini Mercado,CENTRO
SÃO GONÇALO DO AMARANTE,48744473000120,,São Gonçalo do Amarante,CE,V EX PV MACEIO DA TAIBA 192,CARTAO CEARA SEM FOME,MERCADINHO MADALENA,Centro,Mercado / Mini Mercado,CENTRO
SÃO GONÇALO DO AMARANTE,49214835000133,(85) 8163-6894,São Gonçalo do Amarante,CE,10 R ST LAGO AZUL 0,CARTAO CEARA SEM FOME,MERCADINHO SAMILI,Centro,Mercado / Mini Mercado,CENTRO
SÃO JOÃO DO JAGUARIBE,2891302000122,(88) 3420-1187,São João do Jaguaribe,CE,R JOAQUIM FERREIRA 203,CARTAO CEARA SEM FOME,MERCANTIL BOM PRECO,Centro,Supermercado,CENTRO
SÃO JOÃO DO JAGUARIBE,15752333000144,(88) 3420-1187,São João do Jaguaribe,CE,R PEDRO PAULO 169,CARTAO CEARA SEM FOME,MERCANTIL SAO JOAO BATISTA,Centro,Mercado / Mini Mercado,CENTRO
SÃO JOÃO DO JAGUARIBE,19364224000100,,São João do Jaguaribe,CE,TV LAURA CHAVES 107,CARTAO CEARA SEM FOME,MERCADINHO PAGUE MENOS,Centro,Mercado / Mini Mercado,CENTRO
SÃO JOÃO DO JAGUARIBE,20366588000109,,São João do Jaguaribe,CE,R CONEGO CLIMERIO CHAVES 89,CARTAO CEARA SEM FOME,DEPOSITO PAI E FILHO,Centro,Mercado / Mini Mercado,CENTRO
SÃO JOÃO DO JAGUARIBE,43557368000168,,São João do Jaguaribe,CE,R PEDRO PAULO 207,CARTAO CEARA SEM FOME,SACOLÃO HORTIFRUT,Centro,Mercado / Mini Mercado,CENTRO
SÃO JOÃO DO JAGUARIBE,51265974000138,,São João do Jaguaribe,CE,R MARIA DOS SANTOS 140,CARTAO CEARA SEM FOME,FRUTARIA LIMA,Centro,Mercado / Mini Mercado,CENTRO
SÃO JOÃO DO JAGUARIBE,52147350000189,,São João do Jaguaribe,CE,R CANDIDO CHAVES 874,CARTAO CEARA SEM FOME,MERCANTIL SAO BENTO,Centro,Mercado / Mini Mercado,CENTRO
SÃO JOÃO DO JAGUARIBE,53263330000136,,São João do Jaguaribe,CE,10TV LAURA CHAGAS 107,CARTAO CEARA SEM FOME,MERCADINHO PAGUE MENOS,Centro,Mercado / Mini Mercado,CENTRO
SÃO LUÍS DO CURU,192129000149,(85) 9960-27149,São Luís do Curu,CE,R HUGO ROCHA SN,CARTAO CEARA SEM FOME,LOPES MERCADINHO,Centro,Mercado / Mini Mercado,CENTRO
SÃO LUÍS DO CURU,21011437000109,,São Luís do Curu,CE,R PRUDENCIO BEZERRA 33,CARTAO CEARA SEM FOME,ACOUGUE HORTIFRUT,Centro,Açougue,CENTRO
SÃO LUÍS DO CURU,21043268000180,,São Luís do Curu,CE,pedro cipriano 34600,CARTAO CEARA SEM FOME,MERCADINHO LUIS DO X,Centro,Mercado / Mini Mercado,CENTRO
SÃO LUÍS DO CURU,40789804000136,,São Luís do Curu,CE,PV PANTANAL S/N,CARTAO CEARA SEM FOME,MERCADINHO BOM PRECO,Centro,Mercado / Mini Mercado,CENTRO
SÃO LUÍS DO CURU,56386607000106,,São Luís do Curu,CE,FRANCISCO FERREIRA DA CUNHA 37,CARTAO CEARA SEM FOME,MERCADINHO CIPRIANO,Centro,Mercado / Mini Mercado,CENTRO
TABULEIRO DO NORTE,2399767000160,(88) 3424-4005,Tabuleiro do Norte,CE,R FRANCISCO PORFIRIO 1380,CARTAO CEARA SEM FOME,MERCEARIA ALISON,Centro,Mercado / Mini Mercado,CENTRO
TABULEIRO DO NORTE,3509966000147,,Tabuleiro do Norte,CE,AVELINO MAGALHÃES 4842,CARTAO CEARA SEM FOME,SUPER ECONOMICO,Centro,Mercado / Mini Mercado,CENTRO
TABULEIRO DO NORTE,4797327000197,(88) 9883-15882,Tabuleiro do Norte,CE,ANTONIO ALVES MAIA 374,CARTAO CEARA SEM FOME,MERCADINHO PONTO EXTRA,Centro,Mercado / Mini Mercado,CENTRO
TABULEIRO DO NORTE,5358338000133,,Tabuleiro do Norte,CE,Batista Maia 4596,CARTAO CEARA SEM FOME,ARMAZEM SAO FRANCISCO,Centro,Mercado / Mini Mercado,CENTRO
TABULEIRO DO NORTE,5677869000199,(85) 9984-20267,Tabuleiro do Norte,CE,R BATISTA MAIA 4464,CARTAO CEARA SEM FOME,VAREJAO AVENIDA,Centro,Supermercado,CENTRO
TABULEIRO DO NORTE,6101741000145,(88) 3424-1816,Tabuleiro do Norte,CE,R SILVESTRE REBOUCAS 345,CARTAO CEARA SEM FOME,MERCADINHO ANDERSON,Centro,Mercado / Mini Mercado,CENTRO
TABULEIRO DO NORTE,7369833000173,,Tabuleiro do Norte,CE,Luiz Machado 271,CARTAO CEARA SEM FOME,JOSE GEILSON DO NASCIMENTO MERCEARIA,Centro,Mercado / Mini Mercado,CENTRO
TABULEIRO DO NORTE,11192641000101,(88) 3124-2121,Tabuleiro do Norte,CE,R JOSE MUNIZ 3800,CARTAO CEARA SEM FOME,SUPERMERCADO SOL,Centro,Mercado / Mini Mercado,CENTRO
TABULEIRO DO NORTE,11192641000292,(88) 3424-2121,Tabuleiro do Norte,CE,AV CAPITAO JOSE RODRIGUES 4814,CARTAO CEARA SEM FOME,SUPERMERCADO SOL,Centro,Mercado / Mini Mercado,CENTRO
TABULEIRO DO NORTE,11429778000137,(88) 3424-2820,Tabuleiro do Norte,CE,R EMILIA CHAVES 4518,CARTAO CEARA SEM FOME,CASA DA CARNE,Centro,Frigorifico,CENTRO
TABULEIRO DO NORTE,14622136000148,,Tabuleiro do Norte,CE,pedro pessoa 4798,CARTAO CEARA SEM FOME,LUCINDA X RODRIGUES MINI MERCADO,Centro,Mercado / Mini Mercado,CENTRO
TABULEIRO DO NORTE,24895729000131,(88) 3424-1468,Tabuleiro do Norte,CE,R JOSE MUNIZ 4198,CARTAO CEARA SEM FOME,VAREJINHO I,Centro,Supermercado,CENTRO
TABULEIRO DO NORTE,24895729000212,(88) 3424-1338,Tabuleiro do Norte,CE,R CEL PIO GADELHA 4190,CARTAO CEARA SEM FOME,VAREJINHO II,Centro,Supermercado,CENTRO
TABULEIRO DO NORTE,34176748000161,(88) 9816-40499,Tabuleiro do Norte,CE,Miguel Viana da Costa 8,CARTAO CEARA SEM FOME,MERCADINHO MALVEIRA,Centro,Mercado / Mini Mercado,CENTRO
TABULEIRO DO NORTE,41306499000147,,Tabuleiro do Norte,CE,batista maia 4610,CARTAO CEARA SEM FOME,F AMBROZIO DA SILVA,Centro,Mercado / Mini Mercado,CENTRO
TABULEIRO DO NORTE,41579160000114,(88) 3424-1338,Tabuleiro do Norte,CE,RUA FRANCISCO MOREIRA N 4218 ,CARTAO CEARA SEM FOME,MERCADINHO VAREJINHO,CENTRO,Alimentação,CENTRO
TABULEIRO DO NORTE,50577763000178,,Tabuleiro do Norte,CE,R JOSE MUNIZ 4054,CARTAO CEARA SEM FOME,SACOLÃO DAS FRUTAS II,Centro,Mercado / Mini Mercado,CENTRO
TABULEIRO DO NORTE,57066129000110,,Tabuleiro do Norte,CE,R EMILIA CHAVES 4518,CARTAO CEARA SEM FOME,CASA DA CARNE,Centro,Açougue,CENTRO
TABULEIRO DO NORTE,63489801000182,(88) 9974-13992,Tabuleiro do Norte,CE,BATISTA MAIA 4657,CARTAO CEARA SEM FOME,MERCADINHO DO HUGO,Centro,Mercado / Mini Mercado,CENTRO
TAMBORIL,1255680000157,(81) 9928-66139,Tamboril,CE,R FRANCISCO MARTINS DE HOLANDA 10,CARTAO CEARA SEM FOME,MERCADINHO TITI,Centro,Mercado / Mini Mercado,CENTRO
TAMBORIL,2362320000117,,Tamboril,CE,R VICENTE ALVES DO VALE 29,CARTAO CEARA SEM FOME,CEREALISTA CENTRAL,Centro,Mercado / Mini Mercado,CENTRO
TAMBORIL,2856208000132,(88) 9928-46260,Tamboril,CE,R VICENTE ALVES DO VALE 177,CARTAO CEARA SEM FOME,MERCANTIL AGUIAR,Centro,Mercado / Mini Mercado,CENTRO
TAMBORIL,7138422000177,,Tamboril,CE,R FRANKLIN CAVALCANTE 273,CARTAO CEARA SEM FOME,AGRIPISO,Centro,Mercado / Mini Mercado,CENTRO
TAMBORIL,7287532000109,,Tamboril,CE,R VICENTE ALVES DO VALE 91,CARTAO CEARA SEM FOME,MERCADINHO BOM PREÇO,Centro,Mercado / Mini Mercado,CENTRO
TAMBORIL,8397332000163,,Tamboril,CE,R FRANCISCO LUCIO 78,CARTAO CEARA SEM FOME,MERCANTIL E FRIGORIFICO MM,Centro,Mercado / Mini Mercado,CENTRO
TAMBORIL,9257376000150,,Tamboril,CE,R JEMINIANO RODRIGUES DE FARIAS 229,CARTAO CEARA SEM FOME,FRIGORIFICO E MERCANTIL VITORIA,Centro,Mercado / Mini Mercado,CENTRO
TAMBORIL,20123786000141,(88) 9975-45700,Tamboril,CE,R CEL SALUSTIANO 85,CARTAO CEARA SEM FOME,ATACAREJO O EDVAR,Centro,Mercado / Mini Mercado,CENTRO
TAMBORIL,20589171000105,,Tamboril,CE,FARMACEUTICO JOAO RODRIGUES 270,CARTAO CEARA SEM FOME,SUPER GARAPE,Centro,Supermercado,CENTRO
TAMBORIL,22813337000150,(88) 9924-34834,Tamboril,CE,R JARDIM AMERICO 101,CARTAO CEARA SEM FOME,MERCANTIL SÃO FRANCISCO,Centro,Mercado / Mini Mercado,CENTRO
TAMBORIL,27179096000153,(88) 9942-27954,Tamboril,CE,COM ASSENTAMENTO PALESTINA SN,CARTAO CEARA SEM FOME,COOPERAMUNS,Centro,Cooperativa,CENTRO
TAMBORIL,33811046000140,,Tamboril,CE,R VICENTE ALVES DO VALE 38,CARTAO CEARA SEM FOME,SUPERMERCADO O EDIVAR,Centro,Supermercado,CENTRO
TAMBORIL,35973860000196,,Tamboril,CE,AV MIGUEL VERAS SN,CARTAO CEARA SEM FOME,MERCANTIL MONTE,Centro,Mercado / Mini Mercado,CENTRO
TAMBORIL,39292822000129,(88) 9946-64660,Tamboril,CE,VICENTE ALVES DO VALE 32,CARTAO CEARA SEM FOME,MERCEARIA JULIANA,Centro,Mercado / Mini Mercado,CENTRO
TAMBORIL,42602761000163,,Tamboril,CE,R VICENTE ALVES DO VALE 44,CARTAO CEARA SEM FOME,MERCEARIA JULIANA,Centro,Mercado / Mini Mercado,CENTRO
TARRAFAS,1565911000129,,Tarrafas,CE,R JOSE CANDIDO 148,CARTAO CEARA SEM FOME,MERCANTIL COMPRE BEM,Centro,Mercado / Mini Mercado,CENTRO
TARRAFAS,1565911000200,,Tarrafas,CE,R JOSE CANDIDO 147,CARTAO CEARA SEM FOME,MERCANTIL COMPRE BEM,Centro,Mercado / Mini Mercado,CENTRO
TARRAFAS,7570047000130,(88) 9923-95189,Tarrafas,CE,R JOSE CANDIDO DE ARAUJO 13,CARTAO CEARA SEM FOME,MERCANTIL E DISTRIBUIDORA SOUZA,Centro,Supermercado,CENTRO
TARRAFAS,13646570000103,,Tarrafas,CE,R JOSE PEREIRA LEITE 124,CARTAO CEARA SEM FOME,SUPERMERCADO MESSIAS,Centro,Supermercado,CENTRO
TARRAFAS,17703670000177,(88) 9948-06097,Tarrafas,CE,R Jose Pereira Leite 194,CARTAO CEARA SEM FOME,MERCADINHO PAI E FILHO,Centro,Mercado / Mini Mercado,CENTRO
TARRAFAS,22142876000105,,Tarrafas,CE,jose candido 70,CARTAO CEARA SEM FOME,CENTER MERCANTIL,Centro,Mercado / Mini Mercado,CENTRO
TARRAFAS,22769174000156,,Tarrafas,CE,R OSCAR CANDIDO DE ARAUJO 211,CARTAO CEARA SEM FOME,MERCANTIL ERISLANDIO,Centro,Mercado / Mini Mercado,CENTRO
TARRAFAS,23043833000135,(88) 9942-77901,Tarrafas,CE,R EUTIDES VILANOVA 214,CARTAO CEARA SEM FOME,MERCANTIL IARA,Centro,Loja de Armarinho,CENTRO
TARRAFAS,48203709000110,,Tarrafas,CE,sao jose 225,CARTAO CEARA SEM FOME,SUPER COMPRAS,Centro,Alimentação,CENTRO
TAUÁ,57738000195,(88) 3437-1921,Tauá,CE,R DONDON FEITOSA 291,CARTAO CEARA SEM FOME,Mercadinho Santo Amaro,Centro,Mercado / Mini Mercado,CENTRO
TAUÁ,300311000176,(88) 3437-2350,Tauá,CE,R MONS. ODORICO DE ANDRADE 292,CARTAO CEARA SEM FOME,Kelly Mercadinho,Centro,Mercado / Mini Mercado,CENTRO
TAUÁ,998699000120,(88) 3437-1187,Tauá,CE,R FARMACEUTICA N BORGES 238,CARTAO CEARA SEM FOME,MERCANTIL O VALMIR,Centro,Mercado / Mini Mercado,CENTRO
TAUÁ,3604529000102,(08) 8343-71339,Tauá,CE,RUA DONDON FEITOSA Nº41 ,CARTAO CEARA SEM FOME,SUPER INHAMUNS,CENTRO,Supermercado,CENTRO
TAUÁ,3604529000374,(88) 3437-1339,Tauá,CE,AV HELIO PEDROSA CASTELO 2331,CARTAO CEARA SEM FOME,SUPERMERCADO INHAMUNS,Centro,Supermercado,CENTRO
TAUÁ,4604578000108,,Tauá,CE,R ANA CORDEIRO GOMES 08,CARTAO CEARA SEM FOME,COOPDEST,Centro,Cooperativa,CENTRO
TAUÁ,6974539000128,(88) 9960-64693,Tauá,CE,AV ODILON AGUIAR 260,CARTAO CEARA SEM FOME,PANIFICADORA E CONFEITARIA TAUA,Centro,Supermercado,CENTRO
TAUÁ,7386670000307,(88) 9925-52892,Tauá,CE,AV MANOEL DE LIMA 100,CARTAO CEARA SEM FOME,XIMENES ATACAREJO,Centro,Supermercado,CENTRO
TAUÁ,11093254000118,,Tauá,CE,R ANTONIO VERISSIMO DA SILVA 392,CARTAO CEARA SEM FOME,ATACAREJO SIMAO,Centro,Mercado / Mini Mercado,CENTRO
TAUÁ,12274866000170,(88) 3437-1462,Tauá,CE,R DOMNGOS GOMES 42,CARTAO CEARA SEM FOME,Mercantil Dedezinho,Centro,Mercado / Mini Mercado,CENTRO
TAUÁ,13113658000151,(88) 9810-41059,Tauá,CE,VL DE MARRUAS 0,CARTAO CEARA SEM FOME,ZACARIAS COMERCIO E TRANSPORTE,Centro,Supermercado,CENTRO
TAUÁ,14603490000125,(88) 3437-1026,Tauá,CE,AV CORONEL LOURENCO FEITOSA 112,CARTAO CEARA SEM FOME,SUPERMERCADO ''O DEDEZINHO '',Centro,Mercado / Mini Mercado,CENTRO
TAUÁ,22562491000105,,Tauá,CE,R LICINHO ARAGAO DE OLIVEIRA 460,CARTAO CEARA SEM FOME,MERCADINHO O NETINHO,Centro,Mercado / Mini Mercado,CENTRO
TAUÁ,22565819000139,(88) 9817-44031,Tauá,CE,R JOSE GOMES DA SILVA 281,CARTAO CEARA SEM FOME,MERCADINHO PONTO CERTO,Centro,Mercado / Mini Mercado,CENTRO
TAUÁ,23538721000155,(88) 3437-1793,Tauá,CE,R DONDON FEITOSA 343,CARTAO CEARA SEM FOME,MERCANTIL O ARLEI,Centro,Mercado / Mini Mercado,CENTRO
TAUÁ,26037000000150,,Tauá,CE,R FERNANDO DO O DO NASCIMENTO 0,CARTAO CEARA SEM FOME,LARISSA MERCADINHO,Centro,Supermercado,CENTRO
TAUÁ,41138375000108,,Tauá,CE,8A R SILVESTRE GONCALVES 06,CARTAO CEARA SEM FOME,FRIGORIFICO FORT CARNES,Centro,Mercado / Mini Mercado,CENTRO
TAUÁ,46851016000109,(89) 9813-04470,Tauá,CE,TV CANDIDO ALVES BEZERRA 86,CARTAO CEARA SEM FOME,Mercadinho fabiano,Centro,Supermercado,CENTRO
TEJUÇUOCA,241888000154,(85) 9912-90696,Tejuçuoca,CE,AV GABRIEL FILHO 680,CARTAO CEARA SEM FOME,MARIA APARECIDA BARROSO BARRETO COELHO,Centro,Supermercado,CENTRO
TEJUÇUOCA,1437212000101,(85) 9921-23444,Tejuçuoca,CE,R MAMEDE TEIXEIRA 547,CARTAO CEARA SEM FOME,MERCANTIL SR.H,Centro,Supermercado,CENTRO
TEJUÇUOCA,5743088000155,(85) 9942-91459,Tejuçuoca,CE,POVOADO DE CAICARA SN,CARTAO CEARA SEM FOME,MERCADINHO PINHIERO 1,Centro,Mercado / Mini Mercado,CENTRO
TEJUÇUOCA,5778504000150,(85) 9813-14465,Tejuçuoca,CE,R DA PADARIA 0,CARTAO CEARA SEM FOME,MERCADINHO O CARECA,Centro,Supermercado,CENTRO
TEJUÇUOCA,7835941000194,(85) 9917-82010,Tejuçuoca,CE,TV ALFREDO PINTO DE MESQUITA 177,CARTAO CEARA SEM FOME,MERCADINHO PINHEIRO 3,Centro,Mercado / Mini Mercado,CENTRO
TEJUÇUOCA,9531175000108,(85) 9980-51462,Tejuçuoca,CE,AV GABRIEL AGUIAR FILHO 531,CARTAO CEARA SEM FOME,MERCADINHO J 3,Centro,Mercado / Mini Mercado,CENTRO
TEJUÇUOCA,9549936000140,(85) 9916-31313,Tejuçuoca,CE,FAZ RAPINA SN,CARTAO CEARA SEM FOME,COMERCIAL O TONHAO,Centro,Mercado / Mini Mercado,CENTRO
TEJUÇUOCA,14139557000112,,Tejuçuoca,CE,BARRA DO CAXITORE S/N,CARTAO CEARA SEM FOME,MERCADINHO HS,Centro,Mercado / Mini Mercado,CENTRO
TEJUÇUOCA,17804743000117,,Tejuçuoca,CE,FAZ VENANCIO SN,CARTAO CEARA SEM FOME,MERCADINHO SAO FRANCISCO,Centro,Mercado / Mini Mercado,CENTRO
TEJUÇUOCA,17922542000114,,Tejuçuoca,CE,R FRANCISCO SIDOR ARAUJO 297,CARTAO CEARA SEM FOME,IMPERIO DAS BEBIDAS,Centro,Mercado / Mini Mercado,CENTRO
TEJUÇUOCA,18418297000175,(85) 9941-91664,Tejuçuoca,CE,R JOAO RODRIGUES ALVES 431,CARTAO CEARA SEM FOME,MERCADINHO SAGRADA FAMILIA,Centro,Mercado / Mini Mercado,CENTRO
TEJUÇUOCA,22753572000184,(85) 9942-91459,Tejuçuoca,CE,R BELA VISTA 161,CARTAO CEARA SEM FOME,MERCADINHO PINHEIRO 4,Centro,Mercado / Mini Mercado,CENTRO
TEJUÇUOCA,23771175000106,(85) 9940-87746,Tejuçuoca,CE,R FRANCISCO DAS CHAGAS BARROSO SALES 178,CARTAO CEARA SEM FOME,COMERCIAL ROBERIO,Centro,Mercado / Mini Mercado,CENTRO
TEJUÇUOCA,29096210000107,,Tejuçuoca,CE,R JOSE RIBEIRO PESSOA 256,CARTAO CEARA SEM FOME,85981694912,Centro,Supermercado,CENTRO
TEJUÇUOCA,34789606000170,,Tejuçuoca,CE,R FAZENDA QUIXABA SN,CARTAO CEARA SEM FOME,MERCADINHO BOM PREÇO,Centro,Mercado / Mini Mercado,CENTRO
TEJUÇUOCA,37350502000152,(85) 9922-88547,Tejuçuoca,CE,10 R JOSE ANDRADE DE SOUSA 3222,CARTAO CEARA SEM FOME,MC FRIOS E CARNES,Centro,Mercado / Mini Mercado,CENTRO
TEJUÇUOCA,38240117000115,,Tejuçuoca,CE,R ARMANDO FERREIRA DA SILVA SN,CARTAO CEARA SEM FOME,MERCADINHO UM,Centro,Mercado / Mini Mercado,CENTRO
TEJUÇUOCA,40996003000141,(85) 9928-01474,Tejuçuoca,CE,AV GABRIEL AGUIAR FILHO 764 A,CARTAO CEARA SEM FOME,SUPER MERCADO BOM PRECO,Centro,Mercado / Mini Mercado,CENTRO
TEJUÇUOCA,41157578000133,(85) 9923-02836,Tejuçuoca,CE,R JOSE ANDRADE DE SOUSA 56,CARTAO CEARA SEM FOME,MERCADINHO SAO RAIMUNDO,Centro,Mercado / Mini Mercado,CENTRO
TEJUÇUOCA,41362422000194,(85) 9921-16188,Tejuçuoca,CE,AV GABRIEL AGUIAR FILHO 672,CARTAO CEARA SEM FOME,JT DISTRIBUIDORA,Centro,Mercado / Mini Mercado,CENTRO
TIANGUÁ,192091000104,,Tianguá,CE,TV DO MERCADO NOVO 10,CARTAO CEARA SEM FOME,MENEZES MERCADINHO,Centro,Mercado / Mini Mercado,CENTRO
TIANGUÁ,1118547000159,,Tianguá,CE,PC DO MERCADO SN,CARTAO CEARA SEM FOME,SUPER MAMÁ,Centro,Supermercado,CENTRO
TIANGUÁ,2268603000102,,Tianguá,CE,DEPUTADO MANOEL FRANCISCO 707,CARTAO CEARA SEM FOME,MERCADINHO BOM PRECO,Centro,Alimentação,CENTRO
TIANGUÁ,3995515017647,(98) 3216-5682,Tianguá,CE,AV PREFEITO JACQUES NUNES 1993,CARTAO CEARA SEM FOME,MATEUS SUPERMERCADOS,Centro,Supermercado,CENTRO
TIANGUÁ,3995515021750,(99) 3511-2565,Tianguá,CE,ENFERMEIRO JOSE EVANGELISTA DE VASCONCELOS sn,CARTAO CEARA SEM FOME,MATEUS SUPERMERCADOS,Centro,Supermercado,CENTRO
TIANGUÁ,4163766002604,(85) 4008-2414,Tianguá,CE,R ZECA TELES DE MENEZES 200,CARTAO CEARA SEM FOME,SUPERMERCADO PINHEIRO - O BOM VIZINHO,Centro,Supermercado,CENTRO
TIANGUÁ,8220042000140,(88) 3671-3664,Tianguá,CE,"AVENIDA PREFEITO JAQUES NUNES, N 1250 ",CARTAO CEARA SEM FOME,SUPER SERVE BEM,CENTRO,Supermercado,CENTRO
TIANGUÁ,11290858000154,,Tianguá,CE,R JOSE NOGUEIRA DE VASCONCELOS 255,CARTAO CEARA SEM FOME,MERCANTIL PESSOA II,Centro,Mercado / Mini Mercado,CENTRO
TIANGUÁ,12216370000140,,Tianguá,CE,R MADALENA NUNES 623,CARTAO CEARA SEM FOME,FRANGO RB,Centro,Mercado / Mini Mercado,CENTRO
TIANGUÁ,13164430000190,(88) 9972-90544,Tianguá,CE,CAPITAO JOAQUIM LOURENCO 846,CARTAO CEARA SEM FOME,KAIO SUPERMERCADO,Centro,Supermercado,CENTRO
TIANGUÁ,17343076000112,,Tianguá,CE,R PREFEITO JOAQUIM FLORENCIO 213,CARTAO CEARA SEM FOME,MERCANTIL NENEM PLÁCIDO,Centro,Mercado / Mini Mercado,CENTRO
TIANGUÁ,20468515000128,(88) 3671-1536,Tianguá,CE,"RUA CONSELHEIRO JOÃO LOURENÇO, Nº 60 ",CARTAO CEARA SEM FOME,SUPERMERCADO FERNAND,CENTRO,Alimentação,CENTRO
TIANGUÁ,20468515000390,(88) 3671-1536,Tianguá,CE,"AVENIDA PREFEITO JACQUES NUNES, Nº 1724  ",CARTAO CEARA SEM FOME,SUPERMERCADO FERNAND,CENTRO,Alimentação,CENTRO
TIANGUÁ,23068153000176,,Tianguá,CE,PREFEITO JACQUES NUNES 1726,CARTAO CEARA SEM FOME,SUPER MAX,Centro,Mercado / Mini Mercado,CENTRO
TIANGUÁ,23068153000419,,Tianguá,CE,R NECO BASTIAO 110,CARTAO CEARA SEM FOME,SUPER MAX,Centro,Supermercado,CENTRO
TIANGUÁ,26973217000171,,Tianguá,CE,do saco sn,CARTAO CEARA SEM FOME,MERCEARIA B&K,Centro,Mercado / Mini Mercado,CENTRO
TIANGUÁ,38073496000104,,Tianguá,CE,R DEPUTADO MANOEL FRANCISCO 517,CARTAO CEARA SEM FOME,LIPI SUPERMERCADO,Centro,Mercado / Mini Mercado,CENTRO
TIANGUÁ,41538734000106,,Tianguá,CE,A RURAL NS,CARTAO CEARA SEM FOME,A. B. VIEIRA,Centro,Mercado / Mini Mercado,CENTRO
TIANGUÁ,49062720000170,,Tianguá,CE,AV ENFERMEIRO JOSE EVANGELISTA DE VASCONCELOS - LADO 870,CARTAO CEARA SEM FOME,RESTAURANTE O PEIXE,Centro,Restaurante,CENTRO
TIANGUÁ,69702058000183,(88) 9928-44872,Tianguá,CE,br 222 s/n,CARTAO CEARA SEM FOME,ROGERIO FERREIRA LIMA,Centro,Mercado / Mini Mercado,CENTRO
TRAIRI,3879760002152,(85) 4009-1000,Trairi,CE,AV PADRE TOMAS FELIU AMENGUAL 191,CARTAO CEARA SEM FOME,SUPER FRANGOLANDIA - TRAIRI,Centro,Supermercado,CENTRO
TRAIRI,3973920000184,(85) 3351-9324,Trairi,CE,R DA PRAIA 10,CARTAO CEARA SEM FOME,MERCADINHO TIMORE,Centro,Mercado / Mini Mercado,CENTRO
TRAIRI,6183060000173,,Trairi,CE,R MANOEL TEIXEIRA 233,CARTAO CEARA SEM FOME,MERCADINHO TRES IRMAOS,Centro,Mercado / Mini Mercado,CENTRO
TRAIRI,10465478000140,,Trairi,CE,MANOEL TEIXEIRA 93,CARTAO CEARA SEM FOME,MERCADINHO BRAGA,Centro,Mercado / Mini Mercado,CENTRO
TRAIRI,10794572000143,,Trairi,CE,R AGNALDO TEIXEIRA 150,CARTAO CEARA SEM FOME,SUPERMERCADO EL SHADAY,Centro,Supermercado,CENTRO
TRAIRI,10794572000305,(85) 3351-1245,Trairi,CE,R DOUTOR JOSE DA SILVEIRA 250,CARTAO CEARA SEM FOME,SUPERMERCADO JLD,Centro,Supermercado,CENTRO
TRAIRI,17257815000234,,Trairi,CE,R MANOEL TEIXEIRA 153,CARTAO CEARA SEM FOME,PARA TY SUPERMERCADO,Centro,Supermercado,CENTRO
TRAIRI,17257815001125,,Trairi,CE,R SAO PEDRO 790,CARTAO CEARA SEM FOME,PARA TY SUPERMERCADOS,Centro,Supermercado,CENTRO
TRAIRI,19879209000103,,Trairi,CE,R AGUINALDO TEIXEIRA 194,CARTAO CEARA SEM FOME,MERCADINHO GALDINO,Centro,Mercado / Mini Mercado,CENTRO
TRAIRI,21292794000184,(85) 9773-2624,Trairi,CE,R DO ALTO 007,CARTAO CEARA SEM FOME,MERCADINHO A&D,Centro,Mercado / Mini Mercado,CENTRO
TRAIRI,23462641000163,,Trairi,CE,VICENTE VIANA 13,CARTAO CEARA SEM FOME,R N MERCADINHO,Centro,Mercado / Mini Mercado,CENTRO
TRAIRI,27749566000177,,Trairi,CE,AV ABRAO FERREIRA DA CUNHA SN,CARTAO CEARA SEM FOME,BARATEIRO CANAAN,Centro,Mercado / Mini Mercado,CENTRO
TRAIRI,36332295000140,(85) 9960-93863,Trairi,CE,R DR JOSE DA SILVEIRA 456,CARTAO CEARA SEM FOME,MERCADINHO SAO FRANCISCO,Centro,Mercado / Mini Mercado,CENTRO
TRAIRI,46463920000147,,Trairi,CE,EST DO FIO 138,CARTAO CEARA SEM FOME,MERCADINHO GALDINO,Centro,Mercado / Mini Mercado,CENTRO
TRAIRI,46956665000174,,Trairi,CE,R DO ALTO 15,CARTAO CEARA SEM FOME,MERCADINHO RUAN,Centro,Mercado / Mini Mercado,CENTRO
TRAIRI,53131572000176,,Trairi,CE,AV SALVADOR MARTINS 119,CARTAO CEARA SEM FOME,MERCADINHO O CEARA,Centro,Mercado / Mini Mercado,CENTRO
TRAIRI,55170494000144,,Trairi,CE,EST DO FIO 140,CARTAO CEARA SEM FOME,MERCADINHO MOREIRA,Centro,Mercado / Mini Mercado,CENTRO
TURURU,471560000124,(85) 3358-5429,Tururu,CE,FRANCISCO SALES 232,CARTAO CEARA SEM FOME,SUPERMERCADO SEBASTIANA PATRICIO,Centro,Supermercado,CENTRO
TURURU,18300784000139,(88) 9885-60338,Tururu,CE,DA MATRIZ CONCEICAO S/N,CARTAO CEARA SEM FOME,PAO DOCE MERCADINHO E PANIFICADORA,Centro,Mercado / Mini Mercado,CENTRO
TURURU,19209809000156,,Tururu,CE,R Raimundo Feitosa 171,CARTAO CEARA SEM FOME,COMERCIO DE VAREJO E ATACADOS,Centro,Mercado / Mini Mercado,CENTRO
TURURU,21561660000111,(85) 9986-78006,Tururu,CE,R RAIMUNDO SALVIATI 501,CARTAO CEARA SEM FOME,MERCADINHO DE CEREAIS SAO JOSE,Centro,Supermercado,CENTRO
TURURU,40320846000123,,Tururu,CE,10 R RUA RAIMUNDO FEITOSA 160,CARTAO CEARA SEM FOME,MERCADINHO TELMA,Centro,Mercado / Mini Mercado,CENTRO
TURURU,41392185000104,,Tururu,CE,MONSENHOR SOLON 204,CARTAO CEARA SEM FOME,MERCANTIL 3L,Centro,Mercado / Mini Mercado,CENTRO
TURURU,49451499000142,,Tururu,CE,PEDRO LEITAO 356,CARTAO CEARA SEM FOME,MERCADINHO GAVIAO,Centro,Mercado / Mini Mercado,CENTRO
TURURU,50211169000169,,Tururu,CE,JOAQUIM BARBOSA FILHO 1998,CARTAO CEARA SEM FOME,MERCADINHO CHIQUINHO MOURA,Centro,Mercado / Mini Mercado,CENTRO
TURURU,51248213000178,,Tururu,CE,maria gloria 894,CARTAO CEARA SEM FOME,COMERCIO PAIS E FILHO,Centro,Mercado / Mini Mercado,CENTRO
UBAJARA,4441266000120,,Ubajara,CE,JUVENCIO LUIZ PEREIRA 396,CARTAO CEARA SEM FOME,EXTRA SAO JOSE,Centro,Mercado / Mini Mercado,CENTRO
UBAJARA,7439697000140,(88) 9926-01652,Ubajara,CE,DOS CONSTITUINTES 213,CARTAO CEARA SEM FOME,VAREJAO CHOCOBALAS,Centro,Mercado / Mini Mercado,CENTRO
UBAJARA,11058823000194,,Ubajara,CE,JOSE RUFINO PEREIRA 46,CARTAO CEARA SEM FOME,MERCADINHO TONINHO,Centro,Mercado / Mini Mercado,CENTRO
UBAJARA,43167744000108,(88) 9962-3662,Ubajara,CE,R JOSE RUFINO PEREIRA 35,CARTAO CEARA SEM FOME,SUPER POPULAR,Centro,Mercado / Mini Mercado,CENTRO
UMARI,7988952000104,,Umari,CE,ALTO PONTE 185,CARTAO CEARA SEM FOME,MARLEIDE DIAS CESAR,Centro,Mercado / Mini Mercado,CENTRO
UMARI,23579619000106,(88) 9886-91856,Umari,CE,DT AVENIDA SANTO ANTONIO 384,CARTAO CEARA SEM FOME,MERCADINHO FERNANDES,Centro,Loja de Armarinho,CENTRO
UMARI,25102489000133,,Umari,CE,Padre cicero 183,CARTAO CEARA SEM FOME,JOANA QUARESMA,Centro,Mercado / Mini Mercado,CENTRO
UMARI,26213319000199,,Umari,CE,CEL ANTONIO MALHEIROS 206,CARTAO CEARA SEM FOME,MERCANTIL SANTANA,Centro,Mercado / Mini Mercado,CENTRO
UMARI,37160245000196,,Umari,CE,CEL. ANTONIO MALHEIROS 488,CARTAO CEARA SEM FOME,MERCADINHO SAO JOSE,Centro,Mercado / Mini Mercado,CENTRO
UMARI,40029861000117,,Umari,CE,FRANCISCO MOREIRA 52,CARTAO CEARA SEM FOME,EMPREENDIMENTOS TRES DOIS UM,Centro,Mercado / Mini Mercado,CENTRO
UMARI,42615107000194,(88) 9814-18741,Umari,CE,R SAO GERALDO 156,CARTAO CEARA SEM FOME,MERCADO VIANA,Centro,Mercado / Mini Mercado,CENTRO
UMARI,43326470000152,,Umari,CE,3 DE AGOSTO sn,CARTAO CEARA SEM FOME,FRIGORIFICO DUTRA,Centro,Açougue,CENTRO
UMARI,43710084000160,,Umari,CE,R NOSSA SENHORA DE FATIMA 02 131,CARTAO CEARA SEM FOME,KLEBSON PEREIRA IZIDRO 25398214802,Centro,Mercado / Mini Mercado,CENTRO
UMARI,46442716000140,,Umari,CE,R SANTA LUZIA 391,CARTAO CEARA SEM FOME,MERCADINHO PADRE CICERO,Centro,Mercado / Mini Mercado,CENTRO
UMARI,50721145000150,,Umari,CE,CEL ANTONIO MALHEIROS 499,CARTAO CEARA SEM FOME,MERCADINHO SAO RAIMUNDO,Centro,Mercado / Mini Mercado,CENTRO
UMARI,53598243000130,,Umari,CE,padre cicero 237,CARTAO CEARA SEM FOME,IVANILDO DIAS PARNAIBA,Centro,Mercado / Mini Mercado,CENTRO
UMIRIM,4071656000156,,Umirim,CE,R CARLOS ANTONIO SALES 196,CARTAO CEARA SEM FOME,MERCADINHO EXPR,Centro,Mercado / Mini Mercado,CENTRO
UMIRIM,4923094000121,,Umirim,CE,TV GUIMARAES 37,CARTAO CEARA SEM FOME,MERCADINHO ANDRE,Centro,Mercado / Mini Mercado,CENTRO
UMIRIM,16577506000106,(85) 9943-03634,Umirim,CE,R JOAO PEREIRA 100A,CARTAO CEARA SEM FOME,ANGELA EVENTOS E DECORACOES,Centro,Mercado / Mini Mercado,CENTRO
UMIRIM,17257815000900,,Umirim,CE,R N SRA DA NATIVIDADE POENTE 141,CARTAO CEARA SEM FOME,PARATY SUPERMERCADOS,Centro,Supermercado,CENTRO
UMIRIM,20940781000101,(85) 3364-1559,Umirim,CE,R CARLOS ANTONIO SALES 188,CARTAO CEARA SEM FOME,MERCADINHO PINHEIRO NETO,Centro,Mercado / Mini Mercado,CENTRO
UMIRIM,27972114000150,,Umirim,CE,R MAJOR SALES SN,CARTAO CEARA SEM FOME,MERCADINHO BOM PRECO,Centro,Mercado / Mini Mercado,CENTRO
UMIRIM,29129193000167,,Umirim,CE,R JUAREZ TAVORA 72,CARTAO CEARA SEM FOME,SUPERMERCADO JUA,Centro,Supermercado,CENTRO
UMIRIM,34320519000179,,Umirim,CE,R DA QUADRA 50400,CARTAO CEARA SEM FOME,MERCADINHO JM,Centro,Mercado / Mini Mercado,CENTRO
UMIRIM,46164567000102,,Umirim,CE,DT SAO JOAQUIM 151,CARTAO CEARA SEM FOME,COMERCIAL TOP FRANGO,Centro,Mercado / Mini Mercado,CENTRO
UMIRIM,51112762000110,,Umirim,CE,CARLOS ANTONIO SALES S/N,CARTAO CEARA SEM FOME,MERCADINHO RAYSSA,Centro,Mercado / Mini Mercado,CENTRO
URUBURETAMA,13396005000127,,Uruburetama,CE,R GENERAL CORDEIRO 698,CARTAO CEARA SEM FOME,MERCANTIL GOMES,Centro,Mercado / Mini Mercado,CENTRO
URUBURETAMA,14139556000178,,Uruburetama,CE,JOSE PIRES CHAVES 1271,CARTAO CEARA SEM FOME,MEGA AQUI TA BOM,Centro,Mercado / Mini Mercado,CENTRO
URUBURETAMA,17257815000820,,Uruburetama,CE,R CEL JOAO ANTONIO 740,CARTAO CEARA SEM FOME,PARATY SUPERMERCADOS 8,Centro,Supermercado,CENTRO
URUBURETAMA,17861524000170,,Uruburetama,CE,JOAQUIM AVILA 116,CARTAO CEARA SEM FOME,KAYO CESAR BASTOS CRUZ,Centro,Mercado / Mini Mercado,CENTRO
URUBURETAMA,18322749000110,(85) 9996-5539,Uruburetama,CE,AV PRINCESA ISABEL 1532,CARTAO CEARA SEM FOME,JULIO CESAR,Centro,Mercado / Mini Mercado,CENTRO
URUBURETAMA,28004773000165,(85) 3353-3007,Uruburetama,CE,R JOAO GALDINO VASCONCELOS 86,CARTAO CEARA SEM FOME,FRANCISCA CRISTILENE FERREIRA CRUZ,Centro,Supermercado,CENTRO
URUBURETAMA,30148508000100,(85) 9963-4353,Uruburetama,CE,R Rua do Boueno 275,CARTAO CEARA SEM FOME,MERCADINHO MAIA,Centro,Mercado / Mini Mercado,CENTRO
URUBURETAMA,30968045000115,,Uruburetama,CE,R NOSSA SENHORA DAS GRACAS 101,CARTAO CEARA SEM FOME,CENTRAL FRANGOS,Centro,Mercado / Mini Mercado,CENTRO
URUBURETAMA,41710688000180,,Uruburetama,CE,R PRINCESA ISABEL 515 B,CARTAO CEARA SEM FOME,PONTO DA ECONOMIA ANTONIO LEÔNCIO,Centro,Mercado / Mini Mercado,CENTRO
URUBURETAMA,63499479000172,(85) 3353-1524,Uruburetama,CE,AV MAJOR SALES 831,CARTAO CEARA SEM FOME,MERCADINHO ANTONIO,Centro,Mercado / Mini Mercado,CENTRO
URUOCA,3961705000163,(88) 9946-09752,Uruoca,CE,AV ANTONIO MOREIRA 722,CARTAO CEARA SEM FOME,LOJAO SAO FRANCISCO URUOCA,Centro,Supermercado,CENTRO
URUOCA,4453362000199,,Uruoca,CE,AV VALDEMAR ROCHA 1326,CARTAO CEARA SEM FOME,MERCADINHO ALECRIM,Centro,Mercado / Mini Mercado,CENTRO
URUOCA,4671331000104,,Uruoca,CE,R RAIMUNDO FONTELE GOMES 410,CARTAO CEARA SEM FOME,MERCADINHO M FERNANDES,Centro,Mercado / Mini Mercado,CENTRO
URUOCA,5432239000154,,Uruoca,CE,manoel mourao 49,CARTAO CEARA SEM FOME,COMERCIAL O ROGERIO,Centro,Alimentação,CENTRO
URUOCA,14209655000189,,Uruoca,CE,R DOMINGOS GERONIMO SN,CARTAO CEARA SEM FOME,MERCADINHO SAO JOSE,Centro,Mercado / Mini Mercado,CENTRO
URUOCA,19480922000171,(88) 9944-55158,Uruoca,CE,R GENERAL SAMPAIO 15,CARTAO CEARA SEM FOME,MERCADINHO CARLITAO,Centro,Mercado / Mini Mercado,CENTRO
URUOCA,21387801000121,,Uruoca,CE,FAZ TAPERA 01,CARTAO CEARA SEM FOME,MERCANTIL LUCI,Centro,Mercado / Mini Mercado,CENTRO
URUOCA,46491549000127,,Uruoca,CE,COM BATATAO SN,CARTAO CEARA SEM FOME,MERCEARIA MAGALHAES,Centro,Mercado / Mini Mercado,CENTRO
URUOCA,48482674000104,,Uruoca,CE,VALDEMAR ROCHA 367,CARTAO CEARA SEM FOME,MERCANTIL LISBOA,Centro,Mercado / Mini Mercado,CENTRO
URUOCA,57322297000129,(88) 9946-09752,Uruoca,CE,AV ANTONIO MOREIRA 739,CARTAO CEARA SEM FOME,MERCADAO MOACI,Centro,Supermercado,CENTRO
VARJOTA,1047080000101,,Varjota,CE,AV PRESIDENTE CASTELO BRANCO 1885,CARTAO CEARA SEM FOME,MERCADINHO ERINALDO,Centro,Mercado / Mini Mercado,CENTRO
VARJOTA,4794205000147,,Varjota,CE,presidente castelo branco 2721,CARTAO CEARA SEM FOME,CENTRAL DAS BALAS,Centro,Alimentação,CENTRO
VARJOTA,10966929000123,,Varjota,CE,RUI BARBOSA 741,CARTAO CEARA SEM FOME,FRIGORIFICO SAO FRANCISCO,Centro,Frigorifico,CENTRO
VARJOTA,20808005000314,,Varjota,CE,R FLEURICE MUNIZ 228,CARTAO CEARA SEM FOME,SUPERMERCADO DOIS IRMAOS IPU LTDA,Centro,Mercado / Mini Mercado,CENTRO
VARJOTA,20808005000667,,Varjota,CE,R FRANCISCA RODRIGUES DE FARIAS 853,CARTAO CEARA SEM FOME,SUPERMERCADO DOIS IRMAOS IPU LTDA,Centro,Mercado / Mini Mercado,CENTRO
VARJOTA,23164012000157,,Varjota,CE,R CLOVIS XIMENES 552,CARTAO CEARA SEM FOME,SUPERMIX,Centro,Mercado / Mini Mercado,CENTRO
VARJOTA,42614695000141,,Varjota,CE,FRANCISCA RODRIGUES DE FARIAS 1987,CARTAO CEARA SEM FOME,MERCADINHO RV,Centro,Mercado / Mini Mercado,CENTRO
VARJOTA,86811999000174,,Varjota,CE,R CLOVES XIMENES 545,CARTAO CEARA SEM FOME,VAREJAO MAXFUR,Centro,Mercado / Mini Mercado,CENTRO
VAZANTES,1865271000172,(88) 3541-1282,Vazantes,CE,R CORONEL FRANCISCO CARVALHO PIMPIM 14,CARTAO CEARA SEM FOME,MERCADINHO JOSILENE,Centro,Mercado / Mini Mercado,CENTRO
VIÇOSA DO CEARÁ,1870643000159,,Viçosa do Ceará,CE,R ANTONIO FELICIANO DE CARVALHO 373,CARTAO CEARA SEM FOME,MERCANTIL COMPRE BEM,Centro,Mercado / Mini Mercado,CENTRO
VIÇOSA DO CEARÁ,2790167000129,,Viçosa do Ceará,CE,R PROFESSORA ANA MARIA 58,CARTAO CEARA SEM FOME,MERCEARIA JOÃO BOEIRO,Centro,Mercado / Mini Mercado,CENTRO
VIÇOSA DO CEARÁ,2910562000106,(88) 9278-7505,Viçosa do Ceará,CE,R ANTONIO FELICIANO DE CARVALHO 198,CARTAO CEARA SEM FOME,SONIA MARIA CARDOSO,Centro,Supermercado,CENTRO
VIÇOSA DO CEARÁ,4855021000140,,Viçosa do Ceará,CE,R ANTONIO FELICIANO DE CARVALHO 154,CARTAO CEARA SEM FOME,MERCADINHO ONOFRE SERRANO,Centro,Mercado / Mini Mercado,CENTRO
VIÇOSA DO CEARÁ,8306166000142,,Viçosa do Ceará,CE,SALUSTIANO DE PINHO 175,CARTAO CEARA SEM FOME,SUPERMERCADO SAO TOME VICOSA,Centro,Mercado / Mini Mercado,CENTRO
VIÇOSA DO CEARÁ,11345728000171,,Viçosa do Ceará,CE,ANTONIO FELICIANO DE CARVALHO 136,CARTAO CEARA SEM FOME,SAO TOME SUPERMERCADO,Centro,Mercado / Mini Mercado,CENTRO
VIÇOSA DO CEARÁ,12144222000248,,Viçosa do Ceará,CE,DR. OSMAR PAIVA 163,CARTAO CEARA SEM FOME,MERCADINHO PONTO DA ECONOMIA,Centro,Mercado / Mini Mercado,CENTRO
VIÇOSA DO CEARÁ,13247773000119,,Viçosa do Ceará,CE,R ANTONIO FELICIANO DE CARVALHO 199 A,CARTAO CEARA SEM FOME,COMERCIAL RICARDO XORO,Centro,Mercado / Mini Mercado,CENTRO
VIÇOSA DO CEARÁ,16799691000175,,Viçosa do Ceará,CE,VL JUA DOS VIEIRAS SN,CARTAO CEARA SEM FOME,COMERCIAL TOMAZINHO,Centro,Mercado / Mini Mercado,CENTRO
VIÇOSA DO CEARÁ,17071156000166,,Viçosa do Ceará,CE,R SALUSTIANO DE PINHO 12,CARTAO CEARA SEM FOME,MERCADINHO O CESAR,Centro,Mercado / Mini Mercado,CENTRO
VIÇOSA DO CEARÁ,18504939000230,,Viçosa do Ceará,CE,R SALUSTIANO DE PINHO 298,CARTAO CEARA SEM FOME,MERCANTIL ONOFRE - LOJA 3,Centro,Mercado / Mini Mercado,CENTRO
VIÇOSA DO CEARÁ,20621742000141,,Viçosa do Ceará,CE,BIRITI GRANDE S/N,CARTAO CEARA SEM FOME,F. EUDES N. BATISTA,Centro,Mercado / Mini Mercado,CENTRO
VIÇOSA DO CEARÁ,21882270000143,,Viçosa do Ceará,CE,R ANTONIO FELICIANO DE CARVALHO 207,CARTAO CEARA SEM FOME,MERCADINHO BRASIL,Centro,Mercado / Mini Mercado,CENTRO
VIÇOSA DO CEARÁ,22382464000142,(88) 9992-74344,Viçosa do Ceará,CE,JUA DOS VIEIRAS SN,CARTAO CEARA SEM FOME,MERCEARIA SAO JOAO,Centro,Mercado / Mini Mercado,CENTRO
VIÇOSA DO CEARÁ,25070622000117,,Viçosa do Ceará,CE,R ANTONIO FELICIANO DE CARVALHO 206,CARTAO CEARA SEM FOME,MERCADINHO ZE JONAS,Centro,Mercado / Mini Mercado,CENTRO
VIÇOSA DO CEARÁ,25199534000110,,Viçosa do Ceará,CE,de padre vieira S/N,CARTAO CEARA SEM FOME,LEILA MARIA BRITO DA SILVA,Centro,Mercado / Mini Mercado,CENTRO
VIÇOSA DO CEARÁ,29045055000108,,Viçosa do Ceará,CE,R ANTONIO FELICIANO DE CARVALHO 16,CARTAO CEARA SEM FOME,VAREJAO SUPER BARATO,Centro,Mercado / Mini Mercado,CENTRO
VIÇOSA DO CEARÁ,29689391000185,,Viçosa do Ceará,CE,R SALUSTIANO DE PINHO 215 A,CARTAO CEARA SEM FOME,CASA DOS FRIOS,Centro,Mercado / Mini Mercado,CENTRO
VIÇOSA DO CEARÁ,30302911000134,,Viçosa do Ceará,CE,jose siqueira 335,CARTAO CEARA SEM FOME,SUPERMERCADO MATHEUS,Centro,Alimentação,CENTRO
VIÇOSA DO CEARÁ,32806826000139,(88) 9943-56719,Viçosa do Ceará,CE,R PROFESSORA ANA MARIA 0100,CARTAO CEARA SEM FOME,PONTO DO ABACAXI,Centro,Mercado / Mini Mercado,CENTRO
VIÇOSA DO CEARÁ,41305491000166,,Viçosa do Ceará,CE,R ANTONIO FELICIANO DE CARVALHO 200,CARTAO CEARA SEM FOME,MERCADINHO DO ALMIDES,Centro,Mercado / Mini Mercado,CENTRO
VIÇOSA DO CEARÁ,42786643000152,,Viçosa do Ceará,CE,SIT SITIO BANANEIRAS SN,CARTAO CEARA SEM FOME,MERCANTIL TEND TUDO,Centro,Mercado / Mini Mercado,CENTRO
VIÇOSA DO CEARÁ,47720565000107,,Viçosa do Ceará,CE,R SALUSTIANO DE PINHO 192,CARTAO CEARA SEM FOME,MERCADINHO IVANILDO,Centro,Mercado / Mini Mercado,CENTRO
VIÇOSA DO CEARÁ,55297648000163,,Viçosa do Ceará,CE,R SALUSTIANO DE PINHO 12,CARTAO CEARA SEM FOME,MERCADINHO CESAR,Centro,Mercado / Mini Mercado,CENTRO
VÁRZEA ALEGRE,389556000111,,Várzea Alegre,CE,JOAQUIM ALEXANDRINO 18,CARTAO CEARA SEM FOME,FRANCISCO ALVES DE OLIVEIRA ARTIGOS DE MERCEARIA,Centro,Mercado / Mini Mercado,CENTRO
VÁRZEA ALEGRE,1013833000150,,Várzea Alegre,CE,R DEPUTADO LUIZ OTACILIO CORREIA 329,CARTAO CEARA SEM FOME,D M SUPERMERCADO,Centro,Mercado / Mini Mercado,CENTRO
VÁRZEA ALEGRE,4962358000156,,Várzea Alegre,CE,AV LUIS AFONSO DINIZ 125,CARTAO CEARA SEM FOME,CASA DAS VERDURAS,Centro,Mercado / Mini Mercado,CENTRO
VÁRZEA ALEGRE,7145362000110,,Várzea Alegre,CE,AV PAPAI RAIMUNDO SN,CARTAO CEARA SEM FOME,MERCANTIL YASMIN,Centro,Mercado / Mini Mercado,CENTRO
VÁRZEA ALEGRE,7153345000124,,Várzea Alegre,CE,R CONSTANCIA CORREIA 09,CARTAO CEARA SEM FOME,MERCADINHO SANTA RITA,Centro,Mercado / Mini Mercado,CENTRO
VÁRZEA ALEGRE,8879527000140,,Várzea Alegre,CE,R JOAQUIM FELIX 113,CARTAO CEARA SEM FOME,MERCADINHO PADRE CICERO,Centro,Mercado / Mini Mercado,CENTRO
VÁRZEA ALEGRE,8946596000129,,Várzea Alegre,CE,vicente maximo 420,CARTAO CEARA SEM FOME,EUNICE MAXIMO DA SILVA,Centro,Mercado / Mini Mercado,CENTRO
VÁRZEA ALEGRE,9305029000741,(88) 3561-2361,Várzea Alegre,CE,R ANTONIO ALVES DE LIMA 329,CARTAO CEARA SEM FOME,SUPER QUEIROZ,Centro,Supermercado,CENTRO
VÁRZEA ALEGRE,18471564000178,,Várzea Alegre,CE,R RUA CARLOS GOMES DE ALENCAR 218,CARTAO CEARA SEM FOME,MERCADINHO PADRE CICERO,Centro,Mercado / Mini Mercado,CENTRO
VÁRZEA ALEGRE,19404310000108,,Várzea Alegre,CE,R ANTONIO ALVES DE LIMA 852,CARTAO CEARA SEM FOME,MERCADINHO L & A,Centro,Mercado / Mini Mercado,CENTRO
VÁRZEA ALEGRE,19404310000280,,Várzea Alegre,CE,R ANTONIO ALVES DE LIMA 182,CARTAO CEARA SEM FOME,ATACAREJO FERNANDES,Centro,Mercado / Mini Mercado,CENTRO
VÁRZEA ALEGRE,24201800000139,,Várzea Alegre,CE,R ANTONIA CABELEIRA 226 A,CARTAO CEARA SEM FOME,SUPER BOM PRECO SUPERMERCADO,Centro,Supermercado,CENTRO
VÁRZEA ALEGRE,24201800000210,,Várzea Alegre,CE,AV VICENTE ALVES COSTA 104,CARTAO CEARA SEM FOME,SUPER BOM PRECO SUPERMERCADO,Centro,Supermercado,CENTRO
VÁRZEA ALEGRE,38009136000135,,Várzea Alegre,CE,R DEP. LUIS OTACILIO CORREIA 329,CARTAO CEARA SEM FOME,D M SUPERMERCADO,Centro,Supermercado,CENTRO
VÁRZEA ALEGRE,41335324000168,(88) 3541-1059,Várzea Alegre,CE,tomaz de aquino 39,CARTAO CEARA SEM FOME,MERCADINHO SAO PEDRO,Centro,Mercado / Mini Mercado,CENTRO
VÁRZEA ALEGRE,41462672000104,(88) 9966-00022,Várzea Alegre,CE,R ANTONIO AFONSO 51,CARTAO CEARA SEM FOME,SUPERMERCADO E FRIGORIFICO NILBERTO,Centro,Supermercado,CENTRO
VÁRZEA ALEGRE,49994374000169,,Várzea Alegre,CE,R FRANCISCO SALVIANO 10,CARTAO CEARA SEM FOME,SUPERMERCADO E FRIGORIFICO ECONOMICO,Centro,Supermercado,CENTRO
VÁRZEA ALEGRE,54554784000129,,Várzea Alegre,CE,R ANTONIA CABELEIRA 226,CARTAO CEARA SEM FOME,SUPER BOM PRECO SUPERMERCADO,Centro,Supermercado,CENTRO
VÁRZEA ALEGRE,72433436000185,,Várzea Alegre,CE,GLICERIO GOMES 45,CARTAO CEARA SEM FOME,MERCADINHO O CABRINHA,Centro,Mercado / Mini Mercado,CENTRO
