,Instrumento,Convenente,Nº OBT,Valor OBT,Data Emissão,CPF/CNPJ,Fornecedor,Tipo DL,Descrição do Item,Data Pagamento,Situação OBT,CPF/CNPJ STR,CNPJ BÁSICO,CNPJ ORDEM,CNPJ DV,IDENTIFICADOR MATRIZ/FILIAL,NOME FANTASIA_x,CNAE FISCAL PRINCIPAL_x,CNAE FISCAL SECUNDÁRIA_x,TIPO DE LOGRADOURO_x,LOGRADOURO_x,NÚMERO_x,COMPLEMENTO_x,BAIRRO_x,CEP_x,MUNICÍPIO_x,CNPJ,codigo,municipio,Nome do município,Região de Planejamento,Municipio_upp,Nome_x,Situação_x,Filiação_x,Data de Validade_x,Data Cadastro_x,Data Alteracao_x,Nº de Socios_x,Nº de Sócios Válidos_x,Sócios com CAF(%)_x,Nome_y,Município,Situação_y,Filiação_y,Data de Validade_y,Data Cadastro_y,Data Alteracao_y,Nº de Socios_y,Nº de Sócios Válidos_y,Sócios com CAF(%)_y,NOME FANTASIA_y,CNAE FISCAL PRINCIPAL_y,CNAE FISCAL SECUNDÁRIA_y,TIPO DE LOGRADOURO_y,LOGRADOURO_y,NÚMERO_y,COMPLEMENTO_y,BAIRRO_y,CEP_y,MUNICÍPIO_y,endereco_completo,Latitude,Longitude
0,1284515,ORGANIZAÇÃO BARREIRA AMIGOS SOLIDARIOS,"2,02406E+16",30485.0,"45456,70192",15565679000133,COOPERATIVA DA AGRICULTURA FAMILIAR DE CAPISTRANO LTDA,Nota Fiscal,"Gêneros Alimentícios ( Proteínas, Carboidratos, Hortaliças, Sódios e Lipídios)
",45457,Efetivada,15565679000133,15565679,1,33,1,COOPAC,4633801,"4722901,4634601,1031700,1032599,1033301,1033302,4631100,4632003,4639701,4729699,9430800,9499500,4930202,7490103",COMUNIDADE,CARQUEIJA II,S/N,,ZONA RURAL,62748000,1357,15565679000133,1357,CAPISTRANO,Capistrano,Maciço de Baturité,CAPISTRANO,COOPERATIVA DA AGRICULTURA FAMILIAR DE CAPISTRANO,Aberto apenas para Atualização de Informações,OCB,,21/06/2014 12:35:55,13/03/2025 09:06:29,135.0,63.0,"97,78",COOPERATIVA DA AGRICULTURA FAMILIAR DE CAPISTRANO,Capistrano,Aberto apenas para Atualização de Informações,OCB,,21/06/2014 12:35:55,13/03/2025 09:06:29,135.0,63,"97,78",COOPAC,4633801.0,"4722901,4634601,1031700,1032599,1033301,1033302,4631100,4632003,4639701,4729699,9430800,9499500,4930202,7490103",COMUNIDADE,CARQUEIJA II,S/N,,ZONA RURAL,62748000.0,1357.0,"COMUNIDADE CARQUEIJA II, S/N, ZONA RURAL Capistrano-CE","-4,468156","-38,9462337"
1,1284515,ORGANIZAÇÃO BARREIRA AMIGOS SOLIDARIOS,"2,02406E+16",12194.0,"45456,70816",15565679000133,COOPERATIVA DA AGRICULTURA FAMILIAR DE CAPISTRANO LTDA,Nota Fiscal,"Gêneros Alimentícios ( Proteínas, Carboidratos, Hortaliças, Sódios e Lipídios)
",45457,Efetivada,15565679000133,15565679,1,33,1,COOPAC,4633801,"4722901,4634601,1031700,1032599,1033301,1033302,4631100,4632003,4639701,4729699,9430800,9499500,4930202,7490103",COMUNIDADE,CARQUEIJA II,S/N,,ZONA RURAL,62748000,1357,15565679000133,1357,CAPISTRANO,Capistrano,Maciço de Baturité,CAPISTRANO,COOPERATIVA DA AGRICULTURA FAMILIAR DE CAPISTRANO,Aberto apenas para Atualização de Informações,OCB,,21/06/2014 12:35:55,13/03/2025 09:06:29,135.0,63.0,"97,78",COOPERATIVA DA AGRICULTURA FAMILIAR DE CAPISTRANO,Capistrano,Aberto apenas para Atualização de Informações,OCB,,21/06/2014 12:35:55,13/03/2025 09:06:29,135.0,63,"97,78",COOPAC,4633801.0,"4722901,4634601,1031700,1032599,1033301,1033302,4631100,4632003,4639701,4729699,9430800,9499500,4930202,7490103",COMUNIDADE,CARQUEIJA II,S/N,,ZONA RURAL,62748000.0,1357.0,"COMUNIDADE CARQUEIJA II, S/N, ZONA RURAL Capistrano-CE","-4,468156","-38,9462337"
2,1284515,ORGANIZAÇÃO BARREIRA AMIGOS SOLIDARIOS,"2,02406E+16",6097.0,"45456,71236",15565679000133,COOPERATIVA DA AGRICULTURA FAMILIAR DE CAPISTRANO LTDA,Nota Fiscal,"Gêneros Alimentícios ( Proteínas, Carboidratos, Hortaliças, Sódios e Lipídios)
",45457,Efetivada,15565679000133,15565679,1,33,1,COOPAC,4633801,"4722901,4634601,1031700,1032599,1033301,1033302,4631100,4632003,4639701,4729699,9430800,9499500,4930202,7490103",COMUNIDADE,CARQUEIJA II,S/N,,ZONA RURAL,62748000,1357,15565679000133,1357,CAPISTRANO,Capistrano,Maciço de Baturité,CAPISTRANO,COOPERATIVA DA AGRICULTURA FAMILIAR DE CAPISTRANO,Aberto apenas para Atualização de Informações,OCB,,21/06/2014 12:35:55,13/03/2025 09:06:29,135.0,63.0,"97,78",COOPERATIVA DA AGRICULTURA FAMILIAR DE CAPISTRANO,Capistrano,Aberto apenas para Atualização de Informações,OCB,,21/06/2014 12:35:55,13/03/2025 09:06:29,135.0,63,"97,78",COOPAC,4633801.0,"4722901,4634601,1031700,1032599,1033301,1033302,4631100,4632003,4639701,4729699,9430800,9499500,4930202,7490103",COMUNIDADE,CARQUEIJA II,S/N,,ZONA RURAL,62748000.0,1357.0,"COMUNIDADE CARQUEIJA II, S/N, ZONA RURAL Capistrano-CE","-4,468156","-38,9462337"
3,1284515,ORGANIZAÇÃO BARREIRA AMIGOS SOLIDARIOS,"2,02406E+16",30485.0,"45457,3695",15565679000133,COOPERATIVA DA AGRICULTURA FAMILIAR DE CAPISTRANO LTDA,Nota Fiscal,"Gêneros Alimentícios ( Proteínas, Carboidratos, Hortaliças, Sódios e Lipídios)
",45460,Efetivada,15565679000133,15565679,1,33,1,COOPAC,4633801,"4722901,4634601,1031700,1032599,1033301,1033302,4631100,4632003,4639701,4729699,9430800,9499500,4930202,7490103",COMUNIDADE,CARQUEIJA II,S/N,,ZONA RURAL,62748000,1357,15565679000133,1357,CAPISTRANO,Capistrano,Maciço de Baturité,CAPISTRANO,COOPERATIVA DA AGRICULTURA FAMILIAR DE CAPISTRANO,Aberto apenas para Atualização de Informações,OCB,,21/06/2014 12:35:55,13/03/2025 09:06:29,135.0,63.0,"97,78",COOPERATIVA DA AGRICULTURA FAMILIAR DE CAPISTRANO,Capistrano,Aberto apenas para Atualização de Informações,OCB,,21/06/2014 12:35:55,13/03/2025 09:06:29,135.0,63,"97,78",COOPAC,4633801.0,"4722901,4634601,1031700,1032599,1033301,1033302,4631100,4632003,4639701,4729699,9430800,9499500,4930202,7490103",COMUNIDADE,CARQUEIJA II,S/N,,ZONA RURAL,62748000.0,1357.0,"COMUNIDADE CARQUEIJA II, S/N, ZONA RURAL Capistrano-CE","-4,468156","-38,9462337"
4,1284515,ORGANIZAÇÃO BARREIRA AMIGOS SOLIDARIOS,"2,02406E+16",6097.0,"45457,37494",15565679000133,COOPERATIVA DA AGRICULTURA FAMILIAR DE CAPISTRANO LTDA,Nota Fiscal,"Gêneros Alimentícios ( Proteínas, Carboidratos, Hortaliças, Sódios e Lipídios)
",45460,Efetivada,15565679000133,15565679,1,33,1,COOPAC,4633801,"4722901,4634601,1031700,1032599,1033301,1033302,4631100,4632003,4639701,4729699,9430800,9499500,4930202,7490103",COMUNIDADE,CARQUEIJA II,S/N,,ZONA RURAL,62748000,1357,15565679000133,1357,CAPISTRANO,Capistrano,Maciço de Baturité,CAPISTRANO,COOPERATIVA DA AGRICULTURA FAMILIAR DE CAPISTRANO,Aberto apenas para Atualização de Informações,OCB,,21/06/2014 12:35:55,13/03/2025 09:06:29,135.0,63.0,"97,78",COOPERATIVA DA AGRICULTURA FAMILIAR DE CAPISTRANO,Capistrano,Aberto apenas para Atualização de Informações,OCB,,21/06/2014 12:35:55,13/03/2025 09:06:29,135.0,63,"97,78",COOPAC,4633801.0,"4722901,4634601,1031700,1032599,1033301,1033302,4631100,4632003,4639701,4729699,9430800,9499500,4930202,7490103",COMUNIDADE,CARQUEIJA II,S/N,,ZONA RURAL,62748000.0,1357.0,"COMUNIDADE CARQUEIJA II, S/N, ZONA RURAL Capistrano-CE","-4,468156","-38,9462337"
5,1284515,ORGANIZAÇÃO BARREIRA AMIGOS SOLIDARIOS,"2,02406E+16",6097.0,"45460,58373",15565679000133,COOPERATIVA DA AGRICULTURA FAMILIAR DE CAPISTRANO LTDA,Nota Fiscal,"Gêneros Alimentícios ( Proteínas, Carboidratos, Hortaliças, Sódios e Lipídios)
",45461,Efetivada,15565679000133,15565679,1,33,1,COOPAC,4633801,"4722901,4634601,1031700,1032599,1033301,1033302,4631100,4632003,4639701,4729699,9430800,9499500,4930202,7490103",COMUNIDADE,CARQUEIJA II,S/N,,ZONA RURAL,62748000,1357,15565679000133,1357,CAPISTRANO,Capistrano,Maciço de Baturité,CAPISTRANO,COOPERATIVA DA AGRICULTURA FAMILIAR DE CAPISTRANO,Aberto apenas para Atualização de Informações,OCB,,21/06/2014 12:35:55,13/03/2025 09:06:29,135.0,63.0,"97,78",COOPERATIVA DA AGRICULTURA FAMILIAR DE CAPISTRANO,Capistrano,Aberto apenas para Atualização de Informações,OCB,,21/06/2014 12:35:55,13/03/2025 09:06:29,135.0,63,"97,78",COOPAC,4633801.0,"4722901,4634601,1031700,1032599,1033301,1033302,4631100,4632003,4639701,4729699,9430800,9499500,4930202,7490103",COMUNIDADE,CARQUEIJA II,S/N,,ZONA RURAL,62748000.0,1357.0,"COMUNIDADE CARQUEIJA II, S/N, ZONA RURAL Capistrano-CE","-4,468156","-38,9462337"
6,1284515,ORGANIZAÇÃO BARREIRA AMIGOS SOLIDARIOS,"2,02407E+16",30485.0,"45484,44773",15565679000133,COOPERATIVA DA AGRICULTURA FAMILIAR DE CAPISTRANO LTDA,Nota Fiscal,"Gêneros Alimentícios ( Proteínas, Carboidratos, Hortaliças, Sódios e Lipídios)
",45485,Efetivada,15565679000133,15565679,1,33,1,COOPAC,4633801,"4722901,4634601,1031700,1032599,1033301,1033302,4631100,4632003,4639701,4729699,9430800,9499500,4930202,7490103",COMUNIDADE,CARQUEIJA II,S/N,,ZONA RURAL,62748000,1357,15565679000133,1357,CAPISTRANO,Capistrano,Maciço de Baturité,CAPISTRANO,COOPERATIVA DA AGRICULTURA FAMILIAR DE CAPISTRANO,Aberto apenas para Atualização de Informações,OCB,,21/06/2014 12:35:55,13/03/2025 09:06:29,135.0,63.0,"97,78",COOPERATIVA DA AGRICULTURA FAMILIAR DE CAPISTRANO,Capistrano,Aberto apenas para Atualização de Informações,OCB,,21/06/2014 12:35:55,13/03/2025 09:06:29,135.0,63,"97,78",COOPAC,4633801.0,"4722901,4634601,1031700,1032599,1033301,1033302,4631100,4632003,4639701,4729699,9430800,9499500,4930202,7490103",COMUNIDADE,CARQUEIJA II,S/N,,ZONA RURAL,62748000.0,1357.0,"COMUNIDADE CARQUEIJA II, S/N, ZONA RURAL Capistrano-CE","-4,468156","-38,9462337"
7,1284515,ORGANIZAÇÃO BARREIRA AMIGOS SOLIDARIOS,"2,02407E+16",6097.0,"45484,45098",15565679000133,COOPERATIVA DA AGRICULTURA FAMILIAR DE CAPISTRANO LTDA,Nota Fiscal,"Gêneros Alimentícios ( Proteínas, Carboidratos, Hortaliças, Sódios e Lipídios)
",45485,Efetivada,15565679000133,15565679,1,33,1,COOPAC,4633801,"4722901,4634601,1031700,1032599,1033301,1033302,4631100,4632003,4639701,4729699,9430800,9499500,4930202,7490103",COMUNIDADE,CARQUEIJA II,S/N,,ZONA RURAL,62748000,1357,15565679000133,1357,CAPISTRANO,Capistrano,Maciço de Baturité,CAPISTRANO,COOPERATIVA DA AGRICULTURA FAMILIAR DE CAPISTRANO,Aberto apenas para Atualização de Informações,OCB,,21/06/2014 12:35:55,13/03/2025 09:06:29,135.0,63.0,"97,78",COOPERATIVA DA AGRICULTURA FAMILIAR DE CAPISTRANO,Capistrano,Aberto apenas para Atualização de Informações,OCB,,21/06/2014 12:35:55,13/03/2025 09:06:29,135.0,63,"97,78",COOPAC,4633801.0,"4722901,4634601,1031700,1032599,1033301,1033302,4631100,4632003,4639701,4729699,9430800,9499500,4930202,7490103",COMUNIDADE,CARQUEIJA II,S/N,,ZONA RURAL,62748000.0,1357.0,"COMUNIDADE CARQUEIJA II, S/N, ZONA RURAL Capistrano-CE","-4,468156","-38,9462337"
8,1284515,ORGANIZAÇÃO BARREIRA AMIGOS SOLIDARIOS,"2,02407E+16",12194.0,"45484,45404",15565679000133,COOPERATIVA DA AGRICULTURA FAMILIAR DE CAPISTRANO LTDA,Nota Fiscal,"Gêneros Alimentícios ( Proteínas, Carboidratos, Hortaliças, Sódios e Lipídios)
",45485,Efetivada,15565679000133,15565679,1,33,1,COOPAC,4633801,"4722901,4634601,1031700,1032599,1033301,1033302,4631100,4632003,4639701,4729699,9430800,9499500,4930202,7490103",COMUNIDADE,CARQUEIJA II,S/N,,ZONA RURAL,62748000,1357,15565679000133,1357,CAPISTRANO,Capistrano,Maciço de Baturité,CAPISTRANO,COOPERATIVA DA AGRICULTURA FAMILIAR DE CAPISTRANO,Aberto apenas para Atualização de Informações,OCB,,21/06/2014 12:35:55,13/03/2025 09:06:29,135.0,63.0,"97,78",COOPERATIVA DA AGRICULTURA FAMILIAR DE CAPISTRANO,Capistrano,Aberto apenas para Atualização de Informações,OCB,,21/06/2014 12:35:55,13/03/2025 09:06:29,135.0,63,"97,78",COOPAC,4633801.0,"4722901,4634601,1031700,1032599,1033301,1033302,4631100,4632003,4639701,4729699,9430800,9499500,4930202,7490103",COMUNIDADE,CARQUEIJA II,S/N,,ZONA RURAL,62748000.0,1357.0,"COMUNIDADE CARQUEIJA II, S/N, ZONA RURAL Capistrano-CE","-4,468156","-38,9462337"
9,1284515,ORGANIZAÇÃO BARREIRA AMIGOS SOLIDARIOS,"2,02407E+16",30485.0,"45488,67757",15565679000133,COOPERATIVA DA AGRICULTURA FAMILIAR DE CAPISTRANO LTDA,Nota Fiscal,"Gêneros Alimentícios ( Proteínas, Carboidratos, Hortaliças, Sódios e Lipídios)
",45489,Efetivada,15565679000133,15565679,1,33,1,COOPAC,4633801,"4722901,4634601,1031700,1032599,1033301,1033302,4631100,4632003,4639701,4729699,9430800,9499500,4930202,7490103",COMUNIDADE,CARQUEIJA II,S/N,,ZONA RURAL,62748000,1357,15565679000133,1357,CAPISTRANO,Capistrano,Maciço de Baturité,CAPISTRANO,COOPERATIVA DA AGRICULTURA FAMILIAR DE CAPISTRANO,Aberto apenas para Atualização de Informações,OCB,,21/06/2014 12:35:55,13/03/2025 09:06:29,135.0,63.0,"97,78",COOPERATIVA DA AGRICULTURA FAMILIAR DE CAPISTRANO,Capistrano,Aberto apenas para Atualização de Informações,OCB,,21/06/2014 12:35:55,13/03/2025 09:06:29,135.0,63,"97,78",COOPAC,4633801.0,"4722901,4634601,1031700,1032599,1033301,1033302,4631100,4632003,4639701,4729699,9430800,9499500,4930202,7490103",COMUNIDADE,CARQUEIJA II,S/N,,ZONA RURAL,62748000.0,1357.0,"COMUNIDADE CARQUEIJA II, S/N, ZONA RURAL Capistrano-CE","-4,468156","-38,9462337"
10,1284515,ORGANIZAÇÃO BARREIRA AMIGOS SOLIDARIOS,"2,02407E+16",6097.0,"45488,68512",15565679000133,COOPERATIVA DA AGRICULTURA FAMILIAR DE CAPISTRANO LTDA,Nota Fiscal,"Gêneros Alimentícios ( Proteínas, Carboidratos, Hortaliças, Sódios e Lipídios)
",45489,Efetivada,15565679000133,15565679,1,33,1,COOPAC,4633801,"4722901,4634601,1031700,1032599,1033301,1033302,4631100,4632003,4639701,4729699,9430800,9499500,4930202,7490103",COMUNIDADE,CARQUEIJA II,S/N,,ZONA RURAL,62748000,1357,15565679000133,1357,CAPISTRANO,Capistrano,Maciço de Baturité,CAPISTRANO,COOPERATIVA DA AGRICULTURA FAMILIAR DE CAPISTRANO,Aberto apenas para Atualização de Informações,OCB,,21/06/2014 12:35:55,13/03/2025 09:06:29,135.0,63.0,"97,78",COOPERATIVA DA AGRICULTURA FAMILIAR DE CAPISTRANO,Capistrano,Aberto apenas para Atualização de Informações,OCB,,21/06/2014 12:35:55,13/03/2025 09:06:29,135.0,63,"97,78",COOPAC,4633801.0,"4722901,4634601,1031700,1032599,1033301,1033302,4631100,4632003,4639701,4729699,9430800,9499500,4930202,7490103",COMUNIDADE,CARQUEIJA II,S/N,,ZONA RURAL,62748000.0,1357.0,"COMUNIDADE CARQUEIJA II, S/N, ZONA RURAL Capistrano-CE","-4,468156","-38,9462337"
11,1284515,ORGANIZAÇÃO BARREIRA AMIGOS SOLIDARIOS,"2,02407E+16",6097.0,"45490,66238",15565679000133,COOPERATIVA DA AGRICULTURA FAMILIAR DE CAPISTRANO LTDA,Nota Fiscal,"Gêneros Alimentícios ( Proteínas, Carboidratos, Hortaliças, Sódios e Lipídios)
",45491,Efetivada,15565679000133,15565679,1,33,1,COOPAC,4633801,"4722901,4634601,1031700,1032599,1033301,1033302,4631100,4632003,4639701,4729699,9430800,9499500,4930202,7490103",COMUNIDADE,CARQUEIJA II,S/N,,ZONA RURAL,62748000,1357,15565679000133,1357,CAPISTRANO,Capistrano,Maciço de Baturité,CAPISTRANO,COOPERATIVA DA AGRICULTURA FAMILIAR DE CAPISTRANO,Aberto apenas para Atualização de Informações,OCB,,21/06/2014 12:35:55,13/03/2025 09:06:29,135.0,63.0,"97,78",COOPERATIVA DA AGRICULTURA FAMILIAR DE CAPISTRANO,Capistrano,Aberto apenas para Atualização de Informações,OCB,,21/06/2014 12:35:55,13/03/2025 09:06:29,135.0,63,"97,78",COOPAC,4633801.0,"4722901,4634601,1031700,1032599,1033301,1033302,4631100,4632003,4639701,4729699,9430800,9499500,4930202,7490103",COMUNIDADE,CARQUEIJA II,S/N,,ZONA RURAL,62748000.0,1357.0,"COMUNIDADE CARQUEIJA II, S/N, ZONA RURAL Capistrano-CE","-4,468156","-38,9462337"
12,1284515,ORGANIZAÇÃO BARREIRA AMIGOS SOLIDARIOS,"2,02408E+16",30485.0,"45509,77237",15565679000133,COOPERATIVA DA AGRICULTURA FAMILIAR DE CAPISTRANO LTDA,Nota Fiscal,"Gêneros Alimentícios ( Proteínas, Carboidratos, Hortaliças, Sódios e Lipídios)
",45510,Efetivada,15565679000133,15565679,1,33,1,COOPAC,4633801,"4722901,4634601,1031700,1032599,1033301,1033302,4631100,4632003,4639701,4729699,9430800,9499500,4930202,7490103",COMUNIDADE,CARQUEIJA II,S/N,,ZONA RURAL,62748000,1357,15565679000133,1357,CAPISTRANO,Capistrano,Maciço de Baturité,CAPISTRANO,COOPERATIVA DA AGRICULTURA FAMILIAR DE CAPISTRANO,Aberto apenas para Atualização de Informações,OCB,,21/06/2014 12:35:55,13/03/2025 09:06:29,135.0,63.0,"97,78",COOPERATIVA DA AGRICULTURA FAMILIAR DE CAPISTRANO,Capistrano,Aberto apenas para Atualização de Informações,OCB,,21/06/2014 12:35:55,13/03/2025 09:06:29,135.0,63,"97,78",COOPAC,4633801.0,"4722901,4634601,1031700,1032599,1033301,1033302,4631100,4632003,4639701,4729699,9430800,9499500,4930202,7490103",COMUNIDADE,CARQUEIJA II,S/N,,ZONA RURAL,62748000.0,1357.0,"COMUNIDADE CARQUEIJA II, S/N, ZONA RURAL Capistrano-CE","-4,468156","-38,9462337"
13,1284515,ORGANIZAÇÃO BARREIRA AMIGOS SOLIDARIOS,"2,02408E+16",12194.0,"45509,77623",15565679000133,COOPERATIVA DA AGRICULTURA FAMILIAR DE CAPISTRANO LTDA,Nota Fiscal,"Gêneros Alimentícios ( Proteínas, Carboidratos, Hortaliças, Sódios e Lipídios)
",45510,Efetivada,15565679000133,15565679,1,33,1,COOPAC,4633801,"4722901,4634601,1031700,1032599,1033301,1033302,4631100,4632003,4639701,4729699,9430800,9499500,4930202,7490103",COMUNIDADE,CARQUEIJA II,S/N,,ZONA RURAL,62748000,1357,15565679000133,1357,CAPISTRANO,Capistrano,Maciço de Baturité,CAPISTRANO,COOPERATIVA DA AGRICULTURA FAMILIAR DE CAPISTRANO,Aberto apenas para Atualização de Informações,OCB,,21/06/2014 12:35:55,13/03/2025 09:06:29,135.0,63.0,"97,78",COOPERATIVA DA AGRICULTURA FAMILIAR DE CAPISTRANO,Capistrano,Aberto apenas para Atualização de Informações,OCB,,21/06/2014 12:35:55,13/03/2025 09:06:29,135.0,63,"97,78",COOPAC,4633801.0,"4722901,4634601,1031700,1032599,1033301,1033302,4631100,4632003,4639701,4729699,9430800,9499500,4930202,7490103",COMUNIDADE,CARQUEIJA II,S/N,,ZONA RURAL,62748000.0,1357.0,"COMUNIDADE CARQUEIJA II, S/N, ZONA RURAL Capistrano-CE","-4,468156","-38,9462337"
14,1284515,ORGANIZAÇÃO BARREIRA AMIGOS SOLIDARIOS,"2,02408E+16",6097.0,"45509,77918",15565679000133,COOPERATIVA DA AGRICULTURA FAMILIAR DE CAPISTRANO LTDA,Nota Fiscal,"Gêneros Alimentícios ( Proteínas, Carboidratos, Hortaliças, Sódios e Lipídios)
",45510,Efetivada,15565679000133,15565679,1,33,1,COOPAC,4633801,"4722901,4634601,1031700,1032599,1033301,1033302,4631100,4632003,4639701,4729699,9430800,9499500,4930202,7490103",COMUNIDADE,CARQUEIJA II,S/N,,ZONA RURAL,62748000,1357,15565679000133,1357,CAPISTRANO,Capistrano,Maciço de Baturité,CAPISTRANO,COOPERATIVA DA AGRICULTURA FAMILIAR DE CAPISTRANO,Aberto apenas para Atualização de Informações,OCB,,21/06/2014 12:35:55,13/03/2025 09:06:29,135.0,63.0,"97,78",COOPERATIVA DA AGRICULTURA FAMILIAR DE CAPISTRANO,Capistrano,Aberto apenas para Atualização de Informações,OCB,,21/06/2014 12:35:55,13/03/2025 09:06:29,135.0,63,"97,78",COOPAC,4633801.0,"4722901,4634601,1031700,1032599,1033301,1033302,4631100,4632003,4639701,4729699,9430800,9499500,4930202,7490103",COMUNIDADE,CARQUEIJA II,S/N,,ZONA RURAL,62748000.0,1357.0,"COMUNIDADE CARQUEIJA II, S/N, ZONA RURAL Capistrano-CE","-4,468156","-38,9462337"
15,1284515,ORGANIZAÇÃO BARREIRA AMIGOS SOLIDARIOS,"2,02408E+16",30485.0,"45511,80709",15565679000133,COOPERATIVA DA AGRICULTURA FAMILIAR DE CAPISTRANO LTDA,Nota Fiscal,"Gêneros Alimentícios ( Proteínas, Carboidratos, Hortaliças, Sódios e Lipídios)
",45512,Efetivada,15565679000133,15565679,1,33,1,COOPAC,4633801,"4722901,4634601,1031700,1032599,1033301,1033302,4631100,4632003,4639701,4729699,9430800,9499500,4930202,7490103",COMUNIDADE,CARQUEIJA II,S/N,,ZONA RURAL,62748000,1357,15565679000133,1357,CAPISTRANO,Capistrano,Maciço de Baturité,CAPISTRANO,COOPERATIVA DA AGRICULTURA FAMILIAR DE CAPISTRANO,Aberto apenas para Atualização de Informações,OCB,,21/06/2014 12:35:55,13/03/2025 09:06:29,135.0,63.0,"97,78",COOPERATIVA DA AGRICULTURA FAMILIAR DE CAPISTRANO,Capistrano,Aberto apenas para Atualização de Informações,OCB,,21/06/2014 12:35:55,13/03/2025 09:06:29,135.0,63,"97,78",COOPAC,4633801.0,"4722901,4634601,1031700,1032599,1033301,1033302,4631100,4632003,4639701,4729699,9430800,9499500,4930202,7490103",COMUNIDADE,CARQUEIJA II,S/N,,ZONA RURAL,62748000.0,1357.0,"COMUNIDADE CARQUEIJA II, S/N, ZONA RURAL Capistrano-CE","-4,468156","-38,9462337"
16,1284515,ORGANIZAÇÃO BARREIRA AMIGOS SOLIDARIOS,"2,02408E+16",6097.0,"45511,81118",15565679000133,COOPERATIVA DA AGRICULTURA FAMILIAR DE CAPISTRANO LTDA,Nota Fiscal,"Gêneros Alimentícios ( Proteínas, Carboidratos, Hortaliças, Sódios e Lipídios)
",45512,Efetivada,15565679000133,15565679,1,33,1,COOPAC,4633801,"4722901,4634601,1031700,1032599,1033301,1033302,4631100,4632003,4639701,4729699,9430800,9499500,4930202,7490103",COMUNIDADE,CARQUEIJA II,S/N,,ZONA RURAL,62748000,1357,15565679000133,1357,CAPISTRANO,Capistrano,Maciço de Baturité,CAPISTRANO,COOPERATIVA DA AGRICULTURA FAMILIAR DE CAPISTRANO,Aberto apenas para Atualização de Informações,OCB,,21/06/2014 12:35:55,13/03/2025 09:06:29,135.0,63.0,"97,78",COOPERATIVA DA AGRICULTURA FAMILIAR DE CAPISTRANO,Capistrano,Aberto apenas para Atualização de Informações,OCB,,21/06/2014 12:35:55,13/03/2025 09:06:29,135.0,63,"97,78",COOPAC,4633801.0,"4722901,4634601,1031700,1032599,1033301,1033302,4631100,4632003,4639701,4729699,9430800,9499500,4930202,7490103",COMUNIDADE,CARQUEIJA II,S/N,,ZONA RURAL,62748000.0,1357.0,"COMUNIDADE CARQUEIJA II, S/N, ZONA RURAL Capistrano-CE","-4,468156","-38,9462337"
17,1284515,ORGANIZAÇÃO BARREIRA AMIGOS SOLIDARIOS,"2,02408E+16",6097.0,"45518,8309",15565679000133,COOPERATIVA DA AGRICULTURA FAMILIAR DE CAPISTRANO LTDA,Nota Fiscal,"Gêneros Alimentícios ( Proteínas, Carboidratos, Hortaliças, Sódios e Lipídios)
",45520,Efetivada,15565679000133,15565679,1,33,1,COOPAC,4633801,"4722901,4634601,1031700,1032599,1033301,1033302,4631100,4632003,4639701,4729699,9430800,9499500,4930202,7490103",COMUNIDADE,CARQUEIJA II,S/N,,ZONA RURAL,62748000,1357,15565679000133,1357,CAPISTRANO,Capistrano,Maciço de Baturité,CAPISTRANO,COOPERATIVA DA AGRICULTURA FAMILIAR DE CAPISTRANO,Aberto apenas para Atualização de Informações,OCB,,21/06/2014 12:35:55,13/03/2025 09:06:29,135.0,63.0,"97,78",COOPERATIVA DA AGRICULTURA FAMILIAR DE CAPISTRANO,Capistrano,Aberto apenas para Atualização de Informações,OCB,,21/06/2014 12:35:55,13/03/2025 09:06:29,135.0,63,"97,78",COOPAC,4633801.0,"4722901,4634601,1031700,1032599,1033301,1033302,4631100,4632003,4639701,4729699,9430800,9499500,4930202,7490103",COMUNIDADE,CARQUEIJA II,S/N,,ZONA RURAL,62748000.0,1357.0,"COMUNIDADE CARQUEIJA II, S/N, ZONA RURAL Capistrano-CE","-4,468156","-38,9462337"
18,1284515,ORGANIZAÇÃO BARREIRA AMIGOS SOLIDARIOS,"2,02409E+16",57865.0,"45540,73921",15565679000133,COOPERATIVA DA AGRICULTURA FAMILIAR DE CAPISTRANO LTDA,Nota Fiscal,"Gêneros Alimentícios ( Proteínas, Carboidratos, Hortaliças, Sódios e Lipídios)
",45541,Efetivada,15565679000133,15565679,1,33,1,COOPAC,4633801,"4722901,4634601,1031700,1032599,1033301,1033302,4631100,4632003,4639701,4729699,9430800,9499500,4930202,7490103",COMUNIDADE,CARQUEIJA II,S/N,,ZONA RURAL,62748000,1357,15565679000133,1357,CAPISTRANO,Capistrano,Maciço de Baturité,CAPISTRANO,COOPERATIVA DA AGRICULTURA FAMILIAR DE CAPISTRANO,Aberto apenas para Atualização de Informações,OCB,,21/06/2014 12:35:55,13/03/2025 09:06:29,135.0,63.0,"97,78",COOPERATIVA DA AGRICULTURA FAMILIAR DE CAPISTRANO,Capistrano,Aberto apenas para Atualização de Informações,OCB,,21/06/2014 12:35:55,13/03/2025 09:06:29,135.0,63,"97,78",COOPAC,4633801.0,"4722901,4634601,1031700,1032599,1033301,1033302,4631100,4632003,4639701,4729699,9430800,9499500,4930202,7490103",COMUNIDADE,CARQUEIJA II,S/N,,ZONA RURAL,62748000.0,1357.0,"COMUNIDADE CARQUEIJA II, S/N, ZONA RURAL Capistrano-CE","-4,468156","-38,9462337"
19,1284515,ORGANIZAÇÃO BARREIRA AMIGOS SOLIDARIOS,"2,02409E+16",6796.0,"45540,75413",15565679000133,COOPERATIVA DA AGRICULTURA FAMILIAR DE CAPISTRANO LTDA,Nota Fiscal,"Gêneros Alimentícios ( Proteínas, Carboidratos, Hortaliças, Sódios e Lipídios)
",45541,Efetivada,15565679000133,15565679,1,33,1,COOPAC,4633801,"4722901,4634601,1031700,1032599,1033301,1033302,4631100,4632003,4639701,4729699,9430800,9499500,4930202,7490103",COMUNIDADE,CARQUEIJA II,S/N,,ZONA RURAL,62748000,1357,15565679000133,1357,CAPISTRANO,Capistrano,Maciço de Baturité,CAPISTRANO,COOPERATIVA DA AGRICULTURA FAMILIAR DE CAPISTRANO,Aberto apenas para Atualização de Informações,OCB,,21/06/2014 12:35:55,13/03/2025 09:06:29,135.0,63.0,"97,78",COOPERATIVA DA AGRICULTURA FAMILIAR DE CAPISTRANO,Capistrano,Aberto apenas para Atualização de Informações,OCB,,21/06/2014 12:35:55,13/03/2025 09:06:29,135.0,63,"97,78",COOPAC,4633801.0,"4722901,4634601,1031700,1032599,1033301,1033302,4631100,4632003,4639701,4729699,9430800,9499500,4930202,7490103",COMUNIDADE,CARQUEIJA II,S/N,,ZONA RURAL,62748000.0,1357.0,"COMUNIDADE CARQUEIJA II, S/N, ZONA RURAL Capistrano-CE","-4,468156","-38,9462337"
20,1284515,ORGANIZAÇÃO BARREIRA AMIGOS SOLIDARIOS,"2,02409E+16",289325.0,"45540,76938",15565679000133,COOPERATIVA DA AGRICULTURA FAMILIAR DE CAPISTRANO LTDA,Nota Fiscal,"Gêneros Alimentícios ( Proteínas, Carboidratos, Hortaliças, Sódios e Lipídios)
",45541,Efetivada,15565679000133,15565679,1,33,1,COOPAC,4633801,"4722901,4634601,1031700,1032599,1033301,1033302,4631100,4632003,4639701,4729699,9430800,9499500,4930202,7490103",COMUNIDADE,CARQUEIJA II,S/N,,ZONA RURAL,62748000,1357,15565679000133,1357,CAPISTRANO,Capistrano,Maciço de Baturité,CAPISTRANO,COOPERATIVA DA AGRICULTURA FAMILIAR DE CAPISTRANO,Aberto apenas para Atualização de Informações,OCB,,21/06/2014 12:35:55,13/03/2025 09:06:29,135.0,63.0,"97,78",COOPERATIVA DA AGRICULTURA FAMILIAR DE CAPISTRANO,Capistrano,Aberto apenas para Atualização de Informações,OCB,,21/06/2014 12:35:55,13/03/2025 09:06:29,135.0,63,"97,78",COOPAC,4633801.0,"4722901,4634601,1031700,1032599,1033301,1033302,4631100,4632003,4639701,4729699,9430800,9499500,4930202,7490103",COMUNIDADE,CARQUEIJA II,S/N,,ZONA RURAL,62748000.0,1357.0,"COMUNIDADE CARQUEIJA II, S/N, ZONA RURAL Capistrano-CE","-4,468156","-38,9462337"
21,1284515,ORGANIZAÇÃO BARREIRA AMIGOS SOLIDARIOS,"2,02409E+16",11573.0,"45540,77473",15565679000133,COOPERATIVA DA AGRICULTURA FAMILIAR DE CAPISTRANO LTDA,Nota Fiscal,"Gêneros Alimentícios ( Proteínas, Carboidratos, Hortaliças, Sódios e Lipídios)
",45541,Efetivada,15565679000133,15565679,1,33,1,COOPAC,4633801,"4722901,4634601,1031700,1032599,1033301,1033302,4631100,4632003,4639701,4729699,9430800,9499500,4930202,7490103",COMUNIDADE,CARQUEIJA II,S/N,,ZONA RURAL,62748000,1357,15565679000133,1357,CAPISTRANO,Capistrano,Maciço de Baturité,CAPISTRANO,COOPERATIVA DA AGRICULTURA FAMILIAR DE CAPISTRANO,Aberto apenas para Atualização de Informações,OCB,,21/06/2014 12:35:55,13/03/2025 09:06:29,135.0,63.0,"97,78",COOPERATIVA DA AGRICULTURA FAMILIAR DE CAPISTRANO,Capistrano,Aberto apenas para Atualização de Informações,OCB,,21/06/2014 12:35:55,13/03/2025 09:06:29,135.0,63,"97,78",COOPAC,4633801.0,"4722901,4634601,1031700,1032599,1033301,1033302,4631100,4632003,4639701,4729699,9430800,9499500,4930202,7490103",COMUNIDADE,CARQUEIJA II,S/N,,ZONA RURAL,62748000.0,1357.0,"COMUNIDADE CARQUEIJA II, S/N, ZONA RURAL Capistrano-CE","-4,468156","-38,9462337"
22,1284515,ORGANIZAÇÃO BARREIRA AMIGOS SOLIDARIOS,"2,02409E+16",57865.0,"45554,77468",15565679000133,COOPERATIVA DA AGRICULTURA FAMILIAR DE CAPISTRANO LTDA,Nota Fiscal,"Gêneros Alimentícios ( Proteínas, Carboidratos, Hortaliças, Sódios e Lipídios)
",45555,Efetivada,15565679000133,15565679,1,33,1,COOPAC,4633801,"4722901,4634601,1031700,1032599,1033301,1033302,4631100,4632003,4639701,4729699,9430800,9499500,4930202,7490103",COMUNIDADE,CARQUEIJA II,S/N,,ZONA RURAL,62748000,1357,15565679000133,1357,CAPISTRANO,Capistrano,Maciço de Baturité,CAPISTRANO,COOPERATIVA DA AGRICULTURA FAMILIAR DE CAPISTRANO,Aberto apenas para Atualização de Informações,OCB,,21/06/2014 12:35:55,13/03/2025 09:06:29,135.0,63.0,"97,78",COOPERATIVA DA AGRICULTURA FAMILIAR DE CAPISTRANO,Capistrano,Aberto apenas para Atualização de Informações,OCB,,21/06/2014 12:35:55,13/03/2025 09:06:29,135.0,63,"97,78",COOPAC,4633801.0,"4722901,4634601,1031700,1032599,1033301,1033302,4631100,4632003,4639701,4729699,9430800,9499500,4930202,7490103",COMUNIDADE,CARQUEIJA II,S/N,,ZONA RURAL,62748000.0,1357.0,"COMUNIDADE CARQUEIJA II, S/N, ZONA RURAL Capistrano-CE","-4,468156","-38,9462337"
23,1284515,ORGANIZAÇÃO BARREIRA AMIGOS SOLIDARIOS,"2,02409E+16",57865.0,"45561,47079",15565679000133,COOPERATIVA DA AGRICULTURA FAMILIAR DE CAPISTRANO LTDA,Nota Fiscal,"Gêneros Alimentícios ( Proteínas, Carboidratos, Hortaliças, Sódios e Lipídios)
",45562,Efetivada,15565679000133,15565679,1,33,1,COOPAC,4633801,"4722901,4634601,1031700,1032599,1033301,1033302,4631100,4632003,4639701,4729699,9430800,9499500,4930202,7490103",COMUNIDADE,CARQUEIJA II,S/N,,ZONA RURAL,62748000,1357,15565679000133,1357,CAPISTRANO,Capistrano,Maciço de Baturité,CAPISTRANO,COOPERATIVA DA AGRICULTURA FAMILIAR DE CAPISTRANO,Aberto apenas para Atualização de Informações,OCB,,21/06/2014 12:35:55,13/03/2025 09:06:29,135.0,63.0,"97,78",COOPERATIVA DA AGRICULTURA FAMILIAR DE CAPISTRANO,Capistrano,Aberto apenas para Atualização de Informações,OCB,,21/06/2014 12:35:55,13/03/2025 09:06:29,135.0,63,"97,78",COOPAC,4633801.0,"4722901,4634601,1031700,1032599,1033301,1033302,4631100,4632003,4639701,4729699,9430800,9499500,4930202,7490103",COMUNIDADE,CARQUEIJA II,S/N,,ZONA RURAL,62748000.0,1357.0,"COMUNIDADE CARQUEIJA II, S/N, ZONA RURAL Capistrano-CE","-4,468156","-38,9462337"
24,1284515,ORGANIZAÇÃO BARREIRA AMIGOS SOLIDARIOS,"2,02409E+16",357285.0,"45561,62919",15565679000133,COOPERATIVA DA AGRICULTURA FAMILIAR DE CAPISTRANO LTDA,Nota Fiscal,"Gêneros Alimentícios ( Proteínas, Carboidratos, Hortaliças, Sódios e Lipídios)
",45562,Efetivada,15565679000133,15565679,1,33,1,COOPAC,4633801,"4722901,4634601,1031700,1032599,1033301,1033302,4631100,4632003,4639701,4729699,9430800,9499500,4930202,7490103",COMUNIDADE,CARQUEIJA II,S/N,,ZONA RURAL,62748000,1357,15565679000133,1357,CAPISTRANO,Capistrano,Maciço de Baturité,CAPISTRANO,COOPERATIVA DA AGRICULTURA FAMILIAR DE CAPISTRANO,Aberto apenas para Atualização de Informações,OCB,,21/06/2014 12:35:55,13/03/2025 09:06:29,135.0,63.0,"97,78",COOPERATIVA DA AGRICULTURA FAMILIAR DE CAPISTRANO,Capistrano,Aberto apenas para Atualização de Informações,OCB,,21/06/2014 12:35:55,13/03/2025 09:06:29,135.0,63,"97,78",COOPAC,4633801.0,"4722901,4634601,1031700,1032599,1033301,1033302,4631100,4632003,4639701,4729699,9430800,9499500,4930202,7490103",COMUNIDADE,CARQUEIJA II,S/N,,ZONA RURAL,62748000.0,1357.0,"COMUNIDADE CARQUEIJA II, S/N, ZONA RURAL Capistrano-CE","-4,468156","-38,9462337"
25,1284515,ORGANIZAÇÃO BARREIRA AMIGOS SOLIDARIOS,"2,0241E+16",15662.0,"45587,74867",15565679000133,COOPERATIVA DA AGRICULTURA FAMILIAR DE CAPISTRANO LTDA,Nota Fiscal,"Gêneros Alimentícios ( Proteínas, Carboidratos, Hortaliças, Sódios e Lipídios)
",45588,Efetivada,15565679000133,15565679,1,33,1,COOPAC,4633801,"4722901,4634601,1031700,1032599,1033301,1033302,4631100,4632003,4639701,4729699,9430800,9499500,4930202,7490103",COMUNIDADE,CARQUEIJA II,S/N,,ZONA RURAL,62748000,1357,15565679000133,1357,CAPISTRANO,Capistrano,Maciço de Baturité,CAPISTRANO,COOPERATIVA DA AGRICULTURA FAMILIAR DE CAPISTRANO,Aberto apenas para Atualização de Informações,OCB,,21/06/2014 12:35:55,13/03/2025 09:06:29,135.0,63.0,"97,78",COOPERATIVA DA AGRICULTURA FAMILIAR DE CAPISTRANO,Capistrano,Aberto apenas para Atualização de Informações,OCB,,21/06/2014 12:35:55,13/03/2025 09:06:29,135.0,63,"97,78",COOPAC,4633801.0,"4722901,4634601,1031700,1032599,1033301,1033302,4631100,4632003,4639701,4729699,9430800,9499500,4930202,7490103",COMUNIDADE,CARQUEIJA II,S/N,,ZONA RURAL,62748000.0,1357.0,"COMUNIDADE CARQUEIJA II, S/N, ZONA RURAL Capistrano-CE","-4,468156","-38,9462337"
26,1284515,ORGANIZAÇÃO BARREIRA AMIGOS SOLIDARIOS,"2,0241E+16",12194.0,"45587,7537",15565679000133,COOPERATIVA DA AGRICULTURA FAMILIAR DE CAPISTRANO LTDA,Nota Fiscal,"Gêneros Alimentícios ( Proteínas, Carboidratos, Hortaliças, Sódios e Lipídios)
",45588,Efetivada,15565679000133,15565679,1,33,1,COOPAC,4633801,"4722901,4634601,1031700,1032599,1033301,1033302,4631100,4632003,4639701,4729699,9430800,9499500,4930202,7490103",COMUNIDADE,CARQUEIJA II,S/N,,ZONA RURAL,62748000,1357,15565679000133,1357,CAPISTRANO,Capistrano,Maciço de Baturité,CAPISTRANO,COOPERATIVA DA AGRICULTURA FAMILIAR DE CAPISTRANO,Aberto apenas para Atualização de Informações,OCB,,21/06/2014 12:35:55,13/03/2025 09:06:29,135.0,63.0,"97,78",COOPERATIVA DA AGRICULTURA FAMILIAR DE CAPISTRANO,Capistrano,Aberto apenas para Atualização de Informações,OCB,,21/06/2014 12:35:55,13/03/2025 09:06:29,135.0,63,"97,78",COOPAC,4633801.0,"4722901,4634601,1031700,1032599,1033301,1033302,4631100,4632003,4639701,4729699,9430800,9499500,4930202,7490103",COMUNIDADE,CARQUEIJA II,S/N,,ZONA RURAL,62748000.0,1357.0,"COMUNIDADE CARQUEIJA II, S/N, ZONA RURAL Capistrano-CE","-4,468156","-38,9462337"
27,1284515,ORGANIZAÇÃO BARREIRA AMIGOS SOLIDARIOS,"2,0241E+16",6097.0,"45587,75938",15565679000133,COOPERATIVA DA AGRICULTURA FAMILIAR DE CAPISTRANO LTDA,Nota Fiscal,"Gêneros Alimentícios ( Proteínas, Carboidratos, Hortaliças, Sódios e Lipídios)
",45588,Efetivada,15565679000133,15565679,1,33,1,COOPAC,4633801,"4722901,4634601,1031700,1032599,1033301,1033302,4631100,4632003,4639701,4729699,9430800,9499500,4930202,7490103",COMUNIDADE,CARQUEIJA II,S/N,,ZONA RURAL,62748000,1357,15565679000133,1357,CAPISTRANO,Capistrano,Maciço de Baturité,CAPISTRANO,COOPERATIVA DA AGRICULTURA FAMILIAR DE CAPISTRANO,Aberto apenas para Atualização de Informações,OCB,,21/06/2014 12:35:55,13/03/2025 09:06:29,135.0,63.0,"97,78",COOPERATIVA DA AGRICULTURA FAMILIAR DE CAPISTRANO,Capistrano,Aberto apenas para Atualização de Informações,OCB,,21/06/2014 12:35:55,13/03/2025 09:06:29,135.0,63,"97,78",COOPAC,4633801.0,"4722901,4634601,1031700,1032599,1033301,1033302,4631100,4632003,4639701,4729699,9430800,9499500,4930202,7490103",COMUNIDADE,CARQUEIJA II,S/N,,ZONA RURAL,62748000.0,1357.0,"COMUNIDADE CARQUEIJA II, S/N, ZONA RURAL Capistrano-CE","-4,468156","-38,9462337"
28,1284515,ORGANIZAÇÃO BARREIRA AMIGOS SOLIDARIOS,"2,0241E+16",6097.0,"45588,44427",15565679000133,COOPERATIVA DA AGRICULTURA FAMILIAR DE CAPISTRANO LTDA,Nota Fiscal,"Gêneros Alimentícios ( Proteínas, Carboidratos, Hortaliças, Sódios e Lipídios)
",45589,Efetivada,15565679000133,15565679,1,33,1,COOPAC,4633801,"4722901,4634601,1031700,1032599,1033301,1033302,4631100,4632003,4639701,4729699,9430800,9499500,4930202,7490103",COMUNIDADE,CARQUEIJA II,S/N,,ZONA RURAL,62748000,1357,15565679000133,1357,CAPISTRANO,Capistrano,Maciço de Baturité,CAPISTRANO,COOPERATIVA DA AGRICULTURA FAMILIAR DE CAPISTRANO,Aberto apenas para Atualização de Informações,OCB,,21/06/2014 12:35:55,13/03/2025 09:06:29,135.0,63.0,"97,78",COOPERATIVA DA AGRICULTURA FAMILIAR DE CAPISTRANO,Capistrano,Aberto apenas para Atualização de Informações,OCB,,21/06/2014 12:35:55,13/03/2025 09:06:29,135.0,63,"97,78",COOPAC,4633801.0,"4722901,4634601,1031700,1032599,1033301,1033302,4631100,4632003,4639701,4729699,9430800,9499500,4930202,7490103",COMUNIDADE,CARQUEIJA II,S/N,,ZONA RURAL,62748000.0,1357.0,"COMUNIDADE CARQUEIJA II, S/N, ZONA RURAL Capistrano-CE","-4,468156","-38,9462337"
29,1284515,ORGANIZAÇÃO BARREIRA AMIGOS SOLIDARIOS,"2,0241E+16",6097.0,"45589,70563",15565679000133,COOPERATIVA DA AGRICULTURA FAMILIAR DE CAPISTRANO LTDA,Nota Fiscal,"Gêneros Alimentícios ( Proteínas, Carboidratos, Hortaliças, Sódios e Lipídios)
",45590,Efetivada,15565679000133,15565679,1,33,1,COOPAC,4633801,"4722901,4634601,1031700,1032599,1033301,1033302,4631100,4632003,4639701,4729699,9430800,9499500,4930202,7490103",COMUNIDADE,CARQUEIJA II,S/N,,ZONA RURAL,62748000,1357,15565679000133,1357,CAPISTRANO,Capistrano,Maciço de Baturité,CAPISTRANO,COOPERATIVA DA AGRICULTURA FAMILIAR DE CAPISTRANO,Aberto apenas para Atualização de Informações,OCB,,21/06/2014 12:35:55,13/03/2025 09:06:29,135.0,63.0,"97,78",COOPERATIVA DA AGRICULTURA FAMILIAR DE CAPISTRANO,Capistrano,Aberto apenas para Atualização de Informações,OCB,,21/06/2014 12:35:55,13/03/2025 09:06:29,135.0,63,"97,78",COOPAC,4633801.0,"4722901,4634601,1031700,1032599,1033301,1033302,4631100,4632003,4639701,4729699,9430800,9499500,4930202,7490103",COMUNIDADE,CARQUEIJA II,S/N,,ZONA RURAL,62748000.0,1357.0,"COMUNIDADE CARQUEIJA II, S/N, ZONA RURAL Capistrano-CE","-4,468156","-38,9462337"
30,1284515,ORGANIZAÇÃO BARREIRA AMIGOS SOLIDARIOS,"2,0241E+16",3105.0,"45595,76837",15565679000133,COOPERATIVA DA AGRICULTURA FAMILIAR DE CAPISTRANO LTDA,Nota Fiscal,"Gêneros Alimentícios ( Proteínas, Carboidratos, Hortaliças, Sódios e Lipídios)
",45596,Efetivada,15565679000133,15565679,1,33,1,COOPAC,4633801,"4722901,4634601,1031700,1032599,1033301,1033302,4631100,4632003,4639701,4729699,9430800,9499500,4930202,7490103",COMUNIDADE,CARQUEIJA II,S/N,,ZONA RURAL,62748000,1357,15565679000133,1357,CAPISTRANO,Capistrano,Maciço de Baturité,CAPISTRANO,COOPERATIVA DA AGRICULTURA FAMILIAR DE CAPISTRANO,Aberto apenas para Atualização de Informações,OCB,,21/06/2014 12:35:55,13/03/2025 09:06:29,135.0,63.0,"97,78",COOPERATIVA DA AGRICULTURA FAMILIAR DE CAPISTRANO,Capistrano,Aberto apenas para Atualização de Informações,OCB,,21/06/2014 12:35:55,13/03/2025 09:06:29,135.0,63,"97,78",COOPAC,4633801.0,"4722901,4634601,1031700,1032599,1033301,1033302,4631100,4632003,4639701,4729699,9430800,9499500,4930202,7490103",COMUNIDADE,CARQUEIJA II,S/N,,ZONA RURAL,62748000.0,1357.0,"COMUNIDADE CARQUEIJA II, S/N, ZONA RURAL Capistrano-CE","-4,468156","-38,9462337"
31,1284515,ORGANIZAÇÃO BARREIRA AMIGOS SOLIDARIOS,"2,0241E+16",26794.0,"45595,76898",15565679000133,COOPERATIVA DA AGRICULTURA FAMILIAR DE CAPISTRANO LTDA,Nota Fiscal,"Gêneros Alimentícios ( Proteínas, Carboidratos, Hortaliças, Sódios e Lipídios)
",45596,Efetivada,15565679000133,15565679,1,33,1,COOPAC,4633801,"4722901,4634601,1031700,1032599,1033301,1033302,4631100,4632003,4639701,4729699,9430800,9499500,4930202,7490103",COMUNIDADE,CARQUEIJA II,S/N,,ZONA RURAL,62748000,1357,15565679000133,1357,CAPISTRANO,Capistrano,Maciço de Baturité,CAPISTRANO,COOPERATIVA DA AGRICULTURA FAMILIAR DE CAPISTRANO,Aberto apenas para Atualização de Informações,OCB,,21/06/2014 12:35:55,13/03/2025 09:06:29,135.0,63.0,"97,78",COOPERATIVA DA AGRICULTURA FAMILIAR DE CAPISTRANO,Capistrano,Aberto apenas para Atualização de Informações,OCB,,21/06/2014 12:35:55,13/03/2025 09:06:29,135.0,63,"97,78",COOPAC,4633801.0,"4722901,4634601,1031700,1032599,1033301,1033302,4631100,4632003,4639701,4729699,9430800,9499500,4930202,7490103",COMUNIDADE,CARQUEIJA II,S/N,,ZONA RURAL,62748000.0,1357.0,"COMUNIDADE CARQUEIJA II, S/N, ZONA RURAL Capistrano-CE","-4,468156","-38,9462337"
32,1284515,ORGANIZAÇÃO BARREIRA AMIGOS SOLIDARIOS,"2,0241E+16",21060.0,"45595,76939",15565679000133,COOPERATIVA DA AGRICULTURA FAMILIAR DE CAPISTRANO LTDA,Nota Fiscal,"Gêneros Alimentícios ( Proteínas, Carboidratos, Hortaliças, Sódios e Lipídios)
",45596,Efetivada,15565679000133,15565679,1,33,1,COOPAC,4633801,"4722901,4634601,1031700,1032599,1033301,1033302,4631100,4632003,4639701,4729699,9430800,9499500,4930202,7490103",COMUNIDADE,CARQUEIJA II,S/N,,ZONA RURAL,62748000,1357,15565679000133,1357,CAPISTRANO,Capistrano,Maciço de Baturité,CAPISTRANO,COOPERATIVA DA AGRICULTURA FAMILIAR DE CAPISTRANO,Aberto apenas para Atualização de Informações,OCB,,21/06/2014 12:35:55,13/03/2025 09:06:29,135.0,63.0,"97,78",COOPERATIVA DA AGRICULTURA FAMILIAR DE CAPISTRANO,Capistrano,Aberto apenas para Atualização de Informações,OCB,,21/06/2014 12:35:55,13/03/2025 09:06:29,135.0,63,"97,78",COOPAC,4633801.0,"4722901,4634601,1031700,1032599,1033301,1033302,4631100,4632003,4639701,4729699,9430800,9499500,4930202,7490103",COMUNIDADE,CARQUEIJA II,S/N,,ZONA RURAL,62748000.0,1357.0,"COMUNIDADE CARQUEIJA II, S/N, ZONA RURAL Capistrano-CE","-4,468156","-38,9462337"
33,1284515,ORGANIZAÇÃO BARREIRA AMIGOS SOLIDARIOS,"2,0241E+16",12815.0,"45595,76991",15565679000133,COOPERATIVA DA AGRICULTURA FAMILIAR DE CAPISTRANO LTDA,Nota Fiscal,"Gêneros Alimentícios ( Proteínas, Carboidratos, Hortaliças, Sódios e Lipídios)
",45596,Efetivada,15565679000133,15565679,1,33,1,COOPAC,4633801,"4722901,4634601,1031700,1032599,1033301,1033302,4631100,4632003,4639701,4729699,9430800,9499500,4930202,7490103",COMUNIDADE,CARQUEIJA II,S/N,,ZONA RURAL,62748000,1357,15565679000133,1357,CAPISTRANO,Capistrano,Maciço de Baturité,CAPISTRANO,COOPERATIVA DA AGRICULTURA FAMILIAR DE CAPISTRANO,Aberto apenas para Atualização de Informações,OCB,,21/06/2014 12:35:55,13/03/2025 09:06:29,135.0,63.0,"97,78",COOPERATIVA DA AGRICULTURA FAMILIAR DE CAPISTRANO,Capistrano,Aberto apenas para Atualização de Informações,OCB,,21/06/2014 12:35:55,13/03/2025 09:06:29,135.0,63,"97,78",COOPAC,4633801.0,"4722901,4634601,1031700,1032599,1033301,1033302,4631100,4632003,4639701,4729699,9430800,9499500,4930202,7490103",COMUNIDADE,CARQUEIJA II,S/N,,ZONA RURAL,62748000.0,1357.0,"COMUNIDADE CARQUEIJA II, S/N, ZONA RURAL Capistrano-CE","-4,468156","-38,9462337"
34,1284515,ORGANIZAÇÃO BARREIRA AMIGOS SOLIDARIOS,"2,0241E+16",64075.0,"45595,7719",15565679000133,COOPERATIVA DA AGRICULTURA FAMILIAR DE CAPISTRANO LTDA,Nota Fiscal,"Gêneros Alimentícios ( Proteínas, Carboidratos, Hortaliças, Sódios e Lipídios)
",45596,Efetivada,15565679000133,15565679,1,33,1,COOPAC,4633801,"4722901,4634601,1031700,1032599,1033301,1033302,4631100,4632003,4639701,4729699,9430800,9499500,4930202,7490103",COMUNIDADE,CARQUEIJA II,S/N,,ZONA RURAL,62748000,1357,15565679000133,1357,CAPISTRANO,Capistrano,Maciço de Baturité,CAPISTRANO,COOPERATIVA DA AGRICULTURA FAMILIAR DE CAPISTRANO,Aberto apenas para Atualização de Informações,OCB,,21/06/2014 12:35:55,13/03/2025 09:06:29,135.0,63.0,"97,78",COOPERATIVA DA AGRICULTURA FAMILIAR DE CAPISTRANO,Capistrano,Aberto apenas para Atualização de Informações,OCB,,21/06/2014 12:35:55,13/03/2025 09:06:29,135.0,63,"97,78",COOPAC,4633801.0,"4722901,4634601,1031700,1032599,1033301,1033302,4631100,4632003,4639701,4729699,9430800,9499500,4930202,7490103",COMUNIDADE,CARQUEIJA II,S/N,,ZONA RURAL,62748000.0,1357.0,"COMUNIDADE CARQUEIJA II, S/N, ZONA RURAL Capistrano-CE","-4,468156","-38,9462337"
35,1284515,ORGANIZAÇÃO BARREIRA AMIGOS SOLIDARIOS,"2,0241E+16",3105.0,"45596,81855",15565679000133,COOPERATIVA DA AGRICULTURA FAMILIAR DE CAPISTRANO LTDA,Nota Fiscal,"Gêneros Alimentícios ( Proteínas, Carboidratos, Hortaliças, Sódios e Lipídios)
",45597,Efetivada,15565679000133,15565679,1,33,1,COOPAC,4633801,"4722901,4634601,1031700,1032599,1033301,1033302,4631100,4632003,4639701,4729699,9430800,9499500,4930202,7490103",COMUNIDADE,CARQUEIJA II,S/N,,ZONA RURAL,62748000,1357,15565679000133,1357,CAPISTRANO,Capistrano,Maciço de Baturité,CAPISTRANO,COOPERATIVA DA AGRICULTURA FAMILIAR DE CAPISTRANO,Aberto apenas para Atualização de Informações,OCB,,21/06/2014 12:35:55,13/03/2025 09:06:29,135.0,63.0,"97,78",COOPERATIVA DA AGRICULTURA FAMILIAR DE CAPISTRANO,Capistrano,Aberto apenas para Atualização de Informações,OCB,,21/06/2014 12:35:55,13/03/2025 09:06:29,135.0,63,"97,78",COOPAC,4633801.0,"4722901,4634601,1031700,1032599,1033301,1033302,4631100,4632003,4639701,4729699,9430800,9499500,4930202,7490103",COMUNIDADE,CARQUEIJA II,S/N,,ZONA RURAL,62748000.0,1357.0,"COMUNIDADE CARQUEIJA II, S/N, ZONA RURAL Capistrano-CE","-4,468156","-38,9462337"
36,1284515,ORGANIZAÇÃO BARREIRA AMIGOS SOLIDARIOS,"2,02412E+16",327972.0,"45650,58197",15565679000133,COOPERATIVA DA AGRICULTURA FAMILIAR DE CAPISTRANO LTDA,Nota Fiscal,"Gêneros Alimentícios ( Proteínas, Carboidratos, Hortaliças, Sódios e Lipídios)
",45652,Efetivada,15565679000133,15565679,1,33,1,COOPAC,4633801,"4722901,4634601,1031700,1032599,1033301,1033302,4631100,4632003,4639701,4729699,9430800,9499500,4930202,7490103",COMUNIDADE,CARQUEIJA II,S/N,,ZONA RURAL,62748000,1357,15565679000133,1357,CAPISTRANO,Capistrano,Maciço de Baturité,CAPISTRANO,COOPERATIVA DA AGRICULTURA FAMILIAR DE CAPISTRANO,Aberto apenas para Atualização de Informações,OCB,,21/06/2014 12:35:55,13/03/2025 09:06:29,135.0,63.0,"97,78",COOPERATIVA DA AGRICULTURA FAMILIAR DE CAPISTRANO,Capistrano,Aberto apenas para Atualização de Informações,OCB,,21/06/2014 12:35:55,13/03/2025 09:06:29,135.0,63,"97,78",COOPAC,4633801.0,"4722901,4634601,1031700,1032599,1033301,1033302,4631100,4632003,4639701,4729699,9430800,9499500,4930202,7490103",COMUNIDADE,CARQUEIJA II,S/N,,ZONA RURAL,62748000.0,1357.0,"COMUNIDADE CARQUEIJA II, S/N, ZONA RURAL Capistrano-CE","-4,468156","-38,9462337"
37,1284515,ORGANIZAÇÃO BARREIRA AMIGOS SOLIDARIOS,"2,02501E+16",103848.0,"45684,76862",15565679000133,COOPERATIVA DA AGRICULTURA FAMILIAR DE CAPISTRANO LTDA,Nota Fiscal,"Gêneros Alimentícios ( Proteínas, Carboidratos, Hortaliças, Sódios e Lipídios)
",45685,Efetivada,15565679000133,15565679,1,33,1,COOPAC,4633801,"4722901,4634601,1031700,1032599,1033301,1033302,4631100,4632003,4639701,4729699,9430800,9499500,4930202,7490103",COMUNIDADE,CARQUEIJA II,S/N,,ZONA RURAL,62748000,1357,15565679000133,1357,CAPISTRANO,Capistrano,Maciço de Baturité,CAPISTRANO,COOPERATIVA DA AGRICULTURA FAMILIAR DE CAPISTRANO,Aberto apenas para Atualização de Informações,OCB,,21/06/2014 12:35:55,13/03/2025 09:06:29,135.0,63.0,"97,78",COOPERATIVA DA AGRICULTURA FAMILIAR DE CAPISTRANO,Capistrano,Aberto apenas para Atualização de Informações,OCB,,21/06/2014 12:35:55,13/03/2025 09:06:29,135.0,63,"97,78",COOPAC,4633801.0,"4722901,4634601,1031700,1032599,1033301,1033302,4631100,4632003,4639701,4729699,9430800,9499500,4930202,7490103",COMUNIDADE,CARQUEIJA II,S/N,,ZONA RURAL,62748000.0,1357.0,"COMUNIDADE CARQUEIJA II, S/N, ZONA RURAL Capistrano-CE","-4,468156","-38,9462337"
38,1284515,ORGANIZAÇÃO BARREIRA AMIGOS SOLIDARIOS,"2,02502E+16",1263942.0,"45707,7731",15565679000133,COOPERATIVA DA AGRICULTURA FAMILIAR DE CAPISTRANO LTDA,Nota Fiscal,"Gêneros Alimentícios ( Proteínas, Carboidratos, Hortaliças, Sódios e Lipídios)
",45708,Efetivada,15565679000133,15565679,1,33,1,COOPAC,4633801,"4722901,4634601,1031700,1032599,1033301,1033302,4631100,4632003,4639701,4729699,9430800,9499500,4930202,7490103",COMUNIDADE,CARQUEIJA II,S/N,,ZONA RURAL,62748000,1357,15565679000133,1357,CAPISTRANO,Capistrano,Maciço de Baturité,CAPISTRANO,COOPERATIVA DA AGRICULTURA FAMILIAR DE CAPISTRANO,Aberto apenas para Atualização de Informações,OCB,,21/06/2014 12:35:55,13/03/2025 09:06:29,135.0,63.0,"97,78",COOPERATIVA DA AGRICULTURA FAMILIAR DE CAPISTRANO,Capistrano,Aberto apenas para Atualização de Informações,OCB,,21/06/2014 12:35:55,13/03/2025 09:06:29,135.0,63,"97,78",COOPAC,4633801.0,"4722901,4634601,1031700,1032599,1033301,1033302,4631100,4632003,4639701,4729699,9430800,9499500,4930202,7490103",COMUNIDADE,CARQUEIJA II,S/N,,ZONA RURAL,62748000.0,1357.0,"COMUNIDADE CARQUEIJA II, S/N, ZONA RURAL Capistrano-CE","-4,468156","-38,9462337"
39,1284515,ORGANIZAÇÃO BARREIRA AMIGOS SOLIDARIOS,"2,02504E+16",994858.0,"45751,69833",15565679000133,COOPERATIVA DA AGRICULTURA FAMILIAR DE CAPISTRANO LTDA,Nota Fiscal,"Gêneros Alimentícios ( Proteínas, Carboidratos, Hortaliças, Sódios e Lipídios)
",45754,Efetivada,15565679000133,15565679,1,33,1,COOPAC,4633801,"4722901,4634601,1031700,1032599,1033301,1033302,4631100,4632003,4639701,4729699,9430800,9499500,4930202,7490103",COMUNIDADE,CARQUEIJA II,S/N,,ZONA RURAL,62748000,1357,15565679000133,1357,CAPISTRANO,Capistrano,Maciço de Baturité,CAPISTRANO,COOPERATIVA DA AGRICULTURA FAMILIAR DE CAPISTRANO,Aberto apenas para Atualização de Informações,OCB,,21/06/2014 12:35:55,13/03/2025 09:06:29,135.0,63.0,"97,78",COOPERATIVA DA AGRICULTURA FAMILIAR DE CAPISTRANO,Capistrano,Aberto apenas para Atualização de Informações,OCB,,21/06/2014 12:35:55,13/03/2025 09:06:29,135.0,63,"97,78",COOPAC,4633801.0,"4722901,4634601,1031700,1032599,1033301,1033302,4631100,4632003,4639701,4729699,9430800,9499500,4930202,7490103",COMUNIDADE,CARQUEIJA II,S/N,,ZONA RURAL,62748000.0,1357.0,"COMUNIDADE CARQUEIJA II, S/N, ZONA RURAL Capistrano-CE","-4,468156","-38,9462337"
40,1284515,ORGANIZAÇÃO BARREIRA AMIGOS SOLIDARIOS,"2,02505E+16",122328.0,"45783,76417",15565679000133,COOPERATIVA DA AGRICULTURA FAMILIAR DE CAPISTRANO LTDA,Nota Fiscal,"Gêneros Alimentícios ( Proteínas, Carboidratos, Hortaliças, Sódios e Lipídios)
",45784,Efetivada,15565679000133,15565679,1,33,1,COOPAC,4633801,"4722901,4634601,1031700,1032599,1033301,1033302,4631100,4632003,4639701,4729699,9430800,9499500,4930202,7490103",COMUNIDADE,CARQUEIJA II,S/N,,ZONA RURAL,62748000,1357,15565679000133,1357,CAPISTRANO,Capistrano,Maciço de Baturité,CAPISTRANO,COOPERATIVA DA AGRICULTURA FAMILIAR DE CAPISTRANO,Aberto apenas para Atualização de Informações,OCB,,21/06/2014 12:35:55,13/03/2025 09:06:29,135.0,63.0,"97,78",COOPERATIVA DA AGRICULTURA FAMILIAR DE CAPISTRANO,Capistrano,Aberto apenas para Atualização de Informações,OCB,,21/06/2014 12:35:55,13/03/2025 09:06:29,135.0,63,"97,78",COOPAC,4633801.0,"4722901,4634601,1031700,1032599,1033301,1033302,4631100,4632003,4639701,4729699,9430800,9499500,4930202,7490103",COMUNIDADE,CARQUEIJA II,S/N,,ZONA RURAL,62748000.0,1357.0,"COMUNIDADE CARQUEIJA II, S/N, ZONA RURAL Capistrano-CE","-4,468156","-38,9462337"
41,1284419,"COOPERATIVA DE TRABALHO, PRESTADORA DE SERVIÇOS E ASSESSORIA TÉCNICA - COPASAT LTDA","2,02406E+16",461918.0,"45469,75763",923473000160,COOP AGR MISTA DOS PEQ PROD DO MUN DE PARAMBU,Nota Fiscal,"Gêneros Alimentícios ( Proteínas, Carboidratos, Hortaliças, Sódios e Lipídios) 
",45470,Efetivada,923473000160,923473,1,60,1,COAMPPP,1063500,"0111302,0116403,0119905,0121101,0133403,0153902,1013901,1013902,1031700,1033301,1099699",RUA,MANOEL ALEXANDRE,28,,CENTRO,63680000,1507,923473000160,1507,PARAMBU,Parambu,Sertão dos Inhamuns,PARAMBU,COOPERATIVA AGRÍCOLA MISTA DOS PEQUENOS PRODUTORES DO MUNICÍPIO DE PARAMBU,CAF Emitido,,,12/04/2024 14:51:27,23/04/2025 16:14:13,108.0,53.0,"99,07",COOPERATIVA AGRÍCOLA MISTA DOS PEQUENOS PRODUTORES DO MUNICÍPIO DE PARAMBU,Parambu,CAF Emitido,,,12/04/2024 14:51:27,23/04/2025 16:14:13,108.0,53,"99,07",COAMPPP,1063500.0,"0111302,0116403,0119905,0121101,0133403,0153902,1013901,1013902,1031700,1033301,1099699",RUA,MANOEL ALEXANDRE,28,,CENTRO,63680000.0,1507.0,"RUA MANOEL ALEXANDRE, 28, CENTRO Parambu-CE","-6,2114717","-40,6946535"
42,1284419,"COOPERATIVA DE TRABALHO, PRESTADORA DE SERVIÇOS E ASSESSORIA TÉCNICA - COPASAT LTDA","2,02407E+16",4430788.0,"45499,54517",923473000160,COOP AGR MISTA DOS PEQ PROD DO MUN DE PARAMBU,Nota Fiscal,"Gêneros Alimentícios ( Proteínas, Carboidratos, Hortaliças, Sódios e Lipídios) 
",45502,Efetivada,923473000160,923473,1,60,1,COAMPPP,1063500,"0111302,0116403,0119905,0121101,0133403,0153902,1013901,1013902,1031700,1033301,1099699",RUA,MANOEL ALEXANDRE,28,,CENTRO,63680000,1507,923473000160,1507,PARAMBU,Parambu,Sertão dos Inhamuns,PARAMBU,COOPERATIVA AGRÍCOLA MISTA DOS PEQUENOS PRODUTORES DO MUNICÍPIO DE PARAMBU,CAF Emitido,,,12/04/2024 14:51:27,23/04/2025 16:14:13,108.0,53.0,"99,07",COOPERATIVA AGRÍCOLA MISTA DOS PEQUENOS PRODUTORES DO MUNICÍPIO DE PARAMBU,Parambu,CAF Emitido,,,12/04/2024 14:51:27,23/04/2025 16:14:13,108.0,53,"99,07",COAMPPP,1063500.0,"0111302,0116403,0119905,0121101,0133403,0153902,1013901,1013902,1031700,1033301,1099699",RUA,MANOEL ALEXANDRE,28,,CENTRO,63680000.0,1507.0,"RUA MANOEL ALEXANDRE, 28, CENTRO Parambu-CE","-6,2114717","-40,6946535"
43,1284419,"COOPERATIVA DE TRABALHO, PRESTADORA DE SERVIÇOS E ASSESSORIA TÉCNICA - COPASAT LTDA","2,02408E+16",5302932.0,"45524,73615",923473000160,COOP AGR MISTA DOS PEQ PROD DO MUN DE PARAMBU,Nota Fiscal,"Gêneros Alimentícios ( Proteínas, Carboidratos, Hortaliças, Sódios e Lipídios) 
",45525,Efetivada,923473000160,923473,1,60,1,COAMPPP,1063500,"0111302,0116403,0119905,0121101,0133403,0153902,1013901,1013902,1031700,1033301,1099699",RUA,MANOEL ALEXANDRE,28,,CENTRO,63680000,1507,923473000160,1507,PARAMBU,Parambu,Sertão dos Inhamuns,PARAMBU,COOPERATIVA AGRÍCOLA MISTA DOS PEQUENOS PRODUTORES DO MUNICÍPIO DE PARAMBU,CAF Emitido,,,12/04/2024 14:51:27,23/04/2025 16:14:13,108.0,53.0,"99,07",COOPERATIVA AGRÍCOLA MISTA DOS PEQUENOS PRODUTORES DO MUNICÍPIO DE PARAMBU,Parambu,CAF Emitido,,,12/04/2024 14:51:27,23/04/2025 16:14:13,108.0,53,"99,07",COAMPPP,1063500.0,"0111302,0116403,0119905,0121101,0133403,0153902,1013901,1013902,1031700,1033301,1099699",RUA,MANOEL ALEXANDRE,28,,CENTRO,63680000.0,1507.0,"RUA MANOEL ALEXANDRE, 28, CENTRO Parambu-CE","-6,2114717","-40,6946535"
44,1284419,"COOPERATIVA DE TRABALHO, PRESTADORA DE SERVIÇOS E ASSESSORIA TÉCNICA - COPASAT LTDA","2,02409E+16",290190.0,"45558,78876",923473000160,COOP AGR MISTA DOS PEQ PROD DO MUN DE PARAMBU,Nota Fiscal,"Gêneros Alimentícios ( Proteínas, Carboidratos, Hortaliças, Sódios e Lipídios) 
",45559,Efetivada,923473000160,923473,1,60,1,COAMPPP,1063500,"0111302,0116403,0119905,0121101,0133403,0153902,1013901,1013902,1031700,1033301,1099699",RUA,MANOEL ALEXANDRE,28,,CENTRO,63680000,1507,923473000160,1507,PARAMBU,Parambu,Sertão dos Inhamuns,PARAMBU,COOPERATIVA AGRÍCOLA MISTA DOS PEQUENOS PRODUTORES DO MUNICÍPIO DE PARAMBU,CAF Emitido,,,12/04/2024 14:51:27,23/04/2025 16:14:13,108.0,53.0,"99,07",COOPERATIVA AGRÍCOLA MISTA DOS PEQUENOS PRODUTORES DO MUNICÍPIO DE PARAMBU,Parambu,CAF Emitido,,,12/04/2024 14:51:27,23/04/2025 16:14:13,108.0,53,"99,07",COAMPPP,1063500.0,"0111302,0116403,0119905,0121101,0133403,0153902,1013901,1013902,1031700,1033301,1099699",RUA,MANOEL ALEXANDRE,28,,CENTRO,63680000.0,1507.0,"RUA MANOEL ALEXANDRE, 28, CENTRO Parambu-CE","-6,2114717","-40,6946535"
45,1284419,"COOPERATIVA DE TRABALHO, PRESTADORA DE SERVIÇOS E ASSESSORIA TÉCNICA - COPASAT LTDA","2,02411E+16",712275.0,"45613,6414",923473000160,COOP AGR MISTA DOS PEQ PROD DO MUN DE PARAMBU,Nota Fiscal,"Gêneros Alimentícios ( Proteínas, Carboidratos, Hortaliças, Sódios e Lipídios) 
",45614,Efetivada,923473000160,923473,1,60,1,COAMPPP,1063500,"0111302,0116403,0119905,0121101,0133403,0153902,1013901,1013902,1031700,1033301,1099699",RUA,MANOEL ALEXANDRE,28,,CENTRO,63680000,1507,923473000160,1507,PARAMBU,Parambu,Sertão dos Inhamuns,PARAMBU,COOPERATIVA AGRÍCOLA MISTA DOS PEQUENOS PRODUTORES DO MUNICÍPIO DE PARAMBU,CAF Emitido,,,12/04/2024 14:51:27,23/04/2025 16:14:13,108.0,53.0,"99,07",COOPERATIVA AGRÍCOLA MISTA DOS PEQUENOS PRODUTORES DO MUNICÍPIO DE PARAMBU,Parambu,CAF Emitido,,,12/04/2024 14:51:27,23/04/2025 16:14:13,108.0,53,"99,07",COAMPPP,1063500.0,"0111302,0116403,0119905,0121101,0133403,0153902,1013901,1013902,1031700,1033301,1099699",RUA,MANOEL ALEXANDRE,28,,CENTRO,63680000.0,1507.0,"RUA MANOEL ALEXANDRE, 28, CENTRO Parambu-CE","-6,2114717","-40,6946535"
46,1284419,"COOPERATIVA DE TRABALHO, PRESTADORA DE SERVIÇOS E ASSESSORIA TÉCNICA - COPASAT LTDA","2,02412E+16",4014002.0,"45637,84956",923473000160,COOP AGR MISTA DOS PEQ PROD DO MUN DE PARAMBU,Nota Fiscal,"Gêneros Alimentícios ( Proteínas, Carboidratos, Hortaliças, Sódios e Lipídios) 
",45638,Efetivada,923473000160,923473,1,60,1,COAMPPP,1063500,"0111302,0116403,0119905,0121101,0133403,0153902,1013901,1013902,1031700,1033301,1099699",RUA,MANOEL ALEXANDRE,28,,CENTRO,63680000,1507,923473000160,1507,PARAMBU,Parambu,Sertão dos Inhamuns,PARAMBU,COOPERATIVA AGRÍCOLA MISTA DOS PEQUENOS PRODUTORES DO MUNICÍPIO DE PARAMBU,CAF Emitido,,,12/04/2024 14:51:27,23/04/2025 16:14:13,108.0,53.0,"99,07",COOPERATIVA AGRÍCOLA MISTA DOS PEQUENOS PRODUTORES DO MUNICÍPIO DE PARAMBU,Parambu,CAF Emitido,,,12/04/2024 14:51:27,23/04/2025 16:14:13,108.0,53,"99,07",COAMPPP,1063500.0,"0111302,0116403,0119905,0121101,0133403,0153902,1013901,1013902,1031700,1033301,1099699",RUA,MANOEL ALEXANDRE,28,,CENTRO,63680000.0,1507.0,"RUA MANOEL ALEXANDRE, 28, CENTRO Parambu-CE","-6,2114717","-40,6946535"
47,1284419,"COOPERATIVA DE TRABALHO, PRESTADORA DE SERVIÇOS E ASSESSORIA TÉCNICA - COPASAT LTDA","2,02501E+16",395222.0,"45678,81189",923473000160,COOP AGR MISTA DOS PEQ PROD DO MUN DE PARAMBU,Nota Fiscal,"Gêneros Alimentícios ( Proteínas, Carboidratos, Hortaliças, Sódios e Lipídios) 
",45679,Efetivada,923473000160,923473,1,60,1,COAMPPP,1063500,"0111302,0116403,0119905,0121101,0133403,0153902,1013901,1013902,1031700,1033301,1099699",RUA,MANOEL ALEXANDRE,28,,CENTRO,63680000,1507,923473000160,1507,PARAMBU,Parambu,Sertão dos Inhamuns,PARAMBU,COOPERATIVA AGRÍCOLA MISTA DOS PEQUENOS PRODUTORES DO MUNICÍPIO DE PARAMBU,CAF Emitido,,,12/04/2024 14:51:27,23/04/2025 16:14:13,108.0,53.0,"99,07",COOPERATIVA AGRÍCOLA MISTA DOS PEQUENOS PRODUTORES DO MUNICÍPIO DE PARAMBU,Parambu,CAF Emitido,,,12/04/2024 14:51:27,23/04/2025 16:14:13,108.0,53,"99,07",COAMPPP,1063500.0,"0111302,0116403,0119905,0121101,0133403,0153902,1013901,1013902,1031700,1033301,1099699",RUA,MANOEL ALEXANDRE,28,,CENTRO,63680000.0,1507.0,"RUA MANOEL ALEXANDRE, 28, CENTRO Parambu-CE","-6,2114717","-40,6946535"
48,1284419,"COOPERATIVA DE TRABALHO, PRESTADORA DE SERVIÇOS E ASSESSORIA TÉCNICA - COPASAT LTDA","2,02502E+16",7051628.0,"45709,41119",923473000160,COOP AGR MISTA DOS PEQ PROD DO MUN DE PARAMBU,Nota Fiscal,"Gêneros Alimentícios ( Proteínas, Carboidratos, Hortaliças, Sódios e Lipídios) 
",45712,Efetivada,923473000160,923473,1,60,1,COAMPPP,1063500,"0111302,0116403,0119905,0121101,0133403,0153902,1013901,1013902,1031700,1033301,1099699",RUA,MANOEL ALEXANDRE,28,,CENTRO,63680000,1507,923473000160,1507,PARAMBU,Parambu,Sertão dos Inhamuns,PARAMBU,COOPERATIVA AGRÍCOLA MISTA DOS PEQUENOS PRODUTORES DO MUNICÍPIO DE PARAMBU,CAF Emitido,,,12/04/2024 14:51:27,23/04/2025 16:14:13,108.0,53.0,"99,07",COOPERATIVA AGRÍCOLA MISTA DOS PEQUENOS PRODUTORES DO MUNICÍPIO DE PARAMBU,Parambu,CAF Emitido,,,12/04/2024 14:51:27,23/04/2025 16:14:13,108.0,53,"99,07",COAMPPP,1063500.0,"0111302,0116403,0119905,0121101,0133403,0153902,1013901,1013902,1031700,1033301,1099699",RUA,MANOEL ALEXANDRE,28,,CENTRO,63680000.0,1507.0,"RUA MANOEL ALEXANDRE, 28, CENTRO Parambu-CE","-6,2114717","-40,6946535"
49,1284419,"COOPERATIVA DE TRABALHO, PRESTADORA DE SERVIÇOS E ASSESSORIA TÉCNICA - COPASAT LTDA","2,02505E+16",8236722.0,"45799,81718",923473000160,COOP AGR MISTA DOS PEQ PROD DO MUN DE PARAMBU,Nota Fiscal,"Gêneros Alimentícios ( Proteínas, Carboidratos, Hortaliças, Sódios e Lipídios) 
",45800,Efetivada,923473000160,923473,1,60,1,COAMPPP,1063500,"0111302,0116403,0119905,0121101,0133403,0153902,1013901,1013902,1031700,1033301,1099699",RUA,MANOEL ALEXANDRE,28,,CENTRO,63680000,1507,923473000160,1507,PARAMBU,Parambu,Sertão dos Inhamuns,PARAMBU,COOPERATIVA AGRÍCOLA MISTA DOS PEQUENOS PRODUTORES DO MUNICÍPIO DE PARAMBU,CAF Emitido,,,12/04/2024 14:51:27,23/04/2025 16:14:13,108.0,53.0,"99,07",COOPERATIVA AGRÍCOLA MISTA DOS PEQUENOS PRODUTORES DO MUNICÍPIO DE PARAMBU,Parambu,CAF Emitido,,,12/04/2024 14:51:27,23/04/2025 16:14:13,108.0,53,"99,07",COAMPPP,1063500.0,"0111302,0116403,0119905,0121101,0133403,0153902,1013901,1013902,1031700,1033301,1099699",RUA,MANOEL ALEXANDRE,28,,CENTRO,63680000.0,1507.0,"RUA MANOEL ALEXANDRE, 28, CENTRO Parambu-CE","-6,2114717","-40,6946535"
50,1284419,"COOPERATIVA DE TRABALHO, PRESTADORA DE SERVIÇOS E ASSESSORIA TÉCNICA - COPASAT LTDA","2,02506E+16",5048978.0,"45825,77279",923473000160,COOP AGR MISTA DOS PEQ PROD DO MUN DE PARAMBU,Nota Fiscal,"Gêneros Alimentícios ( Proteínas, Carboidratos, Hortaliças, Sódios e Lipídios) 
",45826,Efetivada,923473000160,923473,1,60,1,COAMPPP,1063500,"0111302,0116403,0119905,0121101,0133403,0153902,1013901,1013902,1031700,1033301,1099699",RUA,MANOEL ALEXANDRE,28,,CENTRO,63680000,1507,923473000160,1507,PARAMBU,Parambu,Sertão dos Inhamuns,PARAMBU,COOPERATIVA AGRÍCOLA MISTA DOS PEQUENOS PRODUTORES DO MUNICÍPIO DE PARAMBU,CAF Emitido,,,12/04/2024 14:51:27,23/04/2025 16:14:13,108.0,53.0,"99,07",COOPERATIVA AGRÍCOLA MISTA DOS PEQUENOS PRODUTORES DO MUNICÍPIO DE PARAMBU,Parambu,CAF Emitido,,,12/04/2024 14:51:27,23/04/2025 16:14:13,108.0,53,"99,07",COAMPPP,1063500.0,"0111302,0116403,0119905,0121101,0133403,0153902,1013901,1013902,1031700,1033301,1099699",RUA,MANOEL ALEXANDRE,28,,CENTRO,63680000.0,1507.0,"RUA MANOEL ALEXANDRE, 28, CENTRO Parambu-CE","-6,2114717","-40,6946535"
51,1284427,Associação dos Educadores Populares do Ceará,"2,02312E+16",3743192.0,"45266,35181",49833223000129,COOPERVALE - COOPERATIVA DO VALE,Nota Fiscal,"Gêneros Alimentícios ( Proteínas, Carboidratos, Hortaliças, Sódios e Lipídios) 
",45267,Efetivada,49833223000129,49833223,1,29,1,COOPERVALE - COOPERATIVA DO VALE,133402,"0119903,0119904,0119905,0119909,0119999,0121101,0131800,0133404,0133408,0133499,1031700,1091102,4721103,4722901,4722902,4729699",SITIO,POCINHOS,SN,,ZONA RURAL,62920000,1531,49833223000129,1531,QUIXERE,Quixeré,Vale do Jaguaribe,QUIXERE,COOPERVALE - COOPERATIVA DO VALE,Aberto apenas para Atualização de Informações,,,31/10/2023 10:28:14,26/03/2025 09:36:03,23.0,16.0,"86,96",COOPERVALE - COOPERATIVA DO VALE,Quixeré,Aberto apenas para Atualização de Informações,,,31/10/2023 10:28:14,26/03/2025 09:36:03,23.0,16,"86,96",COOPERVALE - COOPERATIVA DO VALE,133402.0,"0119903,0119904,0119905,0119909,0119999,0121101,0131800,0133404,0133408,0133499,1031700,1091102,4721103,4722901,4722902,4729699",SITIO,POCINHOS,SN,,ZONA RURAL,62920000.0,1531.0,"SITIO POCINHOS, SN, ZONA RURAL Quixeré-CE","-5,0728291","-37,9894863"
52,1284427,Associação dos Educadores Populares do Ceará,"2,02312E+16",435968.0,"45288,36156",49833223000129,COOPERVALE - COOPERATIVA DO VALE,Nota Fiscal,"Gêneros Alimentícios ( Proteínas, Carboidratos, Hortaliças, Sódios e Lipídios) 
",45293,Efetivada,49833223000129,49833223,1,29,1,COOPERVALE - COOPERATIVA DO VALE,133402,"0119903,0119904,0119905,0119909,0119999,0121101,0131800,0133404,0133408,0133499,1031700,1091102,4721103,4722901,4722902,4729699",SITIO,POCINHOS,SN,,ZONA RURAL,62920000,1531,49833223000129,1531,QUIXERE,Quixeré,Vale do Jaguaribe,QUIXERE,COOPERVALE - COOPERATIVA DO VALE,Aberto apenas para Atualização de Informações,,,31/10/2023 10:28:14,26/03/2025 09:36:03,23.0,16.0,"86,96",COOPERVALE - COOPERATIVA DO VALE,Quixeré,Aberto apenas para Atualização de Informações,,,31/10/2023 10:28:14,26/03/2025 09:36:03,23.0,16,"86,96",COOPERVALE - COOPERATIVA DO VALE,133402.0,"0119903,0119904,0119905,0119909,0119999,0121101,0131800,0133404,0133408,0133499,1031700,1091102,4721103,4722901,4722902,4729699",SITIO,POCINHOS,SN,,ZONA RURAL,62920000.0,1531.0,"SITIO POCINHOS, SN, ZONA RURAL Quixeré-CE","-5,0728291","-37,9894863"
53,1284427,Associação dos Educadores Populares do Ceará,"2,02402E+16",432528.0,"45324,36124",49833223000129,COOPERVALE - COOPERATIVA DO VALE,Nota Fiscal,"Gêneros Alimentícios ( Proteínas, Carboidratos, Hortaliças, Sódios e Lipídios) 
",45327,Efetivada,49833223000129,49833223,1,29,1,COOPERVALE - COOPERATIVA DO VALE,133402,"0119903,0119904,0119905,0119909,0119999,0121101,0131800,0133404,0133408,0133499,1031700,1091102,4721103,4722901,4722902,4729699",SITIO,POCINHOS,SN,,ZONA RURAL,62920000,1531,49833223000129,1531,QUIXERE,Quixeré,Vale do Jaguaribe,QUIXERE,COOPERVALE - COOPERATIVA DO VALE,Aberto apenas para Atualização de Informações,,,31/10/2023 10:28:14,26/03/2025 09:36:03,23.0,16.0,"86,96",COOPERVALE - COOPERATIVA DO VALE,Quixeré,Aberto apenas para Atualização de Informações,,,31/10/2023 10:28:14,26/03/2025 09:36:03,23.0,16,"86,96",COOPERVALE - COOPERATIVA DO VALE,133402.0,"0119903,0119904,0119905,0119909,0119999,0121101,0131800,0133404,0133408,0133499,1031700,1091102,4721103,4722901,4722902,4729699",SITIO,POCINHOS,SN,,ZONA RURAL,62920000.0,1531.0,"SITIO POCINHOS, SN, ZONA RURAL Quixeré-CE","-5,0728291","-37,9894863"
54,1284427,Associação dos Educadores Populares do Ceará,"2,02402E+16",2390938.0,"45341,62709",49833223000129,COOPERVALE - COOPERATIVA DO VALE,Nota Fiscal,"Gêneros Alimentícios ( Proteínas, Carboidratos, Hortaliças, Sódios e Lipídios) 
",45342,Efetivada,49833223000129,49833223,1,29,1,COOPERVALE - COOPERATIVA DO VALE,133402,"0119903,0119904,0119905,0119909,0119999,0121101,0131800,0133404,0133408,0133499,1031700,1091102,4721103,4722901,4722902,4729699",SITIO,POCINHOS,SN,,ZONA RURAL,62920000,1531,49833223000129,1531,QUIXERE,Quixeré,Vale do Jaguaribe,QUIXERE,COOPERVALE - COOPERATIVA DO VALE,Aberto apenas para Atualização de Informações,,,31/10/2023 10:28:14,26/03/2025 09:36:03,23.0,16.0,"86,96",COOPERVALE - COOPERATIVA DO VALE,Quixeré,Aberto apenas para Atualização de Informações,,,31/10/2023 10:28:14,26/03/2025 09:36:03,23.0,16,"86,96",COOPERVALE - COOPERATIVA DO VALE,133402.0,"0119903,0119904,0119905,0119909,0119999,0121101,0131800,0133404,0133408,0133499,1031700,1091102,4721103,4722901,4722902,4729699",SITIO,POCINHOS,SN,,ZONA RURAL,62920000.0,1531.0,"SITIO POCINHOS, SN, ZONA RURAL Quixeré-CE","-5,0728291","-37,9894863"
55,1284427,Associação dos Educadores Populares do Ceará,"2,02403E+16",1934342.0,"45372,71052",49833223000129,COOPERVALE - COOPERATIVA DO VALE,Nota Fiscal,"Gêneros Alimentícios ( Proteínas, Carboidratos, Hortaliças, Sódios e Lipídios) 
",45373,Efetivada,49833223000129,49833223,1,29,1,COOPERVALE - COOPERATIVA DO VALE,133402,"0119903,0119904,0119905,0119909,0119999,0121101,0131800,0133404,0133408,0133499,1031700,1091102,4721103,4722901,4722902,4729699",SITIO,POCINHOS,SN,,ZONA RURAL,62920000,1531,49833223000129,1531,QUIXERE,Quixeré,Vale do Jaguaribe,QUIXERE,COOPERVALE - COOPERATIVA DO VALE,Aberto apenas para Atualização de Informações,,,31/10/2023 10:28:14,26/03/2025 09:36:03,23.0,16.0,"86,96",COOPERVALE - COOPERATIVA DO VALE,Quixeré,Aberto apenas para Atualização de Informações,,,31/10/2023 10:28:14,26/03/2025 09:36:03,23.0,16,"86,96",COOPERVALE - COOPERATIVA DO VALE,133402.0,"0119903,0119904,0119905,0119909,0119999,0121101,0131800,0133404,0133408,0133499,1031700,1091102,4721103,4722901,4722902,4729699",SITIO,POCINHOS,SN,,ZONA RURAL,62920000.0,1531.0,"SITIO POCINHOS, SN, ZONA RURAL Quixeré-CE","-5,0728291","-37,9894863"
56,1284427,Associação dos Educadores Populares do Ceará,"2,02405E+16",3692472.0,"45427,66205",49833223000129,COOPERVALE - COOPERATIVA DO VALE,Nota Fiscal,"Gêneros Alimentícios ( Proteínas, Carboidratos, Hortaliças, Sódios e Lipídios) 
",45428,Efetivada,49833223000129,49833223,1,29,1,COOPERVALE - COOPERATIVA DO VALE,133402,"0119903,0119904,0119905,0119909,0119999,0121101,0131800,0133404,0133408,0133499,1031700,1091102,4721103,4722901,4722902,4729699",SITIO,POCINHOS,SN,,ZONA RURAL,62920000,1531,49833223000129,1531,QUIXERE,Quixeré,Vale do Jaguaribe,QUIXERE,COOPERVALE - COOPERATIVA DO VALE,Aberto apenas para Atualização de Informações,,,31/10/2023 10:28:14,26/03/2025 09:36:03,23.0,16.0,"86,96",COOPERVALE - COOPERATIVA DO VALE,Quixeré,Aberto apenas para Atualização de Informações,,,31/10/2023 10:28:14,26/03/2025 09:36:03,23.0,16,"86,96",COOPERVALE - COOPERATIVA DO VALE,133402.0,"0119903,0119904,0119905,0119909,0119999,0121101,0131800,0133404,0133408,0133499,1031700,1091102,4721103,4722901,4722902,4729699",SITIO,POCINHOS,SN,,ZONA RURAL,62920000.0,1531.0,"SITIO POCINHOS, SN, ZONA RURAL Quixeré-CE","-5,0728291","-37,9894863"
57,1284427,Associação dos Educadores Populares do Ceará,"2,02405E+16",75360.0,"45428,63931",11016960000166,COOPERATIVA DOS AGRICULTORES FAMILIARES DO BAIXO ACARAÚ,Nota Fiscal,"Gêneros Alimentícios ( Proteínas, Carboidratos, Hortaliças, Sódios e Lipídios) 
",45429,Efetivada,11016960000166,11016960,1,66,1,SEMENTES DA TERRA,1031700,"0121101,0159801,1051100,1063500,1629301,1629302,2349499,4712100,4722901",RUA,PROFESSOR NICACIO,648,,CENTRO,62570000,1345,11016960000166,1345,BELA CRUZ,Bela Cruz,Litoral Norte,BELA CRUZ,COOPERATIVA DOS AGRICULTORES FAMILIARES DO BAIXO ACARAÚ,CAF Emitido,,,05/04/2023 10:20:41,13/12/2024 10:59:34,161.0,27.0,"93,79",COOPERATIVA DOS AGRICULTORES FAMILIARES DO BAIXO ACARAÚ,Bela Cruz,CAF Emitido,,,05/04/2023 10:20:41,13/12/2024 10:59:34,161.0,27,"93,79",SEMENTES DA TERRA,1031700.0,"0121101,0159801,1051100,1063500,1629301,1629302,2349499,4712100,4722901",RUA,PROFESSOR NICACIO,648,,CENTRO,62570000.0,1345.0,"RUA PROFESSOR NICACIO, 648, CENTRO Bela Cruz-CE","-3,0560081","-40,167547"
58,1284427,Associação dos Educadores Populares do Ceará,"2,02406E+16",3818472.0,"45455,33469",49833223000129,COOPERVALE - COOPERATIVA DO VALE,Nota Fiscal,"Gêneros Alimentícios ( Proteínas, Carboidratos, Hortaliças, Sódios e Lipídios) 
",45456,Efetivada,49833223000129,49833223,1,29,1,COOPERVALE - COOPERATIVA DO VALE,133402,"0119903,0119904,0119905,0119909,0119999,0121101,0131800,0133404,0133408,0133499,1031700,1091102,4721103,4722901,4722902,4729699",SITIO,POCINHOS,SN,,ZONA RURAL,62920000,1531,49833223000129,1531,QUIXERE,Quixeré,Vale do Jaguaribe,QUIXERE,COOPERVALE - COOPERATIVA DO VALE,Aberto apenas para Atualização de Informações,,,31/10/2023 10:28:14,26/03/2025 09:36:03,23.0,16.0,"86,96",COOPERVALE - COOPERATIVA DO VALE,Quixeré,Aberto apenas para Atualização de Informações,,,31/10/2023 10:28:14,26/03/2025 09:36:03,23.0,16,"86,96",COOPERVALE - COOPERATIVA DO VALE,133402.0,"0119903,0119904,0119905,0119909,0119999,0121101,0131800,0133404,0133408,0133499,1031700,1091102,4721103,4722901,4722902,4729699",SITIO,POCINHOS,SN,,ZONA RURAL,62920000.0,1531.0,"SITIO POCINHOS, SN, ZONA RURAL Quixeré-CE","-5,0728291","-37,9894863"
59,1284427,Associação dos Educadores Populares do Ceará,"2,02406E+16",81720.0,"45455,34244",11016960000166,COOPERATIVA DOS AGRICULTORES FAMILIARES DO BAIXO ACARAÚ,Nota Fiscal,"Gêneros Alimentícios ( Proteínas, Carboidratos, Hortaliças, Sódios e Lipídios) 
",45456,Efetivada,11016960000166,11016960,1,66,1,SEMENTES DA TERRA,1031700,"0121101,0159801,1051100,1063500,1629301,1629302,2349499,4712100,4722901",RUA,PROFESSOR NICACIO,648,,CENTRO,62570000,1345,11016960000166,1345,BELA CRUZ,Bela Cruz,Litoral Norte,BELA CRUZ,COOPERATIVA DOS AGRICULTORES FAMILIARES DO BAIXO ACARAÚ,CAF Emitido,,,05/04/2023 10:20:41,13/12/2024 10:59:34,161.0,27.0,"93,79",COOPERATIVA DOS AGRICULTORES FAMILIARES DO BAIXO ACARAÚ,Bela Cruz,CAF Emitido,,,05/04/2023 10:20:41,13/12/2024 10:59:34,161.0,27,"93,79",SEMENTES DA TERRA,1031700.0,"0121101,0159801,1051100,1063500,1629301,1629302,2349499,4712100,4722901",RUA,PROFESSOR NICACIO,648,,CENTRO,62570000.0,1345.0,"RUA PROFESSOR NICACIO, 648, CENTRO Bela Cruz-CE","-3,0560081","-40,167547"
60,1284427,Associação dos Educadores Populares do Ceará,"2,02407E+16",78480.0,"45477,61167",11016960000166,COOPERATIVA DOS AGRICULTORES FAMILIARES DO BAIXO ACARAÚ,Nota Fiscal,"Gêneros Alimentícios ( Proteínas, Carboidratos, Hortaliças, Sódios e Lipídios) 
",45478,Efetivada,11016960000166,11016960,1,66,1,SEMENTES DA TERRA,1031700,"0121101,0159801,1051100,1063500,1629301,1629302,2349499,4712100,4722901",RUA,PROFESSOR NICACIO,648,,CENTRO,62570000,1345,11016960000166,1345,BELA CRUZ,Bela Cruz,Litoral Norte,BELA CRUZ,COOPERATIVA DOS AGRICULTORES FAMILIARES DO BAIXO ACARAÚ,CAF Emitido,,,05/04/2023 10:20:41,13/12/2024 10:59:34,161.0,27.0,"93,79",COOPERATIVA DOS AGRICULTORES FAMILIARES DO BAIXO ACARAÚ,Bela Cruz,CAF Emitido,,,05/04/2023 10:20:41,13/12/2024 10:59:34,161.0,27,"93,79",SEMENTES DA TERRA,1031700.0,"0121101,0159801,1051100,1063500,1629301,1629302,2349499,4712100,4722901",RUA,PROFESSOR NICACIO,648,,CENTRO,62570000.0,1345.0,"RUA PROFESSOR NICACIO, 648, CENTRO Bela Cruz-CE","-3,0560081","-40,167547"
61,1284427,Associação dos Educadores Populares do Ceará,"2,02407E+16",3784872.0,"45484,73637",49833223000129,COOPERVALE - COOPERATIVA DO VALE,Nota Fiscal,"Gêneros Alimentícios ( Proteínas, Carboidratos, Hortaliças, Sódios e Lipídios) 
",45485,Efetivada,49833223000129,49833223,1,29,1,COOPERVALE - COOPERATIVA DO VALE,133402,"0119903,0119904,0119905,0119909,0119999,0121101,0131800,0133404,0133408,0133499,1031700,1091102,4721103,4722901,4722902,4729699",SITIO,POCINHOS,SN,,ZONA RURAL,62920000,1531,49833223000129,1531,QUIXERE,Quixeré,Vale do Jaguaribe,QUIXERE,COOPERVALE - COOPERATIVA DO VALE,Aberto apenas para Atualização de Informações,,,31/10/2023 10:28:14,26/03/2025 09:36:03,23.0,16.0,"86,96",COOPERVALE - COOPERATIVA DO VALE,Quixeré,Aberto apenas para Atualização de Informações,,,31/10/2023 10:28:14,26/03/2025 09:36:03,23.0,16,"86,96",COOPERVALE - COOPERATIVA DO VALE,133402.0,"0119903,0119904,0119905,0119909,0119999,0121101,0131800,0133404,0133408,0133499,1031700,1091102,4721103,4722901,4722902,4729699",SITIO,POCINHOS,SN,,ZONA RURAL,62920000.0,1531.0,"SITIO POCINHOS, SN, ZONA RURAL Quixeré-CE","-5,0728291","-37,9894863"
62,1284427,Associação dos Educadores Populares do Ceará,"2,02408E+16",3818472.0,"45512,78015",49833223000129,COOPERVALE - COOPERATIVA DO VALE,Nota Fiscal,"Gêneros Alimentícios ( Proteínas, Carboidratos, Hortaliças, Sódios e Lipídios) 
",45513,Efetivada,49833223000129,49833223,1,29,1,COOPERVALE - COOPERATIVA DO VALE,133402,"0119903,0119904,0119905,0119909,0119999,0121101,0131800,0133404,0133408,0133499,1031700,1091102,4721103,4722901,4722902,4729699",SITIO,POCINHOS,SN,,ZONA RURAL,62920000,1531,49833223000129,1531,QUIXERE,Quixeré,Vale do Jaguaribe,QUIXERE,COOPERVALE - COOPERATIVA DO VALE,Aberto apenas para Atualização de Informações,,,31/10/2023 10:28:14,26/03/2025 09:36:03,23.0,16.0,"86,96",COOPERVALE - COOPERATIVA DO VALE,Quixeré,Aberto apenas para Atualização de Informações,,,31/10/2023 10:28:14,26/03/2025 09:36:03,23.0,16,"86,96",COOPERVALE - COOPERATIVA DO VALE,133402.0,"0119903,0119904,0119905,0119909,0119999,0121101,0131800,0133404,0133408,0133499,1031700,1091102,4721103,4722901,4722902,4729699",SITIO,POCINHOS,SN,,ZONA RURAL,62920000.0,1531.0,"SITIO POCINHOS, SN, ZONA RURAL Quixeré-CE","-5,0728291","-37,9894863"
63,1284427,Associação dos Educadores Populares do Ceará,"2,02408E+16",78480.0,"45512,78061",11016960000166,COOPERATIVA DOS AGRICULTORES FAMILIARES DO BAIXO ACARAÚ,Nota Fiscal,"Gêneros Alimentícios ( Proteínas, Carboidratos, Hortaliças, Sódios e Lipídios) 
",45513,Efetivada,11016960000166,11016960,1,66,1,SEMENTES DA TERRA,1031700,"0121101,0159801,1051100,1063500,1629301,1629302,2349499,4712100,4722901",RUA,PROFESSOR NICACIO,648,,CENTRO,62570000,1345,11016960000166,1345,BELA CRUZ,Bela Cruz,Litoral Norte,BELA CRUZ,COOPERATIVA DOS AGRICULTORES FAMILIARES DO BAIXO ACARAÚ,CAF Emitido,,,05/04/2023 10:20:41,13/12/2024 10:59:34,161.0,27.0,"93,79",COOPERATIVA DOS AGRICULTORES FAMILIARES DO BAIXO ACARAÚ,Bela Cruz,CAF Emitido,,,05/04/2023 10:20:41,13/12/2024 10:59:34,161.0,27,"93,79",SEMENTES DA TERRA,1031700.0,"0121101,0159801,1051100,1063500,1629301,1629302,2349499,4712100,4722901",RUA,PROFESSOR NICACIO,648,,CENTRO,62570000.0,1345.0,"RUA PROFESSOR NICACIO, 648, CENTRO Bela Cruz-CE","-3,0560081","-40,167547"
64,1284427,Associação dos Educadores Populares do Ceará,"2,02409E+16",74760.0,"45538,76477",11016960000166,COOPERATIVA DOS AGRICULTORES FAMILIARES DO BAIXO ACARAÚ,Nota Fiscal,"Gêneros Alimentícios ( Proteínas, Carboidratos, Hortaliças, Sódios e Lipídios) 
",45539,Efetivada,11016960000166,11016960,1,66,1,SEMENTES DA TERRA,1031700,"0121101,0159801,1051100,1063500,1629301,1629302,2349499,4712100,4722901",RUA,PROFESSOR NICACIO,648,,CENTRO,62570000,1345,11016960000166,1345,BELA CRUZ,Bela Cruz,Litoral Norte,BELA CRUZ,COOPERATIVA DOS AGRICULTORES FAMILIARES DO BAIXO ACARAÚ,CAF Emitido,,,05/04/2023 10:20:41,13/12/2024 10:59:34,161.0,27.0,"93,79",COOPERATIVA DOS AGRICULTORES FAMILIARES DO BAIXO ACARAÚ,Bela Cruz,CAF Emitido,,,05/04/2023 10:20:41,13/12/2024 10:59:34,161.0,27,"93,79",SEMENTES DA TERRA,1031700.0,"0121101,0159801,1051100,1063500,1629301,1629302,2349499,4712100,4722901",RUA,PROFESSOR NICACIO,648,,CENTRO,62570000.0,1345.0,"RUA PROFESSOR NICACIO, 648, CENTRO Bela Cruz-CE","-3,0560081","-40,167547"
65,1284427,Associação dos Educadores Populares do Ceará,"2,02409E+16",5118232.0,"45539,75154",49833223000129,COOPERVALE - COOPERATIVA DO VALE,Nota Fiscal,"Gêneros Alimentícios ( Proteínas, Carboidratos, Hortaliças, Sódios e Lipídios) 
",45540,Efetivada,49833223000129,49833223,1,29,1,COOPERVALE - COOPERATIVA DO VALE,133402,"0119903,0119904,0119905,0119909,0119999,0121101,0131800,0133404,0133408,0133499,1031700,1091102,4721103,4722901,4722902,4729699",SITIO,POCINHOS,SN,,ZONA RURAL,62920000,1531,49833223000129,1531,QUIXERE,Quixeré,Vale do Jaguaribe,QUIXERE,COOPERVALE - COOPERATIVA DO VALE,Aberto apenas para Atualização de Informações,,,31/10/2023 10:28:14,26/03/2025 09:36:03,23.0,16.0,"86,96",COOPERVALE - COOPERATIVA DO VALE,Quixeré,Aberto apenas para Atualização de Informações,,,31/10/2023 10:28:14,26/03/2025 09:36:03,23.0,16,"86,96",COOPERVALE - COOPERATIVA DO VALE,133402.0,"0119903,0119904,0119905,0119909,0119999,0121101,0131800,0133404,0133408,0133499,1031700,1091102,4721103,4722901,4722902,4729699",SITIO,POCINHOS,SN,,ZONA RURAL,62920000.0,1531.0,"SITIO POCINHOS, SN, ZONA RURAL Quixeré-CE","-5,0728291","-37,9894863"
66,1284427,Associação dos Educadores Populares do Ceará,"2,0241E+16",4271634.0,"45582,69942",49833223000129,COOPERVALE - COOPERATIVA DO VALE,Nota Fiscal,"Gêneros Alimentícios ( Proteínas, Carboidratos, Hortaliças, Sódios e Lipídios) 
",45583,Efetivada,49833223000129,49833223,1,29,1,COOPERVALE - COOPERATIVA DO VALE,133402,"0119903,0119904,0119905,0119909,0119999,0121101,0131800,0133404,0133408,0133499,1031700,1091102,4721103,4722901,4722902,4729699",SITIO,POCINHOS,SN,,ZONA RURAL,62920000,1531,49833223000129,1531,QUIXERE,Quixeré,Vale do Jaguaribe,QUIXERE,COOPERVALE - COOPERATIVA DO VALE,Aberto apenas para Atualização de Informações,,,31/10/2023 10:28:14,26/03/2025 09:36:03,23.0,16.0,"86,96",COOPERVALE - COOPERATIVA DO VALE,Quixeré,Aberto apenas para Atualização de Informações,,,31/10/2023 10:28:14,26/03/2025 09:36:03,23.0,16,"86,96",COOPERVALE - COOPERATIVA DO VALE,133402.0,"0119903,0119904,0119905,0119909,0119999,0121101,0131800,0133404,0133408,0133499,1031700,1091102,4721103,4722901,4722902,4729699",SITIO,POCINHOS,SN,,ZONA RURAL,62920000.0,1531.0,"SITIO POCINHOS, SN, ZONA RURAL Quixeré-CE","-5,0728291","-37,9894863"
67,1284427,Associação dos Educadores Populares do Ceará,"2,0241E+16",68460.0,"45587,73167",11016960000166,COOPERATIVA DOS AGRICULTORES FAMILIARES DO BAIXO ACARAÚ,Nota Fiscal,"Gêneros Alimentícios ( Proteínas, Carboidratos, Hortaliças, Sódios e Lipídios) 
",45588,Efetivada,11016960000166,11016960,1,66,1,SEMENTES DA TERRA,1031700,"0121101,0159801,1051100,1063500,1629301,1629302,2349499,4712100,4722901",RUA,PROFESSOR NICACIO,648,,CENTRO,62570000,1345,11016960000166,1345,BELA CRUZ,Bela Cruz,Litoral Norte,BELA CRUZ,COOPERATIVA DOS AGRICULTORES FAMILIARES DO BAIXO ACARAÚ,CAF Emitido,,,05/04/2023 10:20:41,13/12/2024 10:59:34,161.0,27.0,"93,79",COOPERATIVA DOS AGRICULTORES FAMILIARES DO BAIXO ACARAÚ,Bela Cruz,CAF Emitido,,,05/04/2023 10:20:41,13/12/2024 10:59:34,161.0,27,"93,79",SEMENTES DA TERRA,1031700.0,"0121101,0159801,1051100,1063500,1629301,1629302,2349499,4712100,4722901",RUA,PROFESSOR NICACIO,648,,CENTRO,62570000.0,1345.0,"RUA PROFESSOR NICACIO, 648, CENTRO Bela Cruz-CE","-3,0560081","-40,167547"
68,1284427,Associação dos Educadores Populares do Ceará,"2,02411E+16",65360.0,"45614,73424",11016960000166,COOPERATIVA DOS AGRICULTORES FAMILIARES DO BAIXO ACARAÚ,Nota Fiscal,"Gêneros Alimentícios ( Proteínas, Carboidratos, Hortaliças, Sódios e Lipídios) 
",45615,Efetivada,11016960000166,11016960,1,66,1,SEMENTES DA TERRA,1031700,"0121101,0159801,1051100,1063500,1629301,1629302,2349499,4712100,4722901",RUA,PROFESSOR NICACIO,648,,CENTRO,62570000,1345,11016960000166,1345,BELA CRUZ,Bela Cruz,Litoral Norte,BELA CRUZ,COOPERATIVA DOS AGRICULTORES FAMILIARES DO BAIXO ACARAÚ,CAF Emitido,,,05/04/2023 10:20:41,13/12/2024 10:59:34,161.0,27.0,"93,79",COOPERATIVA DOS AGRICULTORES FAMILIARES DO BAIXO ACARAÚ,Bela Cruz,CAF Emitido,,,05/04/2023 10:20:41,13/12/2024 10:59:34,161.0,27,"93,79",SEMENTES DA TERRA,1031700.0,"0121101,0159801,1051100,1063500,1629301,1629302,2349499,4712100,4722901",RUA,PROFESSOR NICACIO,648,,CENTRO,62570000.0,1345.0,"RUA PROFESSOR NICACIO, 648, CENTRO Bela Cruz-CE","-3,0560081","-40,167547"
69,1284427,Associação dos Educadores Populares do Ceará,"2,02411E+16",361289.0,"45614,73465",49833223000129,COOPERVALE - COOPERATIVA DO VALE,Nota Fiscal,"Gêneros Alimentícios ( Proteínas, Carboidratos, Hortaliças, Sódios e Lipídios) 
",45615,Efetivada,49833223000129,49833223,1,29,1,COOPERVALE - COOPERATIVA DO VALE,133402,"0119903,0119904,0119905,0119909,0119999,0121101,0131800,0133404,0133408,0133499,1031700,1091102,4721103,4722901,4722902,4729699",SITIO,POCINHOS,SN,,ZONA RURAL,62920000,1531,49833223000129,1531,QUIXERE,Quixeré,Vale do Jaguaribe,QUIXERE,COOPERVALE - COOPERATIVA DO VALE,Aberto apenas para Atualização de Informações,,,31/10/2023 10:28:14,26/03/2025 09:36:03,23.0,16.0,"86,96",COOPERVALE - COOPERATIVA DO VALE,Quixeré,Aberto apenas para Atualização de Informações,,,31/10/2023 10:28:14,26/03/2025 09:36:03,23.0,16,"86,96",COOPERVALE - COOPERATIVA DO VALE,133402.0,"0119903,0119904,0119905,0119909,0119999,0121101,0131800,0133404,0133408,0133499,1031700,1091102,4721103,4722901,4722902,4729699",SITIO,POCINHOS,SN,,ZONA RURAL,62920000.0,1531.0,"SITIO POCINHOS, SN, ZONA RURAL Quixeré-CE","-5,0728291","-37,9894863"
70,1284427,Associação dos Educadores Populares do Ceará,"2,02412E+16",65360.0,"45631,71148",11016960000166,COOPERATIVA DOS AGRICULTORES FAMILIARES DO BAIXO ACARAÚ,Nota Fiscal,"Gêneros Alimentícios ( Proteínas, Carboidratos, Hortaliças, Sódios e Lipídios) 
",45632,Efetivada,11016960000166,11016960,1,66,1,SEMENTES DA TERRA,1031700,"0121101,0159801,1051100,1063500,1629301,1629302,2349499,4712100,4722901",RUA,PROFESSOR NICACIO,648,,CENTRO,62570000,1345,11016960000166,1345,BELA CRUZ,Bela Cruz,Litoral Norte,BELA CRUZ,COOPERATIVA DOS AGRICULTORES FAMILIARES DO BAIXO ACARAÚ,CAF Emitido,,,05/04/2023 10:20:41,13/12/2024 10:59:34,161.0,27.0,"93,79",COOPERATIVA DOS AGRICULTORES FAMILIARES DO BAIXO ACARAÚ,Bela Cruz,CAF Emitido,,,05/04/2023 10:20:41,13/12/2024 10:59:34,161.0,27,"93,79",SEMENTES DA TERRA,1031700.0,"0121101,0159801,1051100,1063500,1629301,1629302,2349499,4712100,4722901",RUA,PROFESSOR NICACIO,648,,CENTRO,62570000.0,1345.0,"RUA PROFESSOR NICACIO, 648, CENTRO Bela Cruz-CE","-3,0560081","-40,167547"
71,1284427,Associação dos Educadores Populares do Ceará,"2,02412E+16",357929.0,"45635,69613",49833223000129,COOPERVALE - COOPERATIVA DO VALE,Nota Fiscal,"Gêneros Alimentícios ( Proteínas, Carboidratos, Hortaliças, Sódios e Lipídios) 
",45636,Efetivada,49833223000129,49833223,1,29,1,COOPERVALE - COOPERATIVA DO VALE,133402,"0119903,0119904,0119905,0119909,0119999,0121101,0131800,0133404,0133408,0133499,1031700,1091102,4721103,4722901,4722902,4729699",SITIO,POCINHOS,SN,,ZONA RURAL,62920000,1531,49833223000129,1531,QUIXERE,Quixeré,Vale do Jaguaribe,QUIXERE,COOPERVALE - COOPERATIVA DO VALE,Aberto apenas para Atualização de Informações,,,31/10/2023 10:28:14,26/03/2025 09:36:03,23.0,16.0,"86,96",COOPERVALE - COOPERATIVA DO VALE,Quixeré,Aberto apenas para Atualização de Informações,,,31/10/2023 10:28:14,26/03/2025 09:36:03,23.0,16,"86,96",COOPERVALE - COOPERATIVA DO VALE,133402.0,"0119903,0119904,0119905,0119909,0119999,0121101,0131800,0133404,0133408,0133499,1031700,1091102,4721103,4722901,4722902,4729699",SITIO,POCINHOS,SN,,ZONA RURAL,62920000.0,1531.0,"SITIO POCINHOS, SN, ZONA RURAL Quixeré-CE","-5,0728291","-37,9894863"
72,1284427,Associação dos Educadores Populares do Ceará,"2,02501E+16",65360.0,"45685,63008",11016960000166,COOPERATIVA DOS AGRICULTORES FAMILIARES DO BAIXO ACARAÚ,Nota Fiscal,"Gêneros Alimentícios ( Proteínas, Carboidratos, Hortaliças, Sódios e Lipídios) 
",45686,Efetivada,11016960000166,11016960,1,66,1,SEMENTES DA TERRA,1031700,"0121101,0159801,1051100,1063500,1629301,1629302,2349499,4712100,4722901",RUA,PROFESSOR NICACIO,648,,CENTRO,62570000,1345,11016960000166,1345,BELA CRUZ,Bela Cruz,Litoral Norte,BELA CRUZ,COOPERATIVA DOS AGRICULTORES FAMILIARES DO BAIXO ACARAÚ,CAF Emitido,,,05/04/2023 10:20:41,13/12/2024 10:59:34,161.0,27.0,"93,79",COOPERATIVA DOS AGRICULTORES FAMILIARES DO BAIXO ACARAÚ,Bela Cruz,CAF Emitido,,,05/04/2023 10:20:41,13/12/2024 10:59:34,161.0,27,"93,79",SEMENTES DA TERRA,1031700.0,"0121101,0159801,1051100,1063500,1629301,1629302,2349499,4712100,4722901",RUA,PROFESSOR NICACIO,648,,CENTRO,62570000.0,1345.0,"RUA PROFESSOR NICACIO, 648, CENTRO Bela Cruz-CE","-3,0560081","-40,167547"
73,1284427,Associação dos Educadores Populares do Ceará,"2,02501E+16",3105658.0,"45686,36075",49833223000129,COOPERVALE - COOPERATIVA DO VALE,Nota Fiscal,"Gêneros Alimentícios ( Proteínas, Carboidratos, Hortaliças, Sódios e Lipídios) 
",45687,Efetivada,49833223000129,49833223,1,29,1,COOPERVALE - COOPERATIVA DO VALE,133402,"0119903,0119904,0119905,0119909,0119999,0121101,0131800,0133404,0133408,0133499,1031700,1091102,4721103,4722901,4722902,4729699",SITIO,POCINHOS,SN,,ZONA RURAL,62920000,1531,49833223000129,1531,QUIXERE,Quixeré,Vale do Jaguaribe,QUIXERE,COOPERVALE - COOPERATIVA DO VALE,Aberto apenas para Atualização de Informações,,,31/10/2023 10:28:14,26/03/2025 09:36:03,23.0,16.0,"86,96",COOPERVALE - COOPERATIVA DO VALE,Quixeré,Aberto apenas para Atualização de Informações,,,31/10/2023 10:28:14,26/03/2025 09:36:03,23.0,16,"86,96",COOPERVALE - COOPERATIVA DO VALE,133402.0,"0119903,0119904,0119905,0119909,0119999,0121101,0131800,0133404,0133408,0133499,1031700,1091102,4721103,4722901,4722902,4729699",SITIO,POCINHOS,SN,,ZONA RURAL,62920000.0,1531.0,"SITIO POCINHOS, SN, ZONA RURAL Quixeré-CE","-5,0728291","-37,9894863"
74,1284427,Associação dos Educadores Populares do Ceará,"2,02502E+16",3532831.0,"45698,38382",49833223000129,COOPERVALE - COOPERATIVA DO VALE,Nota Fiscal,"Gêneros Alimentícios ( Proteínas, Carboidratos, Hortaliças, Sódios e Lipídios) 
",45699,Efetivada,49833223000129,49833223,1,29,1,COOPERVALE - COOPERATIVA DO VALE,133402,"0119903,0119904,0119905,0119909,0119999,0121101,0131800,0133404,0133408,0133499,1031700,1091102,4721103,4722901,4722902,4729699",SITIO,POCINHOS,SN,,ZONA RURAL,62920000,1531,49833223000129,1531,QUIXERE,Quixeré,Vale do Jaguaribe,QUIXERE,COOPERVALE - COOPERATIVA DO VALE,Aberto apenas para Atualização de Informações,,,31/10/2023 10:28:14,26/03/2025 09:36:03,23.0,16.0,"86,96",COOPERVALE - COOPERATIVA DO VALE,Quixeré,Aberto apenas para Atualização de Informações,,,31/10/2023 10:28:14,26/03/2025 09:36:03,23.0,16,"86,96",COOPERVALE - COOPERATIVA DO VALE,133402.0,"0119903,0119904,0119905,0119909,0119999,0121101,0131800,0133404,0133408,0133499,1031700,1091102,4721103,4722901,4722902,4729699",SITIO,POCINHOS,SN,,ZONA RURAL,62920000.0,1531.0,"SITIO POCINHOS, SN, ZONA RURAL Quixeré-CE","-5,0728291","-37,9894863"
75,1284427,Associação dos Educadores Populares do Ceará,"2,02502E+16",65360.0,"45700,72925",11016960000166,COOPERATIVA DOS AGRICULTORES FAMILIARES DO BAIXO ACARAÚ,Nota Fiscal,"Gêneros Alimentícios ( Proteínas, Carboidratos, Hortaliças, Sódios e Lipídios) 
",45701,Efetivada,11016960000166,11016960,1,66,1,SEMENTES DA TERRA,1031700,"0121101,0159801,1051100,1063500,1629301,1629302,2349499,4712100,4722901",RUA,PROFESSOR NICACIO,648,,CENTRO,62570000,1345,11016960000166,1345,BELA CRUZ,Bela Cruz,Litoral Norte,BELA CRUZ,COOPERATIVA DOS AGRICULTORES FAMILIARES DO BAIXO ACARAÚ,CAF Emitido,,,05/04/2023 10:20:41,13/12/2024 10:59:34,161.0,27.0,"93,79",COOPERATIVA DOS AGRICULTORES FAMILIARES DO BAIXO ACARAÚ,Bela Cruz,CAF Emitido,,,05/04/2023 10:20:41,13/12/2024 10:59:34,161.0,27,"93,79",SEMENTES DA TERRA,1031700.0,"0121101,0159801,1051100,1063500,1629301,1629302,2349499,4712100,4722901",RUA,PROFESSOR NICACIO,648,,CENTRO,62570000.0,1345.0,"RUA PROFESSOR NICACIO, 648, CENTRO Bela Cruz-CE","-3,0560081","-40,167547"
76,1284427,Associação dos Educadores Populares do Ceará,"2,02503E+16",1581599.0,"45727,65727",49833223000129,COOPERVALE - COOPERATIVA DO VALE,Nota Fiscal,"Gêneros Alimentícios ( Proteínas, Carboidratos, Hortaliças, Sódios e Lipídios) 
",45728,Efetivada,49833223000129,49833223,1,29,1,COOPERVALE - COOPERATIVA DO VALE,133402,"0119903,0119904,0119905,0119909,0119999,0121101,0131800,0133404,0133408,0133499,1031700,1091102,4721103,4722901,4722902,4729699",SITIO,POCINHOS,SN,,ZONA RURAL,62920000,1531,49833223000129,1531,QUIXERE,Quixeré,Vale do Jaguaribe,QUIXERE,COOPERVALE - COOPERATIVA DO VALE,Aberto apenas para Atualização de Informações,,,31/10/2023 10:28:14,26/03/2025 09:36:03,23.0,16.0,"86,96",COOPERVALE - COOPERATIVA DO VALE,Quixeré,Aberto apenas para Atualização de Informações,,,31/10/2023 10:28:14,26/03/2025 09:36:03,23.0,16,"86,96",COOPERVALE - COOPERATIVA DO VALE,133402.0,"0119903,0119904,0119905,0119909,0119999,0121101,0131800,0133404,0133408,0133499,1031700,1091102,4721103,4722901,4722902,4729699",SITIO,POCINHOS,SN,,ZONA RURAL,62920000.0,1531.0,"SITIO POCINHOS, SN, ZONA RURAL Quixeré-CE","-5,0728291","-37,9894863"
77,1284427,Associação dos Educadores Populares do Ceará,"2,02503E+16",2301229.0,"45730,76766",49833223000129,COOPERVALE - COOPERATIVA DO VALE,Nota Fiscal,"Gêneros Alimentícios ( Proteínas, Carboidratos, Hortaliças, Sódios e Lipídios) 
",45734,Efetivada,49833223000129,49833223,1,29,1,COOPERVALE - COOPERATIVA DO VALE,133402,"0119903,0119904,0119905,0119909,0119999,0121101,0131800,0133404,0133408,0133499,1031700,1091102,4721103,4722901,4722902,4729699",SITIO,POCINHOS,SN,,ZONA RURAL,62920000,1531,49833223000129,1531,QUIXERE,Quixeré,Vale do Jaguaribe,QUIXERE,COOPERVALE - COOPERATIVA DO VALE,Aberto apenas para Atualização de Informações,,,31/10/2023 10:28:14,26/03/2025 09:36:03,23.0,16.0,"86,96",COOPERVALE - COOPERATIVA DO VALE,Quixeré,Aberto apenas para Atualização de Informações,,,31/10/2023 10:28:14,26/03/2025 09:36:03,23.0,16,"86,96",COOPERVALE - COOPERATIVA DO VALE,133402.0,"0119903,0119904,0119905,0119909,0119999,0121101,0131800,0133404,0133408,0133499,1031700,1091102,4721103,4722901,4722902,4729699",SITIO,POCINHOS,SN,,ZONA RURAL,62920000.0,1531.0,"SITIO POCINHOS, SN, ZONA RURAL Quixeré-CE","-5,0728291","-37,9894863"
78,1284427,Associação dos Educadores Populares do Ceará,"2,02503E+16",71580.0,"45730,76814",11016960000166,COOPERATIVA DOS AGRICULTORES FAMILIARES DO BAIXO ACARAÚ,Nota Fiscal,"Gêneros Alimentícios ( Proteínas, Carboidratos, Hortaliças, Sódios e Lipídios) 
",45734,Efetivada,11016960000166,11016960,1,66,1,SEMENTES DA TERRA,1031700,"0121101,0159801,1051100,1063500,1629301,1629302,2349499,4712100,4722901",RUA,PROFESSOR NICACIO,648,,CENTRO,62570000,1345,11016960000166,1345,BELA CRUZ,Bela Cruz,Litoral Norte,BELA CRUZ,COOPERATIVA DOS AGRICULTORES FAMILIARES DO BAIXO ACARAÚ,CAF Emitido,,,05/04/2023 10:20:41,13/12/2024 10:59:34,161.0,27.0,"93,79",COOPERATIVA DOS AGRICULTORES FAMILIARES DO BAIXO ACARAÚ,Bela Cruz,CAF Emitido,,,05/04/2023 10:20:41,13/12/2024 10:59:34,161.0,27,"93,79",SEMENTES DA TERRA,1031700.0,"0121101,0159801,1051100,1063500,1629301,1629302,2349499,4712100,4722901",RUA,PROFESSOR NICACIO,648,,CENTRO,62570000.0,1345.0,"RUA PROFESSOR NICACIO, 648, CENTRO Bela Cruz-CE","-3,0560081","-40,167547"
79,1284427,Associação dos Educadores Populares do Ceará,"2,02504E+16",331328.0,"45758,72339",49833223000129,COOPERVALE - COOPERATIVA DO VALE,Nota Fiscal,"Gêneros Alimentícios ( Proteínas, Carboidratos, Hortaliças, Sódios e Lipídios) 
",45761,Efetivada,49833223000129,49833223,1,29,1,COOPERVALE - COOPERATIVA DO VALE,133402,"0119903,0119904,0119905,0119909,0119999,0121101,0131800,0133404,0133408,0133499,1031700,1091102,4721103,4722901,4722902,4729699",SITIO,POCINHOS,SN,,ZONA RURAL,62920000,1531,49833223000129,1531,QUIXERE,Quixeré,Vale do Jaguaribe,QUIXERE,COOPERVALE - COOPERATIVA DO VALE,Aberto apenas para Atualização de Informações,,,31/10/2023 10:28:14,26/03/2025 09:36:03,23.0,16.0,"86,96",COOPERVALE - COOPERATIVA DO VALE,Quixeré,Aberto apenas para Atualização de Informações,,,31/10/2023 10:28:14,26/03/2025 09:36:03,23.0,16,"86,96",COOPERVALE - COOPERATIVA DO VALE,133402.0,"0119903,0119904,0119905,0119909,0119999,0121101,0131800,0133404,0133408,0133499,1031700,1091102,4721103,4722901,4722902,4729699",SITIO,POCINHOS,SN,,ZONA RURAL,62920000.0,1531.0,"SITIO POCINHOS, SN, ZONA RURAL Quixeré-CE","-5,0728291","-37,9894863"
80,1284427,Associação dos Educadores Populares do Ceará,"2,02504E+16",65360.0,"45758,72392",11016960000166,COOPERATIVA DOS AGRICULTORES FAMILIARES DO BAIXO ACARAÚ,Nota Fiscal,"Gêneros Alimentícios ( Proteínas, Carboidratos, Hortaliças, Sódios e Lipídios) 
",45761,Efetivada,11016960000166,11016960,1,66,1,SEMENTES DA TERRA,1031700,"0121101,0159801,1051100,1063500,1629301,1629302,2349499,4712100,4722901",RUA,PROFESSOR NICACIO,648,,CENTRO,62570000,1345,11016960000166,1345,BELA CRUZ,Bela Cruz,Litoral Norte,BELA CRUZ,COOPERATIVA DOS AGRICULTORES FAMILIARES DO BAIXO ACARAÚ,CAF Emitido,,,05/04/2023 10:20:41,13/12/2024 10:59:34,161.0,27.0,"93,79",COOPERATIVA DOS AGRICULTORES FAMILIARES DO BAIXO ACARAÚ,Bela Cruz,CAF Emitido,,,05/04/2023 10:20:41,13/12/2024 10:59:34,161.0,27,"93,79",SEMENTES DA TERRA,1031700.0,"0121101,0159801,1051100,1063500,1629301,1629302,2349499,4712100,4722901",RUA,PROFESSOR NICACIO,648,,CENTRO,62570000.0,1345.0,"RUA PROFESSOR NICACIO, 648, CENTRO Bela Cruz-CE","-3,0560081","-40,167547"
81,1284427,Associação dos Educadores Populares do Ceará,"2,02505E+16",65360.0,"45798,70238",11016960000166,COOPERATIVA DOS AGRICULTORES FAMILIARES DO BAIXO ACARAÚ,Nota Fiscal,"Gêneros Alimentícios ( Proteínas, Carboidratos, Hortaliças, Sódios e Lipídios) 
",45799,Efetivada,11016960000166,11016960,1,66,1,SEMENTES DA TERRA,1031700,"0121101,0159801,1051100,1063500,1629301,1629302,2349499,4712100,4722901",RUA,PROFESSOR NICACIO,648,,CENTRO,62570000,1345,11016960000166,1345,BELA CRUZ,Bela Cruz,Litoral Norte,BELA CRUZ,COOPERATIVA DOS AGRICULTORES FAMILIARES DO BAIXO ACARAÚ,CAF Emitido,,,05/04/2023 10:20:41,13/12/2024 10:59:34,161.0,27.0,"93,79",COOPERATIVA DOS AGRICULTORES FAMILIARES DO BAIXO ACARAÚ,Bela Cruz,CAF Emitido,,,05/04/2023 10:20:41,13/12/2024 10:59:34,161.0,27,"93,79",SEMENTES DA TERRA,1031700.0,"0121101,0159801,1051100,1063500,1629301,1629302,2349499,4712100,4722901",RUA,PROFESSOR NICACIO,648,,CENTRO,62570000.0,1345.0,"RUA PROFESSOR NICACIO, 648, CENTRO Bela Cruz-CE","-3,0560081","-40,167547"
82,1284427,Associação dos Educadores Populares do Ceará,"2,02505E+16",3529772.0,"45804,60293",49833223000129,COOPERVALE - COOPERATIVA DO VALE,Nota Fiscal,"Gêneros Alimentícios ( Proteínas, Carboidratos, Hortaliças, Sódios e Lipídios) 
",45805,Efetivada,49833223000129,49833223,1,29,1,COOPERVALE - COOPERATIVA DO VALE,133402,"0119903,0119904,0119905,0119909,0119999,0121101,0131800,0133404,0133408,0133499,1031700,1091102,4721103,4722901,4722902,4729699",SITIO,POCINHOS,SN,,ZONA RURAL,62920000,1531,49833223000129,1531,QUIXERE,Quixeré,Vale do Jaguaribe,QUIXERE,COOPERVALE - COOPERATIVA DO VALE,Aberto apenas para Atualização de Informações,,,31/10/2023 10:28:14,26/03/2025 09:36:03,23.0,16.0,"86,96",COOPERVALE - COOPERATIVA DO VALE,Quixeré,Aberto apenas para Atualização de Informações,,,31/10/2023 10:28:14,26/03/2025 09:36:03,23.0,16,"86,96",COOPERVALE - COOPERATIVA DO VALE,133402.0,"0119903,0119904,0119905,0119909,0119999,0121101,0131800,0133404,0133408,0133499,1031700,1091102,4721103,4722901,4722902,4729699",SITIO,POCINHOS,SN,,ZONA RURAL,62920000.0,1531.0,"SITIO POCINHOS, SN, ZONA RURAL Quixeré-CE","-5,0728291","-37,9894863"
83,1284731,ACFLOR - Instituto de Defesa da Cidadania Social ,"2,02408E+16",8698688.0,"45524,69074",51506696000163,COOPERATIVA DOS PRODUTORES RURAIS DE QUIIXERE E VALE DO JAGUARIBE - COOPAVAQ,Nota Fiscal,"Gêneros Alimentícios ( Proteínas, Carboidratos, Hortaliças, Sódios e Lipídios) 
",45525,Efetivada,51506696000163,51506696,1,63,1,COOPAVAQ,161099,"0111302,0112101,0116403,0116499,0119905,0119906,0133402,0133408,0133499,0151201,0151202,1031700,1033301,4721103,4722902,4729699,7490103,9411100",RUA,ANA ROSA,510,,LAGOINHA,62920000,1531,51506696000163,1531,QUIXERE,Quixeré,Vale do Jaguaribe,QUIXERE,COOPERATIVA DOS PRODUTORES RURAIS DE QUIIXERE E VALE DO JAGUARIBE - COOPAVAQ,CAF Emitido,UNICAFES,09/05/2026,29/08/2023 13:41:05,03/07/2025 10:58:50,42.0,30.0,"100,00",COOPERATIVA DOS PRODUTORES RURAIS DE QUIIXERE E VALE DO JAGUARIBE - COOPAVAQ,Quixeré,CAF Emitido,,,29/08/2023 13:41:05,23/01/2025 14:27:38,29.0,26,100,COOPAVAQ,161099.0,"0111302,0112101,0116403,0116499,0119905,0119906,0133402,0133408,0133499,0151201,0151202,1031700,1033301,4721103,4722902,4729699,7490103,9411100",RUA,ANA ROSA,510,,LAGOINHA,62920000.0,1531.0,"RUA ANA ROSA, 510, LAGOINHA Quixeré-CE","-5,081802","-37,909876"
84,1284731,ACFLOR - Instituto de Defesa da Cidadania Social ,"2,02409E+16",20065625.0,"45558,637",51506696000163,COOPERATIVA DOS PRODUTORES RURAIS DE QUIIXERE E VALE DO JAGUARIBE - COOPAVAQ,Nota Fiscal,"Gêneros Alimentícios ( Proteínas, Carboidratos, Hortaliças, Sódios e Lipídios) 
",45559,Efetivada,51506696000163,51506696,1,63,1,COOPAVAQ,161099,"0111302,0112101,0116403,0116499,0119905,0119906,0133402,0133408,0133499,0151201,0151202,1031700,1033301,4721103,4722902,4729699,7490103,9411100",RUA,ANA ROSA,510,,LAGOINHA,62920000,1531,51506696000163,1531,QUIXERE,Quixeré,Vale do Jaguaribe,QUIXERE,COOPERATIVA DOS PRODUTORES RURAIS DE QUIIXERE E VALE DO JAGUARIBE - COOPAVAQ,CAF Emitido,UNICAFES,09/05/2026,29/08/2023 13:41:05,03/07/2025 10:58:50,42.0,30.0,"100,00",COOPERATIVA DOS PRODUTORES RURAIS DE QUIIXERE E VALE DO JAGUARIBE - COOPAVAQ,Quixeré,CAF Emitido,,,29/08/2023 13:41:05,23/01/2025 14:27:38,29.0,26,100,COOPAVAQ,161099.0,"0111302,0112101,0116403,0116499,0119905,0119906,0133402,0133408,0133499,0151201,0151202,1031700,1033301,4721103,4722902,4729699,7490103,9411100",RUA,ANA ROSA,510,,LAGOINHA,62920000.0,1531.0,"RUA ANA ROSA, 510, LAGOINHA Quixeré-CE","-5,081802","-37,909876"
85,1284731,ACFLOR - Instituto de Defesa da Cidadania Social ,"2,0241E+16",12532416.0,"45596,65001",51506696000163,COOPERATIVA DOS PRODUTORES RURAIS DE QUIIXERE E VALE DO JAGUARIBE - COOPAVAQ,Nota Fiscal,"Gêneros Alimentícios ( Proteínas, Carboidratos, Hortaliças, Sódios e Lipídios) 
",45597,Efetivada,51506696000163,51506696,1,63,1,COOPAVAQ,161099,"0111302,0112101,0116403,0116499,0119905,0119906,0133402,0133408,0133499,0151201,0151202,1031700,1033301,4721103,4722902,4729699,7490103,9411100",RUA,ANA ROSA,510,,LAGOINHA,62920000,1531,51506696000163,1531,QUIXERE,Quixeré,Vale do Jaguaribe,QUIXERE,COOPERATIVA DOS PRODUTORES RURAIS DE QUIIXERE E VALE DO JAGUARIBE - COOPAVAQ,CAF Emitido,UNICAFES,09/05/2026,29/08/2023 13:41:05,03/07/2025 10:58:50,42.0,30.0,"100,00",COOPERATIVA DOS PRODUTORES RURAIS DE QUIIXERE E VALE DO JAGUARIBE - COOPAVAQ,Quixeré,CAF Emitido,,,29/08/2023 13:41:05,23/01/2025 14:27:38,29.0,26,100,COOPAVAQ,161099.0,"0111302,0112101,0116403,0116499,0119905,0119906,0133402,0133408,0133499,0151201,0151202,1031700,1033301,4721103,4722902,4729699,7490103,9411100",RUA,ANA ROSA,510,,LAGOINHA,62920000.0,1531.0,"RUA ANA ROSA, 510, LAGOINHA Quixeré-CE","-5,081802","-37,909876"
86,1287149,CÁRITAS DIOCESANA DE TIANGUA,"2,02311E+16",505385.0,"45236,82498",35202279000170,COOPENORT,Nota Fiscal,"Gêneros Alimentícios ( Proteínas, Carboidratos, Hortaliças, Sódios e Lipídios) 
",45237,Efetivada,35202279000170,35202279,1,70,1,COOPENORT,4633801,"0111302,0113000,0119902,0119904,0119905,0119906,0119907,0119908,0119909,0119999,0121101,0131800,0133402,0133403,0133408,0133409,0133410,0133499,0139399,0151201,0151202,0153901,0154700,0155501,0155505,0159801,0312401,0322101,1031700,1066000,4623106,4623109,4623199,4644302,4661300,4683400,4692300,4722902,4724500,4729699,4744001,4744099",RUA,DEPUTADO VICENTE RIBEIRO,438,,CENTRO,62375000,1367,35202279000170,1367,CARNAUBAL,Carnaubal,Serra da Ibiapaba,CARNAUBAL,COOPERATIVA AGROPECUARIA DOS AGRICULTORES FAMILIARES DA REGIAO NORTE DO CEARA LT,CAF Emitido,,,29/09/2023 12:30:34,22/05/2025 08:50:46,75.0,42.0,"97,33",COOPERATIVA AGROPECUARIA DOS AGRICULTORES FAMILIARES DA REGIAO NORTE DO CEARA LT,Carnaubal,Aberto apenas para Atualização de Informações,,,29/09/2023 12:30:34,07/03/2025 12:32:31,75.0,43,"97,33",COOPENORT,4633801.0,"0111302,0113000,0119902,0119904,0119905,0119906,0119907,0119908,0119909,0119999,0121101,0131800,0133402,0133403,0133408,0133409,0133410,0133499,0139399,0151201,0151202,0153901,0154700,0155501,0155505,0159801,0312401,0322101,1031700,1066000,4623106,4623109,4623199,4644302,4661300,4683400,4692300,4722902,4724500,4729699,4744001,4744099",RUA,DEPUTADO VICENTE RIBEIRO,438,,CENTRO,62375000.0,1367.0,"RUA DEPUTADO VICENTE RIBEIRO, 438, CENTRO Carnaubal-CE","-4,1657573","-40,9404926"
87,1287149,CÁRITAS DIOCESANA DE TIANGUA,"2,02311E+16",527976.0,"45257,72787",35202279000170,COOPENORT,Nota Fiscal,"Gêneros Alimentícios ( Proteínas, Carboidratos, Hortaliças, Sódios e Lipídios) 
",45258,Efetivada,35202279000170,35202279,1,70,1,COOPENORT,4633801,"0111302,0113000,0119902,0119904,0119905,0119906,0119907,0119908,0119909,0119999,0121101,0131800,0133402,0133403,0133408,0133409,0133410,0133499,0139399,0151201,0151202,0153901,0154700,0155501,0155505,0159801,0312401,0322101,1031700,1066000,4623106,4623109,4623199,4644302,4661300,4683400,4692300,4722902,4724500,4729699,4744001,4744099",RUA,DEPUTADO VICENTE RIBEIRO,438,,CENTRO,62375000,1367,35202279000170,1367,CARNAUBAL,Carnaubal,Serra da Ibiapaba,CARNAUBAL,COOPERATIVA AGROPECUARIA DOS AGRICULTORES FAMILIARES DA REGIAO NORTE DO CEARA LT,CAF Emitido,,,29/09/2023 12:30:34,22/05/2025 08:50:46,75.0,42.0,"97,33",COOPERATIVA AGROPECUARIA DOS AGRICULTORES FAMILIARES DA REGIAO NORTE DO CEARA LT,Carnaubal,Aberto apenas para Atualização de Informações,,,29/09/2023 12:30:34,07/03/2025 12:32:31,75.0,43,"97,33",COOPENORT,4633801.0,"0111302,0113000,0119902,0119904,0119905,0119906,0119907,0119908,0119909,0119999,0121101,0131800,0133402,0133403,0133408,0133409,0133410,0133499,0139399,0151201,0151202,0153901,0154700,0155501,0155505,0159801,0312401,0322101,1031700,1066000,4623106,4623109,4623199,4644302,4661300,4683400,4692300,4722902,4724500,4729699,4744001,4744099",RUA,DEPUTADO VICENTE RIBEIRO,438,,CENTRO,62375000.0,1367.0,"RUA DEPUTADO VICENTE RIBEIRO, 438, CENTRO Carnaubal-CE","-4,1657573","-40,9404926"
88,1287149,CÁRITAS DIOCESANA DE TIANGUA,"2,02312E+16",130231.0,"45281,60671",35202279000170,COOPENORT,Nota Fiscal,"Gêneros Alimentícios ( Proteínas, Carboidratos, Hortaliças, Sódios e Lipídios) 
",45282,Efetivada,35202279000170,35202279,1,70,1,COOPENORT,4633801,"0111302,0113000,0119902,0119904,0119905,0119906,0119907,0119908,0119909,0119999,0121101,0131800,0133402,0133403,0133408,0133409,0133410,0133499,0139399,0151201,0151202,0153901,0154700,0155501,0155505,0159801,0312401,0322101,1031700,1066000,4623106,4623109,4623199,4644302,4661300,4683400,4692300,4722902,4724500,4729699,4744001,4744099",RUA,DEPUTADO VICENTE RIBEIRO,438,,CENTRO,62375000,1367,35202279000170,1367,CARNAUBAL,Carnaubal,Serra da Ibiapaba,CARNAUBAL,COOPERATIVA AGROPECUARIA DOS AGRICULTORES FAMILIARES DA REGIAO NORTE DO CEARA LT,CAF Emitido,,,29/09/2023 12:30:34,22/05/2025 08:50:46,75.0,42.0,"97,33",COOPERATIVA AGROPECUARIA DOS AGRICULTORES FAMILIARES DA REGIAO NORTE DO CEARA LT,Carnaubal,Aberto apenas para Atualização de Informações,,,29/09/2023 12:30:34,07/03/2025 12:32:31,75.0,43,"97,33",COOPENORT,4633801.0,"0111302,0113000,0119902,0119904,0119905,0119906,0119907,0119908,0119909,0119999,0121101,0131800,0133402,0133403,0133408,0133409,0133410,0133499,0139399,0151201,0151202,0153901,0154700,0155501,0155505,0159801,0312401,0322101,1031700,1066000,4623106,4623109,4623199,4644302,4661300,4683400,4692300,4722902,4724500,4729699,4744001,4744099",RUA,DEPUTADO VICENTE RIBEIRO,438,,CENTRO,62375000.0,1367.0,"RUA DEPUTADO VICENTE RIBEIRO, 438, CENTRO Carnaubal-CE","-4,1657573","-40,9404926"
89,1287149,CÁRITAS DIOCESANA DE TIANGUA,"2,02401E+16",589345.0,"45300,46786",35202279000170,COOPENORT,Nota Fiscal,"Gêneros Alimentícios ( Proteínas, Carboidratos, Hortaliças, Sódios e Lipídios) 
",45301,Efetivada,35202279000170,35202279,1,70,1,COOPENORT,4633801,"0111302,0113000,0119902,0119904,0119905,0119906,0119907,0119908,0119909,0119999,0121101,0131800,0133402,0133403,0133408,0133409,0133410,0133499,0139399,0151201,0151202,0153901,0154700,0155501,0155505,0159801,0312401,0322101,1031700,1066000,4623106,4623109,4623199,4644302,4661300,4683400,4692300,4722902,4724500,4729699,4744001,4744099",RUA,DEPUTADO VICENTE RIBEIRO,438,,CENTRO,62375000,1367,35202279000170,1367,CARNAUBAL,Carnaubal,Serra da Ibiapaba,CARNAUBAL,COOPERATIVA AGROPECUARIA DOS AGRICULTORES FAMILIARES DA REGIAO NORTE DO CEARA LT,CAF Emitido,,,29/09/2023 12:30:34,22/05/2025 08:50:46,75.0,42.0,"97,33",COOPERATIVA AGROPECUARIA DOS AGRICULTORES FAMILIARES DA REGIAO NORTE DO CEARA LT,Carnaubal,Aberto apenas para Atualização de Informações,,,29/09/2023 12:30:34,07/03/2025 12:32:31,75.0,43,"97,33",COOPENORT,4633801.0,"0111302,0113000,0119902,0119904,0119905,0119906,0119907,0119908,0119909,0119999,0121101,0131800,0133402,0133403,0133408,0133409,0133410,0133499,0139399,0151201,0151202,0153901,0154700,0155501,0155505,0159801,0312401,0322101,1031700,1066000,4623106,4623109,4623199,4644302,4661300,4683400,4692300,4722902,4724500,4729699,4744001,4744099",RUA,DEPUTADO VICENTE RIBEIRO,438,,CENTRO,62375000.0,1367.0,"RUA DEPUTADO VICENTE RIBEIRO, 438, CENTRO Carnaubal-CE","-4,1657573","-40,9404926"
90,1287149,CÁRITAS DIOCESANA DE TIANGUA,"2,02402E+16",4210452.0,"45324,69601",35202279000170,COOPENORT,Nota Fiscal,"Gêneros Alimentícios ( Proteínas, Carboidratos, Hortaliças, Sódios e Lipídios) 
",45327,Efetivada,35202279000170,35202279,1,70,1,COOPENORT,4633801,"0111302,0113000,0119902,0119904,0119905,0119906,0119907,0119908,0119909,0119999,0121101,0131800,0133402,0133403,0133408,0133409,0133410,0133499,0139399,0151201,0151202,0153901,0154700,0155501,0155505,0159801,0312401,0322101,1031700,1066000,4623106,4623109,4623199,4644302,4661300,4683400,4692300,4722902,4724500,4729699,4744001,4744099",RUA,DEPUTADO VICENTE RIBEIRO,438,,CENTRO,62375000,1367,35202279000170,1367,CARNAUBAL,Carnaubal,Serra da Ibiapaba,CARNAUBAL,COOPERATIVA AGROPECUARIA DOS AGRICULTORES FAMILIARES DA REGIAO NORTE DO CEARA LT,CAF Emitido,,,29/09/2023 12:30:34,22/05/2025 08:50:46,75.0,42.0,"97,33",COOPERATIVA AGROPECUARIA DOS AGRICULTORES FAMILIARES DA REGIAO NORTE DO CEARA LT,Carnaubal,Aberto apenas para Atualização de Informações,,,29/09/2023 12:30:34,07/03/2025 12:32:31,75.0,43,"97,33",COOPENORT,4633801.0,"0111302,0113000,0119902,0119904,0119905,0119906,0119907,0119908,0119909,0119999,0121101,0131800,0133402,0133403,0133408,0133409,0133410,0133499,0139399,0151201,0151202,0153901,0154700,0155501,0155505,0159801,0312401,0322101,1031700,1066000,4623106,4623109,4623199,4644302,4661300,4683400,4692300,4722902,4724500,4729699,4744001,4744099",RUA,DEPUTADO VICENTE RIBEIRO,438,,CENTRO,62375000.0,1367.0,"RUA DEPUTADO VICENTE RIBEIRO, 438, CENTRO Carnaubal-CE","-4,1657573","-40,9404926"
91,1287149,CÁRITAS DIOCESANA DE TIANGUA,"2,02402E+16",68485.0,"45341,51135",35202279000170,COOPENORT,Nota Fiscal,"Gêneros Alimentícios ( Proteínas, Carboidratos, Hortaliças, Sódios e Lipídios) 
",45342,Efetivada,35202279000170,35202279,1,70,1,COOPENORT,4633801,"0111302,0113000,0119902,0119904,0119905,0119906,0119907,0119908,0119909,0119999,0121101,0131800,0133402,0133403,0133408,0133409,0133410,0133499,0139399,0151201,0151202,0153901,0154700,0155501,0155505,0159801,0312401,0322101,1031700,1066000,4623106,4623109,4623199,4644302,4661300,4683400,4692300,4722902,4724500,4729699,4744001,4744099",RUA,DEPUTADO VICENTE RIBEIRO,438,,CENTRO,62375000,1367,35202279000170,1367,CARNAUBAL,Carnaubal,Serra da Ibiapaba,CARNAUBAL,COOPERATIVA AGROPECUARIA DOS AGRICULTORES FAMILIARES DA REGIAO NORTE DO CEARA LT,CAF Emitido,,,29/09/2023 12:30:34,22/05/2025 08:50:46,75.0,42.0,"97,33",COOPERATIVA AGROPECUARIA DOS AGRICULTORES FAMILIARES DA REGIAO NORTE DO CEARA LT,Carnaubal,Aberto apenas para Atualização de Informações,,,29/09/2023 12:30:34,07/03/2025 12:32:31,75.0,43,"97,33",COOPENORT,4633801.0,"0111302,0113000,0119902,0119904,0119905,0119906,0119907,0119908,0119909,0119999,0121101,0131800,0133402,0133403,0133408,0133409,0133410,0133499,0139399,0151201,0151202,0153901,0154700,0155501,0155505,0159801,0312401,0322101,1031700,1066000,4623106,4623109,4623199,4644302,4661300,4683400,4692300,4722902,4724500,4729699,4744001,4744099",RUA,DEPUTADO VICENTE RIBEIRO,438,,CENTRO,62375000.0,1367.0,"RUA DEPUTADO VICENTE RIBEIRO, 438, CENTRO Carnaubal-CE","-4,1657573","-40,9404926"
92,1287149,CÁRITAS DIOCESANA DE TIANGUA,"2,02403E+16",564717.0,"45371,97771",35202279000170,COOPENORT,Nota Fiscal,"Gêneros Alimentícios ( Proteínas, Carboidratos, Hortaliças, Sódios e Lipídios) 
",45373,Efetivada,35202279000170,35202279,1,70,1,COOPENORT,4633801,"0111302,0113000,0119902,0119904,0119905,0119906,0119907,0119908,0119909,0119999,0121101,0131800,0133402,0133403,0133408,0133409,0133410,0133499,0139399,0151201,0151202,0153901,0154700,0155501,0155505,0159801,0312401,0322101,1031700,1066000,4623106,4623109,4623199,4644302,4661300,4683400,4692300,4722902,4724500,4729699,4744001,4744099",RUA,DEPUTADO VICENTE RIBEIRO,438,,CENTRO,62375000,1367,35202279000170,1367,CARNAUBAL,Carnaubal,Serra da Ibiapaba,CARNAUBAL,COOPERATIVA AGROPECUARIA DOS AGRICULTORES FAMILIARES DA REGIAO NORTE DO CEARA LT,CAF Emitido,,,29/09/2023 12:30:34,22/05/2025 08:50:46,75.0,42.0,"97,33",COOPERATIVA AGROPECUARIA DOS AGRICULTORES FAMILIARES DA REGIAO NORTE DO CEARA LT,Carnaubal,Aberto apenas para Atualização de Informações,,,29/09/2023 12:30:34,07/03/2025 12:32:31,75.0,43,"97,33",COOPENORT,4633801.0,"0111302,0113000,0119902,0119904,0119905,0119906,0119907,0119908,0119909,0119999,0121101,0131800,0133402,0133403,0133408,0133409,0133410,0133499,0139399,0151201,0151202,0153901,0154700,0155501,0155505,0159801,0312401,0322101,1031700,1066000,4623106,4623109,4623199,4644302,4661300,4683400,4692300,4722902,4724500,4729699,4744001,4744099",RUA,DEPUTADO VICENTE RIBEIRO,438,,CENTRO,62375000.0,1367.0,"RUA DEPUTADO VICENTE RIBEIRO, 438, CENTRO Carnaubal-CE","-4,1657573","-40,9404926"
93,1287149,CÁRITAS DIOCESANA DE TIANGUA,"2,02404E+16",234342.0,"45405,7298",35202279000170,COOPENORT,Nota Fiscal,"Gêneros Alimentícios ( Proteínas, Carboidratos, Hortaliças, Sódios e Lipídios) 
",45406,Efetivada,35202279000170,35202279,1,70,1,COOPENORT,4633801,"0111302,0113000,0119902,0119904,0119905,0119906,0119907,0119908,0119909,0119999,0121101,0131800,0133402,0133403,0133408,0133409,0133410,0133499,0139399,0151201,0151202,0153901,0154700,0155501,0155505,0159801,0312401,0322101,1031700,1066000,4623106,4623109,4623199,4644302,4661300,4683400,4692300,4722902,4724500,4729699,4744001,4744099",RUA,DEPUTADO VICENTE RIBEIRO,438,,CENTRO,62375000,1367,35202279000170,1367,CARNAUBAL,Carnaubal,Serra da Ibiapaba,CARNAUBAL,COOPERATIVA AGROPECUARIA DOS AGRICULTORES FAMILIARES DA REGIAO NORTE DO CEARA LT,CAF Emitido,,,29/09/2023 12:30:34,22/05/2025 08:50:46,75.0,42.0,"97,33",COOPERATIVA AGROPECUARIA DOS AGRICULTORES FAMILIARES DA REGIAO NORTE DO CEARA LT,Carnaubal,Aberto apenas para Atualização de Informações,,,29/09/2023 12:30:34,07/03/2025 12:32:31,75.0,43,"97,33",COOPENORT,4633801.0,"0111302,0113000,0119902,0119904,0119905,0119906,0119907,0119908,0119909,0119999,0121101,0131800,0133402,0133403,0133408,0133409,0133410,0133499,0139399,0151201,0151202,0153901,0154700,0155501,0155505,0159801,0312401,0322101,1031700,1066000,4623106,4623109,4623199,4644302,4661300,4683400,4692300,4722902,4724500,4729699,4744001,4744099",RUA,DEPUTADO VICENTE RIBEIRO,438,,CENTRO,62375000.0,1367.0,"RUA DEPUTADO VICENTE RIBEIRO, 438, CENTRO Carnaubal-CE","-4,1657573","-40,9404926"
94,1287149,CÁRITAS DIOCESANA DE TIANGUA,"2,02405E+16",251190.0,"45421,80316",35202279000170,COOPENORT,Nota Fiscal,"Gêneros Alimentícios ( Proteínas, Carboidratos, Hortaliças, Sódios e Lipídios) 
",45422,Efetivada,35202279000170,35202279,1,70,1,COOPENORT,4633801,"0111302,0113000,0119902,0119904,0119905,0119906,0119907,0119908,0119909,0119999,0121101,0131800,0133402,0133403,0133408,0133409,0133410,0133499,0139399,0151201,0151202,0153901,0154700,0155501,0155505,0159801,0312401,0322101,1031700,1066000,4623106,4623109,4623199,4644302,4661300,4683400,4692300,4722902,4724500,4729699,4744001,4744099",RUA,DEPUTADO VICENTE RIBEIRO,438,,CENTRO,62375000,1367,35202279000170,1367,CARNAUBAL,Carnaubal,Serra da Ibiapaba,CARNAUBAL,COOPERATIVA AGROPECUARIA DOS AGRICULTORES FAMILIARES DA REGIAO NORTE DO CEARA LT,CAF Emitido,,,29/09/2023 12:30:34,22/05/2025 08:50:46,75.0,42.0,"97,33",COOPERATIVA AGROPECUARIA DOS AGRICULTORES FAMILIARES DA REGIAO NORTE DO CEARA LT,Carnaubal,Aberto apenas para Atualização de Informações,,,29/09/2023 12:30:34,07/03/2025 12:32:31,75.0,43,"97,33",COOPENORT,4633801.0,"0111302,0113000,0119902,0119904,0119905,0119906,0119907,0119908,0119909,0119999,0121101,0131800,0133402,0133403,0133408,0133409,0133410,0133499,0139399,0151201,0151202,0153901,0154700,0155501,0155505,0159801,0312401,0322101,1031700,1066000,4623106,4623109,4623199,4644302,4661300,4683400,4692300,4722902,4724500,4729699,4744001,4744099",RUA,DEPUTADO VICENTE RIBEIRO,438,,CENTRO,62375000.0,1367.0,"RUA DEPUTADO VICENTE RIBEIRO, 438, CENTRO Carnaubal-CE","-4,1657573","-40,9404926"
95,1287149,CÁRITAS DIOCESANA DE TIANGUA,"2,02405E+16",154530.0,"45433,53304",35202279000170,COOPENORT,Nota Fiscal,"Gêneros Alimentícios ( Proteínas, Carboidratos, Hortaliças, Sódios e Lipídios) 
",45434,Efetivada,35202279000170,35202279,1,70,1,COOPENORT,4633801,"0111302,0113000,0119902,0119904,0119905,0119906,0119907,0119908,0119909,0119999,0121101,0131800,0133402,0133403,0133408,0133409,0133410,0133499,0139399,0151201,0151202,0153901,0154700,0155501,0155505,0159801,0312401,0322101,1031700,1066000,4623106,4623109,4623199,4644302,4661300,4683400,4692300,4722902,4724500,4729699,4744001,4744099",RUA,DEPUTADO VICENTE RIBEIRO,438,,CENTRO,62375000,1367,35202279000170,1367,CARNAUBAL,Carnaubal,Serra da Ibiapaba,CARNAUBAL,COOPERATIVA AGROPECUARIA DOS AGRICULTORES FAMILIARES DA REGIAO NORTE DO CEARA LT,CAF Emitido,,,29/09/2023 12:30:34,22/05/2025 08:50:46,75.0,42.0,"97,33",COOPERATIVA AGROPECUARIA DOS AGRICULTORES FAMILIARES DA REGIAO NORTE DO CEARA LT,Carnaubal,Aberto apenas para Atualização de Informações,,,29/09/2023 12:30:34,07/03/2025 12:32:31,75.0,43,"97,33",COOPENORT,4633801.0,"0111302,0113000,0119902,0119904,0119905,0119906,0119907,0119908,0119909,0119999,0121101,0131800,0133402,0133403,0133408,0133409,0133410,0133499,0139399,0151201,0151202,0153901,0154700,0155501,0155505,0159801,0312401,0322101,1031700,1066000,4623106,4623109,4623199,4644302,4661300,4683400,4692300,4722902,4724500,4729699,4744001,4744099",RUA,DEPUTADO VICENTE RIBEIRO,438,,CENTRO,62375000.0,1367.0,"RUA DEPUTADO VICENTE RIBEIRO, 438, CENTRO Carnaubal-CE","-4,1657573","-40,9404926"
96,1287149,CÁRITAS DIOCESANA DE TIANGUA,"2,02406E+16",1502375.0,"45446,75943",35202279000170,COOPENORT,Nota Fiscal,"Gêneros Alimentícios ( Proteínas, Carboidratos, Hortaliças, Sódios e Lipídios) 
",45447,Efetivada,35202279000170,35202279,1,70,1,COOPENORT,4633801,"0111302,0113000,0119902,0119904,0119905,0119906,0119907,0119908,0119909,0119999,0121101,0131800,0133402,0133403,0133408,0133409,0133410,0133499,0139399,0151201,0151202,0153901,0154700,0155501,0155505,0159801,0312401,0322101,1031700,1066000,4623106,4623109,4623199,4644302,4661300,4683400,4692300,4722902,4724500,4729699,4744001,4744099",RUA,DEPUTADO VICENTE RIBEIRO,438,,CENTRO,62375000,1367,35202279000170,1367,CARNAUBAL,Carnaubal,Serra da Ibiapaba,CARNAUBAL,COOPERATIVA AGROPECUARIA DOS AGRICULTORES FAMILIARES DA REGIAO NORTE DO CEARA LT,CAF Emitido,,,29/09/2023 12:30:34,22/05/2025 08:50:46,75.0,42.0,"97,33",COOPERATIVA AGROPECUARIA DOS AGRICULTORES FAMILIARES DA REGIAO NORTE DO CEARA LT,Carnaubal,Aberto apenas para Atualização de Informações,,,29/09/2023 12:30:34,07/03/2025 12:32:31,75.0,43,"97,33",COOPENORT,4633801.0,"0111302,0113000,0119902,0119904,0119905,0119906,0119907,0119908,0119909,0119999,0121101,0131800,0133402,0133403,0133408,0133409,0133410,0133499,0139399,0151201,0151202,0153901,0154700,0155501,0155505,0159801,0312401,0322101,1031700,1066000,4623106,4623109,4623199,4644302,4661300,4683400,4692300,4722902,4724500,4729699,4744001,4744099",RUA,DEPUTADO VICENTE RIBEIRO,438,,CENTRO,62375000.0,1367.0,"RUA DEPUTADO VICENTE RIBEIRO, 438, CENTRO Carnaubal-CE","-4,1657573","-40,9404926"
97,1287149,CÁRITAS DIOCESANA DE TIANGUA,"2,02406E+16",183087.0,"45470,8192",35202279000170,COOPENORT,Nota Fiscal,"Gêneros Alimentícios ( Proteínas, Carboidratos, Hortaliças, Sódios e Lipídios) 
",45471,Efetivada,35202279000170,35202279,1,70,1,COOPENORT,4633801,"0111302,0113000,0119902,0119904,0119905,0119906,0119907,0119908,0119909,0119999,0121101,0131800,0133402,0133403,0133408,0133409,0133410,0133499,0139399,0151201,0151202,0153901,0154700,0155501,0155505,0159801,0312401,0322101,1031700,1066000,4623106,4623109,4623199,4644302,4661300,4683400,4692300,4722902,4724500,4729699,4744001,4744099",RUA,DEPUTADO VICENTE RIBEIRO,438,,CENTRO,62375000,1367,35202279000170,1367,CARNAUBAL,Carnaubal,Serra da Ibiapaba,CARNAUBAL,COOPERATIVA AGROPECUARIA DOS AGRICULTORES FAMILIARES DA REGIAO NORTE DO CEARA LT,CAF Emitido,,,29/09/2023 12:30:34,22/05/2025 08:50:46,75.0,42.0,"97,33",COOPERATIVA AGROPECUARIA DOS AGRICULTORES FAMILIARES DA REGIAO NORTE DO CEARA LT,Carnaubal,Aberto apenas para Atualização de Informações,,,29/09/2023 12:30:34,07/03/2025 12:32:31,75.0,43,"97,33",COOPENORT,4633801.0,"0111302,0113000,0119902,0119904,0119905,0119906,0119907,0119908,0119909,0119999,0121101,0131800,0133402,0133403,0133408,0133409,0133410,0133499,0139399,0151201,0151202,0153901,0154700,0155501,0155505,0159801,0312401,0322101,1031700,1066000,4623106,4623109,4623199,4644302,4661300,4683400,4692300,4722902,4724500,4729699,4744001,4744099",RUA,DEPUTADO VICENTE RIBEIRO,438,,CENTRO,62375000.0,1367.0,"RUA DEPUTADO VICENTE RIBEIRO, 438, CENTRO Carnaubal-CE","-4,1657573","-40,9404926"
98,1287149,CÁRITAS DIOCESANA DE TIANGUA,"2,02407E+16",770680.0,"45495,67206",35202279000170,COOPENORT,Nota Fiscal,"Gêneros Alimentícios ( Proteínas, Carboidratos, Hortaliças, Sódios e Lipídios) 
",45496,Efetivada,35202279000170,35202279,1,70,1,COOPENORT,4633801,"0111302,0113000,0119902,0119904,0119905,0119906,0119907,0119908,0119909,0119999,0121101,0131800,0133402,0133403,0133408,0133409,0133410,0133499,0139399,0151201,0151202,0153901,0154700,0155501,0155505,0159801,0312401,0322101,1031700,1066000,4623106,4623109,4623199,4644302,4661300,4683400,4692300,4722902,4724500,4729699,4744001,4744099",RUA,DEPUTADO VICENTE RIBEIRO,438,,CENTRO,62375000,1367,35202279000170,1367,CARNAUBAL,Carnaubal,Serra da Ibiapaba,CARNAUBAL,COOPERATIVA AGROPECUARIA DOS AGRICULTORES FAMILIARES DA REGIAO NORTE DO CEARA LT,CAF Emitido,,,29/09/2023 12:30:34,22/05/2025 08:50:46,75.0,42.0,"97,33",COOPERATIVA AGROPECUARIA DOS AGRICULTORES FAMILIARES DA REGIAO NORTE DO CEARA LT,Carnaubal,Aberto apenas para Atualização de Informações,,,29/09/2023 12:30:34,07/03/2025 12:32:31,75.0,43,"97,33",COOPENORT,4633801.0,"0111302,0113000,0119902,0119904,0119905,0119906,0119907,0119908,0119909,0119999,0121101,0131800,0133402,0133403,0133408,0133409,0133410,0133499,0139399,0151201,0151202,0153901,0154700,0155501,0155505,0159801,0312401,0322101,1031700,1066000,4623106,4623109,4623199,4644302,4661300,4683400,4692300,4722902,4724500,4729699,4744001,4744099",RUA,DEPUTADO VICENTE RIBEIRO,438,,CENTRO,62375000.0,1367.0,"RUA DEPUTADO VICENTE RIBEIRO, 438, CENTRO Carnaubal-CE","-4,1657573","-40,9404926"
99,1287149,CÁRITAS DIOCESANA DE TIANGUA,"2,02408E+16",697300.0,"45518,6531",35202279000170,COOPENORT,Nota Fiscal,"Gêneros Alimentícios ( Proteínas, Carboidratos, Hortaliças, Sódios e Lipídios) 
",45520,Efetivada,35202279000170,35202279,1,70,1,COOPENORT,4633801,"0111302,0113000,0119902,0119904,0119905,0119906,0119907,0119908,0119909,0119999,0121101,0131800,0133402,0133403,0133408,0133409,0133410,0133499,0139399,0151201,0151202,0153901,0154700,0155501,0155505,0159801,0312401,0322101,1031700,1066000,4623106,4623109,4623199,4644302,4661300,4683400,4692300,4722902,4724500,4729699,4744001,4744099",RUA,DEPUTADO VICENTE RIBEIRO,438,,CENTRO,62375000,1367,35202279000170,1367,CARNAUBAL,Carnaubal,Serra da Ibiapaba,CARNAUBAL,COOPERATIVA AGROPECUARIA DOS AGRICULTORES FAMILIARES DA REGIAO NORTE DO CEARA LT,CAF Emitido,,,29/09/2023 12:30:34,22/05/2025 08:50:46,75.0,42.0,"97,33",COOPERATIVA AGROPECUARIA DOS AGRICULTORES FAMILIARES DA REGIAO NORTE DO CEARA LT,Carnaubal,Aberto apenas para Atualização de Informações,,,29/09/2023 12:30:34,07/03/2025 12:32:31,75.0,43,"97,33",COOPENORT,4633801.0,"0111302,0113000,0119902,0119904,0119905,0119906,0119907,0119908,0119909,0119999,0121101,0131800,0133402,0133403,0133408,0133409,0133410,0133499,0139399,0151201,0151202,0153901,0154700,0155501,0155505,0159801,0312401,0322101,1031700,1066000,4623106,4623109,4623199,4644302,4661300,4683400,4692300,4722902,4724500,4729699,4744001,4744099",RUA,DEPUTADO VICENTE RIBEIRO,438,,CENTRO,62375000.0,1367.0,"RUA DEPUTADO VICENTE RIBEIRO, 438, CENTRO Carnaubal-CE","-4,1657573","-40,9404926"
100,1287149,CÁRITAS DIOCESANA DE TIANGUA,"2,02408E+16",467900.0,"45531,64591",35202279000170,COOPENORT,Nota Fiscal,"Gêneros Alimentícios ( Proteínas, Carboidratos, Hortaliças, Sódios e Lipídios) 
",45532,Efetivada,35202279000170,35202279,1,70,1,COOPENORT,4633801,"0111302,0113000,0119902,0119904,0119905,0119906,0119907,0119908,0119909,0119999,0121101,0131800,0133402,0133403,0133408,0133409,0133410,0133499,0139399,0151201,0151202,0153901,0154700,0155501,0155505,0159801,0312401,0322101,1031700,1066000,4623106,4623109,4623199,4644302,4661300,4683400,4692300,4722902,4724500,4729699,4744001,4744099",RUA,DEPUTADO VICENTE RIBEIRO,438,,CENTRO,62375000,1367,35202279000170,1367,CARNAUBAL,Carnaubal,Serra da Ibiapaba,CARNAUBAL,COOPERATIVA AGROPECUARIA DOS AGRICULTORES FAMILIARES DA REGIAO NORTE DO CEARA LT,CAF Emitido,,,29/09/2023 12:30:34,22/05/2025 08:50:46,75.0,42.0,"97,33",COOPERATIVA AGROPECUARIA DOS AGRICULTORES FAMILIARES DA REGIAO NORTE DO CEARA LT,Carnaubal,Aberto apenas para Atualização de Informações,,,29/09/2023 12:30:34,07/03/2025 12:32:31,75.0,43,"97,33",COOPENORT,4633801.0,"0111302,0113000,0119902,0119904,0119905,0119906,0119907,0119908,0119909,0119999,0121101,0131800,0133402,0133403,0133408,0133409,0133410,0133499,0139399,0151201,0151202,0153901,0154700,0155501,0155505,0159801,0312401,0322101,1031700,1066000,4623106,4623109,4623199,4644302,4661300,4683400,4692300,4722902,4724500,4729699,4744001,4744099",RUA,DEPUTADO VICENTE RIBEIRO,438,,CENTRO,62375000.0,1367.0,"RUA DEPUTADO VICENTE RIBEIRO, 438, CENTRO Carnaubal-CE","-4,1657573","-40,9404926"
101,1287149,CÁRITAS DIOCESANA DE TIANGUA,"2,02408E+16",229630.0,"45534,66456",35202279000170,COOPENORT,Nota Fiscal,"Gêneros Alimentícios ( Proteínas, Carboidratos, Hortaliças, Sódios e Lipídios) 
",45537,Efetivada,35202279000170,35202279,1,70,1,COOPENORT,4633801,"0111302,0113000,0119902,0119904,0119905,0119906,0119907,0119908,0119909,0119999,0121101,0131800,0133402,0133403,0133408,0133409,0133410,0133499,0139399,0151201,0151202,0153901,0154700,0155501,0155505,0159801,0312401,0322101,1031700,1066000,4623106,4623109,4623199,4644302,4661300,4683400,4692300,4722902,4724500,4729699,4744001,4744099",RUA,DEPUTADO VICENTE RIBEIRO,438,,CENTRO,62375000,1367,35202279000170,1367,CARNAUBAL,Carnaubal,Serra da Ibiapaba,CARNAUBAL,COOPERATIVA AGROPECUARIA DOS AGRICULTORES FAMILIARES DA REGIAO NORTE DO CEARA LT,CAF Emitido,,,29/09/2023 12:30:34,22/05/2025 08:50:46,75.0,42.0,"97,33",COOPERATIVA AGROPECUARIA DOS AGRICULTORES FAMILIARES DA REGIAO NORTE DO CEARA LT,Carnaubal,Aberto apenas para Atualização de Informações,,,29/09/2023 12:30:34,07/03/2025 12:32:31,75.0,43,"97,33",COOPENORT,4633801.0,"0111302,0113000,0119902,0119904,0119905,0119906,0119907,0119908,0119909,0119999,0121101,0131800,0133402,0133403,0133408,0133409,0133410,0133499,0139399,0151201,0151202,0153901,0154700,0155501,0155505,0159801,0312401,0322101,1031700,1066000,4623106,4623109,4623199,4644302,4661300,4683400,4692300,4722902,4724500,4729699,4744001,4744099",RUA,DEPUTADO VICENTE RIBEIRO,438,,CENTRO,62375000.0,1367.0,"RUA DEPUTADO VICENTE RIBEIRO, 438, CENTRO Carnaubal-CE","-4,1657573","-40,9404926"
102,1287149,CÁRITAS DIOCESANA DE TIANGUA,"2,02409E+16",4715675.0,"45548,48543",35202279000170,COOPENORT,Nota Fiscal,"Gêneros Alimentícios ( Proteínas, Carboidratos, Hortaliças, Sódios e Lipídios) 
",45551,Efetivada,35202279000170,35202279,1,70,1,COOPENORT,4633801,"0111302,0113000,0119902,0119904,0119905,0119906,0119907,0119908,0119909,0119999,0121101,0131800,0133402,0133403,0133408,0133409,0133410,0133499,0139399,0151201,0151202,0153901,0154700,0155501,0155505,0159801,0312401,0322101,1031700,1066000,4623106,4623109,4623199,4644302,4661300,4683400,4692300,4722902,4724500,4729699,4744001,4744099",RUA,DEPUTADO VICENTE RIBEIRO,438,,CENTRO,62375000,1367,35202279000170,1367,CARNAUBAL,Carnaubal,Serra da Ibiapaba,CARNAUBAL,COOPERATIVA AGROPECUARIA DOS AGRICULTORES FAMILIARES DA REGIAO NORTE DO CEARA LT,CAF Emitido,,,29/09/2023 12:30:34,22/05/2025 08:50:46,75.0,42.0,"97,33",COOPERATIVA AGROPECUARIA DOS AGRICULTORES FAMILIARES DA REGIAO NORTE DO CEARA LT,Carnaubal,Aberto apenas para Atualização de Informações,,,29/09/2023 12:30:34,07/03/2025 12:32:31,75.0,43,"97,33",COOPENORT,4633801.0,"0111302,0113000,0119902,0119904,0119905,0119906,0119907,0119908,0119909,0119999,0121101,0131800,0133402,0133403,0133408,0133409,0133410,0133499,0139399,0151201,0151202,0153901,0154700,0155501,0155505,0159801,0312401,0322101,1031700,1066000,4623106,4623109,4623199,4644302,4661300,4683400,4692300,4722902,4724500,4729699,4744001,4744099",RUA,DEPUTADO VICENTE RIBEIRO,438,,CENTRO,62375000.0,1367.0,"RUA DEPUTADO VICENTE RIBEIRO, 438, CENTRO Carnaubal-CE","-4,1657573","-40,9404926"
103,1287149,CÁRITAS DIOCESANA DE TIANGUA,"2,02409E+16",232700.0,"45555,71961",35202279000170,COOPENORT,Nota Fiscal,"Gêneros Alimentícios ( Proteínas, Carboidratos, Hortaliças, Sódios e Lipídios) 
",45558,Efetivada,35202279000170,35202279,1,70,1,COOPENORT,4633801,"0111302,0113000,0119902,0119904,0119905,0119906,0119907,0119908,0119909,0119999,0121101,0131800,0133402,0133403,0133408,0133409,0133410,0133499,0139399,0151201,0151202,0153901,0154700,0155501,0155505,0159801,0312401,0322101,1031700,1066000,4623106,4623109,4623199,4644302,4661300,4683400,4692300,4722902,4724500,4729699,4744001,4744099",RUA,DEPUTADO VICENTE RIBEIRO,438,,CENTRO,62375000,1367,35202279000170,1367,CARNAUBAL,Carnaubal,Serra da Ibiapaba,CARNAUBAL,COOPERATIVA AGROPECUARIA DOS AGRICULTORES FAMILIARES DA REGIAO NORTE DO CEARA LT,CAF Emitido,,,29/09/2023 12:30:34,22/05/2025 08:50:46,75.0,42.0,"97,33",COOPERATIVA AGROPECUARIA DOS AGRICULTORES FAMILIARES DA REGIAO NORTE DO CEARA LT,Carnaubal,Aberto apenas para Atualização de Informações,,,29/09/2023 12:30:34,07/03/2025 12:32:31,75.0,43,"97,33",COOPENORT,4633801.0,"0111302,0113000,0119902,0119904,0119905,0119906,0119907,0119908,0119909,0119999,0121101,0131800,0133402,0133403,0133408,0133409,0133410,0133499,0139399,0151201,0151202,0153901,0154700,0155501,0155505,0159801,0312401,0322101,1031700,1066000,4623106,4623109,4623199,4644302,4661300,4683400,4692300,4722902,4724500,4729699,4744001,4744099",RUA,DEPUTADO VICENTE RIBEIRO,438,,CENTRO,62375000.0,1367.0,"RUA DEPUTADO VICENTE RIBEIRO, 438, CENTRO Carnaubal-CE","-4,1657573","-40,9404926"
104,1287149,CÁRITAS DIOCESANA DE TIANGUA,"2,0241E+16",788625.0,"45581,66564",35202279000170,COOPENORT,Nota Fiscal,"Gêneros Alimentícios ( Proteínas, Carboidratos, Hortaliças, Sódios e Lipídios) 
",45582,Efetivada,35202279000170,35202279,1,70,1,COOPENORT,4633801,"0111302,0113000,0119902,0119904,0119905,0119906,0119907,0119908,0119909,0119999,0121101,0131800,0133402,0133403,0133408,0133409,0133410,0133499,0139399,0151201,0151202,0153901,0154700,0155501,0155505,0159801,0312401,0322101,1031700,1066000,4623106,4623109,4623199,4644302,4661300,4683400,4692300,4722902,4724500,4729699,4744001,4744099",RUA,DEPUTADO VICENTE RIBEIRO,438,,CENTRO,62375000,1367,35202279000170,1367,CARNAUBAL,Carnaubal,Serra da Ibiapaba,CARNAUBAL,COOPERATIVA AGROPECUARIA DOS AGRICULTORES FAMILIARES DA REGIAO NORTE DO CEARA LT,CAF Emitido,,,29/09/2023 12:30:34,22/05/2025 08:50:46,75.0,42.0,"97,33",COOPERATIVA AGROPECUARIA DOS AGRICULTORES FAMILIARES DA REGIAO NORTE DO CEARA LT,Carnaubal,Aberto apenas para Atualização de Informações,,,29/09/2023 12:30:34,07/03/2025 12:32:31,75.0,43,"97,33",COOPENORT,4633801.0,"0111302,0113000,0119902,0119904,0119905,0119906,0119907,0119908,0119909,0119999,0121101,0131800,0133402,0133403,0133408,0133409,0133410,0133499,0139399,0151201,0151202,0153901,0154700,0155501,0155505,0159801,0312401,0322101,1031700,1066000,4623106,4623109,4623199,4644302,4661300,4683400,4692300,4722902,4724500,4729699,4744001,4744099",RUA,DEPUTADO VICENTE RIBEIRO,438,,CENTRO,62375000.0,1367.0,"RUA DEPUTADO VICENTE RIBEIRO, 438, CENTRO Carnaubal-CE","-4,1657573","-40,9404926"
105,1287149,CÁRITAS DIOCESANA DE TIANGUA,"2,0241E+16",442942.0,"45586,56087",35202279000170,COOPENORT,Nota Fiscal,"Gêneros Alimentícios ( Proteínas, Carboidratos, Hortaliças, Sódios e Lipídios) 
",45587,Efetivada,35202279000170,35202279,1,70,1,COOPENORT,4633801,"0111302,0113000,0119902,0119904,0119905,0119906,0119907,0119908,0119909,0119999,0121101,0131800,0133402,0133403,0133408,0133409,0133410,0133499,0139399,0151201,0151202,0153901,0154700,0155501,0155505,0159801,0312401,0322101,1031700,1066000,4623106,4623109,4623199,4644302,4661300,4683400,4692300,4722902,4724500,4729699,4744001,4744099",RUA,DEPUTADO VICENTE RIBEIRO,438,,CENTRO,62375000,1367,35202279000170,1367,CARNAUBAL,Carnaubal,Serra da Ibiapaba,CARNAUBAL,COOPERATIVA AGROPECUARIA DOS AGRICULTORES FAMILIARES DA REGIAO NORTE DO CEARA LT,CAF Emitido,,,29/09/2023 12:30:34,22/05/2025 08:50:46,75.0,42.0,"97,33",COOPERATIVA AGROPECUARIA DOS AGRICULTORES FAMILIARES DA REGIAO NORTE DO CEARA LT,Carnaubal,Aberto apenas para Atualização de Informações,,,29/09/2023 12:30:34,07/03/2025 12:32:31,75.0,43,"97,33",COOPENORT,4633801.0,"0111302,0113000,0119902,0119904,0119905,0119906,0119907,0119908,0119909,0119999,0121101,0131800,0133402,0133403,0133408,0133409,0133410,0133499,0139399,0151201,0151202,0153901,0154700,0155501,0155505,0159801,0312401,0322101,1031700,1066000,4623106,4623109,4623199,4644302,4661300,4683400,4692300,4722902,4724500,4729699,4744001,4744099",RUA,DEPUTADO VICENTE RIBEIRO,438,,CENTRO,62375000.0,1367.0,"RUA DEPUTADO VICENTE RIBEIRO, 438, CENTRO Carnaubal-CE","-4,1657573","-40,9404926"
106,1287149,CÁRITAS DIOCESANA DE TIANGUA,"2,0241E+16",812124.0,"45581,7114",53751745000159,COOPSB,Nota Fiscal,"Gêneros Alimentícios ( Proteínas, Carboidratos, Hortaliças, Sódios e Lipídios) 
",45582,Efetivada,53751745000159,53751745,1,59,1,COOPSB,4633801,"0119905,0121101,0133499,1031700,1033301,1033302,4623199,4631100,4632002,4632003,4633802,4634601,4634602,4634699,4637104,4637199,4721103,4722901,4724500,4729699",RUA,RUA CORONEL TIBURCIO,SN,,CENTRO,62370000,1547,53751745000159,1547,SAO BENEDITO,São Benedito,Serra da Ibiapaba,SAO BENEDITO,COOPERATIVA DOS PRODUTORES RURAIS DE SÃO BENEDITO,CAF Emitido,UNICAFES,31/12/2025,27/02/2024 14:19:39,27/05/2025 17:20:39,46.0,37.0,"93,48",COOPERATIVA DOS PRODUTORES RURAIS DE SÃO BENEDITO,São Benedito,CAF Emitido,UNICAFES,31/12/2025,27/02/2024 14:19:39,19/03/2025 17:58:33,46.0,37,"93,48",COOPSB,4633801.0,"0119905,0121101,0133499,1031700,1033301,1033302,4623199,4631100,4632002,4632003,4633802,4634601,4634602,4634699,4637104,4637199,4721103,4722901,4724500,4729699",RUA,RUA CORONEL TIBURCIO,SN,,CENTRO,62370000.0,1547.0,"RUA RUA CORONEL TIBURCIO, SN, CENTRO São Benedito-CE","-4,0483853","-40,8658184"
107,1287149,CÁRITAS DIOCESANA DE TIANGUA,"2,0241E+16",449652.0,"45596,68206",53751745000159,COOPSB,Nota Fiscal,"Gêneros Alimentícios ( Proteínas, Carboidratos, Hortaliças, Sódios e Lipídios) 
",45597,Efetivada,53751745000159,53751745,1,59,1,COOPSB,4633801,"0119905,0121101,0133499,1031700,1033301,1033302,4623199,4631100,4632002,4632003,4633802,4634601,4634602,4634699,4637104,4637199,4721103,4722901,4724500,4729699",RUA,RUA CORONEL TIBURCIO,SN,,CENTRO,62370000,1547,53751745000159,1547,SAO BENEDITO,São Benedito,Serra da Ibiapaba,SAO BENEDITO,COOPERATIVA DOS PRODUTORES RURAIS DE SÃO BENEDITO,CAF Emitido,UNICAFES,31/12/2025,27/02/2024 14:19:39,27/05/2025 17:20:39,46.0,37.0,"93,48",COOPERATIVA DOS PRODUTORES RURAIS DE SÃO BENEDITO,São Benedito,CAF Emitido,UNICAFES,31/12/2025,27/02/2024 14:19:39,19/03/2025 17:58:33,46.0,37,"93,48",COOPSB,4633801.0,"0119905,0121101,0133499,1031700,1033301,1033302,4623199,4631100,4632002,4632003,4633802,4634601,4634602,4634699,4637104,4637199,4721103,4722901,4724500,4729699",RUA,RUA CORONEL TIBURCIO,SN,,CENTRO,62370000.0,1547.0,"RUA RUA CORONEL TIBURCIO, SN, CENTRO São Benedito-CE","-4,0483853","-40,8658184"
108,1287149,CÁRITAS DIOCESANA DE TIANGUA,"2,02411E+16",354464.0,"45610,65375",53751745000159,COOPSB,Nota Fiscal,"Gêneros Alimentícios ( Proteínas, Carboidratos, Hortaliças, Sódios e Lipídios) 
",45614,Efetivada,53751745000159,53751745,1,59,1,COOPSB,4633801,"0119905,0121101,0133499,1031700,1033301,1033302,4623199,4631100,4632002,4632003,4633802,4634601,4634602,4634699,4637104,4637199,4721103,4722901,4724500,4729699",RUA,RUA CORONEL TIBURCIO,SN,,CENTRO,62370000,1547,53751745000159,1547,SAO BENEDITO,São Benedito,Serra da Ibiapaba,SAO BENEDITO,COOPERATIVA DOS PRODUTORES RURAIS DE SÃO BENEDITO,CAF Emitido,UNICAFES,31/12/2025,27/02/2024 14:19:39,27/05/2025 17:20:39,46.0,37.0,"93,48",COOPERATIVA DOS PRODUTORES RURAIS DE SÃO BENEDITO,São Benedito,CAF Emitido,UNICAFES,31/12/2025,27/02/2024 14:19:39,19/03/2025 17:58:33,46.0,37,"93,48",COOPSB,4633801.0,"0119905,0121101,0133499,1031700,1033301,1033302,4623199,4631100,4632002,4632003,4633802,4634601,4634602,4634699,4637104,4637199,4721103,4722901,4724500,4729699",RUA,RUA CORONEL TIBURCIO,SN,,CENTRO,62370000.0,1547.0,"RUA RUA CORONEL TIBURCIO, SN, CENTRO São Benedito-CE","-4,0483853","-40,8658184"
109,1287149,CÁRITAS DIOCESANA DE TIANGUA,"2,02411E+16",449652.0,"45624,76073",53751745000159,COOPSB,Nota Fiscal,"Gêneros Alimentícios ( Proteínas, Carboidratos, Hortaliças, Sódios e Lipídios) 
",45625,Efetivada,53751745000159,53751745,1,59,1,COOPSB,4633801,"0119905,0121101,0133499,1031700,1033301,1033302,4623199,4631100,4632002,4632003,4633802,4634601,4634602,4634699,4637104,4637199,4721103,4722901,4724500,4729699",RUA,RUA CORONEL TIBURCIO,SN,,CENTRO,62370000,1547,53751745000159,1547,SAO BENEDITO,São Benedito,Serra da Ibiapaba,SAO BENEDITO,COOPERATIVA DOS PRODUTORES RURAIS DE SÃO BENEDITO,CAF Emitido,UNICAFES,31/12/2025,27/02/2024 14:19:39,27/05/2025 17:20:39,46.0,37.0,"93,48",COOPERATIVA DOS PRODUTORES RURAIS DE SÃO BENEDITO,São Benedito,CAF Emitido,UNICAFES,31/12/2025,27/02/2024 14:19:39,19/03/2025 17:58:33,46.0,37,"93,48",COOPSB,4633801.0,"0119905,0121101,0133499,1031700,1033301,1033302,4623199,4631100,4632002,4632003,4633802,4634601,4634602,4634699,4637104,4637199,4721103,4722901,4724500,4729699",RUA,RUA CORONEL TIBURCIO,SN,,CENTRO,62370000.0,1547.0,"RUA RUA CORONEL TIBURCIO, SN, CENTRO São Benedito-CE","-4,0483853","-40,8658184"
110,1287149,CÁRITAS DIOCESANA DE TIANGUA,"2,02412E+16",642360.0,"45648,6047",53751745000159,COOPSB,Nota Fiscal,"Gêneros Alimentícios ( Proteínas, Carboidratos, Hortaliças, Sódios e Lipídios) 
",45649,Efetivada,53751745000159,53751745,1,59,1,COOPSB,4633801,"0119905,0121101,0133499,1031700,1033301,1033302,4623199,4631100,4632002,4632003,4633802,4634601,4634602,4634699,4637104,4637199,4721103,4722901,4724500,4729699",RUA,RUA CORONEL TIBURCIO,SN,,CENTRO,62370000,1547,53751745000159,1547,SAO BENEDITO,São Benedito,Serra da Ibiapaba,SAO BENEDITO,COOPERATIVA DOS PRODUTORES RURAIS DE SÃO BENEDITO,CAF Emitido,UNICAFES,31/12/2025,27/02/2024 14:19:39,27/05/2025 17:20:39,46.0,37.0,"93,48",COOPERATIVA DOS PRODUTORES RURAIS DE SÃO BENEDITO,São Benedito,CAF Emitido,UNICAFES,31/12/2025,27/02/2024 14:19:39,19/03/2025 17:58:33,46.0,37,"93,48",COOPSB,4633801.0,"0119905,0121101,0133499,1031700,1033301,1033302,4623199,4631100,4632002,4632003,4633802,4634601,4634602,4634699,4637104,4637199,4721103,4722901,4724500,4729699",RUA,RUA CORONEL TIBURCIO,SN,,CENTRO,62370000.0,1547.0,"RUA RUA CORONEL TIBURCIO, SN, CENTRO São Benedito-CE","-4,0483853","-40,8658184"
111,1287149,CÁRITAS DIOCESANA DE TIANGUA,"2,02501E+16",158664.0,"45672,69707",53751745000159,COOPSB,Nota Fiscal,"Gêneros Alimentícios ( Proteínas, Carboidratos, Hortaliças, Sódios e Lipídios) 
",45673,Efetivada,53751745000159,53751745,1,59,1,COOPSB,4633801,"0119905,0121101,0133499,1031700,1033301,1033302,4623199,4631100,4632002,4632003,4633802,4634601,4634602,4634699,4637104,4637199,4721103,4722901,4724500,4729699",RUA,RUA CORONEL TIBURCIO,SN,,CENTRO,62370000,1547,53751745000159,1547,SAO BENEDITO,São Benedito,Serra da Ibiapaba,SAO BENEDITO,COOPERATIVA DOS PRODUTORES RURAIS DE SÃO BENEDITO,CAF Emitido,UNICAFES,31/12/2025,27/02/2024 14:19:39,27/05/2025 17:20:39,46.0,37.0,"93,48",COOPERATIVA DOS PRODUTORES RURAIS DE SÃO BENEDITO,São Benedito,CAF Emitido,UNICAFES,31/12/2025,27/02/2024 14:19:39,19/03/2025 17:58:33,46.0,37,"93,48",COOPSB,4633801.0,"0119905,0121101,0133499,1031700,1033301,1033302,4623199,4631100,4632002,4632003,4633802,4634601,4634602,4634699,4637104,4637199,4721103,4722901,4724500,4729699",RUA,RUA CORONEL TIBURCIO,SN,,CENTRO,62370000.0,1547.0,"RUA RUA CORONEL TIBURCIO, SN, CENTRO São Benedito-CE","-4,0483853","-40,8658184"
112,1287149,CÁRITAS DIOCESANA DE TIANGUA,"2,02501E+16",7496984.0,"45673,63473",53751745000159,COOPSB,Nota Fiscal,"Gêneros Alimentícios ( Proteínas, Carboidratos, Hortaliças, Sódios e Lipídios) 
",45674,Efetivada,53751745000159,53751745,1,59,1,COOPSB,4633801,"0119905,0121101,0133499,1031700,1033301,1033302,4623199,4631100,4632002,4632003,4633802,4634601,4634602,4634699,4637104,4637199,4721103,4722901,4724500,4729699",RUA,RUA CORONEL TIBURCIO,SN,,CENTRO,62370000,1547,53751745000159,1547,SAO BENEDITO,São Benedito,Serra da Ibiapaba,SAO BENEDITO,COOPERATIVA DOS PRODUTORES RURAIS DE SÃO BENEDITO,CAF Emitido,UNICAFES,31/12/2025,27/02/2024 14:19:39,27/05/2025 17:20:39,46.0,37.0,"93,48",COOPERATIVA DOS PRODUTORES RURAIS DE SÃO BENEDITO,São Benedito,CAF Emitido,UNICAFES,31/12/2025,27/02/2024 14:19:39,19/03/2025 17:58:33,46.0,37,"93,48",COOPSB,4633801.0,"0119905,0121101,0133499,1031700,1033301,1033302,4623199,4631100,4632002,4632003,4633802,4634601,4634602,4634699,4637104,4637199,4721103,4722901,4724500,4729699",RUA,RUA CORONEL TIBURCIO,SN,,CENTRO,62370000.0,1547.0,"RUA RUA CORONEL TIBURCIO, SN, CENTRO São Benedito-CE","-4,0483853","-40,8658184"
113,1287149,CÁRITAS DIOCESANA DE TIANGUA,"2,02502E+16",437400.0,"45691,79032",53751745000159,COOPSB,Nota Fiscal,"Gêneros Alimentícios ( Proteínas, Carboidratos, Hortaliças, Sódios e Lipídios) 
",45692,Efetivada,53751745000159,53751745,1,59,1,COOPSB,4633801,"0119905,0121101,0133499,1031700,1033301,1033302,4623199,4631100,4632002,4632003,4633802,4634601,4634602,4634699,4637104,4637199,4721103,4722901,4724500,4729699",RUA,RUA CORONEL TIBURCIO,SN,,CENTRO,62370000,1547,53751745000159,1547,SAO BENEDITO,São Benedito,Serra da Ibiapaba,SAO BENEDITO,COOPERATIVA DOS PRODUTORES RURAIS DE SÃO BENEDITO,CAF Emitido,UNICAFES,31/12/2025,27/02/2024 14:19:39,27/05/2025 17:20:39,46.0,37.0,"93,48",COOPERATIVA DOS PRODUTORES RURAIS DE SÃO BENEDITO,São Benedito,CAF Emitido,UNICAFES,31/12/2025,27/02/2024 14:19:39,19/03/2025 17:58:33,46.0,37,"93,48",COOPSB,4633801.0,"0119905,0121101,0133499,1031700,1033301,1033302,4623199,4631100,4632002,4632003,4633802,4634601,4634602,4634699,4637104,4637199,4721103,4722901,4724500,4729699",RUA,RUA CORONEL TIBURCIO,SN,,CENTRO,62370000.0,1547.0,"RUA RUA CORONEL TIBURCIO, SN, CENTRO São Benedito-CE","-4,0483853","-40,8658184"
114,1287149,CÁRITAS DIOCESANA DE TIANGUA,"2,02502E+16",435766.0,"45705,64251",53751745000159,COOPSB,Nota Fiscal,"Gêneros Alimentícios ( Proteínas, Carboidratos, Hortaliças, Sódios e Lipídios) 
",45706,Efetivada,53751745000159,53751745,1,59,1,COOPSB,4633801,"0119905,0121101,0133499,1031700,1033301,1033302,4623199,4631100,4632002,4632003,4633802,4634601,4634602,4634699,4637104,4637199,4721103,4722901,4724500,4729699",RUA,RUA CORONEL TIBURCIO,SN,,CENTRO,62370000,1547,53751745000159,1547,SAO BENEDITO,São Benedito,Serra da Ibiapaba,SAO BENEDITO,COOPERATIVA DOS PRODUTORES RURAIS DE SÃO BENEDITO,CAF Emitido,UNICAFES,31/12/2025,27/02/2024 14:19:39,27/05/2025 17:20:39,46.0,37.0,"93,48",COOPERATIVA DOS PRODUTORES RURAIS DE SÃO BENEDITO,São Benedito,CAF Emitido,UNICAFES,31/12/2025,27/02/2024 14:19:39,19/03/2025 17:58:33,46.0,37,"93,48",COOPSB,4633801.0,"0119905,0121101,0133499,1031700,1033301,1033302,4623199,4631100,4632002,4632003,4633802,4634601,4634602,4634699,4637104,4637199,4721103,4722901,4724500,4729699",RUA,RUA CORONEL TIBURCIO,SN,,CENTRO,62370000.0,1547.0,"RUA RUA CORONEL TIBURCIO, SN, CENTRO São Benedito-CE","-4,0483853","-40,8658184"
115,1287149,CÁRITAS DIOCESANA DE TIANGUA,"2,02502E+16",2245654.0,"45715,78905",53751745000159,COOPSB,Nota Fiscal,"Gêneros Alimentícios ( Proteínas, Carboidratos, Hortaliças, Sódios e Lipídios) 
",45716,Efetivada,53751745000159,53751745,1,59,1,COOPSB,4633801,"0119905,0121101,0133499,1031700,1033301,1033302,4623199,4631100,4632002,4632003,4633802,4634601,4634602,4634699,4637104,4637199,4721103,4722901,4724500,4729699",RUA,RUA CORONEL TIBURCIO,SN,,CENTRO,62370000,1547,53751745000159,1547,SAO BENEDITO,São Benedito,Serra da Ibiapaba,SAO BENEDITO,COOPERATIVA DOS PRODUTORES RURAIS DE SÃO BENEDITO,CAF Emitido,UNICAFES,31/12/2025,27/02/2024 14:19:39,27/05/2025 17:20:39,46.0,37.0,"93,48",COOPERATIVA DOS PRODUTORES RURAIS DE SÃO BENEDITO,São Benedito,CAF Emitido,UNICAFES,31/12/2025,27/02/2024 14:19:39,19/03/2025 17:58:33,46.0,37,"93,48",COOPSB,4633801.0,"0119905,0121101,0133499,1031700,1033301,1033302,4623199,4631100,4632002,4632003,4633802,4634601,4634602,4634699,4637104,4637199,4721103,4722901,4724500,4729699",RUA,RUA CORONEL TIBURCIO,SN,,CENTRO,62370000.0,1547.0,"RUA RUA CORONEL TIBURCIO, SN, CENTRO São Benedito-CE","-4,0483853","-40,8658184"
116,1287149,CÁRITAS DIOCESANA DE TIANGUA,"2,02504E+16",1350080.0,"45748,77013",53751745000159,COOPSB,Nota Fiscal,"Gêneros Alimentícios ( Proteínas, Carboidratos, Hortaliças, Sódios e Lipídios) 
",45749,Efetivada,53751745000159,53751745,1,59,1,COOPSB,4633801,"0119905,0121101,0133499,1031700,1033301,1033302,4623199,4631100,4632002,4632003,4633802,4634601,4634602,4634699,4637104,4637199,4721103,4722901,4724500,4729699",RUA,RUA CORONEL TIBURCIO,SN,,CENTRO,62370000,1547,53751745000159,1547,SAO BENEDITO,São Benedito,Serra da Ibiapaba,SAO BENEDITO,COOPERATIVA DOS PRODUTORES RURAIS DE SÃO BENEDITO,CAF Emitido,UNICAFES,31/12/2025,27/02/2024 14:19:39,27/05/2025 17:20:39,46.0,37.0,"93,48",COOPERATIVA DOS PRODUTORES RURAIS DE SÃO BENEDITO,São Benedito,CAF Emitido,UNICAFES,31/12/2025,27/02/2024 14:19:39,19/03/2025 17:58:33,46.0,37,"93,48",COOPSB,4633801.0,"0119905,0121101,0133499,1031700,1033301,1033302,4623199,4631100,4632002,4632003,4633802,4634601,4634602,4634699,4637104,4637199,4721103,4722901,4724500,4729699",RUA,RUA CORONEL TIBURCIO,SN,,CENTRO,62370000.0,1547.0,"RUA RUA CORONEL TIBURCIO, SN, CENTRO São Benedito-CE","-4,0483853","-40,8658184"
117,1287149,CÁRITAS DIOCESANA DE TIANGUA,"2,02504E+16",9538259.0,"45756,91146",53751745000159,COOPSB,Nota Fiscal,"Gêneros Alimentícios ( Proteínas, Carboidratos, Hortaliças, Sódios e Lipídios) 
",45757,Efetivada,53751745000159,53751745,1,59,1,COOPSB,4633801,"0119905,0121101,0133499,1031700,1033301,1033302,4623199,4631100,4632002,4632003,4633802,4634601,4634602,4634699,4637104,4637199,4721103,4722901,4724500,4729699",RUA,RUA CORONEL TIBURCIO,SN,,CENTRO,62370000,1547,53751745000159,1547,SAO BENEDITO,São Benedito,Serra da Ibiapaba,SAO BENEDITO,COOPERATIVA DOS PRODUTORES RURAIS DE SÃO BENEDITO,CAF Emitido,UNICAFES,31/12/2025,27/02/2024 14:19:39,27/05/2025 17:20:39,46.0,37.0,"93,48",COOPERATIVA DOS PRODUTORES RURAIS DE SÃO BENEDITO,São Benedito,CAF Emitido,UNICAFES,31/12/2025,27/02/2024 14:19:39,19/03/2025 17:58:33,46.0,37,"93,48",COOPSB,4633801.0,"0119905,0121101,0133499,1031700,1033301,1033302,4623199,4631100,4632002,4632003,4633802,4634601,4634602,4634699,4637104,4637199,4721103,4722901,4724500,4729699",RUA,RUA CORONEL TIBURCIO,SN,,CENTRO,62370000.0,1547.0,"RUA RUA CORONEL TIBURCIO, SN, CENTRO São Benedito-CE","-4,0483853","-40,8658184"
118,1287149,CÁRITAS DIOCESANA DE TIANGUA,"2,02505E+16",7122487.0,"45778,71142",53751745000159,COOPSB,Nota Fiscal,"Gêneros Alimentícios ( Proteínas, Carboidratos, Hortaliças, Sódios e Lipídios) 
",45779,Efetivada,53751745000159,53751745,1,59,1,COOPSB,4633801,"0119905,0121101,0133499,1031700,1033301,1033302,4623199,4631100,4632002,4632003,4633802,4634601,4634602,4634699,4637104,4637199,4721103,4722901,4724500,4729699",RUA,RUA CORONEL TIBURCIO,SN,,CENTRO,62370000,1547,53751745000159,1547,SAO BENEDITO,São Benedito,Serra da Ibiapaba,SAO BENEDITO,COOPERATIVA DOS PRODUTORES RURAIS DE SÃO BENEDITO,CAF Emitido,UNICAFES,31/12/2025,27/02/2024 14:19:39,27/05/2025 17:20:39,46.0,37.0,"93,48",COOPERATIVA DOS PRODUTORES RURAIS DE SÃO BENEDITO,São Benedito,CAF Emitido,UNICAFES,31/12/2025,27/02/2024 14:19:39,19/03/2025 17:58:33,46.0,37,"93,48",COOPSB,4633801.0,"0119905,0121101,0133499,1031700,1033301,1033302,4623199,4631100,4632002,4632003,4633802,4634601,4634602,4634699,4637104,4637199,4721103,4722901,4724500,4729699",RUA,RUA CORONEL TIBURCIO,SN,,CENTRO,62370000.0,1547.0,"RUA RUA CORONEL TIBURCIO, SN, CENTRO São Benedito-CE","-4,0483853","-40,8658184"
119,1287149,CÁRITAS DIOCESANA DE TIANGUA,"2,02505E+16",6635375.0,"45789,72009",53751745000159,COOPSB,Nota Fiscal,"Gêneros Alimentícios ( Proteínas, Carboidratos, Hortaliças, Sódios e Lipídios) 
",45790,Efetivada,53751745000159,53751745,1,59,1,COOPSB,4633801,"0119905,0121101,0133499,1031700,1033301,1033302,4623199,4631100,4632002,4632003,4633802,4634601,4634602,4634699,4637104,4637199,4721103,4722901,4724500,4729699",RUA,RUA CORONEL TIBURCIO,SN,,CENTRO,62370000,1547,53751745000159,1547,SAO BENEDITO,São Benedito,Serra da Ibiapaba,SAO BENEDITO,COOPERATIVA DOS PRODUTORES RURAIS DE SÃO BENEDITO,CAF Emitido,UNICAFES,31/12/2025,27/02/2024 14:19:39,27/05/2025 17:20:39,46.0,37.0,"93,48",COOPERATIVA DOS PRODUTORES RURAIS DE SÃO BENEDITO,São Benedito,CAF Emitido,UNICAFES,31/12/2025,27/02/2024 14:19:39,19/03/2025 17:58:33,46.0,37,"93,48",COOPSB,4633801.0,"0119905,0121101,0133499,1031700,1033301,1033302,4623199,4631100,4632002,4632003,4633802,4634601,4634602,4634699,4637104,4637199,4721103,4722901,4724500,4729699",RUA,RUA CORONEL TIBURCIO,SN,,CENTRO,62370000.0,1547.0,"RUA RUA CORONEL TIBURCIO, SN, CENTRO São Benedito-CE","-4,0483853","-40,8658184"
120,1287149,CÁRITAS DIOCESANA DE TIANGUA,"2,02505E+16",6488589.0,"45807,69985",53751745000159,COOPSB,Nota Fiscal,"Gêneros Alimentícios ( Proteínas, Carboidratos, Hortaliças, Sódios e Lipídios) 
",45810,Efetivada,53751745000159,53751745,1,59,1,COOPSB,4633801,"0119905,0121101,0133499,1031700,1033301,1033302,4623199,4631100,4632002,4632003,4633802,4634601,4634602,4634699,4637104,4637199,4721103,4722901,4724500,4729699",RUA,RUA CORONEL TIBURCIO,SN,,CENTRO,62370000,1547,53751745000159,1547,SAO BENEDITO,São Benedito,Serra da Ibiapaba,SAO BENEDITO,COOPERATIVA DOS PRODUTORES RURAIS DE SÃO BENEDITO,CAF Emitido,UNICAFES,31/12/2025,27/02/2024 14:19:39,27/05/2025 17:20:39,46.0,37.0,"93,48",COOPERATIVA DOS PRODUTORES RURAIS DE SÃO BENEDITO,São Benedito,CAF Emitido,UNICAFES,31/12/2025,27/02/2024 14:19:39,19/03/2025 17:58:33,46.0,37,"93,48",COOPSB,4633801.0,"0119905,0121101,0133499,1031700,1033301,1033302,4623199,4631100,4632002,4632003,4633802,4634601,4634602,4634699,4637104,4637199,4721103,4722901,4724500,4729699",RUA,RUA CORONEL TIBURCIO,SN,,CENTRO,62370000.0,1547.0,"RUA RUA CORONEL TIBURCIO, SN, CENTRO São Benedito-CE","-4,0483853","-40,8658184"
121,1287149,CÁRITAS DIOCESANA DE TIANGUA,"2,02506E+16",207877.0,"45818,74081",53751745000159,COOPSB,Nota Fiscal,"Gêneros Alimentícios ( Proteínas, Carboidratos, Hortaliças, Sódios e Lipídios) 
",45819,Efetivada,53751745000159,53751745,1,59,1,COOPSB,4633801,"0119905,0121101,0133499,1031700,1033301,1033302,4623199,4631100,4632002,4632003,4633802,4634601,4634602,4634699,4637104,4637199,4721103,4722901,4724500,4729699",RUA,RUA CORONEL TIBURCIO,SN,,CENTRO,62370000,1547,53751745000159,1547,SAO BENEDITO,São Benedito,Serra da Ibiapaba,SAO BENEDITO,COOPERATIVA DOS PRODUTORES RURAIS DE SÃO BENEDITO,CAF Emitido,UNICAFES,31/12/2025,27/02/2024 14:19:39,27/05/2025 17:20:39,46.0,37.0,"93,48",COOPERATIVA DOS PRODUTORES RURAIS DE SÃO BENEDITO,São Benedito,CAF Emitido,UNICAFES,31/12/2025,27/02/2024 14:19:39,19/03/2025 17:58:33,46.0,37,"93,48",COOPSB,4633801.0,"0119905,0121101,0133499,1031700,1033301,1033302,4623199,4631100,4632002,4632003,4633802,4634601,4634602,4634699,4637104,4637199,4721103,4722901,4724500,4729699",RUA,RUA CORONEL TIBURCIO,SN,,CENTRO,62370000.0,1547.0,"RUA RUA CORONEL TIBURCIO, SN, CENTRO São Benedito-CE","-4,0483853","-40,8658184"
122,1284423,INSTITUTO MARIA DA HORA,"2,02406E+16",4348086.0,"45469,61957",35202279000170,COOPENORT,Nota Fiscal,"Gêneros Alimentícios ( Proteínas, Carboidratos, Hortaliças, Sódios e Lipídios)
",45470,Efetivada,35202279000170,35202279,1,70,1,COOPENORT,4633801,"0111302,0113000,0119902,0119904,0119905,0119906,0119907,0119908,0119909,0119999,0121101,0131800,0133402,0133403,0133408,0133409,0133410,0133499,0139399,0151201,0151202,0153901,0154700,0155501,0155505,0159801,0312401,0322101,1031700,1066000,4623106,4623109,4623199,4644302,4661300,4683400,4692300,4722902,4724500,4729699,4744001,4744099",RUA,DEPUTADO VICENTE RIBEIRO,438,,CENTRO,62375000,1367,35202279000170,1367,CARNAUBAL,Carnaubal,Serra da Ibiapaba,CARNAUBAL,COOPERATIVA AGROPECUARIA DOS AGRICULTORES FAMILIARES DA REGIAO NORTE DO CEARA LT,CAF Emitido,,,29/09/2023 12:30:34,22/05/2025 08:50:46,75.0,42.0,"97,33",COOPERATIVA AGROPECUARIA DOS AGRICULTORES FAMILIARES DA REGIAO NORTE DO CEARA LT,Carnaubal,Aberto apenas para Atualização de Informações,,,29/09/2023 12:30:34,07/03/2025 12:32:31,75.0,43,"97,33",COOPENORT,4633801.0,"0111302,0113000,0119902,0119904,0119905,0119906,0119907,0119908,0119909,0119999,0121101,0131800,0133402,0133403,0133408,0133409,0133410,0133499,0139399,0151201,0151202,0153901,0154700,0155501,0155505,0159801,0312401,0322101,1031700,1066000,4623106,4623109,4623199,4644302,4661300,4683400,4692300,4722902,4724500,4729699,4744001,4744099",RUA,DEPUTADO VICENTE RIBEIRO,438,,CENTRO,62375000.0,1367.0,"RUA DEPUTADO VICENTE RIBEIRO, 438, CENTRO Carnaubal-CE","-4,1657573","-40,9404926"
123,1284423,INSTITUTO MARIA DA HORA,"2,02407E+16",5000299.0,"45502,73944",35202279000170,COOPENORT,Nota Fiscal,"Gêneros Alimentícios ( Proteínas, Carboidratos, Hortaliças, Sódios e Lipídios)
",45503,Efetivada,35202279000170,35202279,1,70,1,COOPENORT,4633801,"0111302,0113000,0119902,0119904,0119905,0119906,0119907,0119908,0119909,0119999,0121101,0131800,0133402,0133403,0133408,0133409,0133410,0133499,0139399,0151201,0151202,0153901,0154700,0155501,0155505,0159801,0312401,0322101,1031700,1066000,4623106,4623109,4623199,4644302,4661300,4683400,4692300,4722902,4724500,4729699,4744001,4744099",RUA,DEPUTADO VICENTE RIBEIRO,438,,CENTRO,62375000,1367,35202279000170,1367,CARNAUBAL,Carnaubal,Serra da Ibiapaba,CARNAUBAL,COOPERATIVA AGROPECUARIA DOS AGRICULTORES FAMILIARES DA REGIAO NORTE DO CEARA LT,CAF Emitido,,,29/09/2023 12:30:34,22/05/2025 08:50:46,75.0,42.0,"97,33",COOPERATIVA AGROPECUARIA DOS AGRICULTORES FAMILIARES DA REGIAO NORTE DO CEARA LT,Carnaubal,Aberto apenas para Atualização de Informações,,,29/09/2023 12:30:34,07/03/2025 12:32:31,75.0,43,"97,33",COOPENORT,4633801.0,"0111302,0113000,0119902,0119904,0119905,0119906,0119907,0119908,0119909,0119999,0121101,0131800,0133402,0133403,0133408,0133409,0133410,0133499,0139399,0151201,0151202,0153901,0154700,0155501,0155505,0159801,0312401,0322101,1031700,1066000,4623106,4623109,4623199,4644302,4661300,4683400,4692300,4722902,4724500,4729699,4744001,4744099",RUA,DEPUTADO VICENTE RIBEIRO,438,,CENTRO,62375000.0,1367.0,"RUA DEPUTADO VICENTE RIBEIRO, 438, CENTRO Carnaubal-CE","-4,1657573","-40,9404926"
124,1284423,INSTITUTO MARIA DA HORA,"2,02409E+16",654387.0,"45546,60917",35202279000170,COOPENORT,Nota Fiscal,"Gêneros Alimentícios ( Proteínas, Carboidratos, Hortaliças, Sódios e Lipídios)
",45547,Efetivada,35202279000170,35202279,1,70,1,COOPENORT,4633801,"0111302,0113000,0119902,0119904,0119905,0119906,0119907,0119908,0119909,0119999,0121101,0131800,0133402,0133403,0133408,0133409,0133410,0133499,0139399,0151201,0151202,0153901,0154700,0155501,0155505,0159801,0312401,0322101,1031700,1066000,4623106,4623109,4623199,4644302,4661300,4683400,4692300,4722902,4724500,4729699,4744001,4744099",RUA,DEPUTADO VICENTE RIBEIRO,438,,CENTRO,62375000,1367,35202279000170,1367,CARNAUBAL,Carnaubal,Serra da Ibiapaba,CARNAUBAL,COOPERATIVA AGROPECUARIA DOS AGRICULTORES FAMILIARES DA REGIAO NORTE DO CEARA LT,CAF Emitido,,,29/09/2023 12:30:34,22/05/2025 08:50:46,75.0,42.0,"97,33",COOPERATIVA AGROPECUARIA DOS AGRICULTORES FAMILIARES DA REGIAO NORTE DO CEARA LT,Carnaubal,Aberto apenas para Atualização de Informações,,,29/09/2023 12:30:34,07/03/2025 12:32:31,75.0,43,"97,33",COOPENORT,4633801.0,"0111302,0113000,0119902,0119904,0119905,0119906,0119907,0119908,0119909,0119999,0121101,0131800,0133402,0133403,0133408,0133409,0133410,0133499,0139399,0151201,0151202,0153901,0154700,0155501,0155505,0159801,0312401,0322101,1031700,1066000,4623106,4623109,4623199,4644302,4661300,4683400,4692300,4722902,4724500,4729699,4744001,4744099",RUA,DEPUTADO VICENTE RIBEIRO,438,,CENTRO,62375000.0,1367.0,"RUA DEPUTADO VICENTE RIBEIRO, 438, CENTRO Carnaubal-CE","-4,1657573","-40,9404926"
125,1284423,INSTITUTO MARIA DA HORA,"2,0241E+16",6543859.0,"45579,73227",35202279000170,COOPENORT,Nota Fiscal,"Gêneros Alimentícios ( Proteínas, Carboidratos, Hortaliças, Sódios e Lipídios)
",45580,Efetivada,35202279000170,35202279,1,70,1,COOPENORT,4633801,"0111302,0113000,0119902,0119904,0119905,0119906,0119907,0119908,0119909,0119999,0121101,0131800,0133402,0133403,0133408,0133409,0133410,0133499,0139399,0151201,0151202,0153901,0154700,0155501,0155505,0159801,0312401,0322101,1031700,1066000,4623106,4623109,4623199,4644302,4661300,4683400,4692300,4722902,4724500,4729699,4744001,4744099",RUA,DEPUTADO VICENTE RIBEIRO,438,,CENTRO,62375000,1367,35202279000170,1367,CARNAUBAL,Carnaubal,Serra da Ibiapaba,CARNAUBAL,COOPERATIVA AGROPECUARIA DOS AGRICULTORES FAMILIARES DA REGIAO NORTE DO CEARA LT,CAF Emitido,,,29/09/2023 12:30:34,22/05/2025 08:50:46,75.0,42.0,"97,33",COOPERATIVA AGROPECUARIA DOS AGRICULTORES FAMILIARES DA REGIAO NORTE DO CEARA LT,Carnaubal,Aberto apenas para Atualização de Informações,,,29/09/2023 12:30:34,07/03/2025 12:32:31,75.0,43,"97,33",COOPENORT,4633801.0,"0111302,0113000,0119902,0119904,0119905,0119906,0119907,0119908,0119909,0119999,0121101,0131800,0133402,0133403,0133408,0133409,0133410,0133499,0139399,0151201,0151202,0153901,0154700,0155501,0155505,0159801,0312401,0322101,1031700,1066000,4623106,4623109,4623199,4644302,4661300,4683400,4692300,4722902,4724500,4729699,4744001,4744099",RUA,DEPUTADO VICENTE RIBEIRO,438,,CENTRO,62375000.0,1367.0,"RUA DEPUTADO VICENTE RIBEIRO, 438, CENTRO Carnaubal-CE","-4,1657573","-40,9404926"
126,1284423,INSTITUTO MARIA DA HORA,"2,02411E+16",6167035.0,"45597,46147",35202279000170,COOPENORT,Nota Fiscal,"Gêneros Alimentícios ( Proteínas, Carboidratos, Hortaliças, Sódios e Lipídios)
",45600,Efetivada,35202279000170,35202279,1,70,1,COOPENORT,4633801,"0111302,0113000,0119902,0119904,0119905,0119906,0119907,0119908,0119909,0119999,0121101,0131800,0133402,0133403,0133408,0133409,0133410,0133499,0139399,0151201,0151202,0153901,0154700,0155501,0155505,0159801,0312401,0322101,1031700,1066000,4623106,4623109,4623199,4644302,4661300,4683400,4692300,4722902,4724500,4729699,4744001,4744099",RUA,DEPUTADO VICENTE RIBEIRO,438,,CENTRO,62375000,1367,35202279000170,1367,CARNAUBAL,Carnaubal,Serra da Ibiapaba,CARNAUBAL,COOPERATIVA AGROPECUARIA DOS AGRICULTORES FAMILIARES DA REGIAO NORTE DO CEARA LT,CAF Emitido,,,29/09/2023 12:30:34,22/05/2025 08:50:46,75.0,42.0,"97,33",COOPERATIVA AGROPECUARIA DOS AGRICULTORES FAMILIARES DA REGIAO NORTE DO CEARA LT,Carnaubal,Aberto apenas para Atualização de Informações,,,29/09/2023 12:30:34,07/03/2025 12:32:31,75.0,43,"97,33",COOPENORT,4633801.0,"0111302,0113000,0119902,0119904,0119905,0119906,0119907,0119908,0119909,0119999,0121101,0131800,0133402,0133403,0133408,0133409,0133410,0133499,0139399,0151201,0151202,0153901,0154700,0155501,0155505,0159801,0312401,0322101,1031700,1066000,4623106,4623109,4623199,4644302,4661300,4683400,4692300,4722902,4724500,4729699,4744001,4744099",RUA,DEPUTADO VICENTE RIBEIRO,438,,CENTRO,62375000.0,1367.0,"RUA DEPUTADO VICENTE RIBEIRO, 438, CENTRO Carnaubal-CE","-4,1657573","-40,9404926"
127,1284423,INSTITUTO MARIA DA HORA,"2,02412E+16",5094508.0,"45630,40522",35202279000170,COOPENORT,Nota Fiscal,"Gêneros Alimentícios ( Proteínas, Carboidratos, Hortaliças, Sódios e Lipídios)
",45631,Efetivada,35202279000170,35202279,1,70,1,COOPENORT,4633801,"0111302,0113000,0119902,0119904,0119905,0119906,0119907,0119908,0119909,0119999,0121101,0131800,0133402,0133403,0133408,0133409,0133410,0133499,0139399,0151201,0151202,0153901,0154700,0155501,0155505,0159801,0312401,0322101,1031700,1066000,4623106,4623109,4623199,4644302,4661300,4683400,4692300,4722902,4724500,4729699,4744001,4744099",RUA,DEPUTADO VICENTE RIBEIRO,438,,CENTRO,62375000,1367,35202279000170,1367,CARNAUBAL,Carnaubal,Serra da Ibiapaba,CARNAUBAL,COOPERATIVA AGROPECUARIA DOS AGRICULTORES FAMILIARES DA REGIAO NORTE DO CEARA LT,CAF Emitido,,,29/09/2023 12:30:34,22/05/2025 08:50:46,75.0,42.0,"97,33",COOPERATIVA AGROPECUARIA DOS AGRICULTORES FAMILIARES DA REGIAO NORTE DO CEARA LT,Carnaubal,Aberto apenas para Atualização de Informações,,,29/09/2023 12:30:34,07/03/2025 12:32:31,75.0,43,"97,33",COOPENORT,4633801.0,"0111302,0113000,0119902,0119904,0119905,0119906,0119907,0119908,0119909,0119999,0121101,0131800,0133402,0133403,0133408,0133409,0133410,0133499,0139399,0151201,0151202,0153901,0154700,0155501,0155505,0159801,0312401,0322101,1031700,1066000,4623106,4623109,4623199,4644302,4661300,4683400,4692300,4722902,4724500,4729699,4744001,4744099",RUA,DEPUTADO VICENTE RIBEIRO,438,,CENTRO,62375000.0,1367.0,"RUA DEPUTADO VICENTE RIBEIRO, 438, CENTRO Carnaubal-CE","-4,1657573","-40,9404926"
128,1284423,INSTITUTO MARIA DA HORA,"2,02501E+16",5094508.0,"45664,82294",35202279000170,COOPENORT,Nota Fiscal,"Gêneros Alimentícios ( Proteínas, Carboidratos, Hortaliças, Sódios e Lipídios)
",45665,Efetivada,35202279000170,35202279,1,70,1,COOPENORT,4633801,"0111302,0113000,0119902,0119904,0119905,0119906,0119907,0119908,0119909,0119999,0121101,0131800,0133402,0133403,0133408,0133409,0133410,0133499,0139399,0151201,0151202,0153901,0154700,0155501,0155505,0159801,0312401,0322101,1031700,1066000,4623106,4623109,4623199,4644302,4661300,4683400,4692300,4722902,4724500,4729699,4744001,4744099",RUA,DEPUTADO VICENTE RIBEIRO,438,,CENTRO,62375000,1367,35202279000170,1367,CARNAUBAL,Carnaubal,Serra da Ibiapaba,CARNAUBAL,COOPERATIVA AGROPECUARIA DOS AGRICULTORES FAMILIARES DA REGIAO NORTE DO CEARA LT,CAF Emitido,,,29/09/2023 12:30:34,22/05/2025 08:50:46,75.0,42.0,"97,33",COOPERATIVA AGROPECUARIA DOS AGRICULTORES FAMILIARES DA REGIAO NORTE DO CEARA LT,Carnaubal,Aberto apenas para Atualização de Informações,,,29/09/2023 12:30:34,07/03/2025 12:32:31,75.0,43,"97,33",COOPENORT,4633801.0,"0111302,0113000,0119902,0119904,0119905,0119906,0119907,0119908,0119909,0119999,0121101,0131800,0133402,0133403,0133408,0133409,0133410,0133499,0139399,0151201,0151202,0153901,0154700,0155501,0155505,0159801,0312401,0322101,1031700,1066000,4623106,4623109,4623199,4644302,4661300,4683400,4692300,4722902,4724500,4729699,4744001,4744099",RUA,DEPUTADO VICENTE RIBEIRO,438,,CENTRO,62375000.0,1367.0,"RUA DEPUTADO VICENTE RIBEIRO, 438, CENTRO Carnaubal-CE","-4,1657573","-40,9404926"
129,1284423,INSTITUTO MARIA DA HORA,"2,02501E+16",5898902.0,"45685,38845",35202279000170,COOPENORT,Nota Fiscal,"Gêneros Alimentícios ( Proteínas, Carboidratos, Hortaliças, Sódios e Lipídios)
",45686,Efetivada,35202279000170,35202279,1,70,1,COOPENORT,4633801,"0111302,0113000,0119902,0119904,0119905,0119906,0119907,0119908,0119909,0119999,0121101,0131800,0133402,0133403,0133408,0133409,0133410,0133499,0139399,0151201,0151202,0153901,0154700,0155501,0155505,0159801,0312401,0322101,1031700,1066000,4623106,4623109,4623199,4644302,4661300,4683400,4692300,4722902,4724500,4729699,4744001,4744099",RUA,DEPUTADO VICENTE RIBEIRO,438,,CENTRO,62375000,1367,35202279000170,1367,CARNAUBAL,Carnaubal,Serra da Ibiapaba,CARNAUBAL,COOPERATIVA AGROPECUARIA DOS AGRICULTORES FAMILIARES DA REGIAO NORTE DO CEARA LT,CAF Emitido,,,29/09/2023 12:30:34,22/05/2025 08:50:46,75.0,42.0,"97,33",COOPERATIVA AGROPECUARIA DOS AGRICULTORES FAMILIARES DA REGIAO NORTE DO CEARA LT,Carnaubal,Aberto apenas para Atualização de Informações,,,29/09/2023 12:30:34,07/03/2025 12:32:31,75.0,43,"97,33",COOPENORT,4633801.0,"0111302,0113000,0119902,0119904,0119905,0119906,0119907,0119908,0119909,0119999,0121101,0131800,0133402,0133403,0133408,0133409,0133410,0133499,0139399,0151201,0151202,0153901,0154700,0155501,0155505,0159801,0312401,0322101,1031700,1066000,4623106,4623109,4623199,4644302,4661300,4683400,4692300,4722902,4724500,4729699,4744001,4744099",RUA,DEPUTADO VICENTE RIBEIRO,438,,CENTRO,62375000.0,1367.0,"RUA DEPUTADO VICENTE RIBEIRO, 438, CENTRO Carnaubal-CE","-4,1657573","-40,9404926"
130,1284423,INSTITUTO MARIA DA HORA,"2,02502E+16",5259299.0,"45714,65291",35202279000170,COOPENORT,Nota Fiscal,"Gêneros Alimentícios ( Proteínas, Carboidratos, Hortaliças, Sódios e Lipídios)
",45715,Efetivada,35202279000170,35202279,1,70,1,COOPENORT,4633801,"0111302,0113000,0119902,0119904,0119905,0119906,0119907,0119908,0119909,0119999,0121101,0131800,0133402,0133403,0133408,0133409,0133410,0133499,0139399,0151201,0151202,0153901,0154700,0155501,0155505,0159801,0312401,0322101,1031700,1066000,4623106,4623109,4623199,4644302,4661300,4683400,4692300,4722902,4724500,4729699,4744001,4744099",RUA,DEPUTADO VICENTE RIBEIRO,438,,CENTRO,62375000,1367,35202279000170,1367,CARNAUBAL,Carnaubal,Serra da Ibiapaba,CARNAUBAL,COOPERATIVA AGROPECUARIA DOS AGRICULTORES FAMILIARES DA REGIAO NORTE DO CEARA LT,CAF Emitido,,,29/09/2023 12:30:34,22/05/2025 08:50:46,75.0,42.0,"97,33",COOPERATIVA AGROPECUARIA DOS AGRICULTORES FAMILIARES DA REGIAO NORTE DO CEARA LT,Carnaubal,Aberto apenas para Atualização de Informações,,,29/09/2023 12:30:34,07/03/2025 12:32:31,75.0,43,"97,33",COOPENORT,4633801.0,"0111302,0113000,0119902,0119904,0119905,0119906,0119907,0119908,0119909,0119999,0121101,0131800,0133402,0133403,0133408,0133409,0133410,0133499,0139399,0151201,0151202,0153901,0154700,0155501,0155505,0159801,0312401,0322101,1031700,1066000,4623106,4623109,4623199,4644302,4661300,4683400,4692300,4722902,4724500,4729699,4744001,4744099",RUA,DEPUTADO VICENTE RIBEIRO,438,,CENTRO,62375000.0,1367.0,"RUA DEPUTADO VICENTE RIBEIRO, 438, CENTRO Carnaubal-CE","-4,1657573","-40,9404926"
131,1284423,INSTITUTO MARIA DA HORA,"2,02504E+16",673871.0,"45757,69579",35202279000170,COOPENORT,Nota Fiscal,"Gêneros Alimentícios ( Proteínas, Carboidratos, Hortaliças, Sódios e Lipídios)
",45758,Efetivada,35202279000170,35202279,1,70,1,COOPENORT,4633801,"0111302,0113000,0119902,0119904,0119905,0119906,0119907,0119908,0119909,0119999,0121101,0131800,0133402,0133403,0133408,0133409,0133410,0133499,0139399,0151201,0151202,0153901,0154700,0155501,0155505,0159801,0312401,0322101,1031700,1066000,4623106,4623109,4623199,4644302,4661300,4683400,4692300,4722902,4724500,4729699,4744001,4744099",RUA,DEPUTADO VICENTE RIBEIRO,438,,CENTRO,62375000,1367,35202279000170,1367,CARNAUBAL,Carnaubal,Serra da Ibiapaba,CARNAUBAL,COOPERATIVA AGROPECUARIA DOS AGRICULTORES FAMILIARES DA REGIAO NORTE DO CEARA LT,CAF Emitido,,,29/09/2023 12:30:34,22/05/2025 08:50:46,75.0,42.0,"97,33",COOPERATIVA AGROPECUARIA DOS AGRICULTORES FAMILIARES DA REGIAO NORTE DO CEARA LT,Carnaubal,Aberto apenas para Atualização de Informações,,,29/09/2023 12:30:34,07/03/2025 12:32:31,75.0,43,"97,33",COOPENORT,4633801.0,"0111302,0113000,0119902,0119904,0119905,0119906,0119907,0119908,0119909,0119999,0121101,0131800,0133402,0133403,0133408,0133409,0133410,0133499,0139399,0151201,0151202,0153901,0154700,0155501,0155505,0159801,0312401,0322101,1031700,1066000,4623106,4623109,4623199,4644302,4661300,4683400,4692300,4722902,4724500,4729699,4744001,4744099",RUA,DEPUTADO VICENTE RIBEIRO,438,,CENTRO,62375000.0,1367.0,"RUA DEPUTADO VICENTE RIBEIRO, 438, CENTRO Carnaubal-CE","-4,1657573","-40,9404926"
132,1284423,INSTITUTO MARIA DA HORA,"2,02505E+16",2566727.0,"45786,68384",32524122000173,COOPADES - COOPERATIVA DA AGRICULTURA FAMILIAR E DO DESENVOLVIMENTO SOLIDARIO,Nota Fiscal,"Gêneros Alimentícios ( Proteínas, Carboidratos, Hortaliças, Sódios e Lipídios)
",45789,Efetivada,32524122000173,32524122,1,73,1,COOPADES,161099,"0111302,0119901,0119905,0119906,0133402,0133408,0133410,0133499,0151201,0151202,0153901,0154700,0155501,0155502,0155503,0155504,0155505,0321301,0322101,1011203",AVENIDA,DA ASSOCIACAO,000,,MATA FRESCA,62808000,1321,32524122000173,1321,ARACATI,Aracati,Litoral Leste,ARACATI,COOPADES - COOPERATIVA DA AGRICULTURA FAMILIAR E DESENVOLVIMENTO SOLIDARIO,Finalizado,OCB,11/05/2025,19/09/2022 09:50:22,08/07/2025 17:28:14,232.0,60.0,"98,71",COOPADES - COOPERATIVA DA AGRICULTURA FAMILIAR E DESENVOLVIMENTO SOLIDARIO,Aracati,Processo Enviado,OCB,11/05/2025,19/09/2022 09:50:22,25/04/2025 11:14:11,220.0,103,"98,64",COOPADES,161099.0,"0111302,0119901,0119905,0119906,0133402,0133408,0133410,0133499,0151201,0151202,0153901,0154700,0155501,0155502,0155503,0155504,0155505,0321301,0322101,1011203",AVENIDA,DA ASSOCIACAO,0,,MATA FRESCA,62808000.0,1321.0,"AVENIDA DA ASSOCIACAO, 000, MATA FRESCA Aracati-CE","-4,8301017","-37,4135523"
133,1285023,INSTITUTO DE ARTE E CIDADANIA DO CEARA,"2,02309E+16",87004254.0,"45195,70427",32524122000173,COOPADES - COOPERATIVA DA AGRICULTURA FAMILIAR E DO DESENVOLVIMENTO SOLIDARIO,Nota Fiscal,"Gêneros Alimentícios ( Proteínas, Carboidratos, Hortaliças, Sódios e Lipídios) 
",45196,Efetivada,32524122000173,32524122,1,73,1,COOPADES,161099,"0111302,0119901,0119905,0119906,0133402,0133408,0133410,0133499,0151201,0151202,0153901,0154700,0155501,0155502,0155503,0155504,0155505,0321301,0322101,1011203",AVENIDA,DA ASSOCIACAO,000,,MATA FRESCA,62808000,1321,32524122000173,1321,ARACATI,Aracati,Litoral Leste,ARACATI,COOPADES - COOPERATIVA DA AGRICULTURA FAMILIAR E DESENVOLVIMENTO SOLIDARIO,Finalizado,OCB,11/05/2025,19/09/2022 09:50:22,08/07/2025 17:28:14,232.0,60.0,"98,71",COOPADES - COOPERATIVA DA AGRICULTURA FAMILIAR E DESENVOLVIMENTO SOLIDARIO,Aracati,Processo Enviado,OCB,11/05/2025,19/09/2022 09:50:22,25/04/2025 11:14:11,220.0,103,"98,64",COOPADES,161099.0,"0111302,0119901,0119905,0119906,0133402,0133408,0133410,0133499,0151201,0151202,0153901,0154700,0155501,0155502,0155503,0155504,0155505,0321301,0322101,1011203",AVENIDA,DA ASSOCIACAO,0,,MATA FRESCA,62808000.0,1321.0,"AVENIDA DA ASSOCIACAO, 000, MATA FRESCA Aracati-CE","-4,8301017","-37,4135523"
134,1285023,INSTITUTO DE ARTE E CIDADANIA DO CEARA,"2,02311E+16",3245088.0,"45244,66581",32524122000173,COOPADES - COOPERATIVA DA AGRICULTURA FAMILIAR E DO DESENVOLVIMENTO SOLIDARIO,Nota Fiscal,"Gêneros Alimentícios ( Proteínas, Carboidratos, Hortaliças, Sódios e Lipídios) 
",45246,Efetivada,32524122000173,32524122,1,73,1,COOPADES,161099,"0111302,0119901,0119905,0119906,0133402,0133408,0133410,0133499,0151201,0151202,0153901,0154700,0155501,0155502,0155503,0155504,0155505,0321301,0322101,1011203",AVENIDA,DA ASSOCIACAO,000,,MATA FRESCA,62808000,1321,32524122000173,1321,ARACATI,Aracati,Litoral Leste,ARACATI,COOPADES - COOPERATIVA DA AGRICULTURA FAMILIAR E DESENVOLVIMENTO SOLIDARIO,Finalizado,OCB,11/05/2025,19/09/2022 09:50:22,08/07/2025 17:28:14,232.0,60.0,"98,71",COOPADES - COOPERATIVA DA AGRICULTURA FAMILIAR E DESENVOLVIMENTO SOLIDARIO,Aracati,Processo Enviado,OCB,11/05/2025,19/09/2022 09:50:22,25/04/2025 11:14:11,220.0,103,"98,64",COOPADES,161099.0,"0111302,0119901,0119905,0119906,0133402,0133408,0133410,0133499,0151201,0151202,0153901,0154700,0155501,0155502,0155503,0155504,0155505,0321301,0322101,1011203",AVENIDA,DA ASSOCIACAO,0,,MATA FRESCA,62808000.0,1321.0,"AVENIDA DA ASSOCIACAO, 000, MATA FRESCA Aracati-CE","-4,8301017","-37,4135523"
135,1285023,INSTITUTO DE ARTE E CIDADANIA DO CEARA,"2,02311E+16",5698224.0,"45244,68531",32524122000173,COOPADES - COOPERATIVA DA AGRICULTURA FAMILIAR E DO DESENVOLVIMENTO SOLIDARIO,Nota Fiscal,"Gêneros Alimentícios ( Proteínas, Carboidratos, Hortaliças, Sódios e Lipídios) 
",45246,Efetivada,32524122000173,32524122,1,73,1,COOPADES,161099,"0111302,0119901,0119905,0119906,0133402,0133408,0133410,0133499,0151201,0151202,0153901,0154700,0155501,0155502,0155503,0155504,0155505,0321301,0322101,1011203",AVENIDA,DA ASSOCIACAO,000,,MATA FRESCA,62808000,1321,32524122000173,1321,ARACATI,Aracati,Litoral Leste,ARACATI,COOPADES - COOPERATIVA DA AGRICULTURA FAMILIAR E DESENVOLVIMENTO SOLIDARIO,Finalizado,OCB,11/05/2025,19/09/2022 09:50:22,08/07/2025 17:28:14,232.0,60.0,"98,71",COOPADES - COOPERATIVA DA AGRICULTURA FAMILIAR E DESENVOLVIMENTO SOLIDARIO,Aracati,Processo Enviado,OCB,11/05/2025,19/09/2022 09:50:22,25/04/2025 11:14:11,220.0,103,"98,64",COOPADES,161099.0,"0111302,0119901,0119905,0119906,0133402,0133408,0133410,0133499,0151201,0151202,0153901,0154700,0155501,0155502,0155503,0155504,0155505,0321301,0322101,1011203",AVENIDA,DA ASSOCIACAO,0,,MATA FRESCA,62808000.0,1321.0,"AVENIDA DA ASSOCIACAO, 000, MATA FRESCA Aracati-CE","-4,8301017","-37,4135523"
136,1285023,INSTITUTO DE ARTE E CIDADANIA DO CEARA,"2,02311E+16",721860.0,"45244,70991",32524122000173,COOPADES - COOPERATIVA DA AGRICULTURA FAMILIAR E DO DESENVOLVIMENTO SOLIDARIO,Nota Fiscal,"Gêneros Alimentícios ( Proteínas, Carboidratos, Hortaliças, Sódios e Lipídios) 
",45246,Efetivada,32524122000173,32524122,1,73,1,COOPADES,161099,"0111302,0119901,0119905,0119906,0133402,0133408,0133410,0133499,0151201,0151202,0153901,0154700,0155501,0155502,0155503,0155504,0155505,0321301,0322101,1011203",AVENIDA,DA ASSOCIACAO,000,,MATA FRESCA,62808000,1321,32524122000173,1321,ARACATI,Aracati,Litoral Leste,ARACATI,COOPADES - COOPERATIVA DA AGRICULTURA FAMILIAR E DESENVOLVIMENTO SOLIDARIO,Finalizado,OCB,11/05/2025,19/09/2022 09:50:22,08/07/2025 17:28:14,232.0,60.0,"98,71",COOPADES - COOPERATIVA DA AGRICULTURA FAMILIAR E DESENVOLVIMENTO SOLIDARIO,Aracati,Processo Enviado,OCB,11/05/2025,19/09/2022 09:50:22,25/04/2025 11:14:11,220.0,103,"98,64",COOPADES,161099.0,"0111302,0119901,0119905,0119906,0133402,0133408,0133410,0133499,0151201,0151202,0153901,0154700,0155501,0155502,0155503,0155504,0155505,0321301,0322101,1011203",AVENIDA,DA ASSOCIACAO,0,,MATA FRESCA,62808000.0,1321.0,"AVENIDA DA ASSOCIACAO, 000, MATA FRESCA Aracati-CE","-4,8301017","-37,4135523"
137,1285023,INSTITUTO DE ARTE E CIDADANIA DO CEARA,"2,02311E+16",4172256.0,"45246,68823",32524122000173,COOPADES - COOPERATIVA DA AGRICULTURA FAMILIAR E DO DESENVOLVIMENTO SOLIDARIO,Nota Fiscal,"Gêneros Alimentícios ( Proteínas, Carboidratos, Hortaliças, Sódios e Lipídios) 
",45247,Efetivada,32524122000173,32524122,1,73,1,COOPADES,161099,"0111302,0119901,0119905,0119906,0133402,0133408,0133410,0133499,0151201,0151202,0153901,0154700,0155501,0155502,0155503,0155504,0155505,0321301,0322101,1011203",AVENIDA,DA ASSOCIACAO,000,,MATA FRESCA,62808000,1321,32524122000173,1321,ARACATI,Aracati,Litoral Leste,ARACATI,COOPADES - COOPERATIVA DA AGRICULTURA FAMILIAR E DESENVOLVIMENTO SOLIDARIO,Finalizado,OCB,11/05/2025,19/09/2022 09:50:22,08/07/2025 17:28:14,232.0,60.0,"98,71",COOPADES - COOPERATIVA DA AGRICULTURA FAMILIAR E DESENVOLVIMENTO SOLIDARIO,Aracati,Processo Enviado,OCB,11/05/2025,19/09/2022 09:50:22,25/04/2025 11:14:11,220.0,103,"98,64",COOPADES,161099.0,"0111302,0119901,0119905,0119906,0133402,0133408,0133410,0133499,0151201,0151202,0153901,0154700,0155501,0155502,0155503,0155504,0155505,0321301,0322101,1011203",AVENIDA,DA ASSOCIACAO,0,,MATA FRESCA,62808000.0,1321.0,"AVENIDA DA ASSOCIACAO, 000, MATA FRESCA Aracati-CE","-4,8301017","-37,4135523"
138,1285023,INSTITUTO DE ARTE E CIDADANIA DO CEARA,"2,02401E+16",4130892.0,"45295,70896",32524122000173,COOPADES - COOPERATIVA DA AGRICULTURA FAMILIAR E DO DESENVOLVIMENTO SOLIDARIO,Nota Fiscal,"Gêneros Alimentícios ( Proteínas, Carboidratos, Hortaliças, Sódios e Lipídios) 
",45296,Efetivada,32524122000173,32524122,1,73,1,COOPADES,161099,"0111302,0119901,0119905,0119906,0133402,0133408,0133410,0133499,0151201,0151202,0153901,0154700,0155501,0155502,0155503,0155504,0155505,0321301,0322101,1011203",AVENIDA,DA ASSOCIACAO,000,,MATA FRESCA,62808000,1321,32524122000173,1321,ARACATI,Aracati,Litoral Leste,ARACATI,COOPADES - COOPERATIVA DA AGRICULTURA FAMILIAR E DESENVOLVIMENTO SOLIDARIO,Finalizado,OCB,11/05/2025,19/09/2022 09:50:22,08/07/2025 17:28:14,232.0,60.0,"98,71",COOPADES - COOPERATIVA DA AGRICULTURA FAMILIAR E DESENVOLVIMENTO SOLIDARIO,Aracati,Processo Enviado,OCB,11/05/2025,19/09/2022 09:50:22,25/04/2025 11:14:11,220.0,103,"98,64",COOPADES,161099.0,"0111302,0119901,0119905,0119906,0133402,0133408,0133410,0133499,0151201,0151202,0153901,0154700,0155501,0155502,0155503,0155504,0155505,0321301,0322101,1011203",AVENIDA,DA ASSOCIACAO,0,,MATA FRESCA,62808000.0,1321.0,"AVENIDA DA ASSOCIACAO, 000, MATA FRESCA Aracati-CE","-4,8301017","-37,4135523"
139,1285023,INSTITUTO DE ARTE E CIDADANIA DO CEARA,"2,02401E+16",3212916.0,"45295,71521",32524122000173,COOPADES - COOPERATIVA DA AGRICULTURA FAMILIAR E DO DESENVOLVIMENTO SOLIDARIO,Nota Fiscal,"Gêneros Alimentícios ( Proteínas, Carboidratos, Hortaliças, Sódios e Lipídios) 
",45296,Efetivada,32524122000173,32524122,1,73,1,COOPADES,161099,"0111302,0119901,0119905,0119906,0133402,0133408,0133410,0133499,0151201,0151202,0153901,0154700,0155501,0155502,0155503,0155504,0155505,0321301,0322101,1011203",AVENIDA,DA ASSOCIACAO,000,,MATA FRESCA,62808000,1321,32524122000173,1321,ARACATI,Aracati,Litoral Leste,ARACATI,COOPADES - COOPERATIVA DA AGRICULTURA FAMILIAR E DESENVOLVIMENTO SOLIDARIO,Finalizado,OCB,11/05/2025,19/09/2022 09:50:22,08/07/2025 17:28:14,232.0,60.0,"98,71",COOPADES - COOPERATIVA DA AGRICULTURA FAMILIAR E DESENVOLVIMENTO SOLIDARIO,Aracati,Processo Enviado,OCB,11/05/2025,19/09/2022 09:50:22,25/04/2025 11:14:11,220.0,103,"98,64",COOPADES,161099.0,"0111302,0119901,0119905,0119906,0133402,0133408,0133410,0133499,0151201,0151202,0153901,0154700,0155501,0155502,0155503,0155504,0155505,0321301,0322101,1011203",AVENIDA,DA ASSOCIACAO,0,,MATA FRESCA,62808000.0,1321.0,"AVENIDA DA ASSOCIACAO, 000, MATA FRESCA Aracati-CE","-4,8301017","-37,4135523"
140,1285023,INSTITUTO DE ARTE E CIDADANIA DO CEARA,"2,02401E+16",394590.0,"45296,67303",32524122000173,COOPADES - COOPERATIVA DA AGRICULTURA FAMILIAR E DO DESENVOLVIMENTO SOLIDARIO,Nota Fiscal,"Gêneros Alimentícios ( Proteínas, Carboidratos, Hortaliças, Sódios e Lipídios) 
",45299,Efetivada,32524122000173,32524122,1,73,1,COOPADES,161099,"0111302,0119901,0119905,0119906,0133402,0133408,0133410,0133499,0151201,0151202,0153901,0154700,0155501,0155502,0155503,0155504,0155505,0321301,0322101,1011203",AVENIDA,DA ASSOCIACAO,000,,MATA FRESCA,62808000,1321,32524122000173,1321,ARACATI,Aracati,Litoral Leste,ARACATI,COOPADES - COOPERATIVA DA AGRICULTURA FAMILIAR E DESENVOLVIMENTO SOLIDARIO,Finalizado,OCB,11/05/2025,19/09/2022 09:50:22,08/07/2025 17:28:14,232.0,60.0,"98,71",COOPADES - COOPERATIVA DA AGRICULTURA FAMILIAR E DESENVOLVIMENTO SOLIDARIO,Aracati,Processo Enviado,OCB,11/05/2025,19/09/2022 09:50:22,25/04/2025 11:14:11,220.0,103,"98,64",COOPADES,161099.0,"0111302,0119901,0119905,0119906,0133402,0133408,0133410,0133499,0151201,0151202,0153901,0154700,0155501,0155502,0155503,0155504,0155505,0321301,0322101,1011203",AVENIDA,DA ASSOCIACAO,0,,MATA FRESCA,62808000.0,1321.0,"AVENIDA DA ASSOCIACAO, 000, MATA FRESCA Aracati-CE","-4,8301017","-37,4135523"
141,1285023,INSTITUTO DE ARTE E CIDADANIA DO CEARA,"2,02401E+16",507330.0,"45299,71567",32524122000173,COOPADES - COOPERATIVA DA AGRICULTURA FAMILIAR E DO DESENVOLVIMENTO SOLIDARIO,Nota Fiscal,"Gêneros Alimentícios ( Proteínas, Carboidratos, Hortaliças, Sódios e Lipídios) 
",45300,Efetivada,32524122000173,32524122,1,73,1,COOPADES,161099,"0111302,0119901,0119905,0119906,0133402,0133408,0133410,0133499,0151201,0151202,0153901,0154700,0155501,0155502,0155503,0155504,0155505,0321301,0322101,1011203",AVENIDA,DA ASSOCIACAO,000,,MATA FRESCA,62808000,1321,32524122000173,1321,ARACATI,Aracati,Litoral Leste,ARACATI,COOPADES - COOPERATIVA DA AGRICULTURA FAMILIAR E DESENVOLVIMENTO SOLIDARIO,Finalizado,OCB,11/05/2025,19/09/2022 09:50:22,08/07/2025 17:28:14,232.0,60.0,"98,71",COOPADES - COOPERATIVA DA AGRICULTURA FAMILIAR E DESENVOLVIMENTO SOLIDARIO,Aracati,Processo Enviado,OCB,11/05/2025,19/09/2022 09:50:22,25/04/2025 11:14:11,220.0,103,"98,64",COOPADES,161099.0,"0111302,0119901,0119905,0119906,0133402,0133408,0133410,0133499,0151201,0151202,0153901,0154700,0155501,0155502,0155503,0155504,0155505,0321301,0322101,1011203",AVENIDA,DA ASSOCIACAO,0,,MATA FRESCA,62808000.0,1321.0,"AVENIDA DA ASSOCIACAO, 000, MATA FRESCA Aracati-CE","-4,8301017","-37,4135523"
142,1285023,INSTITUTO DE ARTE E CIDADANIA DO CEARA,"2,02404E+16",4405440.0,"45398,78027",32524122000173,COOPADES - COOPERATIVA DA AGRICULTURA FAMILIAR E DO DESENVOLVIMENTO SOLIDARIO,Nota Fiscal,"Gêneros Alimentícios ( Proteínas, Carboidratos, Hortaliças, Sódios e Lipídios) 
",45399,Efetivada,32524122000173,32524122,1,73,1,COOPADES,161099,"0111302,0119901,0119905,0119906,0133402,0133408,0133410,0133499,0151201,0151202,0153901,0154700,0155501,0155502,0155503,0155504,0155505,0321301,0322101,1011203",AVENIDA,DA ASSOCIACAO,000,,MATA FRESCA,62808000,1321,32524122000173,1321,ARACATI,Aracati,Litoral Leste,ARACATI,COOPADES - COOPERATIVA DA AGRICULTURA FAMILIAR E DESENVOLVIMENTO SOLIDARIO,Finalizado,OCB,11/05/2025,19/09/2022 09:50:22,08/07/2025 17:28:14,232.0,60.0,"98,71",COOPADES - COOPERATIVA DA AGRICULTURA FAMILIAR E DESENVOLVIMENTO SOLIDARIO,Aracati,Processo Enviado,OCB,11/05/2025,19/09/2022 09:50:22,25/04/2025 11:14:11,220.0,103,"98,64",COOPADES,161099.0,"0111302,0119901,0119905,0119906,0133402,0133408,0133410,0133499,0151201,0151202,0153901,0154700,0155501,0155502,0155503,0155504,0155505,0321301,0322101,1011203",AVENIDA,DA ASSOCIACAO,0,,MATA FRESCA,62808000.0,1321.0,"AVENIDA DA ASSOCIACAO, 000, MATA FRESCA Aracati-CE","-4,8301017","-37,4135523"
143,1285023,INSTITUTO DE ARTE E CIDADANIA DO CEARA,"2,02405E+16",22356796.0,"45433,64531",32524122000173,COOPADES - COOPERATIVA DA AGRICULTURA FAMILIAR E DO DESENVOLVIMENTO SOLIDARIO,Nota Fiscal,"Gêneros Alimentícios ( Proteínas, Carboidratos, Hortaliças, Sódios e Lipídios) 
",45434,Efetivada,32524122000173,32524122,1,73,1,COOPADES,161099,"0111302,0119901,0119905,0119906,0133402,0133408,0133410,0133499,0151201,0151202,0153901,0154700,0155501,0155502,0155503,0155504,0155505,0321301,0322101,1011203",AVENIDA,DA ASSOCIACAO,000,,MATA FRESCA,62808000,1321,32524122000173,1321,ARACATI,Aracati,Litoral Leste,ARACATI,COOPADES - COOPERATIVA DA AGRICULTURA FAMILIAR E DESENVOLVIMENTO SOLIDARIO,Finalizado,OCB,11/05/2025,19/09/2022 09:50:22,08/07/2025 17:28:14,232.0,60.0,"98,71",COOPADES - COOPERATIVA DA AGRICULTURA FAMILIAR E DESENVOLVIMENTO SOLIDARIO,Aracati,Processo Enviado,OCB,11/05/2025,19/09/2022 09:50:22,25/04/2025 11:14:11,220.0,103,"98,64",COOPADES,161099.0,"0111302,0119901,0119905,0119906,0133402,0133408,0133410,0133499,0151201,0151202,0153901,0154700,0155501,0155502,0155503,0155504,0155505,0321301,0322101,1011203",AVENIDA,DA ASSOCIACAO,0,,MATA FRESCA,62808000.0,1321.0,"AVENIDA DA ASSOCIACAO, 000, MATA FRESCA Aracati-CE","-4,8301017","-37,4135523"
144,1285023,INSTITUTO DE ARTE E CIDADANIA DO CEARA,"2,02406E+16",29985103.0,"45447,85649",32524122000173,COOPADES - COOPERATIVA DA AGRICULTURA FAMILIAR E DO DESENVOLVIMENTO SOLIDARIO,Nota Fiscal,"Gêneros Alimentícios ( Proteínas, Carboidratos, Hortaliças, Sódios e Lipídios) 
",45448,Efetivada,32524122000173,32524122,1,73,1,COOPADES,161099,"0111302,0119901,0119905,0119906,0133402,0133408,0133410,0133499,0151201,0151202,0153901,0154700,0155501,0155502,0155503,0155504,0155505,0321301,0322101,1011203",AVENIDA,DA ASSOCIACAO,000,,MATA FRESCA,62808000,1321,32524122000173,1321,ARACATI,Aracati,Litoral Leste,ARACATI,COOPADES - COOPERATIVA DA AGRICULTURA FAMILIAR E DESENVOLVIMENTO SOLIDARIO,Finalizado,OCB,11/05/2025,19/09/2022 09:50:22,08/07/2025 17:28:14,232.0,60.0,"98,71",COOPADES - COOPERATIVA DA AGRICULTURA FAMILIAR E DESENVOLVIMENTO SOLIDARIO,Aracati,Processo Enviado,OCB,11/05/2025,19/09/2022 09:50:22,25/04/2025 11:14:11,220.0,103,"98,64",COOPADES,161099.0,"0111302,0119901,0119905,0119906,0133402,0133408,0133410,0133499,0151201,0151202,0153901,0154700,0155501,0155502,0155503,0155504,0155505,0321301,0322101,1011203",AVENIDA,DA ASSOCIACAO,0,,MATA FRESCA,62808000.0,1321.0,"AVENIDA DA ASSOCIACAO, 000, MATA FRESCA Aracati-CE","-4,8301017","-37,4135523"
145,1285023,INSTITUTO DE ARTE E CIDADANIA DO CEARA,"2,02405E+16",23240297.0,"45418,68571",32524122000173,COOPADES - COOPERATIVA DA AGRICULTURA FAMILIAR E DO DESENVOLVIMENTO SOLIDARIO,Nota Fiscal,"Gêneros Alimentícios ( Proteínas, Carboidratos, Hortaliças, Sódios e Lipídios) 
",45419,Efetivada,32524122000173,32524122,1,73,1,COOPADES,161099,"0111302,0119901,0119905,0119906,0133402,0133408,0133410,0133499,0151201,0151202,0153901,0154700,0155501,0155502,0155503,0155504,0155505,0321301,0322101,1011203",AVENIDA,DA ASSOCIACAO,000,,MATA FRESCA,62808000,1321,32524122000173,1321,ARACATI,Aracati,Litoral Leste,ARACATI,COOPADES - COOPERATIVA DA AGRICULTURA FAMILIAR E DESENVOLVIMENTO SOLIDARIO,Finalizado,OCB,11/05/2025,19/09/2022 09:50:22,08/07/2025 17:28:14,232.0,60.0,"98,71",COOPADES - COOPERATIVA DA AGRICULTURA FAMILIAR E DESENVOLVIMENTO SOLIDARIO,Aracati,Processo Enviado,OCB,11/05/2025,19/09/2022 09:50:22,25/04/2025 11:14:11,220.0,103,"98,64",COOPADES,161099.0,"0111302,0119901,0119905,0119906,0133402,0133408,0133410,0133499,0151201,0151202,0153901,0154700,0155501,0155502,0155503,0155504,0155505,0321301,0322101,1011203",AVENIDA,DA ASSOCIACAO,0,,MATA FRESCA,62808000.0,1321.0,"AVENIDA DA ASSOCIACAO, 000, MATA FRESCA Aracati-CE","-4,8301017","-37,4135523"
146,1285023,INSTITUTO DE ARTE E CIDADANIA DO CEARA,"2,02406E+16",12617996.0,"45461,47606",32524122000173,COOPADES - COOPERATIVA DA AGRICULTURA FAMILIAR E DO DESENVOLVIMENTO SOLIDARIO,Nota Fiscal,"Gêneros Alimentícios ( Proteínas, Carboidratos, Hortaliças, Sódios e Lipídios) 
",45462,Efetivada,32524122000173,32524122,1,73,1,COOPADES,161099,"0111302,0119901,0119905,0119906,0133402,0133408,0133410,0133499,0151201,0151202,0153901,0154700,0155501,0155502,0155503,0155504,0155505,0321301,0322101,1011203",AVENIDA,DA ASSOCIACAO,000,,MATA FRESCA,62808000,1321,32524122000173,1321,ARACATI,Aracati,Litoral Leste,ARACATI,COOPADES - COOPERATIVA DA AGRICULTURA FAMILIAR E DESENVOLVIMENTO SOLIDARIO,Finalizado,OCB,11/05/2025,19/09/2022 09:50:22,08/07/2025 17:28:14,232.0,60.0,"98,71",COOPADES - COOPERATIVA DA AGRICULTURA FAMILIAR E DESENVOLVIMENTO SOLIDARIO,Aracati,Processo Enviado,OCB,11/05/2025,19/09/2022 09:50:22,25/04/2025 11:14:11,220.0,103,"98,64",COOPADES,161099.0,"0111302,0119901,0119905,0119906,0133402,0133408,0133410,0133499,0151201,0151202,0153901,0154700,0155501,0155502,0155503,0155504,0155505,0321301,0322101,1011203",AVENIDA,DA ASSOCIACAO,0,,MATA FRESCA,62808000.0,1321.0,"AVENIDA DA ASSOCIACAO, 000, MATA FRESCA Aracati-CE","-4,8301017","-37,4135523"
147,1285023,INSTITUTO DE ARTE E CIDADANIA DO CEARA,"2,02407E+16",25931136.0,"45477,71196",32524122000173,COOPADES - COOPERATIVA DA AGRICULTURA FAMILIAR E DO DESENVOLVIMENTO SOLIDARIO,Folha de Pagamento,"Gêneros Alimentícios ( Proteínas, Carboidratos, Hortaliças, Sódios e Lipídios) 
",45478,Efetivada,32524122000173,32524122,1,73,1,COOPADES,161099,"0111302,0119901,0119905,0119906,0133402,0133408,0133410,0133499,0151201,0151202,0153901,0154700,0155501,0155502,0155503,0155504,0155505,0321301,0322101,1011203",AVENIDA,DA ASSOCIACAO,000,,MATA FRESCA,62808000,1321,32524122000173,1321,ARACATI,Aracati,Litoral Leste,ARACATI,COOPADES - COOPERATIVA DA AGRICULTURA FAMILIAR E DESENVOLVIMENTO SOLIDARIO,Finalizado,OCB,11/05/2025,19/09/2022 09:50:22,08/07/2025 17:28:14,232.0,60.0,"98,71",COOPADES - COOPERATIVA DA AGRICULTURA FAMILIAR E DESENVOLVIMENTO SOLIDARIO,Aracati,Processo Enviado,OCB,11/05/2025,19/09/2022 09:50:22,25/04/2025 11:14:11,220.0,103,"98,64",COOPADES,161099.0,"0111302,0119901,0119905,0119906,0133402,0133408,0133410,0133499,0151201,0151202,0153901,0154700,0155501,0155502,0155503,0155504,0155505,0321301,0322101,1011203",AVENIDA,DA ASSOCIACAO,0,,MATA FRESCA,62808000.0,1321.0,"AVENIDA DA ASSOCIACAO, 000, MATA FRESCA Aracati-CE","-4,8301017","-37,4135523"
148,1285023,INSTITUTO DE ARTE E CIDADANIA DO CEARA,"2,02407E+16",18391296.0,"45497,67865",32524122000173,COOPADES - COOPERATIVA DA AGRICULTURA FAMILIAR E DO DESENVOLVIMENTO SOLIDARIO,Nota Fiscal,"Gêneros Alimentícios ( Proteínas, Carboidratos, Hortaliças, Sódios e Lipídios) 
",45498,Efetivada,32524122000173,32524122,1,73,1,COOPADES,161099,"0111302,0119901,0119905,0119906,0133402,0133408,0133410,0133499,0151201,0151202,0153901,0154700,0155501,0155502,0155503,0155504,0155505,0321301,0322101,1011203",AVENIDA,DA ASSOCIACAO,000,,MATA FRESCA,62808000,1321,32524122000173,1321,ARACATI,Aracati,Litoral Leste,ARACATI,COOPADES - COOPERATIVA DA AGRICULTURA FAMILIAR E DESENVOLVIMENTO SOLIDARIO,Finalizado,OCB,11/05/2025,19/09/2022 09:50:22,08/07/2025 17:28:14,232.0,60.0,"98,71",COOPADES - COOPERATIVA DA AGRICULTURA FAMILIAR E DESENVOLVIMENTO SOLIDARIO,Aracati,Processo Enviado,OCB,11/05/2025,19/09/2022 09:50:22,25/04/2025 11:14:11,220.0,103,"98,64",COOPADES,161099.0,"0111302,0119901,0119905,0119906,0133402,0133408,0133410,0133499,0151201,0151202,0153901,0154700,0155501,0155502,0155503,0155504,0155505,0321301,0322101,1011203",AVENIDA,DA ASSOCIACAO,0,,MATA FRESCA,62808000.0,1321.0,"AVENIDA DA ASSOCIACAO, 000, MATA FRESCA Aracati-CE","-4,8301017","-37,4135523"
149,1285023,INSTITUTO DE ARTE E CIDADANIA DO CEARA,"2,02407E+16",12927376.0,"45498,66523",32524122000173,COOPADES - COOPERATIVA DA AGRICULTURA FAMILIAR E DO DESENVOLVIMENTO SOLIDARIO,Nota Fiscal,"Gêneros Alimentícios ( Proteínas, Carboidratos, Hortaliças, Sódios e Lipídios) 
",45499,Efetivada,32524122000173,32524122,1,73,1,COOPADES,161099,"0111302,0119901,0119905,0119906,0133402,0133408,0133410,0133499,0151201,0151202,0153901,0154700,0155501,0155502,0155503,0155504,0155505,0321301,0322101,1011203",AVENIDA,DA ASSOCIACAO,000,,MATA FRESCA,62808000,1321,32524122000173,1321,ARACATI,Aracati,Litoral Leste,ARACATI,COOPADES - COOPERATIVA DA AGRICULTURA FAMILIAR E DESENVOLVIMENTO SOLIDARIO,Finalizado,OCB,11/05/2025,19/09/2022 09:50:22,08/07/2025 17:28:14,232.0,60.0,"98,71",COOPADES - COOPERATIVA DA AGRICULTURA FAMILIAR E DESENVOLVIMENTO SOLIDARIO,Aracati,Processo Enviado,OCB,11/05/2025,19/09/2022 09:50:22,25/04/2025 11:14:11,220.0,103,"98,64",COOPADES,161099.0,"0111302,0119901,0119905,0119906,0133402,0133408,0133410,0133499,0151201,0151202,0153901,0154700,0155501,0155502,0155503,0155504,0155505,0321301,0322101,1011203",AVENIDA,DA ASSOCIACAO,0,,MATA FRESCA,62808000.0,1321.0,"AVENIDA DA ASSOCIACAO, 000, MATA FRESCA Aracati-CE","-4,8301017","-37,4135523"
150,1285023,INSTITUTO DE ARTE E CIDADANIA DO CEARA,"2,02408E+16",24594556.0,"45510,71804",32524122000173,COOPADES - COOPERATIVA DA AGRICULTURA FAMILIAR E DO DESENVOLVIMENTO SOLIDARIO,Nota Fiscal,"Gêneros Alimentícios ( Proteínas, Carboidratos, Hortaliças, Sódios e Lipídios) 
",45511,Efetivada,32524122000173,32524122,1,73,1,COOPADES,161099,"0111302,0119901,0119905,0119906,0133402,0133408,0133410,0133499,0151201,0151202,0153901,0154700,0155501,0155502,0155503,0155504,0155505,0321301,0322101,1011203",AVENIDA,DA ASSOCIACAO,000,,MATA FRESCA,62808000,1321,32524122000173,1321,ARACATI,Aracati,Litoral Leste,ARACATI,COOPADES - COOPERATIVA DA AGRICULTURA FAMILIAR E DESENVOLVIMENTO SOLIDARIO,Finalizado,OCB,11/05/2025,19/09/2022 09:50:22,08/07/2025 17:28:14,232.0,60.0,"98,71",COOPADES - COOPERATIVA DA AGRICULTURA FAMILIAR E DESENVOLVIMENTO SOLIDARIO,Aracati,Processo Enviado,OCB,11/05/2025,19/09/2022 09:50:22,25/04/2025 11:14:11,220.0,103,"98,64",COOPADES,161099.0,"0111302,0119901,0119905,0119906,0133402,0133408,0133410,0133499,0151201,0151202,0153901,0154700,0155501,0155502,0155503,0155504,0155505,0321301,0322101,1011203",AVENIDA,DA ASSOCIACAO,0,,MATA FRESCA,62808000.0,1321.0,"AVENIDA DA ASSOCIACAO, 000, MATA FRESCA Aracati-CE","-4,8301017","-37,4135523"
151,1285023,INSTITUTO DE ARTE E CIDADANIA DO CEARA,"2,02408E+16",19727876.0,"45525,71263",32524122000173,COOPADES - COOPERATIVA DA AGRICULTURA FAMILIAR E DO DESENVOLVIMENTO SOLIDARIO,Folha de Pagamento,"Gêneros Alimentícios ( Proteínas, Carboidratos, Hortaliças, Sódios e Lipídios) 
",45526,Efetivada,32524122000173,32524122,1,73,1,COOPADES,161099,"0111302,0119901,0119905,0119906,0133402,0133408,0133410,0133499,0151201,0151202,0153901,0154700,0155501,0155502,0155503,0155504,0155505,0321301,0322101,1011203",AVENIDA,DA ASSOCIACAO,000,,MATA FRESCA,62808000,1321,32524122000173,1321,ARACATI,Aracati,Litoral Leste,ARACATI,COOPADES - COOPERATIVA DA AGRICULTURA FAMILIAR E DESENVOLVIMENTO SOLIDARIO,Finalizado,OCB,11/05/2025,19/09/2022 09:50:22,08/07/2025 17:28:14,232.0,60.0,"98,71",COOPADES - COOPERATIVA DA AGRICULTURA FAMILIAR E DESENVOLVIMENTO SOLIDARIO,Aracati,Processo Enviado,OCB,11/05/2025,19/09/2022 09:50:22,25/04/2025 11:14:11,220.0,103,"98,64",COOPADES,161099.0,"0111302,0119901,0119905,0119906,0133402,0133408,0133410,0133499,0151201,0151202,0153901,0154700,0155501,0155502,0155503,0155504,0155505,0321301,0322101,1011203",AVENIDA,DA ASSOCIACAO,0,,MATA FRESCA,62808000.0,1321.0,"AVENIDA DA ASSOCIACAO, 000, MATA FRESCA Aracati-CE","-4,8301017","-37,4135523"
152,1285023,INSTITUTO DE ARTE E CIDADANIA DO CEARA,"2,02408E+16",1473364.0,"45532,85774",32524122000173,COOPADES - COOPERATIVA DA AGRICULTURA FAMILIAR E DO DESENVOLVIMENTO SOLIDARIO,Nota Fiscal,"Gêneros Alimentícios ( Proteínas, Carboidratos, Hortaliças, Sódios e Lipídios) 
",45533,Efetivada,32524122000173,32524122,1,73,1,COOPADES,161099,"0111302,0119901,0119905,0119906,0133402,0133408,0133410,0133499,0151201,0151202,0153901,0154700,0155501,0155502,0155503,0155504,0155505,0321301,0322101,1011203",AVENIDA,DA ASSOCIACAO,000,,MATA FRESCA,62808000,1321,32524122000173,1321,ARACATI,Aracati,Litoral Leste,ARACATI,COOPADES - COOPERATIVA DA AGRICULTURA FAMILIAR E DESENVOLVIMENTO SOLIDARIO,Finalizado,OCB,11/05/2025,19/09/2022 09:50:22,08/07/2025 17:28:14,232.0,60.0,"98,71",COOPADES - COOPERATIVA DA AGRICULTURA FAMILIAR E DESENVOLVIMENTO SOLIDARIO,Aracati,Processo Enviado,OCB,11/05/2025,19/09/2022 09:50:22,25/04/2025 11:14:11,220.0,103,"98,64",COOPADES,161099.0,"0111302,0119901,0119905,0119906,0133402,0133408,0133410,0133499,0151201,0151202,0153901,0154700,0155501,0155502,0155503,0155504,0155505,0321301,0322101,1011203",AVENIDA,DA ASSOCIACAO,0,,MATA FRESCA,62808000.0,1321.0,"AVENIDA DA ASSOCIACAO, 000, MATA FRESCA Aracati-CE","-4,8301017","-37,4135523"
153,1285023,INSTITUTO DE ARTE E CIDADANIA DO CEARA,"2,02409E+16",2484400.0,"45541,70431",32524122000173,COOPADES - COOPERATIVA DA AGRICULTURA FAMILIAR E DO DESENVOLVIMENTO SOLIDARIO,Nota Fiscal,"Gêneros Alimentícios ( Proteínas, Carboidratos, Hortaliças, Sódios e Lipídios) 
",45544,Efetivada,32524122000173,32524122,1,73,1,COOPADES,161099,"0111302,0119901,0119905,0119906,0133402,0133408,0133410,0133499,0151201,0151202,0153901,0154700,0155501,0155502,0155503,0155504,0155505,0321301,0322101,1011203",AVENIDA,DA ASSOCIACAO,000,,MATA FRESCA,62808000,1321,32524122000173,1321,ARACATI,Aracati,Litoral Leste,ARACATI,COOPADES - COOPERATIVA DA AGRICULTURA FAMILIAR E DESENVOLVIMENTO SOLIDARIO,Finalizado,OCB,11/05/2025,19/09/2022 09:50:22,08/07/2025 17:28:14,232.0,60.0,"98,71",COOPADES - COOPERATIVA DA AGRICULTURA FAMILIAR E DESENVOLVIMENTO SOLIDARIO,Aracati,Processo Enviado,OCB,11/05/2025,19/09/2022 09:50:22,25/04/2025 11:14:11,220.0,103,"98,64",COOPADES,161099.0,"0111302,0119901,0119905,0119906,0133402,0133408,0133410,0133499,0151201,0151202,0153901,0154700,0155501,0155502,0155503,0155504,0155505,0321301,0322101,1011203",AVENIDA,DA ASSOCIACAO,0,,MATA FRESCA,62808000.0,1321.0,"AVENIDA DA ASSOCIACAO, 000, MATA FRESCA Aracati-CE","-4,8301017","-37,4135523"
154,1285023,INSTITUTO DE ARTE E CIDADANIA DO CEARA,"2,02409E+16",19478432.0,"45553,71429",32524122000173,COOPADES - COOPERATIVA DA AGRICULTURA FAMILIAR E DO DESENVOLVIMENTO SOLIDARIO,Nota Fiscal,"Gêneros Alimentícios ( Proteínas, Carboidratos, Hortaliças, Sódios e Lipídios) 
",45554,Efetivada,32524122000173,32524122,1,73,1,COOPADES,161099,"0111302,0119901,0119905,0119906,0133402,0133408,0133410,0133499,0151201,0151202,0153901,0154700,0155501,0155502,0155503,0155504,0155505,0321301,0322101,1011203",AVENIDA,DA ASSOCIACAO,000,,MATA FRESCA,62808000,1321,32524122000173,1321,ARACATI,Aracati,Litoral Leste,ARACATI,COOPADES - COOPERATIVA DA AGRICULTURA FAMILIAR E DESENVOLVIMENTO SOLIDARIO,Finalizado,OCB,11/05/2025,19/09/2022 09:50:22,08/07/2025 17:28:14,232.0,60.0,"98,71",COOPADES - COOPERATIVA DA AGRICULTURA FAMILIAR E DESENVOLVIMENTO SOLIDARIO,Aracati,Processo Enviado,OCB,11/05/2025,19/09/2022 09:50:22,25/04/2025 11:14:11,220.0,103,"98,64",COOPADES,161099.0,"0111302,0119901,0119905,0119906,0133402,0133408,0133410,0133499,0151201,0151202,0153901,0154700,0155501,0155502,0155503,0155504,0155505,0321301,0322101,1011203",AVENIDA,DA ASSOCIACAO,0,,MATA FRESCA,62808000.0,1321.0,"AVENIDA DA ASSOCIACAO, 000, MATA FRESCA Aracati-CE","-4,8301017","-37,4135523"
155,1285023,INSTITUTO DE ARTE E CIDADANIA DO CEARA,"2,02409E+16",11121112.0,"45560,68848",32524122000173,COOPADES - COOPERATIVA DA AGRICULTURA FAMILIAR E DO DESENVOLVIMENTO SOLIDARIO,Folha de Pagamento,"Gêneros Alimentícios ( Proteínas, Carboidratos, Hortaliças, Sódios e Lipídios) 
",45561,Efetivada,32524122000173,32524122,1,73,1,COOPADES,161099,"0111302,0119901,0119905,0119906,0133402,0133408,0133410,0133499,0151201,0151202,0153901,0154700,0155501,0155502,0155503,0155504,0155505,0321301,0322101,1011203",AVENIDA,DA ASSOCIACAO,000,,MATA FRESCA,62808000,1321,32524122000173,1321,ARACATI,Aracati,Litoral Leste,ARACATI,COOPADES - COOPERATIVA DA AGRICULTURA FAMILIAR E DESENVOLVIMENTO SOLIDARIO,Finalizado,OCB,11/05/2025,19/09/2022 09:50:22,08/07/2025 17:28:14,232.0,60.0,"98,71",COOPADES - COOPERATIVA DA AGRICULTURA FAMILIAR E DESENVOLVIMENTO SOLIDARIO,Aracati,Processo Enviado,OCB,11/05/2025,19/09/2022 09:50:22,25/04/2025 11:14:11,220.0,103,"98,64",COOPADES,161099.0,"0111302,0119901,0119905,0119906,0133402,0133408,0133410,0133499,0151201,0151202,0153901,0154700,0155501,0155502,0155503,0155504,0155505,0321301,0322101,1011203",AVENIDA,DA ASSOCIACAO,0,,MATA FRESCA,62808000.0,1321.0,"AVENIDA DA ASSOCIACAO, 000, MATA FRESCA Aracati-CE","-4,8301017","-37,4135523"
156,1285023,INSTITUTO DE ARTE E CIDADANIA DO CEARA,"2,0241E+16",2659320.0,"45586,63582",32524122000173,COOPADES - COOPERATIVA DA AGRICULTURA FAMILIAR E DO DESENVOLVIMENTO SOLIDARIO,Nota Fiscal,"Gêneros Alimentícios ( Proteínas, Carboidratos, Hortaliças, Sódios e Lipídios) 
",45587,Efetivada,32524122000173,32524122,1,73,1,COOPADES,161099,"0111302,0119901,0119905,0119906,0133402,0133408,0133410,0133499,0151201,0151202,0153901,0154700,0155501,0155502,0155503,0155504,0155505,0321301,0322101,1011203",AVENIDA,DA ASSOCIACAO,000,,MATA FRESCA,62808000,1321,32524122000173,1321,ARACATI,Aracati,Litoral Leste,ARACATI,COOPADES - COOPERATIVA DA AGRICULTURA FAMILIAR E DESENVOLVIMENTO SOLIDARIO,Finalizado,OCB,11/05/2025,19/09/2022 09:50:22,08/07/2025 17:28:14,232.0,60.0,"98,71",COOPADES - COOPERATIVA DA AGRICULTURA FAMILIAR E DESENVOLVIMENTO SOLIDARIO,Aracati,Processo Enviado,OCB,11/05/2025,19/09/2022 09:50:22,25/04/2025 11:14:11,220.0,103,"98,64",COOPADES,161099.0,"0111302,0119901,0119905,0119906,0133402,0133408,0133410,0133499,0151201,0151202,0153901,0154700,0155501,0155502,0155503,0155504,0155505,0321301,0322101,1011203",AVENIDA,DA ASSOCIACAO,0,,MATA FRESCA,62808000.0,1321.0,"AVENIDA DA ASSOCIACAO, 000, MATA FRESCA Aracati-CE","-4,8301017","-37,4135523"
157,1285023,INSTITUTO DE ARTE E CIDADANIA DO CEARA,"2,0241E+16",20640068.0,"45594,6314",32524122000173,COOPADES - COOPERATIVA DA AGRICULTURA FAMILIAR E DO DESENVOLVIMENTO SOLIDARIO,Nota Fiscal,"Gêneros Alimentícios ( Proteínas, Carboidratos, Hortaliças, Sódios e Lipídios) 
",45595,Efetivada,32524122000173,32524122,1,73,1,COOPADES,161099,"0111302,0119901,0119905,0119906,0133402,0133408,0133410,0133499,0151201,0151202,0153901,0154700,0155501,0155502,0155503,0155504,0155505,0321301,0322101,1011203",AVENIDA,DA ASSOCIACAO,000,,MATA FRESCA,62808000,1321,32524122000173,1321,ARACATI,Aracati,Litoral Leste,ARACATI,COOPADES - COOPERATIVA DA AGRICULTURA FAMILIAR E DESENVOLVIMENTO SOLIDARIO,Finalizado,OCB,11/05/2025,19/09/2022 09:50:22,08/07/2025 17:28:14,232.0,60.0,"98,71",COOPADES - COOPERATIVA DA AGRICULTURA FAMILIAR E DESENVOLVIMENTO SOLIDARIO,Aracati,Processo Enviado,OCB,11/05/2025,19/09/2022 09:50:22,25/04/2025 11:14:11,220.0,103,"98,64",COOPADES,161099.0,"0111302,0119901,0119905,0119906,0133402,0133408,0133410,0133499,0151201,0151202,0153901,0154700,0155501,0155502,0155503,0155504,0155505,0321301,0322101,1011203",AVENIDA,DA ASSOCIACAO,0,,MATA FRESCA,62808000.0,1321.0,"AVENIDA DA ASSOCIACAO, 000, MATA FRESCA Aracati-CE","-4,8301017","-37,4135523"
158,1285023,INSTITUTO DE ARTE E CIDADANIA DO CEARA,"2,02411E+16",2683820.0,"45610,484",32524122000173,COOPADES - COOPERATIVA DA AGRICULTURA FAMILIAR E DO DESENVOLVIMENTO SOLIDARIO,Nota Fiscal,"Gêneros Alimentícios ( Proteínas, Carboidratos, Hortaliças, Sódios e Lipídios) 
",45614,Efetivada,32524122000173,32524122,1,73,1,COOPADES,161099,"0111302,0119901,0119905,0119906,0133402,0133408,0133410,0133499,0151201,0151202,0153901,0154700,0155501,0155502,0155503,0155504,0155505,0321301,0322101,1011203",AVENIDA,DA ASSOCIACAO,000,,MATA FRESCA,62808000,1321,32524122000173,1321,ARACATI,Aracati,Litoral Leste,ARACATI,COOPADES - COOPERATIVA DA AGRICULTURA FAMILIAR E DESENVOLVIMENTO SOLIDARIO,Finalizado,OCB,11/05/2025,19/09/2022 09:50:22,08/07/2025 17:28:14,232.0,60.0,"98,71",COOPADES - COOPERATIVA DA AGRICULTURA FAMILIAR E DESENVOLVIMENTO SOLIDARIO,Aracati,Processo Enviado,OCB,11/05/2025,19/09/2022 09:50:22,25/04/2025 11:14:11,220.0,103,"98,64",COOPADES,161099.0,"0111302,0119901,0119905,0119906,0133402,0133408,0133410,0133499,0151201,0151202,0153901,0154700,0155501,0155502,0155503,0155504,0155505,0321301,0322101,1011203",AVENIDA,DA ASSOCIACAO,0,,MATA FRESCA,62808000.0,1321.0,"AVENIDA DA ASSOCIACAO, 000, MATA FRESCA Aracati-CE","-4,8301017","-37,4135523"
159,1285023,INSTITUTO DE ARTE E CIDADANIA DO CEARA,"2,02411E+16",20285068.0,"45621,70622",32524122000173,COOPADES - COOPERATIVA DA AGRICULTURA FAMILIAR E DO DESENVOLVIMENTO SOLIDARIO,Nota Fiscal,"Gêneros Alimentícios ( Proteínas, Carboidratos, Hortaliças, Sódios e Lipídios) 
",45622,Efetivada,32524122000173,32524122,1,73,1,COOPADES,161099,"0111302,0119901,0119905,0119906,0133402,0133408,0133410,0133499,0151201,0151202,0153901,0154700,0155501,0155502,0155503,0155504,0155505,0321301,0322101,1011203",AVENIDA,DA ASSOCIACAO,000,,MATA FRESCA,62808000,1321,32524122000173,1321,ARACATI,Aracati,Litoral Leste,ARACATI,COOPADES - COOPERATIVA DA AGRICULTURA FAMILIAR E DESENVOLVIMENTO SOLIDARIO,Finalizado,OCB,11/05/2025,19/09/2022 09:50:22,08/07/2025 17:28:14,232.0,60.0,"98,71",COOPADES - COOPERATIVA DA AGRICULTURA FAMILIAR E DESENVOLVIMENTO SOLIDARIO,Aracati,Processo Enviado,OCB,11/05/2025,19/09/2022 09:50:22,25/04/2025 11:14:11,220.0,103,"98,64",COOPADES,161099.0,"0111302,0119901,0119905,0119906,0133402,0133408,0133410,0133499,0151201,0151202,0153901,0154700,0155501,0155502,0155503,0155504,0155505,0321301,0322101,1011203",AVENIDA,DA ASSOCIACAO,0,,MATA FRESCA,62808000.0,1321.0,"AVENIDA DA ASSOCIACAO, 000, MATA FRESCA Aracati-CE","-4,8301017","-37,4135523"
160,1285023,INSTITUTO DE ARTE E CIDADANIA DO CEARA,"2,02412E+16",2659320.0,"45636,7067",32524122000173,COOPADES - COOPERATIVA DA AGRICULTURA FAMILIAR E DO DESENVOLVIMENTO SOLIDARIO,Nota Fiscal,"Gêneros Alimentícios ( Proteínas, Carboidratos, Hortaliças, Sódios e Lipídios) 
",45637,Efetivada,32524122000173,32524122,1,73,1,COOPADES,161099,"0111302,0119901,0119905,0119906,0133402,0133408,0133410,0133499,0151201,0151202,0153901,0154700,0155501,0155502,0155503,0155504,0155505,0321301,0322101,1011203",AVENIDA,DA ASSOCIACAO,000,,MATA FRESCA,62808000,1321,32524122000173,1321,ARACATI,Aracati,Litoral Leste,ARACATI,COOPADES - COOPERATIVA DA AGRICULTURA FAMILIAR E DESENVOLVIMENTO SOLIDARIO,Finalizado,OCB,11/05/2025,19/09/2022 09:50:22,08/07/2025 17:28:14,232.0,60.0,"98,71",COOPADES - COOPERATIVA DA AGRICULTURA FAMILIAR E DESENVOLVIMENTO SOLIDARIO,Aracati,Processo Enviado,OCB,11/05/2025,19/09/2022 09:50:22,25/04/2025 11:14:11,220.0,103,"98,64",COOPADES,161099.0,"0111302,0119901,0119905,0119906,0133402,0133408,0133410,0133499,0151201,0151202,0153901,0154700,0155501,0155502,0155503,0155504,0155505,0321301,0322101,1011203",AVENIDA,DA ASSOCIACAO,0,,MATA FRESCA,62808000.0,1321.0,"AVENIDA DA ASSOCIACAO, 000, MATA FRESCA Aracati-CE","-4,8301017","-37,4135523"
161,1285023,INSTITUTO DE ARTE E CIDADANIA DO CEARA,"2,02412E+16",26585988.0,"45646,67847",32524122000173,COOPADES - COOPERATIVA DA AGRICULTURA FAMILIAR E DO DESENVOLVIMENTO SOLIDARIO,Nota Fiscal,"Gêneros Alimentícios ( Proteínas, Carboidratos, Hortaliças, Sódios e Lipídios) 
",45649,Efetivada,32524122000173,32524122,1,73,1,COOPADES,161099,"0111302,0119901,0119905,0119906,0133402,0133408,0133410,0133499,0151201,0151202,0153901,0154700,0155501,0155502,0155503,0155504,0155505,0321301,0322101,1011203",AVENIDA,DA ASSOCIACAO,000,,MATA FRESCA,62808000,1321,32524122000173,1321,ARACATI,Aracati,Litoral Leste,ARACATI,COOPADES - COOPERATIVA DA AGRICULTURA FAMILIAR E DESENVOLVIMENTO SOLIDARIO,Finalizado,OCB,11/05/2025,19/09/2022 09:50:22,08/07/2025 17:28:14,232.0,60.0,"98,71",COOPADES - COOPERATIVA DA AGRICULTURA FAMILIAR E DESENVOLVIMENTO SOLIDARIO,Aracati,Processo Enviado,OCB,11/05/2025,19/09/2022 09:50:22,25/04/2025 11:14:11,220.0,103,"98,64",COOPADES,161099.0,"0111302,0119901,0119905,0119906,0133402,0133408,0133410,0133499,0151201,0151202,0153901,0154700,0155501,0155502,0155503,0155504,0155505,0321301,0322101,1011203",AVENIDA,DA ASSOCIACAO,0,,MATA FRESCA,62808000.0,1321.0,"AVENIDA DA ASSOCIACAO, 000, MATA FRESCA Aracati-CE","-4,8301017","-37,4135523"
162,1285023,INSTITUTO DE ARTE E CIDADANIA DO CEARA,"2,02412E+16",3373935.0,"45652,74294",32524122000173,COOPADES - COOPERATIVA DA AGRICULTURA FAMILIAR E DO DESENVOLVIMENTO SOLIDARIO,Nota Fiscal,"Gêneros Alimentícios ( Proteínas, Carboidratos, Hortaliças, Sódios e Lipídios) 
",45653,Efetivada,32524122000173,32524122,1,73,1,COOPADES,161099,"0111302,0119901,0119905,0119906,0133402,0133408,0133410,0133499,0151201,0151202,0153901,0154700,0155501,0155502,0155503,0155504,0155505,0321301,0322101,1011203",AVENIDA,DA ASSOCIACAO,000,,MATA FRESCA,62808000,1321,32524122000173,1321,ARACATI,Aracati,Litoral Leste,ARACATI,COOPADES - COOPERATIVA DA AGRICULTURA FAMILIAR E DESENVOLVIMENTO SOLIDARIO,Finalizado,OCB,11/05/2025,19/09/2022 09:50:22,08/07/2025 17:28:14,232.0,60.0,"98,71",COOPADES - COOPERATIVA DA AGRICULTURA FAMILIAR E DESENVOLVIMENTO SOLIDARIO,Aracati,Processo Enviado,OCB,11/05/2025,19/09/2022 09:50:22,25/04/2025 11:14:11,220.0,103,"98,64",COOPADES,161099.0,"0111302,0119901,0119905,0119906,0133402,0133408,0133410,0133499,0151201,0151202,0153901,0154700,0155501,0155502,0155503,0155504,0155505,0321301,0322101,1011203",AVENIDA,DA ASSOCIACAO,0,,MATA FRESCA,62808000.0,1321.0,"AVENIDA DA ASSOCIACAO, 000, MATA FRESCA Aracati-CE","-4,8301017","-37,4135523"
163,1285023,INSTITUTO DE ARTE E CIDADANIA DO CEARA,"2,02501E+16",32148488.0,"45672,737",32524122000173,COOPADES - COOPERATIVA DA AGRICULTURA FAMILIAR E DO DESENVOLVIMENTO SOLIDARIO,Nota Fiscal,"Gêneros Alimentícios ( Proteínas, Carboidratos, Hortaliças, Sódios e Lipídios) 
",45673,Efetivada,32524122000173,32524122,1,73,1,COOPADES,161099,"0111302,0119901,0119905,0119906,0133402,0133408,0133410,0133499,0151201,0151202,0153901,0154700,0155501,0155502,0155503,0155504,0155505,0321301,0322101,1011203",AVENIDA,DA ASSOCIACAO,000,,MATA FRESCA,62808000,1321,32524122000173,1321,ARACATI,Aracati,Litoral Leste,ARACATI,COOPADES - COOPERATIVA DA AGRICULTURA FAMILIAR E DESENVOLVIMENTO SOLIDARIO,Finalizado,OCB,11/05/2025,19/09/2022 09:50:22,08/07/2025 17:28:14,232.0,60.0,"98,71",COOPADES - COOPERATIVA DA AGRICULTURA FAMILIAR E DESENVOLVIMENTO SOLIDARIO,Aracati,Processo Enviado,OCB,11/05/2025,19/09/2022 09:50:22,25/04/2025 11:14:11,220.0,103,"98,64",COOPADES,161099.0,"0111302,0119901,0119905,0119906,0133402,0133408,0133410,0133499,0151201,0151202,0153901,0154700,0155501,0155502,0155503,0155504,0155505,0321301,0322101,1011203",AVENIDA,DA ASSOCIACAO,0,,MATA FRESCA,62808000.0,1321.0,"AVENIDA DA ASSOCIACAO, 000, MATA FRESCA Aracati-CE","-4,8301017","-37,4135523"
164,1285023,INSTITUTO DE ARTE E CIDADANIA DO CEARA,"2,02501E+16",31972715.0,"45686,70403",32524122000173,COOPADES - COOPERATIVA DA AGRICULTURA FAMILIAR E DO DESENVOLVIMENTO SOLIDARIO,Nota Fiscal,"Gêneros Alimentícios ( Proteínas, Carboidratos, Hortaliças, Sódios e Lipídios) 
",45687,Efetivada,32524122000173,32524122,1,73,1,COOPADES,161099,"0111302,0119901,0119905,0119906,0133402,0133408,0133410,0133499,0151201,0151202,0153901,0154700,0155501,0155502,0155503,0155504,0155505,0321301,0322101,1011203",AVENIDA,DA ASSOCIACAO,000,,MATA FRESCA,62808000,1321,32524122000173,1321,ARACATI,Aracati,Litoral Leste,ARACATI,COOPADES - COOPERATIVA DA AGRICULTURA FAMILIAR E DESENVOLVIMENTO SOLIDARIO,Finalizado,OCB,11/05/2025,19/09/2022 09:50:22,08/07/2025 17:28:14,232.0,60.0,"98,71",COOPADES - COOPERATIVA DA AGRICULTURA FAMILIAR E DESENVOLVIMENTO SOLIDARIO,Aracati,Processo Enviado,OCB,11/05/2025,19/09/2022 09:50:22,25/04/2025 11:14:11,220.0,103,"98,64",COOPADES,161099.0,"0111302,0119901,0119905,0119906,0133402,0133408,0133410,0133499,0151201,0151202,0153901,0154700,0155501,0155502,0155503,0155504,0155505,0321301,0322101,1011203",AVENIDA,DA ASSOCIACAO,0,,MATA FRESCA,62808000.0,1321.0,"AVENIDA DA ASSOCIACAO, 000, MATA FRESCA Aracati-CE","-4,8301017","-37,4135523"
165,1285023,INSTITUTO DE ARTE E CIDADANIA DO CEARA,"2,02502E+16",26169648.0,"45695,69859",32524122000173,COOPADES - COOPERATIVA DA AGRICULTURA FAMILIAR E DO DESENVOLVIMENTO SOLIDARIO,Nota Fiscal,"Gêneros Alimentícios ( Proteínas, Carboidratos, Hortaliças, Sódios e Lipídios) 
",45698,Efetivada,32524122000173,32524122,1,73,1,COOPADES,161099,"0111302,0119901,0119905,0119906,0133402,0133408,0133410,0133499,0151201,0151202,0153901,0154700,0155501,0155502,0155503,0155504,0155505,0321301,0322101,1011203",AVENIDA,DA ASSOCIACAO,000,,MATA FRESCA,62808000,1321,32524122000173,1321,ARACATI,Aracati,Litoral Leste,ARACATI,COOPADES - COOPERATIVA DA AGRICULTURA FAMILIAR E DESENVOLVIMENTO SOLIDARIO,Finalizado,OCB,11/05/2025,19/09/2022 09:50:22,08/07/2025 17:28:14,232.0,60.0,"98,71",COOPADES - COOPERATIVA DA AGRICULTURA FAMILIAR E DESENVOLVIMENTO SOLIDARIO,Aracati,Processo Enviado,OCB,11/05/2025,19/09/2022 09:50:22,25/04/2025 11:14:11,220.0,103,"98,64",COOPADES,161099.0,"0111302,0119901,0119905,0119906,0133402,0133408,0133410,0133499,0151201,0151202,0153901,0154700,0155501,0155502,0155503,0155504,0155505,0321301,0322101,1011203",AVENIDA,DA ASSOCIACAO,0,,MATA FRESCA,62808000.0,1321.0,"AVENIDA DA ASSOCIACAO, 000, MATA FRESCA Aracati-CE","-4,8301017","-37,4135523"
166,1285023,INSTITUTO DE ARTE E CIDADANIA DO CEARA,"2,02502E+16",38846248.0,"45715,74598",32524122000173,COOPADES - COOPERATIVA DA AGRICULTURA FAMILIAR E DO DESENVOLVIMENTO SOLIDARIO,Folha de Pagamento,"Gêneros Alimentícios ( Proteínas, Carboidratos, Hortaliças, Sódios e Lipídios) 
",45716,Efetivada,32524122000173,32524122,1,73,1,COOPADES,161099,"0111302,0119901,0119905,0119906,0133402,0133408,0133410,0133499,0151201,0151202,0153901,0154700,0155501,0155502,0155503,0155504,0155505,0321301,0322101,1011203",AVENIDA,DA ASSOCIACAO,000,,MATA FRESCA,62808000,1321,32524122000173,1321,ARACATI,Aracati,Litoral Leste,ARACATI,COOPADES - COOPERATIVA DA AGRICULTURA FAMILIAR E DESENVOLVIMENTO SOLIDARIO,Finalizado,OCB,11/05/2025,19/09/2022 09:50:22,08/07/2025 17:28:14,232.0,60.0,"98,71",COOPADES - COOPERATIVA DA AGRICULTURA FAMILIAR E DESENVOLVIMENTO SOLIDARIO,Aracati,Processo Enviado,OCB,11/05/2025,19/09/2022 09:50:22,25/04/2025 11:14:11,220.0,103,"98,64",COOPADES,161099.0,"0111302,0119901,0119905,0119906,0133402,0133408,0133410,0133499,0151201,0151202,0153901,0154700,0155501,0155502,0155503,0155504,0155505,0321301,0322101,1011203",AVENIDA,DA ASSOCIACAO,0,,MATA FRESCA,62808000.0,1321.0,"AVENIDA DA ASSOCIACAO, 000, MATA FRESCA Aracati-CE","-4,8301017","-37,4135523"
167,1285023,INSTITUTO DE ARTE E CIDADANIA DO CEARA,"2,02503E+16",32599848.0,"45728,67389",32524122000173,COOPADES - COOPERATIVA DA AGRICULTURA FAMILIAR E DO DESENVOLVIMENTO SOLIDARIO,Nota Fiscal,"Gêneros Alimentícios ( Proteínas, Carboidratos, Hortaliças, Sódios e Lipídios) 
",45729,Efetivada,32524122000173,32524122,1,73,1,COOPADES,161099,"0111302,0119901,0119905,0119906,0133402,0133408,0133410,0133499,0151201,0151202,0153901,0154700,0155501,0155502,0155503,0155504,0155505,0321301,0322101,1011203",AVENIDA,DA ASSOCIACAO,000,,MATA FRESCA,62808000,1321,32524122000173,1321,ARACATI,Aracati,Litoral Leste,ARACATI,COOPADES - COOPERATIVA DA AGRICULTURA FAMILIAR E DESENVOLVIMENTO SOLIDARIO,Finalizado,OCB,11/05/2025,19/09/2022 09:50:22,08/07/2025 17:28:14,232.0,60.0,"98,71",COOPADES - COOPERATIVA DA AGRICULTURA FAMILIAR E DESENVOLVIMENTO SOLIDARIO,Aracati,Processo Enviado,OCB,11/05/2025,19/09/2022 09:50:22,25/04/2025 11:14:11,220.0,103,"98,64",COOPADES,161099.0,"0111302,0119901,0119905,0119906,0133402,0133408,0133410,0133499,0151201,0151202,0153901,0154700,0155501,0155502,0155503,0155504,0155505,0321301,0322101,1011203",AVENIDA,DA ASSOCIACAO,0,,MATA FRESCA,62808000.0,1321.0,"AVENIDA DA ASSOCIACAO, 000, MATA FRESCA Aracati-CE","-4,8301017","-37,4135523"
168,1285023,INSTITUTO DE ARTE E CIDADANIA DO CEARA,"2,02503E+16",33410781.0,"45742,7019",32524122000173,COOPADES - COOPERATIVA DA AGRICULTURA FAMILIAR E DO DESENVOLVIMENTO SOLIDARIO,Nota Fiscal,"Gêneros Alimentícios ( Proteínas, Carboidratos, Hortaliças, Sódios e Lipídios) 
",45743,Efetivada,32524122000173,32524122,1,73,1,COOPADES,161099,"0111302,0119901,0119905,0119906,0133402,0133408,0133410,0133499,0151201,0151202,0153901,0154700,0155501,0155502,0155503,0155504,0155505,0321301,0322101,1011203",AVENIDA,DA ASSOCIACAO,000,,MATA FRESCA,62808000,1321,32524122000173,1321,ARACATI,Aracati,Litoral Leste,ARACATI,COOPADES - COOPERATIVA DA AGRICULTURA FAMILIAR E DESENVOLVIMENTO SOLIDARIO,Finalizado,OCB,11/05/2025,19/09/2022 09:50:22,08/07/2025 17:28:14,232.0,60.0,"98,71",COOPADES - COOPERATIVA DA AGRICULTURA FAMILIAR E DESENVOLVIMENTO SOLIDARIO,Aracati,Processo Enviado,OCB,11/05/2025,19/09/2022 09:50:22,25/04/2025 11:14:11,220.0,103,"98,64",COOPADES,161099.0,"0111302,0119901,0119905,0119906,0133402,0133408,0133410,0133499,0151201,0151202,0153901,0154700,0155501,0155502,0155503,0155504,0155505,0321301,0322101,1011203",AVENIDA,DA ASSOCIACAO,0,,MATA FRESCA,62808000.0,1321.0,"AVENIDA DA ASSOCIACAO, 000, MATA FRESCA Aracati-CE","-4,8301017","-37,4135523"
169,1285023,INSTITUTO DE ARTE E CIDADANIA DO CEARA,"2,02504E+16",32599848.0,"45757,72116",32524122000173,COOPADES - COOPERATIVA DA AGRICULTURA FAMILIAR E DO DESENVOLVIMENTO SOLIDARIO,Nota Fiscal,"Gêneros Alimentícios ( Proteínas, Carboidratos, Hortaliças, Sódios e Lipídios) 
",45758,Efetivada,32524122000173,32524122,1,73,1,COOPADES,161099,"0111302,0119901,0119905,0119906,0133402,0133408,0133410,0133499,0151201,0151202,0153901,0154700,0155501,0155502,0155503,0155504,0155505,0321301,0322101,1011203",AVENIDA,DA ASSOCIACAO,000,,MATA FRESCA,62808000,1321,32524122000173,1321,ARACATI,Aracati,Litoral Leste,ARACATI,COOPADES - COOPERATIVA DA AGRICULTURA FAMILIAR E DESENVOLVIMENTO SOLIDARIO,Finalizado,OCB,11/05/2025,19/09/2022 09:50:22,08/07/2025 17:28:14,232.0,60.0,"98,71",COOPADES - COOPERATIVA DA AGRICULTURA FAMILIAR E DESENVOLVIMENTO SOLIDARIO,Aracati,Processo Enviado,OCB,11/05/2025,19/09/2022 09:50:22,25/04/2025 11:14:11,220.0,103,"98,64",COOPADES,161099.0,"0111302,0119901,0119905,0119906,0133402,0133408,0133410,0133499,0151201,0151202,0153901,0154700,0155501,0155502,0155503,0155504,0155505,0321301,0322101,1011203",AVENIDA,DA ASSOCIACAO,0,,MATA FRESCA,62808000.0,1321.0,"AVENIDA DA ASSOCIACAO, 000, MATA FRESCA Aracati-CE","-4,8301017","-37,4135523"
170,1285023,INSTITUTO DE ARTE E CIDADANIA DO CEARA,"2,02504E+16",29482635.0,"45775,73944",32524122000173,COOPADES - COOPERATIVA DA AGRICULTURA FAMILIAR E DO DESENVOLVIMENTO SOLIDARIO,Nota Fiscal,"Gêneros Alimentícios ( Proteínas, Carboidratos, Hortaliças, Sódios e Lipídios) 
",45776,Efetivada,32524122000173,32524122,1,73,1,COOPADES,161099,"0111302,0119901,0119905,0119906,0133402,0133408,0133410,0133499,0151201,0151202,0153901,0154700,0155501,0155502,0155503,0155504,0155505,0321301,0322101,1011203",AVENIDA,DA ASSOCIACAO,000,,MATA FRESCA,62808000,1321,32524122000173,1321,ARACATI,Aracati,Litoral Leste,ARACATI,COOPADES - COOPERATIVA DA AGRICULTURA FAMILIAR E DESENVOLVIMENTO SOLIDARIO,Finalizado,OCB,11/05/2025,19/09/2022 09:50:22,08/07/2025 17:28:14,232.0,60.0,"98,71",COOPADES - COOPERATIVA DA AGRICULTURA FAMILIAR E DESENVOLVIMENTO SOLIDARIO,Aracati,Processo Enviado,OCB,11/05/2025,19/09/2022 09:50:22,25/04/2025 11:14:11,220.0,103,"98,64",COOPADES,161099.0,"0111302,0119901,0119905,0119906,0133402,0133408,0133410,0133499,0151201,0151202,0153901,0154700,0155501,0155502,0155503,0155504,0155505,0321301,0322101,1011203",AVENIDA,DA ASSOCIACAO,0,,MATA FRESCA,62808000.0,1321.0,"AVENIDA DA ASSOCIACAO, 000, MATA FRESCA Aracati-CE","-4,8301017","-37,4135523"
171,1285023,INSTITUTO DE ARTE E CIDADANIA DO CEARA,"2,02505E+16",32148488.0,"45792,56709",32524122000173,COOPADES - COOPERATIVA DA AGRICULTURA FAMILIAR E DO DESENVOLVIMENTO SOLIDARIO,Nota Fiscal,"Gêneros Alimentícios ( Proteínas, Carboidratos, Hortaliças, Sódios e Lipídios) 
",45793,Efetivada,32524122000173,32524122,1,73,1,COOPADES,161099,"0111302,0119901,0119905,0119906,0133402,0133408,0133410,0133499,0151201,0151202,0153901,0154700,0155501,0155502,0155503,0155504,0155505,0321301,0322101,1011203",AVENIDA,DA ASSOCIACAO,000,,MATA FRESCA,62808000,1321,32524122000173,1321,ARACATI,Aracati,Litoral Leste,ARACATI,COOPADES - COOPERATIVA DA AGRICULTURA FAMILIAR E DESENVOLVIMENTO SOLIDARIO,Finalizado,OCB,11/05/2025,19/09/2022 09:50:22,08/07/2025 17:28:14,232.0,60.0,"98,71",COOPADES - COOPERATIVA DA AGRICULTURA FAMILIAR E DESENVOLVIMENTO SOLIDARIO,Aracati,Processo Enviado,OCB,11/05/2025,19/09/2022 09:50:22,25/04/2025 11:14:11,220.0,103,"98,64",COOPADES,161099.0,"0111302,0119901,0119905,0119906,0133402,0133408,0133410,0133499,0151201,0151202,0153901,0154700,0155501,0155502,0155503,0155504,0155505,0321301,0322101,1011203",AVENIDA,DA ASSOCIACAO,0,,MATA FRESCA,62808000.0,1321.0,"AVENIDA DA ASSOCIACAO, 000, MATA FRESCA Aracati-CE","-4,8301017","-37,4135523"
172,1285023,INSTITUTO DE ARTE E CIDADANIA DO CEARA,"2,02505E+16",29933995.0,"45805,69259",32524122000173,COOPADES - COOPERATIVA DA AGRICULTURA FAMILIAR E DO DESENVOLVIMENTO SOLIDARIO,Nota Fiscal,"Gêneros Alimentícios ( Proteínas, Carboidratos, Hortaliças, Sódios e Lipídios) 
",45806,Efetivada,32524122000173,32524122,1,73,1,COOPADES,161099,"0111302,0119901,0119905,0119906,0133402,0133408,0133410,0133499,0151201,0151202,0153901,0154700,0155501,0155502,0155503,0155504,0155505,0321301,0322101,1011203",AVENIDA,DA ASSOCIACAO,000,,MATA FRESCA,62808000,1321,32524122000173,1321,ARACATI,Aracati,Litoral Leste,ARACATI,COOPADES - COOPERATIVA DA AGRICULTURA FAMILIAR E DESENVOLVIMENTO SOLIDARIO,Finalizado,OCB,11/05/2025,19/09/2022 09:50:22,08/07/2025 17:28:14,232.0,60.0,"98,71",COOPADES - COOPERATIVA DA AGRICULTURA FAMILIAR E DESENVOLVIMENTO SOLIDARIO,Aracati,Processo Enviado,OCB,11/05/2025,19/09/2022 09:50:22,25/04/2025 11:14:11,220.0,103,"98,64",COOPADES,161099.0,"0111302,0119901,0119905,0119906,0133402,0133408,0133410,0133499,0151201,0151202,0153901,0154700,0155501,0155502,0155503,0155504,0155505,0321301,0322101,1011203",AVENIDA,DA ASSOCIACAO,0,,MATA FRESCA,62808000.0,1321.0,"AVENIDA DA ASSOCIACAO, 000, MATA FRESCA Aracati-CE","-4,8301017","-37,4135523"
173,1285023,INSTITUTO DE ARTE E CIDADANIA DO CEARA,"2,02506E+16",3091772.0,"45820,71296",32524122000173,COOPADES - COOPERATIVA DA AGRICULTURA FAMILIAR E DO DESENVOLVIMENTO SOLIDARIO,Nota Fiscal,"Gêneros Alimentícios ( Proteínas, Carboidratos, Hortaliças, Sódios e Lipídios) 
",45821,Efetivada,32524122000173,32524122,1,73,1,COOPADES,161099,"0111302,0119901,0119905,0119906,0133402,0133408,0133410,0133499,0151201,0151202,0153901,0154700,0155501,0155502,0155503,0155504,0155505,0321301,0322101,1011203",AVENIDA,DA ASSOCIACAO,000,,MATA FRESCA,62808000,1321,32524122000173,1321,ARACATI,Aracati,Litoral Leste,ARACATI,COOPADES - COOPERATIVA DA AGRICULTURA FAMILIAR E DESENVOLVIMENTO SOLIDARIO,Finalizado,OCB,11/05/2025,19/09/2022 09:50:22,08/07/2025 17:28:14,232.0,60.0,"98,71",COOPADES - COOPERATIVA DA AGRICULTURA FAMILIAR E DESENVOLVIMENTO SOLIDARIO,Aracati,Processo Enviado,OCB,11/05/2025,19/09/2022 09:50:22,25/04/2025 11:14:11,220.0,103,"98,64",COOPADES,161099.0,"0111302,0119901,0119905,0119906,0133402,0133408,0133410,0133499,0151201,0151202,0153901,0154700,0155501,0155502,0155503,0155504,0155505,0321301,0322101,1011203",AVENIDA,DA ASSOCIACAO,0,,MATA FRESCA,62808000.0,1321.0,"AVENIDA DA ASSOCIACAO, 000, MATA FRESCA Aracati-CE","-4,8301017","-37,4135523"
174,1285146,CARITAS DIOCESANA DE CRATEUS CDC,"2,02311E+16",213891.0,"45243,38925",33189459000134,COOPERATIVA DA AGRICULTURA FAMILIAR DOS SERTOES DE CRATEUS,Nota Fiscal,"Gêneros Alimentícios ( Proteínas, Carboidratos, Hortaliças, Sódios e Lipídios) 
",45244,Efetivada,33189459000134,33189459,1,34,1,COOPERAGRI,4712100,"0111302,0111399,0121101,0133402,0133403,0133404,0133408,0133409,0133410,0133499,0139303,0139304,0139399,0141501,0141502,0142300,0151201,0151202,0152102,0152103,0153901,0153902,0154700,0155501,0155502,0155503,0155504,0155505,0159801,0161003,0210105,0210106,0210107,0210108,0210199,0220901,0220902,0220906,0220999,0230600,0312401,0322101,1011201,1011203,1011205,1012101,1012102,1012103,1012104,1013901,1013902,1020101,1031700,1032599,1033301,1033302,1041400,1042200,1051100,1052000,1063500,1064300,1065101,1066000,1091102,1092900,1095300,4611700,4623101,4623102,4623103,4623106,4623108,4623109,4623199,4631100,4632001,4632002,4632003,4633801,4633802,4634601,4634602,4634603,4634699,4637102,4637103,4637104,4637105,4671100,4692300,4721103,4722901,4722902,4724500,4789002,7490103,8219999",RUA,CORONEL LUCIO,719,,CENTRO,63700061,1383,33189459000134,1383,CRATEUS,Crateús,Sertão dos Crateús,CRATEUS,COOPERATIVA DA AGRICULTURA FAMILIAR DOS SERTÕES DE CRATEÚS,CAF Emitido,,,18/01/2024 15:38:00,12/05/2025 11:24:04,43.0,23.0,"100,00",COOPERATIVA DA AGRICULTURA FAMILIAR DOS SERTÕES DE CRATEÚS,Crateús,CAF Emitido,,,18/01/2024 15:38:00,22/04/2025 16:55:01,43.0,19,100,COOPERAGRI,4712100.0,"0111302,0111399,0121101,0133402,0133403,0133404,0133408,0133409,0133410,0133499,0139303,0139304,0139399,0141501,0141502,0142300,0151201,0151202,0152102,0152103,0153901,0153902,0154700,0155501,0155502,0155503,0155504,0155505,0159801,0161003,0210105,0210106,0210107,0210108,0210199,0220901,0220902,0220906,0220999,0230600,0312401,0322101,1011201,1011203,1011205,1012101,1012102,1012103,1012104,1013901,1013902,1020101,1031700,1032599,1033301,1033302,1041400,1042200,1051100,1052000,1063500,1064300,1065101,1066000,1091102,1092900,1095300,4611700,4623101,4623102,4623103,4623106,4623108,4623109,4623199,4631100,4632001,4632002,4632003,4633801,4633802,4634601,4634602,4634603,4634699,4637102,4637103,4637104,4637105,4671100,4692300,4721103,4722901,4722902,4724500,4789002,7490103,8219999",RUA,CORONEL LUCIO,719,,CENTRO,63700061.0,1383.0,"RUA CORONEL LUCIO, 719, CENTRO Crateús-CE","-5,178257","-40,6684543"
175,1285146,CARITAS DIOCESANA DE CRATEUS CDC,"2,02312E+16",155371.0,"45266,66536",33189459000134,COOPERATIVA DA AGRICULTURA FAMILIAR DOS SERTOES DE CRATEUS,Nota Fiscal,"Gêneros Alimentícios ( Proteínas, Carboidratos, Hortaliças, Sódios e Lipídios) 
",45267,Efetivada,33189459000134,33189459,1,34,1,COOPERAGRI,4712100,"0111302,0111399,0121101,0133402,0133403,0133404,0133408,0133409,0133410,0133499,0139303,0139304,0139399,0141501,0141502,0142300,0151201,0151202,0152102,0152103,0153901,0153902,0154700,0155501,0155502,0155503,0155504,0155505,0159801,0161003,0210105,0210106,0210107,0210108,0210199,0220901,0220902,0220906,0220999,0230600,0312401,0322101,1011201,1011203,1011205,1012101,1012102,1012103,1012104,1013901,1013902,1020101,1031700,1032599,1033301,1033302,1041400,1042200,1051100,1052000,1063500,1064300,1065101,1066000,1091102,1092900,1095300,4611700,4623101,4623102,4623103,4623106,4623108,4623109,4623199,4631100,4632001,4632002,4632003,4633801,4633802,4634601,4634602,4634603,4634699,4637102,4637103,4637104,4637105,4671100,4692300,4721103,4722901,4722902,4724500,4789002,7490103,8219999",RUA,CORONEL LUCIO,719,,CENTRO,63700061,1383,33189459000134,1383,CRATEUS,Crateús,Sertão dos Crateús,CRATEUS,COOPERATIVA DA AGRICULTURA FAMILIAR DOS SERTÕES DE CRATEÚS,CAF Emitido,,,18/01/2024 15:38:00,12/05/2025 11:24:04,43.0,23.0,"100,00",COOPERATIVA DA AGRICULTURA FAMILIAR DOS SERTÕES DE CRATEÚS,Crateús,CAF Emitido,,,18/01/2024 15:38:00,22/04/2025 16:55:01,43.0,19,100,COOPERAGRI,4712100.0,"0111302,0111399,0121101,0133402,0133403,0133404,0133408,0133409,0133410,0133499,0139303,0139304,0139399,0141501,0141502,0142300,0151201,0151202,0152102,0152103,0153901,0153902,0154700,0155501,0155502,0155503,0155504,0155505,0159801,0161003,0210105,0210106,0210107,0210108,0210199,0220901,0220902,0220906,0220999,0230600,0312401,0322101,1011201,1011203,1011205,1012101,1012102,1012103,1012104,1013901,1013902,1020101,1031700,1032599,1033301,1033302,1041400,1042200,1051100,1052000,1063500,1064300,1065101,1066000,1091102,1092900,1095300,4611700,4623101,4623102,4623103,4623106,4623108,4623109,4623199,4631100,4632001,4632002,4632003,4633801,4633802,4634601,4634602,4634603,4634699,4637102,4637103,4637104,4637105,4671100,4692300,4721103,4722901,4722902,4724500,4789002,7490103,8219999",RUA,CORONEL LUCIO,719,,CENTRO,63700061.0,1383.0,"RUA CORONEL LUCIO, 719, CENTRO Crateús-CE","-5,178257","-40,6684543"
176,1285146,CARITAS DIOCESANA DE CRATEUS CDC,"2,02401E+16",29500.0,"45295,70213",33189459000134,COOPERATIVA DA AGRICULTURA FAMILIAR DOS SERTOES DE CRATEUS,Nota Fiscal,"Gêneros Alimentícios ( Proteínas, Carboidratos, Hortaliças, Sódios e Lipídios) 
",45296,Efetivada,33189459000134,33189459,1,34,1,COOPERAGRI,4712100,"0111302,0111399,0121101,0133402,0133403,0133404,0133408,0133409,0133410,0133499,0139303,0139304,0139399,0141501,0141502,0142300,0151201,0151202,0152102,0152103,0153901,0153902,0154700,0155501,0155502,0155503,0155504,0155505,0159801,0161003,0210105,0210106,0210107,0210108,0210199,0220901,0220902,0220906,0220999,0230600,0312401,0322101,1011201,1011203,1011205,1012101,1012102,1012103,1012104,1013901,1013902,1020101,1031700,1032599,1033301,1033302,1041400,1042200,1051100,1052000,1063500,1064300,1065101,1066000,1091102,1092900,1095300,4611700,4623101,4623102,4623103,4623106,4623108,4623109,4623199,4631100,4632001,4632002,4632003,4633801,4633802,4634601,4634602,4634603,4634699,4637102,4637103,4637104,4637105,4671100,4692300,4721103,4722901,4722902,4724500,4789002,7490103,8219999",RUA,CORONEL LUCIO,719,,CENTRO,63700061,1383,33189459000134,1383,CRATEUS,Crateús,Sertão dos Crateús,CRATEUS,COOPERATIVA DA AGRICULTURA FAMILIAR DOS SERTÕES DE CRATEÚS,CAF Emitido,,,18/01/2024 15:38:00,12/05/2025 11:24:04,43.0,23.0,"100,00",COOPERATIVA DA AGRICULTURA FAMILIAR DOS SERTÕES DE CRATEÚS,Crateús,CAF Emitido,,,18/01/2024 15:38:00,22/04/2025 16:55:01,43.0,19,100,COOPERAGRI,4712100.0,"0111302,0111399,0121101,0133402,0133403,0133404,0133408,0133409,0133410,0133499,0139303,0139304,0139399,0141501,0141502,0142300,0151201,0151202,0152102,0152103,0153901,0153902,0154700,0155501,0155502,0155503,0155504,0155505,0159801,0161003,0210105,0210106,0210107,0210108,0210199,0220901,0220902,0220906,0220999,0230600,0312401,0322101,1011201,1011203,1011205,1012101,1012102,1012103,1012104,1013901,1013902,1020101,1031700,1032599,1033301,1033302,1041400,1042200,1051100,1052000,1063500,1064300,1065101,1066000,1091102,1092900,1095300,4611700,4623101,4623102,4623103,4623106,4623108,4623109,4623199,4631100,4632001,4632002,4632003,4633801,4633802,4634601,4634602,4634603,4634699,4637102,4637103,4637104,4637105,4671100,4692300,4721103,4722901,4722902,4724500,4789002,7490103,8219999",RUA,CORONEL LUCIO,719,,CENTRO,63700061.0,1383.0,"RUA CORONEL LUCIO, 719, CENTRO Crateús-CE","-5,178257","-40,6684543"
177,1285146,CARITAS DIOCESANA DE CRATEUS CDC,"2,02401E+16",29500.0,"45322,63333",33189459000134,COOPERATIVA DA AGRICULTURA FAMILIAR DOS SERTOES DE CRATEUS,Nota Fiscal,"Gêneros Alimentícios ( Proteínas, Carboidratos, Hortaliças, Sódios e Lipídios) 
",45323,Efetivada,33189459000134,33189459,1,34,1,COOPERAGRI,4712100,"0111302,0111399,0121101,0133402,0133403,0133404,0133408,0133409,0133410,0133499,0139303,0139304,0139399,0141501,0141502,0142300,0151201,0151202,0152102,0152103,0153901,0153902,0154700,0155501,0155502,0155503,0155504,0155505,0159801,0161003,0210105,0210106,0210107,0210108,0210199,0220901,0220902,0220906,0220999,0230600,0312401,0322101,1011201,1011203,1011205,1012101,1012102,1012103,1012104,1013901,1013902,1020101,1031700,1032599,1033301,1033302,1041400,1042200,1051100,1052000,1063500,1064300,1065101,1066000,1091102,1092900,1095300,4611700,4623101,4623102,4623103,4623106,4623108,4623109,4623199,4631100,4632001,4632002,4632003,4633801,4633802,4634601,4634602,4634603,4634699,4637102,4637103,4637104,4637105,4671100,4692300,4721103,4722901,4722902,4724500,4789002,7490103,8219999",RUA,CORONEL LUCIO,719,,CENTRO,63700061,1383,33189459000134,1383,CRATEUS,Crateús,Sertão dos Crateús,CRATEUS,COOPERATIVA DA AGRICULTURA FAMILIAR DOS SERTÕES DE CRATEÚS,CAF Emitido,,,18/01/2024 15:38:00,12/05/2025 11:24:04,43.0,23.0,"100,00",COOPERATIVA DA AGRICULTURA FAMILIAR DOS SERTÕES DE CRATEÚS,Crateús,CAF Emitido,,,18/01/2024 15:38:00,22/04/2025 16:55:01,43.0,19,100,COOPERAGRI,4712100.0,"0111302,0111399,0121101,0133402,0133403,0133404,0133408,0133409,0133410,0133499,0139303,0139304,0139399,0141501,0141502,0142300,0151201,0151202,0152102,0152103,0153901,0153902,0154700,0155501,0155502,0155503,0155504,0155505,0159801,0161003,0210105,0210106,0210107,0210108,0210199,0220901,0220902,0220906,0220999,0230600,0312401,0322101,1011201,1011203,1011205,1012101,1012102,1012103,1012104,1013901,1013902,1020101,1031700,1032599,1033301,1033302,1041400,1042200,1051100,1052000,1063500,1064300,1065101,1066000,1091102,1092900,1095300,4611700,4623101,4623102,4623103,4623106,4623108,4623109,4623199,4631100,4632001,4632002,4632003,4633801,4633802,4634601,4634602,4634603,4634699,4637102,4637103,4637104,4637105,4671100,4692300,4721103,4722901,4722902,4724500,4789002,7490103,8219999",RUA,CORONEL LUCIO,719,,CENTRO,63700061.0,1383.0,"RUA CORONEL LUCIO, 719, CENTRO Crateús-CE","-5,178257","-40,6684543"
178,1285146,CARITAS DIOCESANA DE CRATEUS CDC,"2,02402E+16",29500.0,"45350,63116",33189459000134,COOPERATIVA DA AGRICULTURA FAMILIAR DOS SERTOES DE CRATEUS,Nota Fiscal,"Gêneros Alimentícios ( Proteínas, Carboidratos, Hortaliças, Sódios e Lipídios) 
",45351,Efetivada,33189459000134,33189459,1,34,1,COOPERAGRI,4712100,"0111302,0111399,0121101,0133402,0133403,0133404,0133408,0133409,0133410,0133499,0139303,0139304,0139399,0141501,0141502,0142300,0151201,0151202,0152102,0152103,0153901,0153902,0154700,0155501,0155502,0155503,0155504,0155505,0159801,0161003,0210105,0210106,0210107,0210108,0210199,0220901,0220902,0220906,0220999,0230600,0312401,0322101,1011201,1011203,1011205,1012101,1012102,1012103,1012104,1013901,1013902,1020101,1031700,1032599,1033301,1033302,1041400,1042200,1051100,1052000,1063500,1064300,1065101,1066000,1091102,1092900,1095300,4611700,4623101,4623102,4623103,4623106,4623108,4623109,4623199,4631100,4632001,4632002,4632003,4633801,4633802,4634601,4634602,4634603,4634699,4637102,4637103,4637104,4637105,4671100,4692300,4721103,4722901,4722902,4724500,4789002,7490103,8219999",RUA,CORONEL LUCIO,719,,CENTRO,63700061,1383,33189459000134,1383,CRATEUS,Crateús,Sertão dos Crateús,CRATEUS,COOPERATIVA DA AGRICULTURA FAMILIAR DOS SERTÕES DE CRATEÚS,CAF Emitido,,,18/01/2024 15:38:00,12/05/2025 11:24:04,43.0,23.0,"100,00",COOPERATIVA DA AGRICULTURA FAMILIAR DOS SERTÕES DE CRATEÚS,Crateús,CAF Emitido,,,18/01/2024 15:38:00,22/04/2025 16:55:01,43.0,19,100,COOPERAGRI,4712100.0,"0111302,0111399,0121101,0133402,0133403,0133404,0133408,0133409,0133410,0133499,0139303,0139304,0139399,0141501,0141502,0142300,0151201,0151202,0152102,0152103,0153901,0153902,0154700,0155501,0155502,0155503,0155504,0155505,0159801,0161003,0210105,0210106,0210107,0210108,0210199,0220901,0220902,0220906,0220999,0230600,0312401,0322101,1011201,1011203,1011205,1012101,1012102,1012103,1012104,1013901,1013902,1020101,1031700,1032599,1033301,1033302,1041400,1042200,1051100,1052000,1063500,1064300,1065101,1066000,1091102,1092900,1095300,4611700,4623101,4623102,4623103,4623106,4623108,4623109,4623199,4631100,4632001,4632002,4632003,4633801,4633802,4634601,4634602,4634603,4634699,4637102,4637103,4637104,4637105,4671100,4692300,4721103,4722901,4722902,4724500,4789002,7490103,8219999",RUA,CORONEL LUCIO,719,,CENTRO,63700061.0,1383.0,"RUA CORONEL LUCIO, 719, CENTRO Crateús-CE","-5,178257","-40,6684543"
179,1285146,CARITAS DIOCESANA DE CRATEUS CDC,"2,02406E+16",49322.0,"45455,66361",33189459000134,COOPERATIVA DA AGRICULTURA FAMILIAR DOS SERTOES DE CRATEUS,Nota Fiscal,"Gêneros Alimentícios ( Proteínas, Carboidratos, Hortaliças, Sódios e Lipídios) 
",45456,Efetivada,33189459000134,33189459,1,34,1,COOPERAGRI,4712100,"0111302,0111399,0121101,0133402,0133403,0133404,0133408,0133409,0133410,0133499,0139303,0139304,0139399,0141501,0141502,0142300,0151201,0151202,0152102,0152103,0153901,0153902,0154700,0155501,0155502,0155503,0155504,0155505,0159801,0161003,0210105,0210106,0210107,0210108,0210199,0220901,0220902,0220906,0220999,0230600,0312401,0322101,1011201,1011203,1011205,1012101,1012102,1012103,1012104,1013901,1013902,1020101,1031700,1032599,1033301,1033302,1041400,1042200,1051100,1052000,1063500,1064300,1065101,1066000,1091102,1092900,1095300,4611700,4623101,4623102,4623103,4623106,4623108,4623109,4623199,4631100,4632001,4632002,4632003,4633801,4633802,4634601,4634602,4634603,4634699,4637102,4637103,4637104,4637105,4671100,4692300,4721103,4722901,4722902,4724500,4789002,7490103,8219999",RUA,CORONEL LUCIO,719,,CENTRO,63700061,1383,33189459000134,1383,CRATEUS,Crateús,Sertão dos Crateús,CRATEUS,COOPERATIVA DA AGRICULTURA FAMILIAR DOS SERTÕES DE CRATEÚS,CAF Emitido,,,18/01/2024 15:38:00,12/05/2025 11:24:04,43.0,23.0,"100,00",COOPERATIVA DA AGRICULTURA FAMILIAR DOS SERTÕES DE CRATEÚS,Crateús,CAF Emitido,,,18/01/2024 15:38:00,22/04/2025 16:55:01,43.0,19,100,COOPERAGRI,4712100.0,"0111302,0111399,0121101,0133402,0133403,0133404,0133408,0133409,0133410,0133499,0139303,0139304,0139399,0141501,0141502,0142300,0151201,0151202,0152102,0152103,0153901,0153902,0154700,0155501,0155502,0155503,0155504,0155505,0159801,0161003,0210105,0210106,0210107,0210108,0210199,0220901,0220902,0220906,0220999,0230600,0312401,0322101,1011201,1011203,1011205,1012101,1012102,1012103,1012104,1013901,1013902,1020101,1031700,1032599,1033301,1033302,1041400,1042200,1051100,1052000,1063500,1064300,1065101,1066000,1091102,1092900,1095300,4611700,4623101,4623102,4623103,4623106,4623108,4623109,4623199,4631100,4632001,4632002,4632003,4633801,4633802,4634601,4634602,4634603,4634699,4637102,4637103,4637104,4637105,4671100,4692300,4721103,4722901,4722902,4724500,4789002,7490103,8219999",RUA,CORONEL LUCIO,719,,CENTRO,63700061.0,1383.0,"RUA CORONEL LUCIO, 719, CENTRO Crateús-CE","-5,178257","-40,6684543"
180,1285146,CARITAS DIOCESANA DE CRATEUS CDC,"2,02407E+16",562115.0,"45484,48249",33189459000134,COOPERATIVA DA AGRICULTURA FAMILIAR DOS SERTOES DE CRATEUS,Nota Fiscal,"Gêneros Alimentícios ( Proteínas, Carboidratos, Hortaliças, Sódios e Lipídios) 
",45485,Efetivada,33189459000134,33189459,1,34,1,COOPERAGRI,4712100,"0111302,0111399,0121101,0133402,0133403,0133404,0133408,0133409,0133410,0133499,0139303,0139304,0139399,0141501,0141502,0142300,0151201,0151202,0152102,0152103,0153901,0153902,0154700,0155501,0155502,0155503,0155504,0155505,0159801,0161003,0210105,0210106,0210107,0210108,0210199,0220901,0220902,0220906,0220999,0230600,0312401,0322101,1011201,1011203,1011205,1012101,1012102,1012103,1012104,1013901,1013902,1020101,1031700,1032599,1033301,1033302,1041400,1042200,1051100,1052000,1063500,1064300,1065101,1066000,1091102,1092900,1095300,4611700,4623101,4623102,4623103,4623106,4623108,4623109,4623199,4631100,4632001,4632002,4632003,4633801,4633802,4634601,4634602,4634603,4634699,4637102,4637103,4637104,4637105,4671100,4692300,4721103,4722901,4722902,4724500,4789002,7490103,8219999",RUA,CORONEL LUCIO,719,,CENTRO,63700061,1383,33189459000134,1383,CRATEUS,Crateús,Sertão dos Crateús,CRATEUS,COOPERATIVA DA AGRICULTURA FAMILIAR DOS SERTÕES DE CRATEÚS,CAF Emitido,,,18/01/2024 15:38:00,12/05/2025 11:24:04,43.0,23.0,"100,00",COOPERATIVA DA AGRICULTURA FAMILIAR DOS SERTÕES DE CRATEÚS,Crateús,CAF Emitido,,,18/01/2024 15:38:00,22/04/2025 16:55:01,43.0,19,100,COOPERAGRI,4712100.0,"0111302,0111399,0121101,0133402,0133403,0133404,0133408,0133409,0133410,0133499,0139303,0139304,0139399,0141501,0141502,0142300,0151201,0151202,0152102,0152103,0153901,0153902,0154700,0155501,0155502,0155503,0155504,0155505,0159801,0161003,0210105,0210106,0210107,0210108,0210199,0220901,0220902,0220906,0220999,0230600,0312401,0322101,1011201,1011203,1011205,1012101,1012102,1012103,1012104,1013901,1013902,1020101,1031700,1032599,1033301,1033302,1041400,1042200,1051100,1052000,1063500,1064300,1065101,1066000,1091102,1092900,1095300,4611700,4623101,4623102,4623103,4623106,4623108,4623109,4623199,4631100,4632001,4632002,4632003,4633801,4633802,4634601,4634602,4634603,4634699,4637102,4637103,4637104,4637105,4671100,4692300,4721103,4722901,4722902,4724500,4789002,7490103,8219999",RUA,CORONEL LUCIO,719,,CENTRO,63700061.0,1383.0,"RUA CORONEL LUCIO, 719, CENTRO Crateús-CE","-5,178257","-40,6684543"
181,1285146,CARITAS DIOCESANA DE CRATEUS CDC,"2,02408E+16",63966.0,"45511,70454",33189459000134,COOPERATIVA DA AGRICULTURA FAMILIAR DOS SERTOES DE CRATEUS,Nota Fiscal,"Gêneros Alimentícios ( Proteínas, Carboidratos, Hortaliças, Sódios e Lipídios) 
",45512,Efetivada,33189459000134,33189459,1,34,1,COOPERAGRI,4712100,"0111302,0111399,0121101,0133402,0133403,0133404,0133408,0133409,0133410,0133499,0139303,0139304,0139399,0141501,0141502,0142300,0151201,0151202,0152102,0152103,0153901,0153902,0154700,0155501,0155502,0155503,0155504,0155505,0159801,0161003,0210105,0210106,0210107,0210108,0210199,0220901,0220902,0220906,0220999,0230600,0312401,0322101,1011201,1011203,1011205,1012101,1012102,1012103,1012104,1013901,1013902,1020101,1031700,1032599,1033301,1033302,1041400,1042200,1051100,1052000,1063500,1064300,1065101,1066000,1091102,1092900,1095300,4611700,4623101,4623102,4623103,4623106,4623108,4623109,4623199,4631100,4632001,4632002,4632003,4633801,4633802,4634601,4634602,4634603,4634699,4637102,4637103,4637104,4637105,4671100,4692300,4721103,4722901,4722902,4724500,4789002,7490103,8219999",RUA,CORONEL LUCIO,719,,CENTRO,63700061,1383,33189459000134,1383,CRATEUS,Crateús,Sertão dos Crateús,CRATEUS,COOPERATIVA DA AGRICULTURA FAMILIAR DOS SERTÕES DE CRATEÚS,CAF Emitido,,,18/01/2024 15:38:00,12/05/2025 11:24:04,43.0,23.0,"100,00",COOPERATIVA DA AGRICULTURA FAMILIAR DOS SERTÕES DE CRATEÚS,Crateús,CAF Emitido,,,18/01/2024 15:38:00,22/04/2025 16:55:01,43.0,19,100,COOPERAGRI,4712100.0,"0111302,0111399,0121101,0133402,0133403,0133404,0133408,0133409,0133410,0133499,0139303,0139304,0139399,0141501,0141502,0142300,0151201,0151202,0152102,0152103,0153901,0153902,0154700,0155501,0155502,0155503,0155504,0155505,0159801,0161003,0210105,0210106,0210107,0210108,0210199,0220901,0220902,0220906,0220999,0230600,0312401,0322101,1011201,1011203,1011205,1012101,1012102,1012103,1012104,1013901,1013902,1020101,1031700,1032599,1033301,1033302,1041400,1042200,1051100,1052000,1063500,1064300,1065101,1066000,1091102,1092900,1095300,4611700,4623101,4623102,4623103,4623106,4623108,4623109,4623199,4631100,4632001,4632002,4632003,4633801,4633802,4634601,4634602,4634603,4634699,4637102,4637103,4637104,4637105,4671100,4692300,4721103,4722901,4722902,4724500,4789002,7490103,8219999",RUA,CORONEL LUCIO,719,,CENTRO,63700061.0,1383.0,"RUA CORONEL LUCIO, 719, CENTRO Crateús-CE","-5,178257","-40,6684543"
182,1285146,CARITAS DIOCESANA DE CRATEUS CDC,"2,02409E+16",85256.0,"45554,70757",33189459000134,COOPERATIVA DA AGRICULTURA FAMILIAR DOS SERTOES DE CRATEUS,Nota Fiscal,"Gêneros Alimentícios ( Proteínas, Carboidratos, Hortaliças, Sódios e Lipídios) 
",45555,Efetivada,33189459000134,33189459,1,34,1,COOPERAGRI,4712100,"0111302,0111399,0121101,0133402,0133403,0133404,0133408,0133409,0133410,0133499,0139303,0139304,0139399,0141501,0141502,0142300,0151201,0151202,0152102,0152103,0153901,0153902,0154700,0155501,0155502,0155503,0155504,0155505,0159801,0161003,0210105,0210106,0210107,0210108,0210199,0220901,0220902,0220906,0220999,0230600,0312401,0322101,1011201,1011203,1011205,1012101,1012102,1012103,1012104,1013901,1013902,1020101,1031700,1032599,1033301,1033302,1041400,1042200,1051100,1052000,1063500,1064300,1065101,1066000,1091102,1092900,1095300,4611700,4623101,4623102,4623103,4623106,4623108,4623109,4623199,4631100,4632001,4632002,4632003,4633801,4633802,4634601,4634602,4634603,4634699,4637102,4637103,4637104,4637105,4671100,4692300,4721103,4722901,4722902,4724500,4789002,7490103,8219999",RUA,CORONEL LUCIO,719,,CENTRO,63700061,1383,33189459000134,1383,CRATEUS,Crateús,Sertão dos Crateús,CRATEUS,COOPERATIVA DA AGRICULTURA FAMILIAR DOS SERTÕES DE CRATEÚS,CAF Emitido,,,18/01/2024 15:38:00,12/05/2025 11:24:04,43.0,23.0,"100,00",COOPERATIVA DA AGRICULTURA FAMILIAR DOS SERTÕES DE CRATEÚS,Crateús,CAF Emitido,,,18/01/2024 15:38:00,22/04/2025 16:55:01,43.0,19,100,COOPERAGRI,4712100.0,"0111302,0111399,0121101,0133402,0133403,0133404,0133408,0133409,0133410,0133499,0139303,0139304,0139399,0141501,0141502,0142300,0151201,0151202,0152102,0152103,0153901,0153902,0154700,0155501,0155502,0155503,0155504,0155505,0159801,0161003,0210105,0210106,0210107,0210108,0210199,0220901,0220902,0220906,0220999,0230600,0312401,0322101,1011201,1011203,1011205,1012101,1012102,1012103,1012104,1013901,1013902,1020101,1031700,1032599,1033301,1033302,1041400,1042200,1051100,1052000,1063500,1064300,1065101,1066000,1091102,1092900,1095300,4611700,4623101,4623102,4623103,4623106,4623108,4623109,4623199,4631100,4632001,4632002,4632003,4633801,4633802,4634601,4634602,4634603,4634699,4637102,4637103,4637104,4637105,4671100,4692300,4721103,4722901,4722902,4724500,4789002,7490103,8219999",RUA,CORONEL LUCIO,719,,CENTRO,63700061.0,1383.0,"RUA CORONEL LUCIO, 719, CENTRO Crateús-CE","-5,178257","-40,6684543"
183,1285146,CARITAS DIOCESANA DE CRATEUS CDC,"2,0241E+16",608406.0,"45582,61615",33189459000134,COOPERATIVA DA AGRICULTURA FAMILIAR DOS SERTOES DE CRATEUS,Nota Fiscal,"Gêneros Alimentícios ( Proteínas, Carboidratos, Hortaliças, Sódios e Lipídios) 
",45583,Efetivada,33189459000134,33189459,1,34,1,COOPERAGRI,4712100,"0111302,0111399,0121101,0133402,0133403,0133404,0133408,0133409,0133410,0133499,0139303,0139304,0139399,0141501,0141502,0142300,0151201,0151202,0152102,0152103,0153901,0153902,0154700,0155501,0155502,0155503,0155504,0155505,0159801,0161003,0210105,0210106,0210107,0210108,0210199,0220901,0220902,0220906,0220999,0230600,0312401,0322101,1011201,1011203,1011205,1012101,1012102,1012103,1012104,1013901,1013902,1020101,1031700,1032599,1033301,1033302,1041400,1042200,1051100,1052000,1063500,1064300,1065101,1066000,1091102,1092900,1095300,4611700,4623101,4623102,4623103,4623106,4623108,4623109,4623199,4631100,4632001,4632002,4632003,4633801,4633802,4634601,4634602,4634603,4634699,4637102,4637103,4637104,4637105,4671100,4692300,4721103,4722901,4722902,4724500,4789002,7490103,8219999",RUA,CORONEL LUCIO,719,,CENTRO,63700061,1383,33189459000134,1383,CRATEUS,Crateús,Sertão dos Crateús,CRATEUS,COOPERATIVA DA AGRICULTURA FAMILIAR DOS SERTÕES DE CRATEÚS,CAF Emitido,,,18/01/2024 15:38:00,12/05/2025 11:24:04,43.0,23.0,"100,00",COOPERATIVA DA AGRICULTURA FAMILIAR DOS SERTÕES DE CRATEÚS,Crateús,CAF Emitido,,,18/01/2024 15:38:00,22/04/2025 16:55:01,43.0,19,100,COOPERAGRI,4712100.0,"0111302,0111399,0121101,0133402,0133403,0133404,0133408,0133409,0133410,0133499,0139303,0139304,0139399,0141501,0141502,0142300,0151201,0151202,0152102,0152103,0153901,0153902,0154700,0155501,0155502,0155503,0155504,0155505,0159801,0161003,0210105,0210106,0210107,0210108,0210199,0220901,0220902,0220906,0220999,0230600,0312401,0322101,1011201,1011203,1011205,1012101,1012102,1012103,1012104,1013901,1013902,1020101,1031700,1032599,1033301,1033302,1041400,1042200,1051100,1052000,1063500,1064300,1065101,1066000,1091102,1092900,1095300,4611700,4623101,4623102,4623103,4623106,4623108,4623109,4623199,4631100,4632001,4632002,4632003,4633801,4633802,4634601,4634602,4634603,4634699,4637102,4637103,4637104,4637105,4671100,4692300,4721103,4722901,4722902,4724500,4789002,7490103,8219999",RUA,CORONEL LUCIO,719,,CENTRO,63700061.0,1383.0,"RUA CORONEL LUCIO, 719, CENTRO Crateús-CE","-5,178257","-40,6684543"
184,1285146,CARITAS DIOCESANA DE CRATEUS CDC,"2,02411E+16",560232.0,"45610,34267",33189459000134,COOPERATIVA DA AGRICULTURA FAMILIAR DOS SERTOES DE CRATEUS,Nota Fiscal,"Gêneros Alimentícios ( Proteínas, Carboidratos, Hortaliças, Sódios e Lipídios) 
",45614,Efetivada,33189459000134,33189459,1,34,1,COOPERAGRI,4712100,"0111302,0111399,0121101,0133402,0133403,0133404,0133408,0133409,0133410,0133499,0139303,0139304,0139399,0141501,0141502,0142300,0151201,0151202,0152102,0152103,0153901,0153902,0154700,0155501,0155502,0155503,0155504,0155505,0159801,0161003,0210105,0210106,0210107,0210108,0210199,0220901,0220902,0220906,0220999,0230600,0312401,0322101,1011201,1011203,1011205,1012101,1012102,1012103,1012104,1013901,1013902,1020101,1031700,1032599,1033301,1033302,1041400,1042200,1051100,1052000,1063500,1064300,1065101,1066000,1091102,1092900,1095300,4611700,4623101,4623102,4623103,4623106,4623108,4623109,4623199,4631100,4632001,4632002,4632003,4633801,4633802,4634601,4634602,4634603,4634699,4637102,4637103,4637104,4637105,4671100,4692300,4721103,4722901,4722902,4724500,4789002,7490103,8219999",RUA,CORONEL LUCIO,719,,CENTRO,63700061,1383,33189459000134,1383,CRATEUS,Crateús,Sertão dos Crateús,CRATEUS,COOPERATIVA DA AGRICULTURA FAMILIAR DOS SERTÕES DE CRATEÚS,CAF Emitido,,,18/01/2024 15:38:00,12/05/2025 11:24:04,43.0,23.0,"100,00",COOPERATIVA DA AGRICULTURA FAMILIAR DOS SERTÕES DE CRATEÚS,Crateús,CAF Emitido,,,18/01/2024 15:38:00,22/04/2025 16:55:01,43.0,19,100,COOPERAGRI,4712100.0,"0111302,0111399,0121101,0133402,0133403,0133404,0133408,0133409,0133410,0133499,0139303,0139304,0139399,0141501,0141502,0142300,0151201,0151202,0152102,0152103,0153901,0153902,0154700,0155501,0155502,0155503,0155504,0155505,0159801,0161003,0210105,0210106,0210107,0210108,0210199,0220901,0220902,0220906,0220999,0230600,0312401,0322101,1011201,1011203,1011205,1012101,1012102,1012103,1012104,1013901,1013902,1020101,1031700,1032599,1033301,1033302,1041400,1042200,1051100,1052000,1063500,1064300,1065101,1066000,1091102,1092900,1095300,4611700,4623101,4623102,4623103,4623106,4623108,4623109,4623199,4631100,4632001,4632002,4632003,4633801,4633802,4634601,4634602,4634603,4634699,4637102,4637103,4637104,4637105,4671100,4692300,4721103,4722901,4722902,4724500,4789002,7490103,8219999",RUA,CORONEL LUCIO,719,,CENTRO,63700061.0,1383.0,"RUA CORONEL LUCIO, 719, CENTRO Crateús-CE","-5,178257","-40,6684543"
185,1285146,CARITAS DIOCESANA DE CRATEUS CDC,"2,02412E+16",65658.0,"45638,49355",33189459000134,COOPERATIVA DA AGRICULTURA FAMILIAR DOS SERTOES DE CRATEUS,Nota Fiscal,"Gêneros Alimentícios ( Proteínas, Carboidratos, Hortaliças, Sódios e Lipídios) 
",45639,Efetivada,33189459000134,33189459,1,34,1,COOPERAGRI,4712100,"0111302,0111399,0121101,0133402,0133403,0133404,0133408,0133409,0133410,0133499,0139303,0139304,0139399,0141501,0141502,0142300,0151201,0151202,0152102,0152103,0153901,0153902,0154700,0155501,0155502,0155503,0155504,0155505,0159801,0161003,0210105,0210106,0210107,0210108,0210199,0220901,0220902,0220906,0220999,0230600,0312401,0322101,1011201,1011203,1011205,1012101,1012102,1012103,1012104,1013901,1013902,1020101,1031700,1032599,1033301,1033302,1041400,1042200,1051100,1052000,1063500,1064300,1065101,1066000,1091102,1092900,1095300,4611700,4623101,4623102,4623103,4623106,4623108,4623109,4623199,4631100,4632001,4632002,4632003,4633801,4633802,4634601,4634602,4634603,4634699,4637102,4637103,4637104,4637105,4671100,4692300,4721103,4722901,4722902,4724500,4789002,7490103,8219999",RUA,CORONEL LUCIO,719,,CENTRO,63700061,1383,33189459000134,1383,CRATEUS,Crateús,Sertão dos Crateús,CRATEUS,COOPERATIVA DA AGRICULTURA FAMILIAR DOS SERTÕES DE CRATEÚS,CAF Emitido,,,18/01/2024 15:38:00,12/05/2025 11:24:04,43.0,23.0,"100,00",COOPERATIVA DA AGRICULTURA FAMILIAR DOS SERTÕES DE CRATEÚS,Crateús,CAF Emitido,,,18/01/2024 15:38:00,22/04/2025 16:55:01,43.0,19,100,COOPERAGRI,4712100.0,"0111302,0111399,0121101,0133402,0133403,0133404,0133408,0133409,0133410,0133499,0139303,0139304,0139399,0141501,0141502,0142300,0151201,0151202,0152102,0152103,0153901,0153902,0154700,0155501,0155502,0155503,0155504,0155505,0159801,0161003,0210105,0210106,0210107,0210108,0210199,0220901,0220902,0220906,0220999,0230600,0312401,0322101,1011201,1011203,1011205,1012101,1012102,1012103,1012104,1013901,1013902,1020101,1031700,1032599,1033301,1033302,1041400,1042200,1051100,1052000,1063500,1064300,1065101,1066000,1091102,1092900,1095300,4611700,4623101,4623102,4623103,4623106,4623108,4623109,4623199,4631100,4632001,4632002,4632003,4633801,4633802,4634601,4634602,4634603,4634699,4637102,4637103,4637104,4637105,4671100,4692300,4721103,4722901,4722902,4724500,4789002,7490103,8219999",RUA,CORONEL LUCIO,719,,CENTRO,63700061.0,1383.0,"RUA CORONEL LUCIO, 719, CENTRO Crateús-CE","-5,178257","-40,6684543"
186,1285146,CARITAS DIOCESANA DE CRATEUS CDC,"2,02501E+16",512058.0,"45679,65611",33189459000134,COOPERATIVA DA AGRICULTURA FAMILIAR DOS SERTOES DE CRATEUS,Nota Fiscal,"Gêneros Alimentícios ( Proteínas, Carboidratos, Hortaliças, Sódios e Lipídios) 
",45680,Efetivada,33189459000134,33189459,1,34,1,COOPERAGRI,4712100,"0111302,0111399,0121101,0133402,0133403,0133404,0133408,0133409,0133410,0133499,0139303,0139304,0139399,0141501,0141502,0142300,0151201,0151202,0152102,0152103,0153901,0153902,0154700,0155501,0155502,0155503,0155504,0155505,0159801,0161003,0210105,0210106,0210107,0210108,0210199,0220901,0220902,0220906,0220999,0230600,0312401,0322101,1011201,1011203,1011205,1012101,1012102,1012103,1012104,1013901,1013902,1020101,1031700,1032599,1033301,1033302,1041400,1042200,1051100,1052000,1063500,1064300,1065101,1066000,1091102,1092900,1095300,4611700,4623101,4623102,4623103,4623106,4623108,4623109,4623199,4631100,4632001,4632002,4632003,4633801,4633802,4634601,4634602,4634603,4634699,4637102,4637103,4637104,4637105,4671100,4692300,4721103,4722901,4722902,4724500,4789002,7490103,8219999",RUA,CORONEL LUCIO,719,,CENTRO,63700061,1383,33189459000134,1383,CRATEUS,Crateús,Sertão dos Crateús,CRATEUS,COOPERATIVA DA AGRICULTURA FAMILIAR DOS SERTÕES DE CRATEÚS,CAF Emitido,,,18/01/2024 15:38:00,12/05/2025 11:24:04,43.0,23.0,"100,00",COOPERATIVA DA AGRICULTURA FAMILIAR DOS SERTÕES DE CRATEÚS,Crateús,CAF Emitido,,,18/01/2024 15:38:00,22/04/2025 16:55:01,43.0,19,100,COOPERAGRI,4712100.0,"0111302,0111399,0121101,0133402,0133403,0133404,0133408,0133409,0133410,0133499,0139303,0139304,0139399,0141501,0141502,0142300,0151201,0151202,0152102,0152103,0153901,0153902,0154700,0155501,0155502,0155503,0155504,0155505,0159801,0161003,0210105,0210106,0210107,0210108,0210199,0220901,0220902,0220906,0220999,0230600,0312401,0322101,1011201,1011203,1011205,1012101,1012102,1012103,1012104,1013901,1013902,1020101,1031700,1032599,1033301,1033302,1041400,1042200,1051100,1052000,1063500,1064300,1065101,1066000,1091102,1092900,1095300,4611700,4623101,4623102,4623103,4623106,4623108,4623109,4623199,4631100,4632001,4632002,4632003,4633801,4633802,4634601,4634602,4634603,4634699,4637102,4637103,4637104,4637105,4671100,4692300,4721103,4722901,4722902,4724500,4789002,7490103,8219999",RUA,CORONEL LUCIO,719,,CENTRO,63700061.0,1383.0,"RUA CORONEL LUCIO, 719, CENTRO Crateús-CE","-5,178257","-40,6684543"
187,1285146,CARITAS DIOCESANA DE CRATEUS CDC,"2,02502E+16",65658.0,"45698,62983",33189459000134,COOPERATIVA DA AGRICULTURA FAMILIAR DOS SERTOES DE CRATEUS,Nota Fiscal,"Gêneros Alimentícios ( Proteínas, Carboidratos, Hortaliças, Sódios e Lipídios) 
",45699,Efetivada,33189459000134,33189459,1,34,1,COOPERAGRI,4712100,"0111302,0111399,0121101,0133402,0133403,0133404,0133408,0133409,0133410,0133499,0139303,0139304,0139399,0141501,0141502,0142300,0151201,0151202,0152102,0152103,0153901,0153902,0154700,0155501,0155502,0155503,0155504,0155505,0159801,0161003,0210105,0210106,0210107,0210108,0210199,0220901,0220902,0220906,0220999,0230600,0312401,0322101,1011201,1011203,1011205,1012101,1012102,1012103,1012104,1013901,1013902,1020101,1031700,1032599,1033301,1033302,1041400,1042200,1051100,1052000,1063500,1064300,1065101,1066000,1091102,1092900,1095300,4611700,4623101,4623102,4623103,4623106,4623108,4623109,4623199,4631100,4632001,4632002,4632003,4633801,4633802,4634601,4634602,4634603,4634699,4637102,4637103,4637104,4637105,4671100,4692300,4721103,4722901,4722902,4724500,4789002,7490103,8219999",RUA,CORONEL LUCIO,719,,CENTRO,63700061,1383,33189459000134,1383,CRATEUS,Crateús,Sertão dos Crateús,CRATEUS,COOPERATIVA DA AGRICULTURA FAMILIAR DOS SERTÕES DE CRATEÚS,CAF Emitido,,,18/01/2024 15:38:00,12/05/2025 11:24:04,43.0,23.0,"100,00",COOPERATIVA DA AGRICULTURA FAMILIAR DOS SERTÕES DE CRATEÚS,Crateús,CAF Emitido,,,18/01/2024 15:38:00,22/04/2025 16:55:01,43.0,19,100,COOPERAGRI,4712100.0,"0111302,0111399,0121101,0133402,0133403,0133404,0133408,0133409,0133410,0133499,0139303,0139304,0139399,0141501,0141502,0142300,0151201,0151202,0152102,0152103,0153901,0153902,0154700,0155501,0155502,0155503,0155504,0155505,0159801,0161003,0210105,0210106,0210107,0210108,0210199,0220901,0220902,0220906,0220999,0230600,0312401,0322101,1011201,1011203,1011205,1012101,1012102,1012103,1012104,1013901,1013902,1020101,1031700,1032599,1033301,1033302,1041400,1042200,1051100,1052000,1063500,1064300,1065101,1066000,1091102,1092900,1095300,4611700,4623101,4623102,4623103,4623106,4623108,4623109,4623199,4631100,4632001,4632002,4632003,4633801,4633802,4634601,4634602,4634603,4634699,4637102,4637103,4637104,4637105,4671100,4692300,4721103,4722901,4722902,4724500,4789002,7490103,8219999",RUA,CORONEL LUCIO,719,,CENTRO,63700061.0,1383.0,"RUA CORONEL LUCIO, 719, CENTRO Crateús-CE","-5,178257","-40,6684543"
188,1285146,CARITAS DIOCESANA DE CRATEUS CDC,"2,02503E+16",621612.0,"45729,67693",33189459000134,COOPERATIVA DA AGRICULTURA FAMILIAR DOS SERTOES DE CRATEUS,Nota Fiscal,"Gêneros Alimentícios ( Proteínas, Carboidratos, Hortaliças, Sódios e Lipídios) 
",45730,Efetivada,33189459000134,33189459,1,34,1,COOPERAGRI,4712100,"0111302,0111399,0121101,0133402,0133403,0133404,0133408,0133409,0133410,0133499,0139303,0139304,0139399,0141501,0141502,0142300,0151201,0151202,0152102,0152103,0153901,0153902,0154700,0155501,0155502,0155503,0155504,0155505,0159801,0161003,0210105,0210106,0210107,0210108,0210199,0220901,0220902,0220906,0220999,0230600,0312401,0322101,1011201,1011203,1011205,1012101,1012102,1012103,1012104,1013901,1013902,1020101,1031700,1032599,1033301,1033302,1041400,1042200,1051100,1052000,1063500,1064300,1065101,1066000,1091102,1092900,1095300,4611700,4623101,4623102,4623103,4623106,4623108,4623109,4623199,4631100,4632001,4632002,4632003,4633801,4633802,4634601,4634602,4634603,4634699,4637102,4637103,4637104,4637105,4671100,4692300,4721103,4722901,4722902,4724500,4789002,7490103,8219999",RUA,CORONEL LUCIO,719,,CENTRO,63700061,1383,33189459000134,1383,CRATEUS,Crateús,Sertão dos Crateús,CRATEUS,COOPERATIVA DA AGRICULTURA FAMILIAR DOS SERTÕES DE CRATEÚS,CAF Emitido,,,18/01/2024 15:38:00,12/05/2025 11:24:04,43.0,23.0,"100,00",COOPERATIVA DA AGRICULTURA FAMILIAR DOS SERTÕES DE CRATEÚS,Crateús,CAF Emitido,,,18/01/2024 15:38:00,22/04/2025 16:55:01,43.0,19,100,COOPERAGRI,4712100.0,"0111302,0111399,0121101,0133402,0133403,0133404,0133408,0133409,0133410,0133499,0139303,0139304,0139399,0141501,0141502,0142300,0151201,0151202,0152102,0152103,0153901,0153902,0154700,0155501,0155502,0155503,0155504,0155505,0159801,0161003,0210105,0210106,0210107,0210108,0210199,0220901,0220902,0220906,0220999,0230600,0312401,0322101,1011201,1011203,1011205,1012101,1012102,1012103,1012104,1013901,1013902,1020101,1031700,1032599,1033301,1033302,1041400,1042200,1051100,1052000,1063500,1064300,1065101,1066000,1091102,1092900,1095300,4611700,4623101,4623102,4623103,4623106,4623108,4623109,4623199,4631100,4632001,4632002,4632003,4633801,4633802,4634601,4634602,4634603,4634699,4637102,4637103,4637104,4637105,4671100,4692300,4721103,4722901,4722902,4724500,4789002,7490103,8219999",RUA,CORONEL LUCIO,719,,CENTRO,63700061.0,1383.0,"RUA CORONEL LUCIO, 719, CENTRO Crateús-CE","-5,178257","-40,6684543"
189,1285146,CARITAS DIOCESANA DE CRATEUS CDC,"2,02504E+16",639096.0,"45755,62969",33189459000134,COOPERATIVA DA AGRICULTURA FAMILIAR DOS SERTOES DE CRATEUS,Nota Fiscal,"Gêneros Alimentícios ( Proteínas, Carboidratos, Hortaliças, Sódios e Lipídios) 
",45756,Efetivada,33189459000134,33189459,1,34,1,COOPERAGRI,4712100,"0111302,0111399,0121101,0133402,0133403,0133404,0133408,0133409,0133410,0133499,0139303,0139304,0139399,0141501,0141502,0142300,0151201,0151202,0152102,0152103,0153901,0153902,0154700,0155501,0155502,0155503,0155504,0155505,0159801,0161003,0210105,0210106,0210107,0210108,0210199,0220901,0220902,0220906,0220999,0230600,0312401,0322101,1011201,1011203,1011205,1012101,1012102,1012103,1012104,1013901,1013902,1020101,1031700,1032599,1033301,1033302,1041400,1042200,1051100,1052000,1063500,1064300,1065101,1066000,1091102,1092900,1095300,4611700,4623101,4623102,4623103,4623106,4623108,4623109,4623199,4631100,4632001,4632002,4632003,4633801,4633802,4634601,4634602,4634603,4634699,4637102,4637103,4637104,4637105,4671100,4692300,4721103,4722901,4722902,4724500,4789002,7490103,8219999",RUA,CORONEL LUCIO,719,,CENTRO,63700061,1383,33189459000134,1383,CRATEUS,Crateús,Sertão dos Crateús,CRATEUS,COOPERATIVA DA AGRICULTURA FAMILIAR DOS SERTÕES DE CRATEÚS,CAF Emitido,,,18/01/2024 15:38:00,12/05/2025 11:24:04,43.0,23.0,"100,00",COOPERATIVA DA AGRICULTURA FAMILIAR DOS SERTÕES DE CRATEÚS,Crateús,CAF Emitido,,,18/01/2024 15:38:00,22/04/2025 16:55:01,43.0,19,100,COOPERAGRI,4712100.0,"0111302,0111399,0121101,0133402,0133403,0133404,0133408,0133409,0133410,0133499,0139303,0139304,0139399,0141501,0141502,0142300,0151201,0151202,0152102,0152103,0153901,0153902,0154700,0155501,0155502,0155503,0155504,0155505,0159801,0161003,0210105,0210106,0210107,0210108,0210199,0220901,0220902,0220906,0220999,0230600,0312401,0322101,1011201,1011203,1011205,1012101,1012102,1012103,1012104,1013901,1013902,1020101,1031700,1032599,1033301,1033302,1041400,1042200,1051100,1052000,1063500,1064300,1065101,1066000,1091102,1092900,1095300,4611700,4623101,4623102,4623103,4623106,4623108,4623109,4623199,4631100,4632001,4632002,4632003,4633801,4633802,4634601,4634602,4634603,4634699,4637102,4637103,4637104,4637105,4671100,4692300,4721103,4722901,4722902,4724500,4789002,7490103,8219999",RUA,CORONEL LUCIO,719,,CENTRO,63700061.0,1383.0,"RUA CORONEL LUCIO, 719, CENTRO Crateús-CE","-5,178257","-40,6684543"
190,1285146,CARITAS DIOCESANA DE CRATEUS CDC,"2,02505E+16",560232.0,"45784,61726",33189459000134,COOPERATIVA DA AGRICULTURA FAMILIAR DOS SERTOES DE CRATEUS,Nota Fiscal,"Gêneros Alimentícios ( Proteínas, Carboidratos, Hortaliças, Sódios e Lipídios) 
",45785,Efetivada,33189459000134,33189459,1,34,1,COOPERAGRI,4712100,"0111302,0111399,0121101,0133402,0133403,0133404,0133408,0133409,0133410,0133499,0139303,0139304,0139399,0141501,0141502,0142300,0151201,0151202,0152102,0152103,0153901,0153902,0154700,0155501,0155502,0155503,0155504,0155505,0159801,0161003,0210105,0210106,0210107,0210108,0210199,0220901,0220902,0220906,0220999,0230600,0312401,0322101,1011201,1011203,1011205,1012101,1012102,1012103,1012104,1013901,1013902,1020101,1031700,1032599,1033301,1033302,1041400,1042200,1051100,1052000,1063500,1064300,1065101,1066000,1091102,1092900,1095300,4611700,4623101,4623102,4623103,4623106,4623108,4623109,4623199,4631100,4632001,4632002,4632003,4633801,4633802,4634601,4634602,4634603,4634699,4637102,4637103,4637104,4637105,4671100,4692300,4721103,4722901,4722902,4724500,4789002,7490103,8219999",RUA,CORONEL LUCIO,719,,CENTRO,63700061,1383,33189459000134,1383,CRATEUS,Crateús,Sertão dos Crateús,CRATEUS,COOPERATIVA DA AGRICULTURA FAMILIAR DOS SERTÕES DE CRATEÚS,CAF Emitido,,,18/01/2024 15:38:00,12/05/2025 11:24:04,43.0,23.0,"100,00",COOPERATIVA DA AGRICULTURA FAMILIAR DOS SERTÕES DE CRATEÚS,Crateús,CAF Emitido,,,18/01/2024 15:38:00,22/04/2025 16:55:01,43.0,19,100,COOPERAGRI,4712100.0,"0111302,0111399,0121101,0133402,0133403,0133404,0133408,0133409,0133410,0133499,0139303,0139304,0139399,0141501,0141502,0142300,0151201,0151202,0152102,0152103,0153901,0153902,0154700,0155501,0155502,0155503,0155504,0155505,0159801,0161003,0210105,0210106,0210107,0210108,0210199,0220901,0220902,0220906,0220999,0230600,0312401,0322101,1011201,1011203,1011205,1012101,1012102,1012103,1012104,1013901,1013902,1020101,1031700,1032599,1033301,1033302,1041400,1042200,1051100,1052000,1063500,1064300,1065101,1066000,1091102,1092900,1095300,4611700,4623101,4623102,4623103,4623106,4623108,4623109,4623199,4631100,4632001,4632002,4632003,4633801,4633802,4634601,4634602,4634603,4634699,4637102,4637103,4637104,4637105,4671100,4692300,4721103,4722901,4722902,4724500,4789002,7490103,8219999",RUA,CORONEL LUCIO,719,,CENTRO,63700061.0,1383.0,"RUA CORONEL LUCIO, 719, CENTRO Crateús-CE","-5,178257","-40,6684543"
191,1285146,CARITAS DIOCESANA DE CRATEUS CDC,"2,02505E+16",50778.0,"45805,71979",33189459000134,COOPERATIVA DA AGRICULTURA FAMILIAR DOS SERTOES DE CRATEUS,Nota Fiscal,"Gêneros Alimentícios ( Proteínas, Carboidratos, Hortaliças, Sódios e Lipídios) 
",45806,Efetivada,33189459000134,33189459,1,34,1,COOPERAGRI,4712100,"0111302,0111399,0121101,0133402,0133403,0133404,0133408,0133409,0133410,0133499,0139303,0139304,0139399,0141501,0141502,0142300,0151201,0151202,0152102,0152103,0153901,0153902,0154700,0155501,0155502,0155503,0155504,0155505,0159801,0161003,0210105,0210106,0210107,0210108,0210199,0220901,0220902,0220906,0220999,0230600,0312401,0322101,1011201,1011203,1011205,1012101,1012102,1012103,1012104,1013901,1013902,1020101,1031700,1032599,1033301,1033302,1041400,1042200,1051100,1052000,1063500,1064300,1065101,1066000,1091102,1092900,1095300,4611700,4623101,4623102,4623103,4623106,4623108,4623109,4623199,4631100,4632001,4632002,4632003,4633801,4633802,4634601,4634602,4634603,4634699,4637102,4637103,4637104,4637105,4671100,4692300,4721103,4722901,4722902,4724500,4789002,7490103,8219999",RUA,CORONEL LUCIO,719,,CENTRO,63700061,1383,33189459000134,1383,CRATEUS,Crateús,Sertão dos Crateús,CRATEUS,COOPERATIVA DA AGRICULTURA FAMILIAR DOS SERTÕES DE CRATEÚS,CAF Emitido,,,18/01/2024 15:38:00,12/05/2025 11:24:04,43.0,23.0,"100,00",COOPERATIVA DA AGRICULTURA FAMILIAR DOS SERTÕES DE CRATEÚS,Crateús,CAF Emitido,,,18/01/2024 15:38:00,22/04/2025 16:55:01,43.0,19,100,COOPERAGRI,4712100.0,"0111302,0111399,0121101,0133402,0133403,0133404,0133408,0133409,0133410,0133499,0139303,0139304,0139399,0141501,0141502,0142300,0151201,0151202,0152102,0152103,0153901,0153902,0154700,0155501,0155502,0155503,0155504,0155505,0159801,0161003,0210105,0210106,0210107,0210108,0210199,0220901,0220902,0220906,0220999,0230600,0312401,0322101,1011201,1011203,1011205,1012101,1012102,1012103,1012104,1013901,1013902,1020101,1031700,1032599,1033301,1033302,1041400,1042200,1051100,1052000,1063500,1064300,1065101,1066000,1091102,1092900,1095300,4611700,4623101,4623102,4623103,4623106,4623108,4623109,4623199,4631100,4632001,4632002,4632003,4633801,4633802,4634601,4634602,4634603,4634699,4637102,4637103,4637104,4637105,4671100,4692300,4721103,4722901,4722902,4724500,4789002,7490103,8219999",RUA,CORONEL LUCIO,719,,CENTRO,63700061.0,1383.0,"RUA CORONEL LUCIO, 719, CENTRO Crateús-CE","-5,178257","-40,6684543"
192,1285146,CARITAS DIOCESANA DE CRATEUS CDC,"2,02506E+16",83607.0,"45825,65128",33189459000134,COOPERATIVA DA AGRICULTURA FAMILIAR DOS SERTOES DE CRATEUS,Nota Fiscal,"Gêneros Alimentícios ( Proteínas, Carboidratos, Hortaliças, Sódios e Lipídios) 
",45826,Efetivada,33189459000134,33189459,1,34,1,COOPERAGRI,4712100,"0111302,0111399,0121101,0133402,0133403,0133404,0133408,0133409,0133410,0133499,0139303,0139304,0139399,0141501,0141502,0142300,0151201,0151202,0152102,0152103,0153901,0153902,0154700,0155501,0155502,0155503,0155504,0155505,0159801,0161003,0210105,0210106,0210107,0210108,0210199,0220901,0220902,0220906,0220999,0230600,0312401,0322101,1011201,1011203,1011205,1012101,1012102,1012103,1012104,1013901,1013902,1020101,1031700,1032599,1033301,1033302,1041400,1042200,1051100,1052000,1063500,1064300,1065101,1066000,1091102,1092900,1095300,4611700,4623101,4623102,4623103,4623106,4623108,4623109,4623199,4631100,4632001,4632002,4632003,4633801,4633802,4634601,4634602,4634603,4634699,4637102,4637103,4637104,4637105,4671100,4692300,4721103,4722901,4722902,4724500,4789002,7490103,8219999",RUA,CORONEL LUCIO,719,,CENTRO,63700061,1383,33189459000134,1383,CRATEUS,Crateús,Sertão dos Crateús,CRATEUS,COOPERATIVA DA AGRICULTURA FAMILIAR DOS SERTÕES DE CRATEÚS,CAF Emitido,,,18/01/2024 15:38:00,12/05/2025 11:24:04,43.0,23.0,"100,00",COOPERATIVA DA AGRICULTURA FAMILIAR DOS SERTÕES DE CRATEÚS,Crateús,CAF Emitido,,,18/01/2024 15:38:00,22/04/2025 16:55:01,43.0,19,100,COOPERAGRI,4712100.0,"0111302,0111399,0121101,0133402,0133403,0133404,0133408,0133409,0133410,0133499,0139303,0139304,0139399,0141501,0141502,0142300,0151201,0151202,0152102,0152103,0153901,0153902,0154700,0155501,0155502,0155503,0155504,0155505,0159801,0161003,0210105,0210106,0210107,0210108,0210199,0220901,0220902,0220906,0220999,0230600,0312401,0322101,1011201,1011203,1011205,1012101,1012102,1012103,1012104,1013901,1013902,1020101,1031700,1032599,1033301,1033302,1041400,1042200,1051100,1052000,1063500,1064300,1065101,1066000,1091102,1092900,1095300,4611700,4623101,4623102,4623103,4623106,4623108,4623109,4623199,4631100,4632001,4632002,4632003,4633801,4633802,4634601,4634602,4634603,4634699,4637102,4637103,4637104,4637105,4671100,4692300,4721103,4722901,4722902,4724500,4789002,7490103,8219999",RUA,CORONEL LUCIO,719,,CENTRO,63700061.0,1383.0,"RUA CORONEL LUCIO, 719, CENTRO Crateús-CE","-5,178257","-40,6684543"
193,1285376,ACACE ASSOCO DE COOP AGRIC DO EST CE,"2,02406E+16",5733432.0,"45455,57453",12272377000189,COOPERATIVA DA AGRICULTURA FAMILIAR LTDA,Nota Fiscal,"Gêneros Alimentícios ( Proteínas, Carboidratos, Hortaliças, Sódios e Lipídios) 
",45456,Efetivada,12272377000189,12272377,1,89,1,COAF,4729699,"0111301,0111302,0111399,0112101,0113000,0115600,0116403,0116499,0119905,0119906,0119999,0121101,0133402,0133408,0133410,0133499,0139304,0139399,0141501,0142300,0151201,0151202,0152102,0153901,0153902,0154700,0155501,0155502,0155503,0155504,0155505,0159801,0161001,0161002,0161003,0161099,0162801,0162803,0162899,0163600,0312401,0312404,0321301,0322101,0322102,0322107,1011201,1011203,1011205,1012101,1012102,1012103,1013901,1020101,1020102,1031700,1032599,1033301,1033302,1041400,1042200,1051100,1052000,1061901,1063500,1064300,1065101,1066000,1069400,1311100,2013402,3821100,3839401,3900500,4622200,4623101,4623102,4623106,4623108,4623109,4623199,4631100,4632001,4632002,4632003,4633801,4633802,4633803,4634601,4634602,4634699,4637102,4637103,4637104,4637105,4637107,4637199,4639701,4724500",COMUNIDADE,SITIOS NOVOS,SN,,BARRENTO,62515000,1429,12272377000189,1429,ITAPIPOCA,Itapipoca,Litoral Oeste / Vale do Curu,ITAPIPOCA,COAF - COOPERATIVA DA AGRICULTURA FAMILIAR LTDA,CAF Emitido,UNICAFES,06/02/2026,20/01/2023 11:17:44,29/05/2025 13:38:15,246.0,75.0,"99,19",COAF - COOPERATIVA DA AGRICULTURA FAMILIAR LTDA,Itapipoca,Aberto apenas para Atualização de Informações,,,20/01/2023 11:17:44,25/04/2025 14:21:23,246.0,89,"99,19",COAF,4729699.0,"0111301,0111302,0111399,0112101,0113000,0115600,0116403,0116499,0119905,0119906,0119999,0121101,0133402,0133408,0133410,0133499,0139304,0139399,0141501,0142300,0151201,0151202,0152102,0153901,0153902,0154700,0155501,0155502,0155503,0155504,0155505,0159801,0161001,0161002,0161003,0161099,0162801,0162803,0162899,0163600,0312401,0312404,0321301,0322101,0322102,0322107,1011201,1011203,1011205,1012101,1012102,1012103,1013901,1020101,1020102,1031700,1032599,1033301,1033302,1041400,1042200,1051100,1052000,1061901,1063500,1064300,1065101,1066000,1069400,1311100,2013402,3821100,3839401,3900500,4622200,4623101,4623102,4623106,4623108,4623109,4623199,4631100,4632001,4632002,4632003,4633801,4633802,4633803,4634601,4634602,4634699,4637102,4637103,4637104,4637105,4637107,4637199,4639701,4724500",COMUNIDADE,SITIOS NOVOS,SN,,BARRENTO,62515000.0,1429.0,"COMUNIDADE SITIOS NOVOS, SN, BARRENTO Itapipoca-CE","-3,3589814","-39,5353931"
194,1285376,ACACE ASSOCO DE COOP AGRIC DO EST CE,"2,02406E+16",152000.0,"45463,6295",36396374000115,COOPERATIVA REGIONAL DOS ASSENTADOS DA REGIÃO DO LITORAL NORTE,Nota Fiscal,"Gêneros Alimentícios ( Proteínas, Carboidratos, Hortaliças, Sódios e Lipídios) 
",45464,Efetivada,36396374000115,36396374,1,15,1,COOPRANORTE,4637199,"0161099,1063500,4623199,4929902",RUA,PROFESSORA MARIA TOME,703,,BAIRRO DO CAMPO,62540000,1587,36396374000115,1587,AMONTADA,Amontada,Litoral Oeste / Vale do Curu,AMONTADA,COOPERATIVA  REGIONAL DOS ASSENTADOS DA REGIÃO LITORAL NORTE- COOPRANORTE,Processo Enviado,MST_CCA,,20/05/2020 15:00:57,27/03/2024 10:20:49,75.0,40.0,"66,67",COOPERATIVA  REGIONAL DOS ASSENTADOS DA REGIÃO LITORAL NORTE- COOPRANORTE,Amontada,Processo Enviado,MST_CCA,,20/05/2020 15:00:57,27/03/2024 10:20:49,75.0,40,64,COOPRANORTE,4637199.0,"0161099,1063500,4623199,4929902",RUA,PROFESSORA MARIA TOME,703,,BAIRRO DO CAMPO,62540000.0,1587.0,"RUA PROFESSORA MARIA TOME, 703, BAIRRO DO CAMPO Amontada-CE","-3,3618012","-39,8308597"
195,1285376,ACACE ASSOCO DE COOP AGRIC DO EST CE,"2,02407E+16",5733432.0,"45483,70072",12272377000189,COOPERATIVA DA AGRICULTURA FAMILIAR LTDA,Nota Fiscal,"Gêneros Alimentícios ( Proteínas, Carboidratos, Hortaliças, Sódios e Lipídios) 
",45484,Efetivada,12272377000189,12272377,1,89,1,COAF,4729699,"0111301,0111302,0111399,0112101,0113000,0115600,0116403,0116499,0119905,0119906,0119999,0121101,0133402,0133408,0133410,0133499,0139304,0139399,0141501,0142300,0151201,0151202,0152102,0153901,0153902,0154700,0155501,0155502,0155503,0155504,0155505,0159801,0161001,0161002,0161003,0161099,0162801,0162803,0162899,0163600,0312401,0312404,0321301,0322101,0322102,0322107,1011201,1011203,1011205,1012101,1012102,1012103,1013901,1020101,1020102,1031700,1032599,1033301,1033302,1041400,1042200,1051100,1052000,1061901,1063500,1064300,1065101,1066000,1069400,1311100,2013402,3821100,3839401,3900500,4622200,4623101,4623102,4623106,4623108,4623109,4623199,4631100,4632001,4632002,4632003,4633801,4633802,4633803,4634601,4634602,4634699,4637102,4637103,4637104,4637105,4637107,4637199,4639701,4724500",COMUNIDADE,SITIOS NOVOS,SN,,BARRENTO,62515000,1429,12272377000189,1429,ITAPIPOCA,Itapipoca,Litoral Oeste / Vale do Curu,ITAPIPOCA,COAF - COOPERATIVA DA AGRICULTURA FAMILIAR LTDA,CAF Emitido,UNICAFES,06/02/2026,20/01/2023 11:17:44,29/05/2025 13:38:15,246.0,75.0,"99,19",COAF - COOPERATIVA DA AGRICULTURA FAMILIAR LTDA,Itapipoca,Aberto apenas para Atualização de Informações,,,20/01/2023 11:17:44,25/04/2025 14:21:23,246.0,89,"99,19",COAF,4729699.0,"0111301,0111302,0111399,0112101,0113000,0115600,0116403,0116499,0119905,0119906,0119999,0121101,0133402,0133408,0133410,0133499,0139304,0139399,0141501,0142300,0151201,0151202,0152102,0153901,0153902,0154700,0155501,0155502,0155503,0155504,0155505,0159801,0161001,0161002,0161003,0161099,0162801,0162803,0162899,0163600,0312401,0312404,0321301,0322101,0322102,0322107,1011201,1011203,1011205,1012101,1012102,1012103,1013901,1020101,1020102,1031700,1032599,1033301,1033302,1041400,1042200,1051100,1052000,1061901,1063500,1064300,1065101,1066000,1069400,1311100,2013402,3821100,3839401,3900500,4622200,4623101,4623102,4623106,4623108,4623109,4623199,4631100,4632001,4632002,4632003,4633801,4633802,4633803,4634601,4634602,4634699,4637102,4637103,4637104,4637105,4637107,4637199,4639701,4724500",COMUNIDADE,SITIOS NOVOS,SN,,BARRENTO,62515000.0,1429.0,"COMUNIDADE SITIOS NOVOS, SN, BARRENTO Itapipoca-CE","-3,3589814","-39,5353931"
196,1285376,ACACE ASSOCO DE COOP AGRIC DO EST CE,"2,02407E+16",152000.0,"45495,57131",36396374000115,COOPERATIVA REGIONAL DOS ASSENTADOS DA REGIÃO DO LITORAL NORTE,Nota Fiscal,"Gêneros Alimentícios ( Proteínas, Carboidratos, Hortaliças, Sódios e Lipídios) 
",45496,Efetivada,36396374000115,36396374,1,15,1,COOPRANORTE,4637199,"0161099,1063500,4623199,4929902",RUA,PROFESSORA MARIA TOME,703,,BAIRRO DO CAMPO,62540000,1587,36396374000115,1587,AMONTADA,Amontada,Litoral Oeste / Vale do Curu,AMONTADA,COOPERATIVA  REGIONAL DOS ASSENTADOS DA REGIÃO LITORAL NORTE- COOPRANORTE,Processo Enviado,MST_CCA,,20/05/2020 15:00:57,27/03/2024 10:20:49,75.0,40.0,"66,67",COOPERATIVA  REGIONAL DOS ASSENTADOS DA REGIÃO LITORAL NORTE- COOPRANORTE,Amontada,Processo Enviado,MST_CCA,,20/05/2020 15:00:57,27/03/2024 10:20:49,75.0,40,64,COOPRANORTE,4637199.0,"0161099,1063500,4623199,4929902",RUA,PROFESSORA MARIA TOME,703,,BAIRRO DO CAMPO,62540000.0,1587.0,"RUA PROFESSORA MARIA TOME, 703, BAIRRO DO CAMPO Amontada-CE","-3,3618012","-39,8308597"
197,1285376,ACACE ASSOCO DE COOP AGRIC DO EST CE,"2,02407E+16",58000.0,"45496,56806",36396374000115,COOPERATIVA REGIONAL DOS ASSENTADOS DA REGIÃO DO LITORAL NORTE,Nota Fiscal,"Gêneros Alimentícios ( Proteínas, Carboidratos, Hortaliças, Sódios e Lipídios) 
",45497,Efetivada,36396374000115,36396374,1,15,1,COOPRANORTE,4637199,"0161099,1063500,4623199,4929902",RUA,PROFESSORA MARIA TOME,703,,BAIRRO DO CAMPO,62540000,1587,36396374000115,1587,AMONTADA,Amontada,Litoral Oeste / Vale do Curu,AMONTADA,COOPERATIVA  REGIONAL DOS ASSENTADOS DA REGIÃO LITORAL NORTE- COOPRANORTE,Processo Enviado,MST_CCA,,20/05/2020 15:00:57,27/03/2024 10:20:49,75.0,40.0,"66,67",COOPERATIVA  REGIONAL DOS ASSENTADOS DA REGIÃO LITORAL NORTE- COOPRANORTE,Amontada,Processo Enviado,MST_CCA,,20/05/2020 15:00:57,27/03/2024 10:20:49,75.0,40,64,COOPRANORTE,4637199.0,"0161099,1063500,4623199,4929902",RUA,PROFESSORA MARIA TOME,703,,BAIRRO DO CAMPO,62540000.0,1587.0,"RUA PROFESSORA MARIA TOME, 703, BAIRRO DO CAMPO Amontada-CE","-3,3618012","-39,8308597"
198,1285376,ACACE ASSOCO DE COOP AGRIC DO EST CE,"2,02407E+16",523719.0,"45503,66569",12272377000189,COOPERATIVA DA AGRICULTURA FAMILIAR LTDA,Nota Fiscal,"Gêneros Alimentícios ( Proteínas, Carboidratos, Hortaliças, Sódios e Lipídios) 
",45504,Efetivada,12272377000189,12272377,1,89,1,COAF,4729699,"0111301,0111302,0111399,0112101,0113000,0115600,0116403,0116499,0119905,0119906,0119999,0121101,0133402,0133408,0133410,0133499,0139304,0139399,0141501,0142300,0151201,0151202,0152102,0153901,0153902,0154700,0155501,0155502,0155503,0155504,0155505,0159801,0161001,0161002,0161003,0161099,0162801,0162803,0162899,0163600,0312401,0312404,0321301,0322101,0322102,0322107,1011201,1011203,1011205,1012101,1012102,1012103,1013901,1020101,1020102,1031700,1032599,1033301,1033302,1041400,1042200,1051100,1052000,1061901,1063500,1064300,1065101,1066000,1069400,1311100,2013402,3821100,3839401,3900500,4622200,4623101,4623102,4623106,4623108,4623109,4623199,4631100,4632001,4632002,4632003,4633801,4633802,4633803,4634601,4634602,4634699,4637102,4637103,4637104,4637105,4637107,4637199,4639701,4724500",COMUNIDADE,SITIOS NOVOS,SN,,BARRENTO,62515000,1429,12272377000189,1429,ITAPIPOCA,Itapipoca,Litoral Oeste / Vale do Curu,ITAPIPOCA,COAF - COOPERATIVA DA AGRICULTURA FAMILIAR LTDA,CAF Emitido,UNICAFES,06/02/2026,20/01/2023 11:17:44,29/05/2025 13:38:15,246.0,75.0,"99,19",COAF - COOPERATIVA DA AGRICULTURA FAMILIAR LTDA,Itapipoca,Aberto apenas para Atualização de Informações,,,20/01/2023 11:17:44,25/04/2025 14:21:23,246.0,89,"99,19",COAF,4729699.0,"0111301,0111302,0111399,0112101,0113000,0115600,0116403,0116499,0119905,0119906,0119999,0121101,0133402,0133408,0133410,0133499,0139304,0139399,0141501,0142300,0151201,0151202,0152102,0153901,0153902,0154700,0155501,0155502,0155503,0155504,0155505,0159801,0161001,0161002,0161003,0161099,0162801,0162803,0162899,0163600,0312401,0312404,0321301,0322101,0322102,0322107,1011201,1011203,1011205,1012101,1012102,1012103,1013901,1020101,1020102,1031700,1032599,1033301,1033302,1041400,1042200,1051100,1052000,1061901,1063500,1064300,1065101,1066000,1069400,1311100,2013402,3821100,3839401,3900500,4622200,4623101,4623102,4623106,4623108,4623109,4623199,4631100,4632001,4632002,4632003,4633801,4633802,4633803,4634601,4634602,4634699,4637102,4637103,4637104,4637105,4637107,4637199,4639701,4724500",COMUNIDADE,SITIOS NOVOS,SN,,BARRENTO,62515000.0,1429.0,"COMUNIDADE SITIOS NOVOS, SN, BARRENTO Itapipoca-CE","-3,3589814","-39,5353931"
199,1285376,ACACE ASSOCO DE COOP AGRIC DO EST CE,"2,02408E+16",523719.0,"45511,60942",12272377000189,COOPERATIVA DA AGRICULTURA FAMILIAR LTDA,Nota Fiscal,"Gêneros Alimentícios ( Proteínas, Carboidratos, Hortaliças, Sódios e Lipídios) 
",45512,Efetivada,12272377000189,12272377,1,89,1,COAF,4729699,"0111301,0111302,0111399,0112101,0113000,0115600,0116403,0116499,0119905,0119906,0119999,0121101,0133402,0133408,0133410,0133499,0139304,0139399,0141501,0142300,0151201,0151202,0152102,0153901,0153902,0154700,0155501,0155502,0155503,0155504,0155505,0159801,0161001,0161002,0161003,0161099,0162801,0162803,0162899,0163600,0312401,0312404,0321301,0322101,0322102,0322107,1011201,1011203,1011205,1012101,1012102,1012103,1013901,1020101,1020102,1031700,1032599,1033301,1033302,1041400,1042200,1051100,1052000,1061901,1063500,1064300,1065101,1066000,1069400,1311100,2013402,3821100,3839401,3900500,4622200,4623101,4623102,4623106,4623108,4623109,4623199,4631100,4632001,4632002,4632003,4633801,4633802,4633803,4634601,4634602,4634699,4637102,4637103,4637104,4637105,4637107,4637199,4639701,4724500",COMUNIDADE,SITIOS NOVOS,SN,,BARRENTO,62515000,1429,12272377000189,1429,ITAPIPOCA,Itapipoca,Litoral Oeste / Vale do Curu,ITAPIPOCA,COAF - COOPERATIVA DA AGRICULTURA FAMILIAR LTDA,CAF Emitido,UNICAFES,06/02/2026,20/01/2023 11:17:44,29/05/2025 13:38:15,246.0,75.0,"99,19",COAF - COOPERATIVA DA AGRICULTURA FAMILIAR LTDA,Itapipoca,Aberto apenas para Atualização de Informações,,,20/01/2023 11:17:44,25/04/2025 14:21:23,246.0,89,"99,19",COAF,4729699.0,"0111301,0111302,0111399,0112101,0113000,0115600,0116403,0116499,0119905,0119906,0119999,0121101,0133402,0133408,0133410,0133499,0139304,0139399,0141501,0142300,0151201,0151202,0152102,0153901,0153902,0154700,0155501,0155502,0155503,0155504,0155505,0159801,0161001,0161002,0161003,0161099,0162801,0162803,0162899,0163600,0312401,0312404,0321301,0322101,0322102,0322107,1011201,1011203,1011205,1012101,1012102,1012103,1013901,1020101,1020102,1031700,1032599,1033301,1033302,1041400,1042200,1051100,1052000,1061901,1063500,1064300,1065101,1066000,1069400,1311100,2013402,3821100,3839401,3900500,4622200,4623101,4623102,4623106,4623108,4623109,4623199,4631100,4632001,4632002,4632003,4633801,4633802,4633803,4634601,4634602,4634699,4637102,4637103,4637104,4637105,4637107,4637199,4639701,4724500",COMUNIDADE,SITIOS NOVOS,SN,,BARRENTO,62515000.0,1429.0,"COMUNIDADE SITIOS NOVOS, SN, BARRENTO Itapipoca-CE","-3,3589814","-39,5353931"
200,1285376,ACACE ASSOCO DE COOP AGRIC DO EST CE,"2,02408E+16",152000.0,"45524,37457",36396374000115,COOPERATIVA REGIONAL DOS ASSENTADOS DA REGIÃO DO LITORAL NORTE,Nota Fiscal,"Gêneros Alimentícios ( Proteínas, Carboidratos, Hortaliças, Sódios e Lipídios) 
",45525,Efetivada,36396374000115,36396374,1,15,1,COOPRANORTE,4637199,"0161099,1063500,4623199,4929902",RUA,PROFESSORA MARIA TOME,703,,BAIRRO DO CAMPO,62540000,1587,36396374000115,1587,AMONTADA,Amontada,Litoral Oeste / Vale do Curu,AMONTADA,COOPERATIVA  REGIONAL DOS ASSENTADOS DA REGIÃO LITORAL NORTE- COOPRANORTE,Processo Enviado,MST_CCA,,20/05/2020 15:00:57,27/03/2024 10:20:49,75.0,40.0,"66,67",COOPERATIVA  REGIONAL DOS ASSENTADOS DA REGIÃO LITORAL NORTE- COOPRANORTE,Amontada,Processo Enviado,MST_CCA,,20/05/2020 15:00:57,27/03/2024 10:20:49,75.0,40,64,COOPRANORTE,4637199.0,"0161099,1063500,4623199,4929902",RUA,PROFESSORA MARIA TOME,703,,BAIRRO DO CAMPO,62540000.0,1587.0,"RUA PROFESSORA MARIA TOME, 703, BAIRRO DO CAMPO Amontada-CE","-3,3618012","-39,8308597"
201,1285376,ACACE ASSOCO DE COOP AGRIC DO EST CE,"2,02408E+16",58000.0,"45524,40784",36396374000115,COOPERATIVA REGIONAL DOS ASSENTADOS DA REGIÃO DO LITORAL NORTE,Nota Fiscal,"Gêneros Alimentícios ( Proteínas, Carboidratos, Hortaliças, Sódios e Lipídios) 
",45525,Efetivada,36396374000115,36396374,1,15,1,COOPRANORTE,4637199,"0161099,1063500,4623199,4929902",RUA,PROFESSORA MARIA TOME,703,,BAIRRO DO CAMPO,62540000,1587,36396374000115,1587,AMONTADA,Amontada,Litoral Oeste / Vale do Curu,AMONTADA,COOPERATIVA  REGIONAL DOS ASSENTADOS DA REGIÃO LITORAL NORTE- COOPRANORTE,Processo Enviado,MST_CCA,,20/05/2020 15:00:57,27/03/2024 10:20:49,75.0,40.0,"66,67",COOPERATIVA  REGIONAL DOS ASSENTADOS DA REGIÃO LITORAL NORTE- COOPRANORTE,Amontada,Processo Enviado,MST_CCA,,20/05/2020 15:00:57,27/03/2024 10:20:49,75.0,40,64,COOPRANORTE,4637199.0,"0161099,1063500,4623199,4929902",RUA,PROFESSORA MARIA TOME,703,,BAIRRO DO CAMPO,62540000.0,1587.0,"RUA PROFESSORA MARIA TOME, 703, BAIRRO DO CAMPO Amontada-CE","-3,3618012","-39,8308597"
202,1285376,ACACE ASSOCO DE COOP AGRIC DO EST CE,"2,02408E+16",523719.0,"45533,59391",12272377000189,COOPERATIVA DA AGRICULTURA FAMILIAR LTDA,Nota Fiscal,"Gêneros Alimentícios ( Proteínas, Carboidratos, Hortaliças, Sódios e Lipídios) 
",45534,Efetivada,12272377000189,12272377,1,89,1,COAF,4729699,"0111301,0111302,0111399,0112101,0113000,0115600,0116403,0116499,0119905,0119906,0119999,0121101,0133402,0133408,0133410,0133499,0139304,0139399,0141501,0142300,0151201,0151202,0152102,0153901,0153902,0154700,0155501,0155502,0155503,0155504,0155505,0159801,0161001,0161002,0161003,0161099,0162801,0162803,0162899,0163600,0312401,0312404,0321301,0322101,0322102,0322107,1011201,1011203,1011205,1012101,1012102,1012103,1013901,1020101,1020102,1031700,1032599,1033301,1033302,1041400,1042200,1051100,1052000,1061901,1063500,1064300,1065101,1066000,1069400,1311100,2013402,3821100,3839401,3900500,4622200,4623101,4623102,4623106,4623108,4623109,4623199,4631100,4632001,4632002,4632003,4633801,4633802,4633803,4634601,4634602,4634699,4637102,4637103,4637104,4637105,4637107,4637199,4639701,4724500",COMUNIDADE,SITIOS NOVOS,SN,,BARRENTO,62515000,1429,12272377000189,1429,ITAPIPOCA,Itapipoca,Litoral Oeste / Vale do Curu,ITAPIPOCA,COAF - COOPERATIVA DA AGRICULTURA FAMILIAR LTDA,CAF Emitido,UNICAFES,06/02/2026,20/01/2023 11:17:44,29/05/2025 13:38:15,246.0,75.0,"99,19",COAF - COOPERATIVA DA AGRICULTURA FAMILIAR LTDA,Itapipoca,Aberto apenas para Atualização de Informações,,,20/01/2023 11:17:44,25/04/2025 14:21:23,246.0,89,"99,19",COAF,4729699.0,"0111301,0111302,0111399,0112101,0113000,0115600,0116403,0116499,0119905,0119906,0119999,0121101,0133402,0133408,0133410,0133499,0139304,0139399,0141501,0142300,0151201,0151202,0152102,0153901,0153902,0154700,0155501,0155502,0155503,0155504,0155505,0159801,0161001,0161002,0161003,0161099,0162801,0162803,0162899,0163600,0312401,0312404,0321301,0322101,0322102,0322107,1011201,1011203,1011205,1012101,1012102,1012103,1013901,1020101,1020102,1031700,1032599,1033301,1033302,1041400,1042200,1051100,1052000,1061901,1063500,1064300,1065101,1066000,1069400,1311100,2013402,3821100,3839401,3900500,4622200,4623101,4623102,4623106,4623108,4623109,4623199,4631100,4632001,4632002,4632003,4633801,4633802,4633803,4634601,4634602,4634699,4637102,4637103,4637104,4637105,4637107,4637199,4639701,4724500",COMUNIDADE,SITIOS NOVOS,SN,,BARRENTO,62515000.0,1429.0,"COMUNIDADE SITIOS NOVOS, SN, BARRENTO Itapipoca-CE","-3,3589814","-39,5353931"
203,1285376,ACACE ASSOCO DE COOP AGRIC DO EST CE,"2,02409E+16",523719.0,"45551,32606",12272377000189,COOPERATIVA DA AGRICULTURA FAMILIAR LTDA,Nota Fiscal,"Gêneros Alimentícios ( Proteínas, Carboidratos, Hortaliças, Sódios e Lipídios) 
",45552,Efetivada,12272377000189,12272377,1,89,1,COAF,4729699,"0111301,0111302,0111399,0112101,0113000,0115600,0116403,0116499,0119905,0119906,0119999,0121101,0133402,0133408,0133410,0133499,0139304,0139399,0141501,0142300,0151201,0151202,0152102,0153901,0153902,0154700,0155501,0155502,0155503,0155504,0155505,0159801,0161001,0161002,0161003,0161099,0162801,0162803,0162899,0163600,0312401,0312404,0321301,0322101,0322102,0322107,1011201,1011203,1011205,1012101,1012102,1012103,1013901,1020101,1020102,1031700,1032599,1033301,1033302,1041400,1042200,1051100,1052000,1061901,1063500,1064300,1065101,1066000,1069400,1311100,2013402,3821100,3839401,3900500,4622200,4623101,4623102,4623106,4623108,4623109,4623199,4631100,4632001,4632002,4632003,4633801,4633802,4633803,4634601,4634602,4634699,4637102,4637103,4637104,4637105,4637107,4637199,4639701,4724500",COMUNIDADE,SITIOS NOVOS,SN,,BARRENTO,62515000,1429,12272377000189,1429,ITAPIPOCA,Itapipoca,Litoral Oeste / Vale do Curu,ITAPIPOCA,COAF - COOPERATIVA DA AGRICULTURA FAMILIAR LTDA,CAF Emitido,UNICAFES,06/02/2026,20/01/2023 11:17:44,29/05/2025 13:38:15,246.0,75.0,"99,19",COAF - COOPERATIVA DA AGRICULTURA FAMILIAR LTDA,Itapipoca,Aberto apenas para Atualização de Informações,,,20/01/2023 11:17:44,25/04/2025 14:21:23,246.0,89,"99,19",COAF,4729699.0,"0111301,0111302,0111399,0112101,0113000,0115600,0116403,0116499,0119905,0119906,0119999,0121101,0133402,0133408,0133410,0133499,0139304,0139399,0141501,0142300,0151201,0151202,0152102,0153901,0153902,0154700,0155501,0155502,0155503,0155504,0155505,0159801,0161001,0161002,0161003,0161099,0162801,0162803,0162899,0163600,0312401,0312404,0321301,0322101,0322102,0322107,1011201,1011203,1011205,1012101,1012102,1012103,1013901,1020101,1020102,1031700,1032599,1033301,1033302,1041400,1042200,1051100,1052000,1061901,1063500,1064300,1065101,1066000,1069400,1311100,2013402,3821100,3839401,3900500,4622200,4623101,4623102,4623106,4623108,4623109,4623199,4631100,4632001,4632002,4632003,4633801,4633802,4633803,4634601,4634602,4634699,4637102,4637103,4637104,4637105,4637107,4637199,4639701,4724500",COMUNIDADE,SITIOS NOVOS,SN,,BARRENTO,62515000.0,1429.0,"COMUNIDADE SITIOS NOVOS, SN, BARRENTO Itapipoca-CE","-3,3589814","-39,5353931"
204,1285376,ACACE ASSOCO DE COOP AGRIC DO EST CE,"2,02409E+16",152000.0,"45553,63575",36396374000115,COOPERATIVA REGIONAL DOS ASSENTADOS DA REGIÃO DO LITORAL NORTE,Nota Fiscal,"Gêneros Alimentícios ( Proteínas, Carboidratos, Hortaliças, Sódios e Lipídios) 
",45554,Efetivada,36396374000115,36396374,1,15,1,COOPRANORTE,4637199,"0161099,1063500,4623199,4929902",RUA,PROFESSORA MARIA TOME,703,,BAIRRO DO CAMPO,62540000,1587,36396374000115,1587,AMONTADA,Amontada,Litoral Oeste / Vale do Curu,AMONTADA,COOPERATIVA  REGIONAL DOS ASSENTADOS DA REGIÃO LITORAL NORTE- COOPRANORTE,Processo Enviado,MST_CCA,,20/05/2020 15:00:57,27/03/2024 10:20:49,75.0,40.0,"66,67",COOPERATIVA  REGIONAL DOS ASSENTADOS DA REGIÃO LITORAL NORTE- COOPRANORTE,Amontada,Processo Enviado,MST_CCA,,20/05/2020 15:00:57,27/03/2024 10:20:49,75.0,40,64,COOPRANORTE,4637199.0,"0161099,1063500,4623199,4929902",RUA,PROFESSORA MARIA TOME,703,,BAIRRO DO CAMPO,62540000.0,1587.0,"RUA PROFESSORA MARIA TOME, 703, BAIRRO DO CAMPO Amontada-CE","-3,3618012","-39,8308597"
205,1285376,ACACE ASSOCO DE COOP AGRIC DO EST CE,"2,02409E+16",58000.0,"45553,63626",36396374000115,COOPERATIVA REGIONAL DOS ASSENTADOS DA REGIÃO DO LITORAL NORTE,Nota Fiscal,"Gêneros Alimentícios ( Proteínas, Carboidratos, Hortaliças, Sódios e Lipídios) 
",45554,Efetivada,36396374000115,36396374,1,15,1,COOPRANORTE,4637199,"0161099,1063500,4623199,4929902",RUA,PROFESSORA MARIA TOME,703,,BAIRRO DO CAMPO,62540000,1587,36396374000115,1587,AMONTADA,Amontada,Litoral Oeste / Vale do Curu,AMONTADA,COOPERATIVA  REGIONAL DOS ASSENTADOS DA REGIÃO LITORAL NORTE- COOPRANORTE,Processo Enviado,MST_CCA,,20/05/2020 15:00:57,27/03/2024 10:20:49,75.0,40.0,"66,67",COOPERATIVA  REGIONAL DOS ASSENTADOS DA REGIÃO LITORAL NORTE- COOPRANORTE,Amontada,Processo Enviado,MST_CCA,,20/05/2020 15:00:57,27/03/2024 10:20:49,75.0,40,64,COOPRANORTE,4637199.0,"0161099,1063500,4623199,4929902",RUA,PROFESSORA MARIA TOME,703,,BAIRRO DO CAMPO,62540000.0,1587.0,"RUA PROFESSORA MARIA TOME, 703, BAIRRO DO CAMPO Amontada-CE","-3,3618012","-39,8308597"
206,1285376,ACACE ASSOCO DE COOP AGRIC DO EST CE,"2,0241E+16",1068610.0,"45581,62657",12272377000189,COOPERATIVA DA AGRICULTURA FAMILIAR LTDA,Nota Fiscal,"Gêneros Alimentícios ( Proteínas, Carboidratos, Hortaliças, Sódios e Lipídios) 
",45582,Efetivada,12272377000189,12272377,1,89,1,COAF,4729699,"0111301,0111302,0111399,0112101,0113000,0115600,0116403,0116499,0119905,0119906,0119999,0121101,0133402,0133408,0133410,0133499,0139304,0139399,0141501,0142300,0151201,0151202,0152102,0153901,0153902,0154700,0155501,0155502,0155503,0155504,0155505,0159801,0161001,0161002,0161003,0161099,0162801,0162803,0162899,0163600,0312401,0312404,0321301,0322101,0322102,0322107,1011201,1011203,1011205,1012101,1012102,1012103,1013901,1020101,1020102,1031700,1032599,1033301,1033302,1041400,1042200,1051100,1052000,1061901,1063500,1064300,1065101,1066000,1069400,1311100,2013402,3821100,3839401,3900500,4622200,4623101,4623102,4623106,4623108,4623109,4623199,4631100,4632001,4632002,4632003,4633801,4633802,4633803,4634601,4634602,4634699,4637102,4637103,4637104,4637105,4637107,4637199,4639701,4724500",COMUNIDADE,SITIOS NOVOS,SN,,BARRENTO,62515000,1429,12272377000189,1429,ITAPIPOCA,Itapipoca,Litoral Oeste / Vale do Curu,ITAPIPOCA,COAF - COOPERATIVA DA AGRICULTURA FAMILIAR LTDA,CAF Emitido,UNICAFES,06/02/2026,20/01/2023 11:17:44,29/05/2025 13:38:15,246.0,75.0,"99,19",COAF - COOPERATIVA DA AGRICULTURA FAMILIAR LTDA,Itapipoca,Aberto apenas para Atualização de Informações,,,20/01/2023 11:17:44,25/04/2025 14:21:23,246.0,89,"99,19",COAF,4729699.0,"0111301,0111302,0111399,0112101,0113000,0115600,0116403,0116499,0119905,0119906,0119999,0121101,0133402,0133408,0133410,0133499,0139304,0139399,0141501,0142300,0151201,0151202,0152102,0153901,0153902,0154700,0155501,0155502,0155503,0155504,0155505,0159801,0161001,0161002,0161003,0161099,0162801,0162803,0162899,0163600,0312401,0312404,0321301,0322101,0322102,0322107,1011201,1011203,1011205,1012101,1012102,1012103,1013901,1020101,1020102,1031700,1032599,1033301,1033302,1041400,1042200,1051100,1052000,1061901,1063500,1064300,1065101,1066000,1069400,1311100,2013402,3821100,3839401,3900500,4622200,4623101,4623102,4623106,4623108,4623109,4623199,4631100,4632001,4632002,4632003,4633801,4633802,4633803,4634601,4634602,4634699,4637102,4637103,4637104,4637105,4637107,4637199,4639701,4724500",COMUNIDADE,SITIOS NOVOS,SN,,BARRENTO,62515000.0,1429.0,"COMUNIDADE SITIOS NOVOS, SN, BARRENTO Itapipoca-CE","-3,3589814","-39,5353931"
207,1285376,ACACE ASSOCO DE COOP AGRIC DO EST CE,"2,0241E+16",221655.0,"45589,37331",36396374000115,COOPERATIVA REGIONAL DOS ASSENTADOS DA REGIÃO DO LITORAL NORTE,Nota Fiscal,"Gêneros Alimentícios ( Proteínas, Carboidratos, Hortaliças, Sódios e Lipídios) 
",45590,Efetivada,36396374000115,36396374,1,15,1,COOPRANORTE,4637199,"0161099,1063500,4623199,4929902",RUA,PROFESSORA MARIA TOME,703,,BAIRRO DO CAMPO,62540000,1587,36396374000115,1587,AMONTADA,Amontada,Litoral Oeste / Vale do Curu,AMONTADA,COOPERATIVA  REGIONAL DOS ASSENTADOS DA REGIÃO LITORAL NORTE- COOPRANORTE,Processo Enviado,MST_CCA,,20/05/2020 15:00:57,27/03/2024 10:20:49,75.0,40.0,"66,67",COOPERATIVA  REGIONAL DOS ASSENTADOS DA REGIÃO LITORAL NORTE- COOPRANORTE,Amontada,Processo Enviado,MST_CCA,,20/05/2020 15:00:57,27/03/2024 10:20:49,75.0,40,64,COOPRANORTE,4637199.0,"0161099,1063500,4623199,4929902",RUA,PROFESSORA MARIA TOME,703,,BAIRRO DO CAMPO,62540000.0,1587.0,"RUA PROFESSORA MARIA TOME, 703, BAIRRO DO CAMPO Amontada-CE","-3,3618012","-39,8308597"
208,1285376,ACACE ASSOCO DE COOP AGRIC DO EST CE,"2,02411E+16",1068610.0,"45609,67193",12272377000189,COOPERATIVA DA AGRICULTURA FAMILIAR LTDA,Nota Fiscal,"Gêneros Alimentícios ( Proteínas, Carboidratos, Hortaliças, Sódios e Lipídios) 
",45610,Efetivada,12272377000189,12272377,1,89,1,COAF,4729699,"0111301,0111302,0111399,0112101,0113000,0115600,0116403,0116499,0119905,0119906,0119999,0121101,0133402,0133408,0133410,0133499,0139304,0139399,0141501,0142300,0151201,0151202,0152102,0153901,0153902,0154700,0155501,0155502,0155503,0155504,0155505,0159801,0161001,0161002,0161003,0161099,0162801,0162803,0162899,0163600,0312401,0312404,0321301,0322101,0322102,0322107,1011201,1011203,1011205,1012101,1012102,1012103,1013901,1020101,1020102,1031700,1032599,1033301,1033302,1041400,1042200,1051100,1052000,1061901,1063500,1064300,1065101,1066000,1069400,1311100,2013402,3821100,3839401,3900500,4622200,4623101,4623102,4623106,4623108,4623109,4623199,4631100,4632001,4632002,4632003,4633801,4633802,4633803,4634601,4634602,4634699,4637102,4637103,4637104,4637105,4637107,4637199,4639701,4724500",COMUNIDADE,SITIOS NOVOS,SN,,BARRENTO,62515000,1429,12272377000189,1429,ITAPIPOCA,Itapipoca,Litoral Oeste / Vale do Curu,ITAPIPOCA,COAF - COOPERATIVA DA AGRICULTURA FAMILIAR LTDA,CAF Emitido,UNICAFES,06/02/2026,20/01/2023 11:17:44,29/05/2025 13:38:15,246.0,75.0,"99,19",COAF - COOPERATIVA DA AGRICULTURA FAMILIAR LTDA,Itapipoca,Aberto apenas para Atualização de Informações,,,20/01/2023 11:17:44,25/04/2025 14:21:23,246.0,89,"99,19",COAF,4729699.0,"0111301,0111302,0111399,0112101,0113000,0115600,0116403,0116499,0119905,0119906,0119999,0121101,0133402,0133408,0133410,0133499,0139304,0139399,0141501,0142300,0151201,0151202,0152102,0153901,0153902,0154700,0155501,0155502,0155503,0155504,0155505,0159801,0161001,0161002,0161003,0161099,0162801,0162803,0162899,0163600,0312401,0312404,0321301,0322101,0322102,0322107,1011201,1011203,1011205,1012101,1012102,1012103,1013901,1020101,1020102,1031700,1032599,1033301,1033302,1041400,1042200,1051100,1052000,1061901,1063500,1064300,1065101,1066000,1069400,1311100,2013402,3821100,3839401,3900500,4622200,4623101,4623102,4623106,4623108,4623109,4623199,4631100,4632001,4632002,4632003,4633801,4633802,4633803,4634601,4634602,4634699,4637102,4637103,4637104,4637105,4637107,4637199,4639701,4724500",COMUNIDADE,SITIOS NOVOS,SN,,BARRENTO,62515000.0,1429.0,"COMUNIDADE SITIOS NOVOS, SN, BARRENTO Itapipoca-CE","-3,3589814","-39,5353931"
209,1285376,ACACE ASSOCO DE COOP AGRIC DO EST CE,"2,02411E+16",221655.0,"45623,4112",36396374000115,COOPERATIVA REGIONAL DOS ASSENTADOS DA REGIÃO DO LITORAL NORTE,Nota Fiscal,"Gêneros Alimentícios ( Proteínas, Carboidratos, Hortaliças, Sódios e Lipídios) 
",45624,Efetivada,36396374000115,36396374,1,15,1,COOPRANORTE,4637199,"0161099,1063500,4623199,4929902",RUA,PROFESSORA MARIA TOME,703,,BAIRRO DO CAMPO,62540000,1587,36396374000115,1587,AMONTADA,Amontada,Litoral Oeste / Vale do Curu,AMONTADA,COOPERATIVA  REGIONAL DOS ASSENTADOS DA REGIÃO LITORAL NORTE- COOPRANORTE,Processo Enviado,MST_CCA,,20/05/2020 15:00:57,27/03/2024 10:20:49,75.0,40.0,"66,67",COOPERATIVA  REGIONAL DOS ASSENTADOS DA REGIÃO LITORAL NORTE- COOPRANORTE,Amontada,Processo Enviado,MST_CCA,,20/05/2020 15:00:57,27/03/2024 10:20:49,75.0,40,64,COOPRANORTE,4637199.0,"0161099,1063500,4623199,4929902",RUA,PROFESSORA MARIA TOME,703,,BAIRRO DO CAMPO,62540000.0,1587.0,"RUA PROFESSORA MARIA TOME, 703, BAIRRO DO CAMPO Amontada-CE","-3,3618012","-39,8308597"
210,1285376,ACACE ASSOCO DE COOP AGRIC DO EST CE,"2,02412E+16",1027440.0,"45635,46632",12272377000189,COOPERATIVA DA AGRICULTURA FAMILIAR LTDA,Nota Fiscal,"Gêneros Alimentícios ( Proteínas, Carboidratos, Hortaliças, Sódios e Lipídios) 
",45636,Efetivada,12272377000189,12272377,1,89,1,COAF,4729699,"0111301,0111302,0111399,0112101,0113000,0115600,0116403,0116499,0119905,0119906,0119999,0121101,0133402,0133408,0133410,0133499,0139304,0139399,0141501,0142300,0151201,0151202,0152102,0153901,0153902,0154700,0155501,0155502,0155503,0155504,0155505,0159801,0161001,0161002,0161003,0161099,0162801,0162803,0162899,0163600,0312401,0312404,0321301,0322101,0322102,0322107,1011201,1011203,1011205,1012101,1012102,1012103,1013901,1020101,1020102,1031700,1032599,1033301,1033302,1041400,1042200,1051100,1052000,1061901,1063500,1064300,1065101,1066000,1069400,1311100,2013402,3821100,3839401,3900500,4622200,4623101,4623102,4623106,4623108,4623109,4623199,4631100,4632001,4632002,4632003,4633801,4633802,4633803,4634601,4634602,4634699,4637102,4637103,4637104,4637105,4637107,4637199,4639701,4724500",COMUNIDADE,SITIOS NOVOS,SN,,BARRENTO,62515000,1429,12272377000189,1429,ITAPIPOCA,Itapipoca,Litoral Oeste / Vale do Curu,ITAPIPOCA,COAF - COOPERATIVA DA AGRICULTURA FAMILIAR LTDA,CAF Emitido,UNICAFES,06/02/2026,20/01/2023 11:17:44,29/05/2025 13:38:15,246.0,75.0,"99,19",COAF - COOPERATIVA DA AGRICULTURA FAMILIAR LTDA,Itapipoca,Aberto apenas para Atualização de Informações,,,20/01/2023 11:17:44,25/04/2025 14:21:23,246.0,89,"99,19",COAF,4729699.0,"0111301,0111302,0111399,0112101,0113000,0115600,0116403,0116499,0119905,0119906,0119999,0121101,0133402,0133408,0133410,0133499,0139304,0139399,0141501,0142300,0151201,0151202,0152102,0153901,0153902,0154700,0155501,0155502,0155503,0155504,0155505,0159801,0161001,0161002,0161003,0161099,0162801,0162803,0162899,0163600,0312401,0312404,0321301,0322101,0322102,0322107,1011201,1011203,1011205,1012101,1012102,1012103,1013901,1020101,1020102,1031700,1032599,1033301,1033302,1041400,1042200,1051100,1052000,1061901,1063500,1064300,1065101,1066000,1069400,1311100,2013402,3821100,3839401,3900500,4622200,4623101,4623102,4623106,4623108,4623109,4623199,4631100,4632001,4632002,4632003,4633801,4633802,4633803,4634601,4634602,4634699,4637102,4637103,4637104,4637105,4637107,4637199,4639701,4724500",COMUNIDADE,SITIOS NOVOS,SN,,BARRENTO,62515000.0,1429.0,"COMUNIDADE SITIOS NOVOS, SN, BARRENTO Itapipoca-CE","-3,3589814","-39,5353931"
211,1285376,ACACE ASSOCO DE COOP AGRIC DO EST CE,"2,02412E+16",221655.0,"45644,65513",36396374000115,COOPERATIVA REGIONAL DOS ASSENTADOS DA REGIÃO DO LITORAL NORTE,Nota Fiscal,"Gêneros Alimentícios ( Proteínas, Carboidratos, Hortaliças, Sódios e Lipídios) 
",45645,Efetivada,36396374000115,36396374,1,15,1,COOPRANORTE,4637199,"0161099,1063500,4623199,4929902",RUA,PROFESSORA MARIA TOME,703,,BAIRRO DO CAMPO,62540000,1587,36396374000115,1587,AMONTADA,Amontada,Litoral Oeste / Vale do Curu,AMONTADA,COOPERATIVA  REGIONAL DOS ASSENTADOS DA REGIÃO LITORAL NORTE- COOPRANORTE,Processo Enviado,MST_CCA,,20/05/2020 15:00:57,27/03/2024 10:20:49,75.0,40.0,"66,67",COOPERATIVA  REGIONAL DOS ASSENTADOS DA REGIÃO LITORAL NORTE- COOPRANORTE,Amontada,Processo Enviado,MST_CCA,,20/05/2020 15:00:57,27/03/2024 10:20:49,75.0,40,64,COOPRANORTE,4637199.0,"0161099,1063500,4623199,4929902",RUA,PROFESSORA MARIA TOME,703,,BAIRRO DO CAMPO,62540000.0,1587.0,"RUA PROFESSORA MARIA TOME, 703, BAIRRO DO CAMPO Amontada-CE","-3,3618012","-39,8308597"
212,1285376,ACACE ASSOCO DE COOP AGRIC DO EST CE,"2,02501E+16",1027440.0,"45680,7195",12272377000189,COOPERATIVA DA AGRICULTURA FAMILIAR LTDA,Nota Fiscal,"Gêneros Alimentícios ( Proteínas, Carboidratos, Hortaliças, Sódios e Lipídios) 
",45681,Efetivada,12272377000189,12272377,1,89,1,COAF,4729699,"0111301,0111302,0111399,0112101,0113000,0115600,0116403,0116499,0119905,0119906,0119999,0121101,0133402,0133408,0133410,0133499,0139304,0139399,0141501,0142300,0151201,0151202,0152102,0153901,0153902,0154700,0155501,0155502,0155503,0155504,0155505,0159801,0161001,0161002,0161003,0161099,0162801,0162803,0162899,0163600,0312401,0312404,0321301,0322101,0322102,0322107,1011201,1011203,1011205,1012101,1012102,1012103,1013901,1020101,1020102,1031700,1032599,1033301,1033302,1041400,1042200,1051100,1052000,1061901,1063500,1064300,1065101,1066000,1069400,1311100,2013402,3821100,3839401,3900500,4622200,4623101,4623102,4623106,4623108,4623109,4623199,4631100,4632001,4632002,4632003,4633801,4633802,4633803,4634601,4634602,4634699,4637102,4637103,4637104,4637105,4637107,4637199,4639701,4724500",COMUNIDADE,SITIOS NOVOS,SN,,BARRENTO,62515000,1429,12272377000189,1429,ITAPIPOCA,Itapipoca,Litoral Oeste / Vale do Curu,ITAPIPOCA,COAF - COOPERATIVA DA AGRICULTURA FAMILIAR LTDA,CAF Emitido,UNICAFES,06/02/2026,20/01/2023 11:17:44,29/05/2025 13:38:15,246.0,75.0,"99,19",COAF - COOPERATIVA DA AGRICULTURA FAMILIAR LTDA,Itapipoca,Aberto apenas para Atualização de Informações,,,20/01/2023 11:17:44,25/04/2025 14:21:23,246.0,89,"99,19",COAF,4729699.0,"0111301,0111302,0111399,0112101,0113000,0115600,0116403,0116499,0119905,0119906,0119999,0121101,0133402,0133408,0133410,0133499,0139304,0139399,0141501,0142300,0151201,0151202,0152102,0153901,0153902,0154700,0155501,0155502,0155503,0155504,0155505,0159801,0161001,0161002,0161003,0161099,0162801,0162803,0162899,0163600,0312401,0312404,0321301,0322101,0322102,0322107,1011201,1011203,1011205,1012101,1012102,1012103,1013901,1020101,1020102,1031700,1032599,1033301,1033302,1041400,1042200,1051100,1052000,1061901,1063500,1064300,1065101,1066000,1069400,1311100,2013402,3821100,3839401,3900500,4622200,4623101,4623102,4623106,4623108,4623109,4623199,4631100,4632001,4632002,4632003,4633801,4633802,4633803,4634601,4634602,4634699,4637102,4637103,4637104,4637105,4637107,4637199,4639701,4724500",COMUNIDADE,SITIOS NOVOS,SN,,BARRENTO,62515000.0,1429.0,"COMUNIDADE SITIOS NOVOS, SN, BARRENTO Itapipoca-CE","-3,3589814","-39,5353931"
213,1285376,ACACE ASSOCO DE COOP AGRIC DO EST CE,"2,02501E+16",221655.0,"45684,38584",36396374000115,COOPERATIVA REGIONAL DOS ASSENTADOS DA REGIÃO DO LITORAL NORTE,Nota Fiscal,"Gêneros Alimentícios ( Proteínas, Carboidratos, Hortaliças, Sódios e Lipídios) 
",45685,Efetivada,36396374000115,36396374,1,15,1,COOPRANORTE,4637199,"0161099,1063500,4623199,4929902",RUA,PROFESSORA MARIA TOME,703,,BAIRRO DO CAMPO,62540000,1587,36396374000115,1587,AMONTADA,Amontada,Litoral Oeste / Vale do Curu,AMONTADA,COOPERATIVA  REGIONAL DOS ASSENTADOS DA REGIÃO LITORAL NORTE- COOPRANORTE,Processo Enviado,MST_CCA,,20/05/2020 15:00:57,27/03/2024 10:20:49,75.0,40.0,"66,67",COOPERATIVA  REGIONAL DOS ASSENTADOS DA REGIÃO LITORAL NORTE- COOPRANORTE,Amontada,Processo Enviado,MST_CCA,,20/05/2020 15:00:57,27/03/2024 10:20:49,75.0,40,64,COOPRANORTE,4637199.0,"0161099,1063500,4623199,4929902",RUA,PROFESSORA MARIA TOME,703,,BAIRRO DO CAMPO,62540000.0,1587.0,"RUA PROFESSORA MARIA TOME, 703, BAIRRO DO CAMPO Amontada-CE","-3,3618012","-39,8308597"
214,1285376,ACACE ASSOCO DE COOP AGRIC DO EST CE,"2,02502E+16",218955.0,"45706,67613",36396374000115,COOPERATIVA REGIONAL DOS ASSENTADOS DA REGIÃO DO LITORAL NORTE,Nota Fiscal,"Gêneros Alimentícios ( Proteínas, Carboidratos, Hortaliças, Sódios e Lipídios) 
",45707,Efetivada,36396374000115,36396374,1,15,1,COOPRANORTE,4637199,"0161099,1063500,4623199,4929902",RUA,PROFESSORA MARIA TOME,703,,BAIRRO DO CAMPO,62540000,1587,36396374000115,1587,AMONTADA,Amontada,Litoral Oeste / Vale do Curu,AMONTADA,COOPERATIVA  REGIONAL DOS ASSENTADOS DA REGIÃO LITORAL NORTE- COOPRANORTE,Processo Enviado,MST_CCA,,20/05/2020 15:00:57,27/03/2024 10:20:49,75.0,40.0,"66,67",COOPERATIVA  REGIONAL DOS ASSENTADOS DA REGIÃO LITORAL NORTE- COOPRANORTE,Amontada,Processo Enviado,MST_CCA,,20/05/2020 15:00:57,27/03/2024 10:20:49,75.0,40,64,COOPRANORTE,4637199.0,"0161099,1063500,4623199,4929902",RUA,PROFESSORA MARIA TOME,703,,BAIRRO DO CAMPO,62540000.0,1587.0,"RUA PROFESSORA MARIA TOME, 703, BAIRRO DO CAMPO Amontada-CE","-3,3618012","-39,8308597"
215,1285376,ACACE ASSOCO DE COOP AGRIC DO EST CE,"2,02502E+16",905081.0,"45707,50922",12272377000189,COOPERATIVA DA AGRICULTURA FAMILIAR LTDA,Nota Fiscal,"Gêneros Alimentícios ( Proteínas, Carboidratos, Hortaliças, Sódios e Lipídios) 
",45708,Efetivada,12272377000189,12272377,1,89,1,COAF,4729699,"0111301,0111302,0111399,0112101,0113000,0115600,0116403,0116499,0119905,0119906,0119999,0121101,0133402,0133408,0133410,0133499,0139304,0139399,0141501,0142300,0151201,0151202,0152102,0153901,0153902,0154700,0155501,0155502,0155503,0155504,0155505,0159801,0161001,0161002,0161003,0161099,0162801,0162803,0162899,0163600,0312401,0312404,0321301,0322101,0322102,0322107,1011201,1011203,1011205,1012101,1012102,1012103,1013901,1020101,1020102,1031700,1032599,1033301,1033302,1041400,1042200,1051100,1052000,1061901,1063500,1064300,1065101,1066000,1069400,1311100,2013402,3821100,3839401,3900500,4622200,4623101,4623102,4623106,4623108,4623109,4623199,4631100,4632001,4632002,4632003,4633801,4633802,4633803,4634601,4634602,4634699,4637102,4637103,4637104,4637105,4637107,4637199,4639701,4724500",COMUNIDADE,SITIOS NOVOS,SN,,BARRENTO,62515000,1429,12272377000189,1429,ITAPIPOCA,Itapipoca,Litoral Oeste / Vale do Curu,ITAPIPOCA,COAF - COOPERATIVA DA AGRICULTURA FAMILIAR LTDA,CAF Emitido,UNICAFES,06/02/2026,20/01/2023 11:17:44,29/05/2025 13:38:15,246.0,75.0,"99,19",COAF - COOPERATIVA DA AGRICULTURA FAMILIAR LTDA,Itapipoca,Aberto apenas para Atualização de Informações,,,20/01/2023 11:17:44,25/04/2025 14:21:23,246.0,89,"99,19",COAF,4729699.0,"0111301,0111302,0111399,0112101,0113000,0115600,0116403,0116499,0119905,0119906,0119999,0121101,0133402,0133408,0133410,0133499,0139304,0139399,0141501,0142300,0151201,0151202,0152102,0153901,0153902,0154700,0155501,0155502,0155503,0155504,0155505,0159801,0161001,0161002,0161003,0161099,0162801,0162803,0162899,0163600,0312401,0312404,0321301,0322101,0322102,0322107,1011201,1011203,1011205,1012101,1012102,1012103,1013901,1020101,1020102,1031700,1032599,1033301,1033302,1041400,1042200,1051100,1052000,1061901,1063500,1064300,1065101,1066000,1069400,1311100,2013402,3821100,3839401,3900500,4622200,4623101,4623102,4623106,4623108,4623109,4623199,4631100,4632001,4632002,4632003,4633801,4633802,4633803,4634601,4634602,4634699,4637102,4637103,4637104,4637105,4637107,4637199,4639701,4724500",COMUNIDADE,SITIOS NOVOS,SN,,BARRENTO,62515000.0,1429.0,"COMUNIDADE SITIOS NOVOS, SN, BARRENTO Itapipoca-CE","-3,3589814","-39,5353931"
216,1285376,ACACE ASSOCO DE COOP AGRIC DO EST CE,"2,02503E+16",905081.0,"45728,41169",12272377000189,COOPERATIVA DA AGRICULTURA FAMILIAR LTDA,Nota Fiscal,"Gêneros Alimentícios ( Proteínas, Carboidratos, Hortaliças, Sódios e Lipídios) 
",45729,Efetivada,12272377000189,12272377,1,89,1,COAF,4729699,"0111301,0111302,0111399,0112101,0113000,0115600,0116403,0116499,0119905,0119906,0119999,0121101,0133402,0133408,0133410,0133499,0139304,0139399,0141501,0142300,0151201,0151202,0152102,0153901,0153902,0154700,0155501,0155502,0155503,0155504,0155505,0159801,0161001,0161002,0161003,0161099,0162801,0162803,0162899,0163600,0312401,0312404,0321301,0322101,0322102,0322107,1011201,1011203,1011205,1012101,1012102,1012103,1013901,1020101,1020102,1031700,1032599,1033301,1033302,1041400,1042200,1051100,1052000,1061901,1063500,1064300,1065101,1066000,1069400,1311100,2013402,3821100,3839401,3900500,4622200,4623101,4623102,4623106,4623108,4623109,4623199,4631100,4632001,4632002,4632003,4633801,4633802,4633803,4634601,4634602,4634699,4637102,4637103,4637104,4637105,4637107,4637199,4639701,4724500",COMUNIDADE,SITIOS NOVOS,SN,,BARRENTO,62515000,1429,12272377000189,1429,ITAPIPOCA,Itapipoca,Litoral Oeste / Vale do Curu,ITAPIPOCA,COAF - COOPERATIVA DA AGRICULTURA FAMILIAR LTDA,CAF Emitido,UNICAFES,06/02/2026,20/01/2023 11:17:44,29/05/2025 13:38:15,246.0,75.0,"99,19",COAF - COOPERATIVA DA AGRICULTURA FAMILIAR LTDA,Itapipoca,Aberto apenas para Atualização de Informações,,,20/01/2023 11:17:44,25/04/2025 14:21:23,246.0,89,"99,19",COAF,4729699.0,"0111301,0111302,0111399,0112101,0113000,0115600,0116403,0116499,0119905,0119906,0119999,0121101,0133402,0133408,0133410,0133499,0139304,0139399,0141501,0142300,0151201,0151202,0152102,0153901,0153902,0154700,0155501,0155502,0155503,0155504,0155505,0159801,0161001,0161002,0161003,0161099,0162801,0162803,0162899,0163600,0312401,0312404,0321301,0322101,0322102,0322107,1011201,1011203,1011205,1012101,1012102,1012103,1013901,1020101,1020102,1031700,1032599,1033301,1033302,1041400,1042200,1051100,1052000,1061901,1063500,1064300,1065101,1066000,1069400,1311100,2013402,3821100,3839401,3900500,4622200,4623101,4623102,4623106,4623108,4623109,4623199,4631100,4632001,4632002,4632003,4633801,4633802,4633803,4634601,4634602,4634699,4637102,4637103,4637104,4637105,4637107,4637199,4639701,4724500",COMUNIDADE,SITIOS NOVOS,SN,,BARRENTO,62515000.0,1429.0,"COMUNIDADE SITIOS NOVOS, SN, BARRENTO Itapipoca-CE","-3,3589814","-39,5353931"
217,1285376,ACACE ASSOCO DE COOP AGRIC DO EST CE,"2,02503E+16",221655.0,"45729,69006",36396374000115,COOPERATIVA REGIONAL DOS ASSENTADOS DA REGIÃO DO LITORAL NORTE,Nota Fiscal,"Gêneros Alimentícios ( Proteínas, Carboidratos, Hortaliças, Sódios e Lipídios) 
",45730,Efetivada,36396374000115,36396374,1,15,1,COOPRANORTE,4637199,"0161099,1063500,4623199,4929902",RUA,PROFESSORA MARIA TOME,703,,BAIRRO DO CAMPO,62540000,1587,36396374000115,1587,AMONTADA,Amontada,Litoral Oeste / Vale do Curu,AMONTADA,COOPERATIVA  REGIONAL DOS ASSENTADOS DA REGIÃO LITORAL NORTE- COOPRANORTE,Processo Enviado,MST_CCA,,20/05/2020 15:00:57,27/03/2024 10:20:49,75.0,40.0,"66,67",COOPERATIVA  REGIONAL DOS ASSENTADOS DA REGIÃO LITORAL NORTE- COOPRANORTE,Amontada,Processo Enviado,MST_CCA,,20/05/2020 15:00:57,27/03/2024 10:20:49,75.0,40,64,COOPRANORTE,4637199.0,"0161099,1063500,4623199,4929902",RUA,PROFESSORA MARIA TOME,703,,BAIRRO DO CAMPO,62540000.0,1587.0,"RUA PROFESSORA MARIA TOME, 703, BAIRRO DO CAMPO Amontada-CE","-3,3618012","-39,8308597"
218,1285376,ACACE ASSOCO DE COOP AGRIC DO EST CE,"2,02503E+16",2700.0,"45730,60881",36396374000115,COOPERATIVA REGIONAL DOS ASSENTADOS DA REGIÃO DO LITORAL NORTE,Nota Fiscal,"Gêneros Alimentícios ( Proteínas, Carboidratos, Hortaliças, Sódios e Lipídios) 
",45733,Efetivada,36396374000115,36396374,1,15,1,COOPRANORTE,4637199,"0161099,1063500,4623199,4929902",RUA,PROFESSORA MARIA TOME,703,,BAIRRO DO CAMPO,62540000,1587,36396374000115,1587,AMONTADA,Amontada,Litoral Oeste / Vale do Curu,AMONTADA,COOPERATIVA  REGIONAL DOS ASSENTADOS DA REGIÃO LITORAL NORTE- COOPRANORTE,Processo Enviado,MST_CCA,,20/05/2020 15:00:57,27/03/2024 10:20:49,75.0,40.0,"66,67",COOPERATIVA  REGIONAL DOS ASSENTADOS DA REGIÃO LITORAL NORTE- COOPRANORTE,Amontada,Processo Enviado,MST_CCA,,20/05/2020 15:00:57,27/03/2024 10:20:49,75.0,40,64,COOPRANORTE,4637199.0,"0161099,1063500,4623199,4929902",RUA,PROFESSORA MARIA TOME,703,,BAIRRO DO CAMPO,62540000.0,1587.0,"RUA PROFESSORA MARIA TOME, 703, BAIRRO DO CAMPO Amontada-CE","-3,3618012","-39,8308597"
219,1285376,ACACE ASSOCO DE COOP AGRIC DO EST CE,"2,02503E+16",47235.0,"45734,5831",36396374000115,COOPERATIVA REGIONAL DOS ASSENTADOS DA REGIÃO DO LITORAL NORTE,Nota Fiscal,"Gêneros Alimentícios ( Proteínas, Carboidratos, Hortaliças, Sódios e Lipídios) 
",45736,Efetivada,36396374000115,36396374,1,15,1,COOPRANORTE,4637199,"0161099,1063500,4623199,4929902",RUA,PROFESSORA MARIA TOME,703,,BAIRRO DO CAMPO,62540000,1587,36396374000115,1587,AMONTADA,Amontada,Litoral Oeste / Vale do Curu,AMONTADA,COOPERATIVA  REGIONAL DOS ASSENTADOS DA REGIÃO LITORAL NORTE- COOPRANORTE,Processo Enviado,MST_CCA,,20/05/2020 15:00:57,27/03/2024 10:20:49,75.0,40.0,"66,67",COOPERATIVA  REGIONAL DOS ASSENTADOS DA REGIÃO LITORAL NORTE- COOPRANORTE,Amontada,Processo Enviado,MST_CCA,,20/05/2020 15:00:57,27/03/2024 10:20:49,75.0,40,64,COOPRANORTE,4637199.0,"0161099,1063500,4623199,4929902",RUA,PROFESSORA MARIA TOME,703,,BAIRRO DO CAMPO,62540000.0,1587.0,"RUA PROFESSORA MARIA TOME, 703, BAIRRO DO CAMPO Amontada-CE","-3,3618012","-39,8308597"
220,1285376,ACACE ASSOCO DE COOP AGRIC DO EST CE,"2,02504E+16",1069128.0,"45761,5827",12272377000189,COOPERATIVA DA AGRICULTURA FAMILIAR LTDA,Nota Fiscal,"Gêneros Alimentícios ( Proteínas, Carboidratos, Hortaliças, Sódios e Lipídios) 
",45762,Efetivada,12272377000189,12272377,1,89,1,COAF,4729699,"0111301,0111302,0111399,0112101,0113000,0115600,0116403,0116499,0119905,0119906,0119999,0121101,0133402,0133408,0133410,0133499,0139304,0139399,0141501,0142300,0151201,0151202,0152102,0153901,0153902,0154700,0155501,0155502,0155503,0155504,0155505,0159801,0161001,0161002,0161003,0161099,0162801,0162803,0162899,0163600,0312401,0312404,0321301,0322101,0322102,0322107,1011201,1011203,1011205,1012101,1012102,1012103,1013901,1020101,1020102,1031700,1032599,1033301,1033302,1041400,1042200,1051100,1052000,1061901,1063500,1064300,1065101,1066000,1069400,1311100,2013402,3821100,3839401,3900500,4622200,4623101,4623102,4623106,4623108,4623109,4623199,4631100,4632001,4632002,4632003,4633801,4633802,4633803,4634601,4634602,4634699,4637102,4637103,4637104,4637105,4637107,4637199,4639701,4724500",COMUNIDADE,SITIOS NOVOS,SN,,BARRENTO,62515000,1429,12272377000189,1429,ITAPIPOCA,Itapipoca,Litoral Oeste / Vale do Curu,ITAPIPOCA,COAF - COOPERATIVA DA AGRICULTURA FAMILIAR LTDA,CAF Emitido,UNICAFES,06/02/2026,20/01/2023 11:17:44,29/05/2025 13:38:15,246.0,75.0,"99,19",COAF - COOPERATIVA DA AGRICULTURA FAMILIAR LTDA,Itapipoca,Aberto apenas para Atualização de Informações,,,20/01/2023 11:17:44,25/04/2025 14:21:23,246.0,89,"99,19",COAF,4729699.0,"0111301,0111302,0111399,0112101,0113000,0115600,0116403,0116499,0119905,0119906,0119999,0121101,0133402,0133408,0133410,0133499,0139304,0139399,0141501,0142300,0151201,0151202,0152102,0153901,0153902,0154700,0155501,0155502,0155503,0155504,0155505,0159801,0161001,0161002,0161003,0161099,0162801,0162803,0162899,0163600,0312401,0312404,0321301,0322101,0322102,0322107,1011201,1011203,1011205,1012101,1012102,1012103,1013901,1020101,1020102,1031700,1032599,1033301,1033302,1041400,1042200,1051100,1052000,1061901,1063500,1064300,1065101,1066000,1069400,1311100,2013402,3821100,3839401,3900500,4622200,4623101,4623102,4623106,4623108,4623109,4623199,4631100,4632001,4632002,4632003,4633801,4633802,4633803,4634601,4634602,4634699,4637102,4637103,4637104,4637105,4637107,4637199,4639701,4724500",COMUNIDADE,SITIOS NOVOS,SN,,BARRENTO,62515000.0,1429.0,"COMUNIDADE SITIOS NOVOS, SN, BARRENTO Itapipoca-CE","-3,3589814","-39,5353931"
221,1285376,ACACE ASSOCO DE COOP AGRIC DO EST CE,"2,02504E+16",215130.0,"45770,58909",36396374000115,COOPERATIVA REGIONAL DOS ASSENTADOS DA REGIÃO DO LITORAL NORTE,Nota Fiscal,"Gêneros Alimentícios ( Proteínas, Carboidratos, Hortaliças, Sódios e Lipídios) 
",45771,Efetivada,36396374000115,36396374,1,15,1,COOPRANORTE,4637199,"0161099,1063500,4623199,4929902",RUA,PROFESSORA MARIA TOME,703,,BAIRRO DO CAMPO,62540000,1587,36396374000115,1587,AMONTADA,Amontada,Litoral Oeste / Vale do Curu,AMONTADA,COOPERATIVA  REGIONAL DOS ASSENTADOS DA REGIÃO LITORAL NORTE- COOPRANORTE,Processo Enviado,MST_CCA,,20/05/2020 15:00:57,27/03/2024 10:20:49,75.0,40.0,"66,67",COOPERATIVA  REGIONAL DOS ASSENTADOS DA REGIÃO LITORAL NORTE- COOPRANORTE,Amontada,Processo Enviado,MST_CCA,,20/05/2020 15:00:57,27/03/2024 10:20:49,75.0,40,64,COOPRANORTE,4637199.0,"0161099,1063500,4623199,4929902",RUA,PROFESSORA MARIA TOME,703,,BAIRRO DO CAMPO,62540000.0,1587.0,"RUA PROFESSORA MARIA TOME, 703, BAIRRO DO CAMPO Amontada-CE","-3,3618012","-39,8308597"
222,1285376,ACACE ASSOCO DE COOP AGRIC DO EST CE,"2,02505E+16",999950.0,"45792,6794",12272377000189,COOPERATIVA DA AGRICULTURA FAMILIAR LTDA,Nota Fiscal,"Gêneros Alimentícios ( Proteínas, Carboidratos, Hortaliças, Sódios e Lipídios) 
",45793,Efetivada,12272377000189,12272377,1,89,1,COAF,4729699,"0111301,0111302,0111399,0112101,0113000,0115600,0116403,0116499,0119905,0119906,0119999,0121101,0133402,0133408,0133410,0133499,0139304,0139399,0141501,0142300,0151201,0151202,0152102,0153901,0153902,0154700,0155501,0155502,0155503,0155504,0155505,0159801,0161001,0161002,0161003,0161099,0162801,0162803,0162899,0163600,0312401,0312404,0321301,0322101,0322102,0322107,1011201,1011203,1011205,1012101,1012102,1012103,1013901,1020101,1020102,1031700,1032599,1033301,1033302,1041400,1042200,1051100,1052000,1061901,1063500,1064300,1065101,1066000,1069400,1311100,2013402,3821100,3839401,3900500,4622200,4623101,4623102,4623106,4623108,4623109,4623199,4631100,4632001,4632002,4632003,4633801,4633802,4633803,4634601,4634602,4634699,4637102,4637103,4637104,4637105,4637107,4637199,4639701,4724500",COMUNIDADE,SITIOS NOVOS,SN,,BARRENTO,62515000,1429,12272377000189,1429,ITAPIPOCA,Itapipoca,Litoral Oeste / Vale do Curu,ITAPIPOCA,COAF - COOPERATIVA DA AGRICULTURA FAMILIAR LTDA,CAF Emitido,UNICAFES,06/02/2026,20/01/2023 11:17:44,29/05/2025 13:38:15,246.0,75.0,"99,19",COAF - COOPERATIVA DA AGRICULTURA FAMILIAR LTDA,Itapipoca,Aberto apenas para Atualização de Informações,,,20/01/2023 11:17:44,25/04/2025 14:21:23,246.0,89,"99,19",COAF,4729699.0,"0111301,0111302,0111399,0112101,0113000,0115600,0116403,0116499,0119905,0119906,0119999,0121101,0133402,0133408,0133410,0133499,0139304,0139399,0141501,0142300,0151201,0151202,0152102,0153901,0153902,0154700,0155501,0155502,0155503,0155504,0155505,0159801,0161001,0161002,0161003,0161099,0162801,0162803,0162899,0163600,0312401,0312404,0321301,0322101,0322102,0322107,1011201,1011203,1011205,1012101,1012102,1012103,1013901,1020101,1020102,1031700,1032599,1033301,1033302,1041400,1042200,1051100,1052000,1061901,1063500,1064300,1065101,1066000,1069400,1311100,2013402,3821100,3839401,3900500,4622200,4623101,4623102,4623106,4623108,4623109,4623199,4631100,4632001,4632002,4632003,4633801,4633802,4633803,4634601,4634602,4634699,4637102,4637103,4637104,4637105,4637107,4637199,4639701,4724500",COMUNIDADE,SITIOS NOVOS,SN,,BARRENTO,62515000.0,1429.0,"COMUNIDADE SITIOS NOVOS, SN, BARRENTO Itapipoca-CE","-3,3589814","-39,5353931"
223,1285376,ACACE ASSOCO DE COOP AGRIC DO EST CE,"2,02505E+16",206530.0,"45798,45625",36396374000115,COOPERATIVA REGIONAL DOS ASSENTADOS DA REGIÃO DO LITORAL NORTE,Nota Fiscal,"Gêneros Alimentícios ( Proteínas, Carboidratos, Hortaliças, Sódios e Lipídios) 
",45799,Efetivada,36396374000115,36396374,1,15,1,COOPRANORTE,4637199,"0161099,1063500,4623199,4929902",RUA,PROFESSORA MARIA TOME,703,,BAIRRO DO CAMPO,62540000,1587,36396374000115,1587,AMONTADA,Amontada,Litoral Oeste / Vale do Curu,AMONTADA,COOPERATIVA  REGIONAL DOS ASSENTADOS DA REGIÃO LITORAL NORTE- COOPRANORTE,Processo Enviado,MST_CCA,,20/05/2020 15:00:57,27/03/2024 10:20:49,75.0,40.0,"66,67",COOPERATIVA  REGIONAL DOS ASSENTADOS DA REGIÃO LITORAL NORTE- COOPRANORTE,Amontada,Processo Enviado,MST_CCA,,20/05/2020 15:00:57,27/03/2024 10:20:49,75.0,40,64,COOPRANORTE,4637199.0,"0161099,1063500,4623199,4929902",RUA,PROFESSORA MARIA TOME,703,,BAIRRO DO CAMPO,62540000.0,1587.0,"RUA PROFESSORA MARIA TOME, 703, BAIRRO DO CAMPO Amontada-CE","-3,3618012","-39,8308597"
224,1285376,ACACE ASSOCO DE COOP AGRIC DO EST CE,"2,02506E+16",1070911.0,"45813,70955",12272377000189,COOPERATIVA DA AGRICULTURA FAMILIAR LTDA,Nota Fiscal,"Gêneros Alimentícios ( Proteínas, Carboidratos, Hortaliças, Sódios e Lipídios) 
",45814,Efetivada,12272377000189,12272377,1,89,1,COAF,4729699,"0111301,0111302,0111399,0112101,0113000,0115600,0116403,0116499,0119905,0119906,0119999,0121101,0133402,0133408,0133410,0133499,0139304,0139399,0141501,0142300,0151201,0151202,0152102,0153901,0153902,0154700,0155501,0155502,0155503,0155504,0155505,0159801,0161001,0161002,0161003,0161099,0162801,0162803,0162899,0163600,0312401,0312404,0321301,0322101,0322102,0322107,1011201,1011203,1011205,1012101,1012102,1012103,1013901,1020101,1020102,1031700,1032599,1033301,1033302,1041400,1042200,1051100,1052000,1061901,1063500,1064300,1065101,1066000,1069400,1311100,2013402,3821100,3839401,3900500,4622200,4623101,4623102,4623106,4623108,4623109,4623199,4631100,4632001,4632002,4632003,4633801,4633802,4633803,4634601,4634602,4634699,4637102,4637103,4637104,4637105,4637107,4637199,4639701,4724500",COMUNIDADE,SITIOS NOVOS,SN,,BARRENTO,62515000,1429,12272377000189,1429,ITAPIPOCA,Itapipoca,Litoral Oeste / Vale do Curu,ITAPIPOCA,COAF - COOPERATIVA DA AGRICULTURA FAMILIAR LTDA,CAF Emitido,UNICAFES,06/02/2026,20/01/2023 11:17:44,29/05/2025 13:38:15,246.0,75.0,"99,19",COAF - COOPERATIVA DA AGRICULTURA FAMILIAR LTDA,Itapipoca,Aberto apenas para Atualização de Informações,,,20/01/2023 11:17:44,25/04/2025 14:21:23,246.0,89,"99,19",COAF,4729699.0,"0111301,0111302,0111399,0112101,0113000,0115600,0116403,0116499,0119905,0119906,0119999,0121101,0133402,0133408,0133410,0133499,0139304,0139399,0141501,0142300,0151201,0151202,0152102,0153901,0153902,0154700,0155501,0155502,0155503,0155504,0155505,0159801,0161001,0161002,0161003,0161099,0162801,0162803,0162899,0163600,0312401,0312404,0321301,0322101,0322102,0322107,1011201,1011203,1011205,1012101,1012102,1012103,1013901,1020101,1020102,1031700,1032599,1033301,1033302,1041400,1042200,1051100,1052000,1061901,1063500,1064300,1065101,1066000,1069400,1311100,2013402,3821100,3839401,3900500,4622200,4623101,4623102,4623106,4623108,4623109,4623199,4631100,4632001,4632002,4632003,4633801,4633802,4633803,4634601,4634602,4634699,4637102,4637103,4637104,4637105,4637107,4637199,4639701,4724500",COMUNIDADE,SITIOS NOVOS,SN,,BARRENTO,62515000.0,1429.0,"COMUNIDADE SITIOS NOVOS, SN, BARRENTO Itapipoca-CE","-3,3589814","-39,5353931"
225,1284721,INSTITUTO SOS PERIFERIA - ISOP,"2,02408E+16",9814758.0,"45529,88892",21872925000100,COOPAFAM COOPERATIVA AGROPECUARIA DE AGRICULTORES FAMILIARES LTDA,Nota Fiscal,"Gêneros Alimentícios ( Proteínas, Carboidratos, Hortaliças, Sódios e Lipídios) 
",45530,Efetivada,21872925000100,21872925,1,0,1,COOPAFAM,1013901,"0111302,0116499,0119905,0119906,0133402,0133408,0133409,0133410,0133499,0151201,0151202,0154700,0155501,0155505,0159801,0161099,0322101,1011201,1011203,1011205,1012101,1012103,1012104,1013902,1031700,1033301,1033302,1052000,1063500,1064300,1065101,1066000,1099699,4623108,4623199,4632001,4632003,4633801,4633802,4634601,4634602,4639701,4639702,4722902,4724500",RUA,DESEMBARGADOR PEDRO MELO,530,,PARQUE TIJUCA,61917190,1585,21872925000100,1585,MARACANAU,Maracanaú,Grande Fortaleza,MARACANAU,COOPAFAM COOPERATIVA AGROPECUARIA DE AGRICULTORES FAMILIARES LTDA,Aberto apenas para Atualização de Informações,UNICAFES,26/02/2026,17/01/2019 16:25:00,09/07/2025 09:12:58,293.0,162.0,"99,66",COOPAFAM COOPERATIVA AGROPECUARIA DE AGRICULTORES FAMILIARES LTDA,Maracanaú,Finalizado,UNICAFES,26/02/2026,17/01/2019 16:25:00,24/04/2025 08:27:28,293.0,70,"99,66",COOPAFAM,1013901.0,"0111302,0116499,0119905,0119906,0133402,0133408,0133409,0133410,0133499,0151201,0151202,0154700,0155501,0155505,0159801,0161099,0322101,1011201,1011203,1011205,1012101,1012103,1012104,1013902,1031700,1033301,1033302,1052000,1063500,1064300,1065101,1066000,1099699,4623108,4623199,4632001,4632003,4633801,4633802,4634601,4634602,4639701,4639702,4722902,4724500",RUA,DESEMBARGADOR PEDRO MELO,530,,PARQUE TIJUCA,61917190.0,1585.0,"RUA DESEMBARGADOR PEDRO MELO, 530, PARQUE TIJUCA Maracanaú-CE","-3,8312505","-38,6251667"
226,1284721,INSTITUTO SOS PERIFERIA - ISOP,"2,02409E+16",8258415.0,"45564,83035",21872925000100,COOPAFAM COOPERATIVA AGROPECUARIA DE AGRICULTORES FAMILIARES LTDA,Nota Fiscal,"Gêneros Alimentícios ( Proteínas, Carboidratos, Hortaliças, Sódios e Lipídios) 
",45565,Efetivada,21872925000100,21872925,1,0,1,COOPAFAM,1013901,"0111302,0116499,0119905,0119906,0133402,0133408,0133409,0133410,0133499,0151201,0151202,0154700,0155501,0155505,0159801,0161099,0322101,1011201,1011203,1011205,1012101,1012103,1012104,1013902,1031700,1033301,1033302,1052000,1063500,1064300,1065101,1066000,1099699,4623108,4623199,4632001,4632003,4633801,4633802,4634601,4634602,4639701,4639702,4722902,4724500",RUA,DESEMBARGADOR PEDRO MELO,530,,PARQUE TIJUCA,61917190,1585,21872925000100,1585,MARACANAU,Maracanaú,Grande Fortaleza,MARACANAU,COOPAFAM COOPERATIVA AGROPECUARIA DE AGRICULTORES FAMILIARES LTDA,Aberto apenas para Atualização de Informações,UNICAFES,26/02/2026,17/01/2019 16:25:00,09/07/2025 09:12:58,293.0,162.0,"99,66",COOPAFAM COOPERATIVA AGROPECUARIA DE AGRICULTORES FAMILIARES LTDA,Maracanaú,Finalizado,UNICAFES,26/02/2026,17/01/2019 16:25:00,24/04/2025 08:27:28,293.0,70,"99,66",COOPAFAM,1013901.0,"0111302,0116499,0119905,0119906,0133402,0133408,0133409,0133410,0133499,0151201,0151202,0154700,0155501,0155505,0159801,0161099,0322101,1011201,1011203,1011205,1012101,1012103,1012104,1013902,1031700,1033301,1033302,1052000,1063500,1064300,1065101,1066000,1099699,4623108,4623199,4632001,4632003,4633801,4633802,4634601,4634602,4639701,4639702,4722902,4724500",RUA,DESEMBARGADOR PEDRO MELO,530,,PARQUE TIJUCA,61917190.0,1585.0,"RUA DESEMBARGADOR PEDRO MELO, 530, PARQUE TIJUCA Maracanaú-CE","-3,8312505","-38,6251667"
227,1284721,INSTITUTO SOS PERIFERIA - ISOP,"2,02411E+16",11674967.0,"45620,84477",21872925000100,COOPAFAM COOPERATIVA AGROPECUARIA DE AGRICULTORES FAMILIARES LTDA,Nota Fiscal,"Gêneros Alimentícios ( Proteínas, Carboidratos, Hortaliças, Sódios e Lipídios) 
",45621,Efetivada,21872925000100,21872925,1,0,1,COOPAFAM,1013901,"0111302,0116499,0119905,0119906,0133402,0133408,0133409,0133410,0133499,0151201,0151202,0154700,0155501,0155505,0159801,0161099,0322101,1011201,1011203,1011205,1012101,1012103,1012104,1013902,1031700,1033301,1033302,1052000,1063500,1064300,1065101,1066000,1099699,4623108,4623199,4632001,4632003,4633801,4633802,4634601,4634602,4639701,4639702,4722902,4724500",RUA,DESEMBARGADOR PEDRO MELO,530,,PARQUE TIJUCA,61917190,1585,21872925000100,1585,MARACANAU,Maracanaú,Grande Fortaleza,MARACANAU,COOPAFAM COOPERATIVA AGROPECUARIA DE AGRICULTORES FAMILIARES LTDA,Aberto apenas para Atualização de Informações,UNICAFES,26/02/2026,17/01/2019 16:25:00,09/07/2025 09:12:58,293.0,162.0,"99,66",COOPAFAM COOPERATIVA AGROPECUARIA DE AGRICULTORES FAMILIARES LTDA,Maracanaú,Finalizado,UNICAFES,26/02/2026,17/01/2019 16:25:00,24/04/2025 08:27:28,293.0,70,"99,66",COOPAFAM,1013901.0,"0111302,0116499,0119905,0119906,0133402,0133408,0133409,0133410,0133499,0151201,0151202,0154700,0155501,0155505,0159801,0161099,0322101,1011201,1011203,1011205,1012101,1012103,1012104,1013902,1031700,1033301,1033302,1052000,1063500,1064300,1065101,1066000,1099699,4623108,4623199,4632001,4632003,4633801,4633802,4634601,4634602,4639701,4639702,4722902,4724500",RUA,DESEMBARGADOR PEDRO MELO,530,,PARQUE TIJUCA,61917190.0,1585.0,"RUA DESEMBARGADOR PEDRO MELO, 530, PARQUE TIJUCA Maracanaú-CE","-3,8312505","-38,6251667"
228,1284721,INSTITUTO SOS PERIFERIA - ISOP,"2,02412E+16",11239467.0,"45634,73488",21872925000100,COOPAFAM COOPERATIVA AGROPECUARIA DE AGRICULTORES FAMILIARES LTDA,Nota Fiscal,"Gêneros Alimentícios ( Proteínas, Carboidratos, Hortaliças, Sódios e Lipídios) 
",45635,Efetivada,21872925000100,21872925,1,0,1,COOPAFAM,1013901,"0111302,0116499,0119905,0119906,0133402,0133408,0133409,0133410,0133499,0151201,0151202,0154700,0155501,0155505,0159801,0161099,0322101,1011201,1011203,1011205,1012101,1012103,1012104,1013902,1031700,1033301,1033302,1052000,1063500,1064300,1065101,1066000,1099699,4623108,4623199,4632001,4632003,4633801,4633802,4634601,4634602,4639701,4639702,4722902,4724500",RUA,DESEMBARGADOR PEDRO MELO,530,,PARQUE TIJUCA,61917190,1585,21872925000100,1585,MARACANAU,Maracanaú,Grande Fortaleza,MARACANAU,COOPAFAM COOPERATIVA AGROPECUARIA DE AGRICULTORES FAMILIARES LTDA,Aberto apenas para Atualização de Informações,UNICAFES,26/02/2026,17/01/2019 16:25:00,09/07/2025 09:12:58,293.0,162.0,"99,66",COOPAFAM COOPERATIVA AGROPECUARIA DE AGRICULTORES FAMILIARES LTDA,Maracanaú,Finalizado,UNICAFES,26/02/2026,17/01/2019 16:25:00,24/04/2025 08:27:28,293.0,70,"99,66",COOPAFAM,1013901.0,"0111302,0116499,0119905,0119906,0133402,0133408,0133409,0133410,0133499,0151201,0151202,0154700,0155501,0155505,0159801,0161099,0322101,1011201,1011203,1011205,1012101,1012103,1012104,1013902,1031700,1033301,1033302,1052000,1063500,1064300,1065101,1066000,1099699,4623108,4623199,4632001,4632003,4633801,4633802,4634601,4634602,4639701,4639702,4722902,4724500",RUA,DESEMBARGADOR PEDRO MELO,530,,PARQUE TIJUCA,61917190.0,1585.0,"RUA DESEMBARGADOR PEDRO MELO, 530, PARQUE TIJUCA Maracanaú-CE","-3,8312505","-38,6251667"
229,1284721,INSTITUTO SOS PERIFERIA - ISOP,"2,02501E+16",17563616.0,"45684,78257",21872925000100,COOPAFAM COOPERATIVA AGROPECUARIA DE AGRICULTORES FAMILIARES LTDA,Nota Fiscal,"Gêneros Alimentícios ( Proteínas, Carboidratos, Hortaliças, Sódios e Lipídios) 
",45685,Efetivada,21872925000100,21872925,1,0,1,COOPAFAM,1013901,"0111302,0116499,0119905,0119906,0133402,0133408,0133409,0133410,0133499,0151201,0151202,0154700,0155501,0155505,0159801,0161099,0322101,1011201,1011203,1011205,1012101,1012103,1012104,1013902,1031700,1033301,1033302,1052000,1063500,1064300,1065101,1066000,1099699,4623108,4623199,4632001,4632003,4633801,4633802,4634601,4634602,4639701,4639702,4722902,4724500",RUA,DESEMBARGADOR PEDRO MELO,530,,PARQUE TIJUCA,61917190,1585,21872925000100,1585,MARACANAU,Maracanaú,Grande Fortaleza,MARACANAU,COOPAFAM COOPERATIVA AGROPECUARIA DE AGRICULTORES FAMILIARES LTDA,Aberto apenas para Atualização de Informações,UNICAFES,26/02/2026,17/01/2019 16:25:00,09/07/2025 09:12:58,293.0,162.0,"99,66",COOPAFAM COOPERATIVA AGROPECUARIA DE AGRICULTORES FAMILIARES LTDA,Maracanaú,Finalizado,UNICAFES,26/02/2026,17/01/2019 16:25:00,24/04/2025 08:27:28,293.0,70,"99,66",COOPAFAM,1013901.0,"0111302,0116499,0119905,0119906,0133402,0133408,0133409,0133410,0133499,0151201,0151202,0154700,0155501,0155505,0159801,0161099,0322101,1011201,1011203,1011205,1012101,1012103,1012104,1013902,1031700,1033301,1033302,1052000,1063500,1064300,1065101,1066000,1099699,4623108,4623199,4632001,4632003,4633801,4633802,4634601,4634602,4639701,4639702,4722902,4724500",RUA,DESEMBARGADOR PEDRO MELO,530,,PARQUE TIJUCA,61917190.0,1585.0,"RUA DESEMBARGADOR PEDRO MELO, 530, PARQUE TIJUCA Maracanaú-CE","-3,8312505","-38,6251667"
230,1284721,INSTITUTO SOS PERIFERIA - ISOP,"2,02502E+16",8669832.0,"45701,88235",21872925000100,COOPAFAM COOPERATIVA AGROPECUARIA DE AGRICULTORES FAMILIARES LTDA,Nota Fiscal,"Gêneros Alimentícios ( Proteínas, Carboidratos, Hortaliças, Sódios e Lipídios) 
",45702,Efetivada,21872925000100,21872925,1,0,1,COOPAFAM,1013901,"0111302,0116499,0119905,0119906,0133402,0133408,0133409,0133410,0133499,0151201,0151202,0154700,0155501,0155505,0159801,0161099,0322101,1011201,1011203,1011205,1012101,1012103,1012104,1013902,1031700,1033301,1033302,1052000,1063500,1064300,1065101,1066000,1099699,4623108,4623199,4632001,4632003,4633801,4633802,4634601,4634602,4639701,4639702,4722902,4724500",RUA,DESEMBARGADOR PEDRO MELO,530,,PARQUE TIJUCA,61917190,1585,21872925000100,1585,MARACANAU,Maracanaú,Grande Fortaleza,MARACANAU,COOPAFAM COOPERATIVA AGROPECUARIA DE AGRICULTORES FAMILIARES LTDA,Aberto apenas para Atualização de Informações,UNICAFES,26/02/2026,17/01/2019 16:25:00,09/07/2025 09:12:58,293.0,162.0,"99,66",COOPAFAM COOPERATIVA AGROPECUARIA DE AGRICULTORES FAMILIARES LTDA,Maracanaú,Finalizado,UNICAFES,26/02/2026,17/01/2019 16:25:00,24/04/2025 08:27:28,293.0,70,"99,66",COOPAFAM,1013901.0,"0111302,0116499,0119905,0119906,0133402,0133408,0133409,0133410,0133499,0151201,0151202,0154700,0155501,0155505,0159801,0161099,0322101,1011201,1011203,1011205,1012101,1012103,1012104,1013902,1031700,1033301,1033302,1052000,1063500,1064300,1065101,1066000,1099699,4623108,4623199,4632001,4632003,4633801,4633802,4634601,4634602,4639701,4639702,4722902,4724500",RUA,DESEMBARGADOR PEDRO MELO,530,,PARQUE TIJUCA,61917190.0,1585.0,"RUA DESEMBARGADOR PEDRO MELO, 530, PARQUE TIJUCA Maracanaú-CE","-3,8312505","-38,6251667"
231,1284721,INSTITUTO SOS PERIFERIA - ISOP,"2,02503E+16",684728.0,"45729,84985",21128101000112,COOPERATIVA CEARENSE DE PRODUTORES FAMILIARES - CCPF,Nota Fiscal,"Gêneros Alimentícios ( Proteínas, Carboidratos, Hortaliças, Sódios e Lipídios) 
",45730,Efetivada,21128101000112,21128101,1,12,1,,4633801,"4633802,4633803,4634601,4634602,4634699,4637102,4637103,4637104,4637105,4637107,4637199,4639701,4639702,0111301,0111302,0111399,0113000,0115600,0116403,0116499,0119901,0119902,0119903,0119904,0119905,0119906,0119907,0119908,0119909,0119999,0121101,0122900,0131800,0133402,0133403,0133404,0133408,0133409,0133410,0133499,0139304,0139399,0151201,0151202,0152102,0153901,0153902,0154700,0155501,0155502,0155505,0159801,0161001,0161002,0161003,0161099,0162801,0162802,0162803,0162899,0163600,0312401,0312403,0312404,0322101,0322102,0322105,0322107,0322199,1011201,1011203,1012101,1012102,1012103,1013901,1020102,1031700,1032599,1052000,1061901,1063500,1066000,1069400,4622200,4623101,4623102,4623106,4623108,4623109,4623199,4631100,4632001,4632002,4632003",RODOVIA,RURAL,S/N,,AMANARI,61979000,1455,21128101000112,1455,MARANGUAPE,Maranguape,Grande Fortaleza,MARANGUAPE,COOPERATIVA CEARENSE DE PRODUTORES FAMILIARES CCPF,CAF Emitido,OCB,09/05/2025,11/11/2015 15:40:48,05/05/2025 12:52:24,218.0,61.0,"94,50",COOPERATIVA CEARENSE DE PRODUTORES FAMILIARES CCPF,Maranguape,CAF Emitido,OCB,09/05/2025,11/11/2015 15:40:48,10/04/2025 12:52:21,218.0,61,"94,5",,4633801.0,"4633802,4633803,4634601,4634602,4634699,4637102,4637103,4637104,4637105,4637107,4637199,4639701,4639702,0111301,0111302,0111399,0113000,0115600,0116403,0116499,0119901,0119902,0119903,0119904,0119905,0119906,0119907,0119908,0119909,0119999,0121101,0122900,0131800,0133402,0133403,0133404,0133408,0133409,0133410,0133499,0139304,0139399,0151201,0151202,0152102,0153901,0153902,0154700,0155501,0155502,0155505,0159801,0161001,0161002,0161003,0161099,0162801,0162802,0162803,0162899,0163600,0312401,0312403,0312404,0322101,0322102,0322105,0322107,0322199,1011201,1011203,1012101,1012102,1012103,1013901,1020102,1031700,1032599,1052000,1061901,1063500,1066000,1069400,4622200,4623101,4623102,4623106,4623108,4623109,4623199,4631100,4632001,4632002,4632003",RODOVIA,RURAL,S/N,,AMANARI,61979000.0,1455.0,"RODOVIA RURAL, S/N, AMANARI Maranguape-CE","-4,0232574","-38,8656633"
232,1284538,Associação União de Jovens Vicente Pinzon,"2,02408E+16",2552768.0,"45510,67784",32524122000173,COOPADES - COOPERATIVA DA AGRICULTURA FAMILIAR E DO DESENVOLVIMENTO SOLIDARIO,Nota Fiscal,"Gêneros Alimentícios ( Proteínas, Carboidratos, Hortaliças, Sódios e Lipídios) 
",45511,Efetivada,32524122000173,32524122,1,73,1,COOPADES,161099,"0111302,0119901,0119905,0119906,0133402,0133408,0133410,0133499,0151201,0151202,0153901,0154700,0155501,0155502,0155503,0155504,0155505,0321301,0322101,1011203",AVENIDA,DA ASSOCIACAO,000,,MATA FRESCA,62808000,1321,32524122000173,1321,ARACATI,Aracati,Litoral Leste,ARACATI,COOPADES - COOPERATIVA DA AGRICULTURA FAMILIAR E DESENVOLVIMENTO SOLIDARIO,Finalizado,OCB,11/05/2025,19/09/2022 09:50:22,08/07/2025 17:28:14,232.0,60.0,"98,71",COOPADES - COOPERATIVA DA AGRICULTURA FAMILIAR E DESENVOLVIMENTO SOLIDARIO,Aracati,Processo Enviado,OCB,11/05/2025,19/09/2022 09:50:22,25/04/2025 11:14:11,220.0,103,"98,64",COOPADES,161099.0,"0111302,0119901,0119905,0119906,0133402,0133408,0133410,0133499,0151201,0151202,0153901,0154700,0155501,0155502,0155503,0155504,0155505,0321301,0322101,1011203",AVENIDA,DA ASSOCIACAO,0,,MATA FRESCA,62808000.0,1321.0,"AVENIDA DA ASSOCIACAO, 000, MATA FRESCA Aracati-CE","-4,8301017","-37,4135523"
233,1284538,Associação União de Jovens Vicente Pinzon,"2,02408E+16",172816.0,"45524,69459",32524122000173,COOPADES - COOPERATIVA DA AGRICULTURA FAMILIAR E DO DESENVOLVIMENTO SOLIDARIO,Nota Fiscal,"Gêneros Alimentícios ( Proteínas, Carboidratos, Hortaliças, Sódios e Lipídios) 
",45525,Efetivada,32524122000173,32524122,1,73,1,COOPADES,161099,"0111302,0119901,0119905,0119906,0133402,0133408,0133410,0133499,0151201,0151202,0153901,0154700,0155501,0155502,0155503,0155504,0155505,0321301,0322101,1011203",AVENIDA,DA ASSOCIACAO,000,,MATA FRESCA,62808000,1321,32524122000173,1321,ARACATI,Aracati,Litoral Leste,ARACATI,COOPADES - COOPERATIVA DA AGRICULTURA FAMILIAR E DESENVOLVIMENTO SOLIDARIO,Finalizado,OCB,11/05/2025,19/09/2022 09:50:22,08/07/2025 17:28:14,232.0,60.0,"98,71",COOPADES - COOPERATIVA DA AGRICULTURA FAMILIAR E DESENVOLVIMENTO SOLIDARIO,Aracati,Processo Enviado,OCB,11/05/2025,19/09/2022 09:50:22,25/04/2025 11:14:11,220.0,103,"98,64",COOPADES,161099.0,"0111302,0119901,0119905,0119906,0133402,0133408,0133410,0133499,0151201,0151202,0153901,0154700,0155501,0155502,0155503,0155504,0155505,0321301,0322101,1011203",AVENIDA,DA ASSOCIACAO,0,,MATA FRESCA,62808000.0,1321.0,"AVENIDA DA ASSOCIACAO, 000, MATA FRESCA Aracati-CE","-4,8301017","-37,4135523"
234,1284538,Associação União de Jovens Vicente Pinzon,"2,02408E+16",2690139.0,"45535,59133",32524122000173,COOPADES - COOPERATIVA DA AGRICULTURA FAMILIAR E DO DESENVOLVIMENTO SOLIDARIO,Nota Fiscal,"Gêneros Alimentícios ( Proteínas, Carboidratos, Hortaliças, Sódios e Lipídios) 
",45537,Efetivada,32524122000173,32524122,1,73,1,COOPADES,161099,"0111302,0119901,0119905,0119906,0133402,0133408,0133410,0133499,0151201,0151202,0153901,0154700,0155501,0155502,0155503,0155504,0155505,0321301,0322101,1011203",AVENIDA,DA ASSOCIACAO,000,,MATA FRESCA,62808000,1321,32524122000173,1321,ARACATI,Aracati,Litoral Leste,ARACATI,COOPADES - COOPERATIVA DA AGRICULTURA FAMILIAR E DESENVOLVIMENTO SOLIDARIO,Finalizado,OCB,11/05/2025,19/09/2022 09:50:22,08/07/2025 17:28:14,232.0,60.0,"98,71",COOPADES - COOPERATIVA DA AGRICULTURA FAMILIAR E DESENVOLVIMENTO SOLIDARIO,Aracati,Processo Enviado,OCB,11/05/2025,19/09/2022 09:50:22,25/04/2025 11:14:11,220.0,103,"98,64",COOPADES,161099.0,"0111302,0119901,0119905,0119906,0133402,0133408,0133410,0133499,0151201,0151202,0153901,0154700,0155501,0155502,0155503,0155504,0155505,0321301,0322101,1011203",AVENIDA,DA ASSOCIACAO,0,,MATA FRESCA,62808000.0,1321.0,"AVENIDA DA ASSOCIACAO, 000, MATA FRESCA Aracati-CE","-4,8301017","-37,4135523"
235,1284538,Associação União de Jovens Vicente Pinzon,"2,02409E+16",3405192.0,"45551,59654",32524122000173,COOPADES - COOPERATIVA DA AGRICULTURA FAMILIAR E DO DESENVOLVIMENTO SOLIDARIO,Nota Fiscal,"Gêneros Alimentícios ( Proteínas, Carboidratos, Hortaliças, Sódios e Lipídios) 
",45552,Efetivada,32524122000173,32524122,1,73,1,COOPADES,161099,"0111302,0119901,0119905,0119906,0133402,0133408,0133410,0133499,0151201,0151202,0153901,0154700,0155501,0155502,0155503,0155504,0155505,0321301,0322101,1011203",AVENIDA,DA ASSOCIACAO,000,,MATA FRESCA,62808000,1321,32524122000173,1321,ARACATI,Aracati,Litoral Leste,ARACATI,COOPADES - COOPERATIVA DA AGRICULTURA FAMILIAR E DESENVOLVIMENTO SOLIDARIO,Finalizado,OCB,11/05/2025,19/09/2022 09:50:22,08/07/2025 17:28:14,232.0,60.0,"98,71",COOPADES - COOPERATIVA DA AGRICULTURA FAMILIAR E DESENVOLVIMENTO SOLIDARIO,Aracati,Processo Enviado,OCB,11/05/2025,19/09/2022 09:50:22,25/04/2025 11:14:11,220.0,103,"98,64",COOPADES,161099.0,"0111302,0119901,0119905,0119906,0133402,0133408,0133410,0133499,0151201,0151202,0153901,0154700,0155501,0155502,0155503,0155504,0155505,0321301,0322101,1011203",AVENIDA,DA ASSOCIACAO,0,,MATA FRESCA,62808000.0,1321.0,"AVENIDA DA ASSOCIACAO, 000, MATA FRESCA Aracati-CE","-4,8301017","-37,4135523"
236,1284538,Associação União de Jovens Vicente Pinzon,"2,0241E+16",8186712.0,"45594,63304",32524122000173,COOPADES - COOPERATIVA DA AGRICULTURA FAMILIAR E DO DESENVOLVIMENTO SOLIDARIO,Nota Fiscal,"Gêneros Alimentícios ( Proteínas, Carboidratos, Hortaliças, Sódios e Lipídios) 
",45595,Efetivada,32524122000173,32524122,1,73,1,COOPADES,161099,"0111302,0119901,0119905,0119906,0133402,0133408,0133410,0133499,0151201,0151202,0153901,0154700,0155501,0155502,0155503,0155504,0155505,0321301,0322101,1011203",AVENIDA,DA ASSOCIACAO,000,,MATA FRESCA,62808000,1321,32524122000173,1321,ARACATI,Aracati,Litoral Leste,ARACATI,COOPADES - COOPERATIVA DA AGRICULTURA FAMILIAR E DESENVOLVIMENTO SOLIDARIO,Finalizado,OCB,11/05/2025,19/09/2022 09:50:22,08/07/2025 17:28:14,232.0,60.0,"98,71",COOPADES - COOPERATIVA DA AGRICULTURA FAMILIAR E DESENVOLVIMENTO SOLIDARIO,Aracati,Processo Enviado,OCB,11/05/2025,19/09/2022 09:50:22,25/04/2025 11:14:11,220.0,103,"98,64",COOPADES,161099.0,"0111302,0119901,0119905,0119906,0133402,0133408,0133410,0133499,0151201,0151202,0153901,0154700,0155501,0155502,0155503,0155504,0155505,0321301,0322101,1011203",AVENIDA,DA ASSOCIACAO,0,,MATA FRESCA,62808000.0,1321.0,"AVENIDA DA ASSOCIACAO, 000, MATA FRESCA Aracati-CE","-4,8301017","-37,4135523"
237,1284538,Associação União de Jovens Vicente Pinzon,"2,02411E+16",3216182.0,"45610,57346",32524122000173,COOPADES - COOPERATIVA DA AGRICULTURA FAMILIAR E DO DESENVOLVIMENTO SOLIDARIO,Nota Fiscal,"Gêneros Alimentícios ( Proteínas, Carboidratos, Hortaliças, Sódios e Lipídios) 
",45614,Efetivada,32524122000173,32524122,1,73,1,COOPADES,161099,"0111302,0119901,0119905,0119906,0133402,0133408,0133410,0133499,0151201,0151202,0153901,0154700,0155501,0155502,0155503,0155504,0155505,0321301,0322101,1011203",AVENIDA,DA ASSOCIACAO,000,,MATA FRESCA,62808000,1321,32524122000173,1321,ARACATI,Aracati,Litoral Leste,ARACATI,COOPADES - COOPERATIVA DA AGRICULTURA FAMILIAR E DESENVOLVIMENTO SOLIDARIO,Finalizado,OCB,11/05/2025,19/09/2022 09:50:22,08/07/2025 17:28:14,232.0,60.0,"98,71",COOPADES - COOPERATIVA DA AGRICULTURA FAMILIAR E DESENVOLVIMENTO SOLIDARIO,Aracati,Processo Enviado,OCB,11/05/2025,19/09/2022 09:50:22,25/04/2025 11:14:11,220.0,103,"98,64",COOPADES,161099.0,"0111302,0119901,0119905,0119906,0133402,0133408,0133410,0133499,0151201,0151202,0153901,0154700,0155501,0155502,0155503,0155504,0155505,0321301,0322101,1011203",AVENIDA,DA ASSOCIACAO,0,,MATA FRESCA,62808000.0,1321.0,"AVENIDA DA ASSOCIACAO, 000, MATA FRESCA Aracati-CE","-4,8301017","-37,4135523"
238,1284538,Associação União de Jovens Vicente Pinzon,"2,02411E+16",2923952.0,"45624,49955",32524122000173,COOPADES - COOPERATIVA DA AGRICULTURA FAMILIAR E DO DESENVOLVIMENTO SOLIDARIO,Nota Fiscal,"Gêneros Alimentícios ( Proteínas, Carboidratos, Hortaliças, Sódios e Lipídios) 
",45625,Efetivada,32524122000173,32524122,1,73,1,COOPADES,161099,"0111302,0119901,0119905,0119906,0133402,0133408,0133410,0133499,0151201,0151202,0153901,0154700,0155501,0155502,0155503,0155504,0155505,0321301,0322101,1011203",AVENIDA,DA ASSOCIACAO,000,,MATA FRESCA,62808000,1321,32524122000173,1321,ARACATI,Aracati,Litoral Leste,ARACATI,COOPADES - COOPERATIVA DA AGRICULTURA FAMILIAR E DESENVOLVIMENTO SOLIDARIO,Finalizado,OCB,11/05/2025,19/09/2022 09:50:22,08/07/2025 17:28:14,232.0,60.0,"98,71",COOPADES - COOPERATIVA DA AGRICULTURA FAMILIAR E DESENVOLVIMENTO SOLIDARIO,Aracati,Processo Enviado,OCB,11/05/2025,19/09/2022 09:50:22,25/04/2025 11:14:11,220.0,103,"98,64",COOPADES,161099.0,"0111302,0119901,0119905,0119906,0133402,0133408,0133410,0133499,0151201,0151202,0153901,0154700,0155501,0155502,0155503,0155504,0155505,0321301,0322101,1011203",AVENIDA,DA ASSOCIACAO,0,,MATA FRESCA,62808000.0,1321.0,"AVENIDA DA ASSOCIACAO, 000, MATA FRESCA Aracati-CE","-4,8301017","-37,4135523"
239,1284538,Associação União de Jovens Vicente Pinzon,"2,02412E+16",6432144.0,"45649,71985",32524122000173,COOPADES - COOPERATIVA DA AGRICULTURA FAMILIAR E DO DESENVOLVIMENTO SOLIDARIO,Nota Fiscal,"Gêneros Alimentícios ( Proteínas, Carboidratos, Hortaliças, Sódios e Lipídios) 
",45650,Efetivada,32524122000173,32524122,1,73,1,COOPADES,161099,"0111302,0119901,0119905,0119906,0133402,0133408,0133410,0133499,0151201,0151202,0153901,0154700,0155501,0155502,0155503,0155504,0155505,0321301,0322101,1011203",AVENIDA,DA ASSOCIACAO,000,,MATA FRESCA,62808000,1321,32524122000173,1321,ARACATI,Aracati,Litoral Leste,ARACATI,COOPADES - COOPERATIVA DA AGRICULTURA FAMILIAR E DESENVOLVIMENTO SOLIDARIO,Finalizado,OCB,11/05/2025,19/09/2022 09:50:22,08/07/2025 17:28:14,232.0,60.0,"98,71",COOPADES - COOPERATIVA DA AGRICULTURA FAMILIAR E DESENVOLVIMENTO SOLIDARIO,Aracati,Processo Enviado,OCB,11/05/2025,19/09/2022 09:50:22,25/04/2025 11:14:11,220.0,103,"98,64",COOPADES,161099.0,"0111302,0119901,0119905,0119906,0133402,0133408,0133410,0133499,0151201,0151202,0153901,0154700,0155501,0155502,0155503,0155504,0155505,0321301,0322101,1011203",AVENIDA,DA ASSOCIACAO,0,,MATA FRESCA,62808000.0,1321.0,"AVENIDA DA ASSOCIACAO, 000, MATA FRESCA Aracati-CE","-4,8301017","-37,4135523"
240,1284538,Associação União de Jovens Vicente Pinzon,"2,02502E+16",6432144.0,"45690,5727",32524122000173,COOPADES - COOPERATIVA DA AGRICULTURA FAMILIAR E DO DESENVOLVIMENTO SOLIDARIO,Nota Fiscal,"Gêneros Alimentícios ( Proteínas, Carboidratos, Hortaliças, Sódios e Lipídios) 
",45691,Efetivada,32524122000173,32524122,1,73,1,COOPADES,161099,"0111302,0119901,0119905,0119906,0133402,0133408,0133410,0133499,0151201,0151202,0153901,0154700,0155501,0155502,0155503,0155504,0155505,0321301,0322101,1011203",AVENIDA,DA ASSOCIACAO,000,,MATA FRESCA,62808000,1321,32524122000173,1321,ARACATI,Aracati,Litoral Leste,ARACATI,COOPADES - COOPERATIVA DA AGRICULTURA FAMILIAR E DESENVOLVIMENTO SOLIDARIO,Finalizado,OCB,11/05/2025,19/09/2022 09:50:22,08/07/2025 17:28:14,232.0,60.0,"98,71",COOPADES - COOPERATIVA DA AGRICULTURA FAMILIAR E DESENVOLVIMENTO SOLIDARIO,Aracati,Processo Enviado,OCB,11/05/2025,19/09/2022 09:50:22,25/04/2025 11:14:11,220.0,103,"98,64",COOPADES,161099.0,"0111302,0119901,0119905,0119906,0133402,0133408,0133410,0133499,0151201,0151202,0153901,0154700,0155501,0155502,0155503,0155504,0155505,0321301,0322101,1011203",AVENIDA,DA ASSOCIACAO,0,,MATA FRESCA,62808000.0,1321.0,"AVENIDA DA ASSOCIACAO, 000, MATA FRESCA Aracati-CE","-4,8301017","-37,4135523"
241,1284538,Associação União de Jovens Vicente Pinzon,"2,02502E+16",5847904.0,"45715,77502",32524122000173,COOPADES - COOPERATIVA DA AGRICULTURA FAMILIAR E DO DESENVOLVIMENTO SOLIDARIO,Nota Fiscal,"Gêneros Alimentícios ( Proteínas, Carboidratos, Hortaliças, Sódios e Lipídios) 
",45716,Efetivada,32524122000173,32524122,1,73,1,COOPADES,161099,"0111302,0119901,0119905,0119906,0133402,0133408,0133410,0133499,0151201,0151202,0153901,0154700,0155501,0155502,0155503,0155504,0155505,0321301,0322101,1011203",AVENIDA,DA ASSOCIACAO,000,,MATA FRESCA,62808000,1321,32524122000173,1321,ARACATI,Aracati,Litoral Leste,ARACATI,COOPADES - COOPERATIVA DA AGRICULTURA FAMILIAR E DESENVOLVIMENTO SOLIDARIO,Finalizado,OCB,11/05/2025,19/09/2022 09:50:22,08/07/2025 17:28:14,232.0,60.0,"98,71",COOPADES - COOPERATIVA DA AGRICULTURA FAMILIAR E DESENVOLVIMENTO SOLIDARIO,Aracati,Processo Enviado,OCB,11/05/2025,19/09/2022 09:50:22,25/04/2025 11:14:11,220.0,103,"98,64",COOPADES,161099.0,"0111302,0119901,0119905,0119906,0133402,0133408,0133410,0133499,0151201,0151202,0153901,0154700,0155501,0155502,0155503,0155504,0155505,0321301,0322101,1011203",AVENIDA,DA ASSOCIACAO,0,,MATA FRESCA,62808000.0,1321.0,"AVENIDA DA ASSOCIACAO, 000, MATA FRESCA Aracati-CE","-4,8301017","-37,4135523"
242,1284538,Associação União de Jovens Vicente Pinzon,"2,02503E+16",3229386.0,"45743,64848",32524122000173,COOPADES - COOPERATIVA DA AGRICULTURA FAMILIAR E DO DESENVOLVIMENTO SOLIDARIO,Nota Fiscal,"Gêneros Alimentícios ( Proteínas, Carboidratos, Hortaliças, Sódios e Lipídios) 
",45744,Efetivada,32524122000173,32524122,1,73,1,COOPADES,161099,"0111302,0119901,0119905,0119906,0133402,0133408,0133410,0133499,0151201,0151202,0153901,0154700,0155501,0155502,0155503,0155504,0155505,0321301,0322101,1011203",AVENIDA,DA ASSOCIACAO,000,,MATA FRESCA,62808000,1321,32524122000173,1321,ARACATI,Aracati,Litoral Leste,ARACATI,COOPADES - COOPERATIVA DA AGRICULTURA FAMILIAR E DESENVOLVIMENTO SOLIDARIO,Finalizado,OCB,11/05/2025,19/09/2022 09:50:22,08/07/2025 17:28:14,232.0,60.0,"98,71",COOPADES - COOPERATIVA DA AGRICULTURA FAMILIAR E DESENVOLVIMENTO SOLIDARIO,Aracati,Processo Enviado,OCB,11/05/2025,19/09/2022 09:50:22,25/04/2025 11:14:11,220.0,103,"98,64",COOPADES,161099.0,"0111302,0119901,0119905,0119906,0133402,0133408,0133410,0133499,0151201,0151202,0153901,0154700,0155501,0155502,0155503,0155504,0155505,0321301,0322101,1011203",AVENIDA,DA ASSOCIACAO,0,,MATA FRESCA,62808000.0,1321.0,"AVENIDA DA ASSOCIACAO, 000, MATA FRESCA Aracati-CE","-4,8301017","-37,4135523"
243,1284538,Associação União de Jovens Vicente Pinzon,"2,02504E+16",6269636.0,"45773,62311",32524122000173,COOPADES - COOPERATIVA DA AGRICULTURA FAMILIAR E DO DESENVOLVIMENTO SOLIDARIO,Nota Fiscal,"Gêneros Alimentícios ( Proteínas, Carboidratos, Hortaliças, Sódios e Lipídios) 
",45775,Efetivada,32524122000173,32524122,1,73,1,COOPADES,161099,"0111302,0119901,0119905,0119906,0133402,0133408,0133410,0133499,0151201,0151202,0153901,0154700,0155501,0155502,0155503,0155504,0155505,0321301,0322101,1011203",AVENIDA,DA ASSOCIACAO,000,,MATA FRESCA,62808000,1321,32524122000173,1321,ARACATI,Aracati,Litoral Leste,ARACATI,COOPADES - COOPERATIVA DA AGRICULTURA FAMILIAR E DESENVOLVIMENTO SOLIDARIO,Finalizado,OCB,11/05/2025,19/09/2022 09:50:22,08/07/2025 17:28:14,232.0,60.0,"98,71",COOPADES - COOPERATIVA DA AGRICULTURA FAMILIAR E DESENVOLVIMENTO SOLIDARIO,Aracati,Processo Enviado,OCB,11/05/2025,19/09/2022 09:50:22,25/04/2025 11:14:11,220.0,103,"98,64",COOPADES,161099.0,"0111302,0119901,0119905,0119906,0133402,0133408,0133410,0133499,0151201,0151202,0153901,0154700,0155501,0155502,0155503,0155504,0155505,0321301,0322101,1011203",AVENIDA,DA ASSOCIACAO,0,,MATA FRESCA,62808000.0,1321.0,"AVENIDA DA ASSOCIACAO, 000, MATA FRESCA Aracati-CE","-4,8301017","-37,4135523"
244,1284538,Associação União de Jovens Vicente Pinzon,"2,02506E+16",3457714.0,"45817,75324",32524122000173,COOPADES - COOPERATIVA DA AGRICULTURA FAMILIAR E DO DESENVOLVIMENTO SOLIDARIO,Nota Fiscal,"Gêneros Alimentícios ( Proteínas, Carboidratos, Hortaliças, Sódios e Lipídios) 
",45818,Efetivada,32524122000173,32524122,1,73,1,COOPADES,161099,"0111302,0119901,0119905,0119906,0133402,0133408,0133410,0133499,0151201,0151202,0153901,0154700,0155501,0155502,0155503,0155504,0155505,0321301,0322101,1011203",AVENIDA,DA ASSOCIACAO,000,,MATA FRESCA,62808000,1321,32524122000173,1321,ARACATI,Aracati,Litoral Leste,ARACATI,COOPADES - COOPERATIVA DA AGRICULTURA FAMILIAR E DESENVOLVIMENTO SOLIDARIO,Finalizado,OCB,11/05/2025,19/09/2022 09:50:22,08/07/2025 17:28:14,232.0,60.0,"98,71",COOPADES - COOPERATIVA DA AGRICULTURA FAMILIAR E DESENVOLVIMENTO SOLIDARIO,Aracati,Processo Enviado,OCB,11/05/2025,19/09/2022 09:50:22,25/04/2025 11:14:11,220.0,103,"98,64",COOPADES,161099.0,"0111302,0119901,0119905,0119906,0133402,0133408,0133410,0133499,0151201,0151202,0153901,0154700,0155501,0155502,0155503,0155504,0155505,0321301,0322101,1011203",AVENIDA,DA ASSOCIACAO,0,,MATA FRESCA,62808000.0,1321.0,"AVENIDA DA ASSOCIACAO, 000, MATA FRESCA Aracati-CE","-4,8301017","-37,4135523"
245,1284650,Instituto Manuel Braga,"2,02409E+16",539352.0,"45551,48492",51890164000172,COOPERATIVA DOS PRODUTORES E AGRICULTORES F. DE BEBERIBE LTDA.,Nota Fiscal,"Gêneros Alimentícios ( Proteínas, Carboidratos, Hortaliças, Sódios e Lipídios) 
",45552,Efetivada,51890164000172,51890164,1,72,1,COOPAFBE,4633801,"0111302,0119905,0119906,0121101,0141501,0142300,0153901,0155505,0159801,0321301,0322101,1031700,1033301,1033302,1041400,1063500,1064300,1065101,4623101,4623106,4623108,4623109,4631100,4632001,4632002,4633802,4637104,4692300,7020400,7490103,8211300",ACESSO,RR LAGOA FUNDA,SN,,DISTRITO DE SUCATINGA - ZONA RURAL,62840000,1343,51890164000172,1343,BEBERIBE,Beberibe,Litoral Leste,BEBERIBE,COOPERATIVA DOS PRODUTORES E AGRICULTORES FAMILIARES DE BEBERIBE LTDA,CAF Emitido,OCB,06/04/2025,22/01/2024 13:08:08,08/05/2025 10:19:05,41.0,39.0,"100,00",COOPERATIVA DOS PRODUTORES E AGRICULTORES FAMILIARES DE BEBERIBE LTDA,Beberibe,CAF Emitido,OCB,06/04/2025,22/01/2024 13:08:08,24/04/2025 15:11:25,41.0,39,100,COOPAFBE,4633801.0,"0111302,0119905,0119906,0121101,0141501,0142300,0153901,0155505,0159801,0321301,0322101,1031700,1033301,1033302,1041400,1063500,1064300,1065101,4623101,4623106,4623108,4623109,4631100,4632001,4632002,4633802,4637104,4692300,7020400,7490103,8211300",ACESSO,RR LAGOA FUNDA,SN,,DISTRITO DE SUCATINGA - ZONA RURAL,62840000.0,1343.0,"ACESSO RR LAGOA FUNDA, SN, DISTRITO DE SUCATINGA - ZONA RURAL Beberibe-CE","-4,273884","-38,0564828"
246,1284650,Instituto Manuel Braga,"2,02409E+16",574715.0,"45547,5935",51890164000172,COOPERATIVA DOS PRODUTORES E AGRICULTORES F. DE BEBERIBE LTDA.,Nota Fiscal,"Gêneros Alimentícios ( Proteínas, Carboidratos, Hortaliças, Sódios e Lipídios) 
",45548,Efetivada,51890164000172,51890164,1,72,1,COOPAFBE,4633801,"0111302,0119905,0119906,0121101,0141501,0142300,0153901,0155505,0159801,0321301,0322101,1031700,1033301,1033302,1041400,1063500,1064300,1065101,4623101,4623106,4623108,4623109,4631100,4632001,4632002,4633802,4637104,4692300,7020400,7490103,8211300",ACESSO,RR LAGOA FUNDA,SN,,DISTRITO DE SUCATINGA - ZONA RURAL,62840000,1343,51890164000172,1343,BEBERIBE,Beberibe,Litoral Leste,BEBERIBE,COOPERATIVA DOS PRODUTORES E AGRICULTORES FAMILIARES DE BEBERIBE LTDA,CAF Emitido,OCB,06/04/2025,22/01/2024 13:08:08,08/05/2025 10:19:05,41.0,39.0,"100,00",COOPERATIVA DOS PRODUTORES E AGRICULTORES FAMILIARES DE BEBERIBE LTDA,Beberibe,CAF Emitido,OCB,06/04/2025,22/01/2024 13:08:08,24/04/2025 15:11:25,41.0,39,100,COOPAFBE,4633801.0,"0111302,0119905,0119906,0121101,0141501,0142300,0153901,0155505,0159801,0321301,0322101,1031700,1033301,1033302,1041400,1063500,1064300,1065101,4623101,4623106,4623108,4623109,4631100,4632001,4632002,4633802,4637104,4692300,7020400,7490103,8211300",ACESSO,RR LAGOA FUNDA,SN,,DISTRITO DE SUCATINGA - ZONA RURAL,62840000.0,1343.0,"ACESSO RR LAGOA FUNDA, SN, DISTRITO DE SUCATINGA - ZONA RURAL Beberibe-CE","-4,273884","-38,0564828"
247,1284650,Instituto Manuel Braga,"2,02409E+16",539352.0,"45547,59708",51890164000172,COOPERATIVA DOS PRODUTORES E AGRICULTORES F. DE BEBERIBE LTDA.,Nota Fiscal,"Gêneros Alimentícios ( Proteínas, Carboidratos, Hortaliças, Sódios e Lipídios) 
",45548,Efetivada,51890164000172,51890164,1,72,1,COOPAFBE,4633801,"0111302,0119905,0119906,0121101,0141501,0142300,0153901,0155505,0159801,0321301,0322101,1031700,1033301,1033302,1041400,1063500,1064300,1065101,4623101,4623106,4623108,4623109,4631100,4632001,4632002,4633802,4637104,4692300,7020400,7490103,8211300",ACESSO,RR LAGOA FUNDA,SN,,DISTRITO DE SUCATINGA - ZONA RURAL,62840000,1343,51890164000172,1343,BEBERIBE,Beberibe,Litoral Leste,BEBERIBE,COOPERATIVA DOS PRODUTORES E AGRICULTORES FAMILIARES DE BEBERIBE LTDA,CAF Emitido,OCB,06/04/2025,22/01/2024 13:08:08,08/05/2025 10:19:05,41.0,39.0,"100,00",COOPERATIVA DOS PRODUTORES E AGRICULTORES FAMILIARES DE BEBERIBE LTDA,Beberibe,CAF Emitido,OCB,06/04/2025,22/01/2024 13:08:08,24/04/2025 15:11:25,41.0,39,100,COOPAFBE,4633801.0,"0111302,0119905,0119906,0121101,0141501,0142300,0153901,0155505,0159801,0321301,0322101,1031700,1033301,1033302,1041400,1063500,1064300,1065101,4623101,4623106,4623108,4623109,4631100,4632001,4632002,4633802,4637104,4692300,7020400,7490103,8211300",ACESSO,RR LAGOA FUNDA,SN,,DISTRITO DE SUCATINGA - ZONA RURAL,62840000.0,1343.0,"ACESSO RR LAGOA FUNDA, SN, DISTRITO DE SUCATINGA - ZONA RURAL Beberibe-CE","-4,273884","-38,0564828"
248,1284650,Instituto Manuel Braga,"2,02409E+16",563145.0,"45547,59752",51890164000172,COOPERATIVA DOS PRODUTORES E AGRICULTORES F. DE BEBERIBE LTDA.,Nota Fiscal,"Gêneros Alimentícios ( Proteínas, Carboidratos, Hortaliças, Sódios e Lipídios) 
",45548,Efetivada,51890164000172,51890164,1,72,1,COOPAFBE,4633801,"0111302,0119905,0119906,0121101,0141501,0142300,0153901,0155505,0159801,0321301,0322101,1031700,1033301,1033302,1041400,1063500,1064300,1065101,4623101,4623106,4623108,4623109,4631100,4632001,4632002,4633802,4637104,4692300,7020400,7490103,8211300",ACESSO,RR LAGOA FUNDA,SN,,DISTRITO DE SUCATINGA - ZONA RURAL,62840000,1343,51890164000172,1343,BEBERIBE,Beberibe,Litoral Leste,BEBERIBE,COOPERATIVA DOS PRODUTORES E AGRICULTORES FAMILIARES DE BEBERIBE LTDA,CAF Emitido,OCB,06/04/2025,22/01/2024 13:08:08,08/05/2025 10:19:05,41.0,39.0,"100,00",COOPERATIVA DOS PRODUTORES E AGRICULTORES FAMILIARES DE BEBERIBE LTDA,Beberibe,CAF Emitido,OCB,06/04/2025,22/01/2024 13:08:08,24/04/2025 15:11:25,41.0,39,100,COOPAFBE,4633801.0,"0111302,0119905,0119906,0121101,0141501,0142300,0153901,0155505,0159801,0321301,0322101,1031700,1033301,1033302,1041400,1063500,1064300,1065101,4623101,4623106,4623108,4623109,4631100,4632001,4632002,4633802,4637104,4692300,7020400,7490103,8211300",ACESSO,RR LAGOA FUNDA,SN,,DISTRITO DE SUCATINGA - ZONA RURAL,62840000.0,1343.0,"ACESSO RR LAGOA FUNDA, SN, DISTRITO DE SUCATINGA - ZONA RURAL Beberibe-CE","-4,273884","-38,0564828"
249,1284650,Instituto Manuel Braga,"2,02411E+16",605774.0,"45600,82285",51890164000172,COOPERATIVA DOS PRODUTORES E AGRICULTORES F. DE BEBERIBE LTDA.,Nota Fiscal,"Gêneros Alimentícios ( Proteínas, Carboidratos, Hortaliças, Sódios e Lipídios) 
",45601,Efetivada,51890164000172,51890164,1,72,1,COOPAFBE,4633801,"0111302,0119905,0119906,0121101,0141501,0142300,0153901,0155505,0159801,0321301,0322101,1031700,1033301,1033302,1041400,1063500,1064300,1065101,4623101,4623106,4623108,4623109,4631100,4632001,4632002,4633802,4637104,4692300,7020400,7490103,8211300",ACESSO,RR LAGOA FUNDA,SN,,DISTRITO DE SUCATINGA - ZONA RURAL,62840000,1343,51890164000172,1343,BEBERIBE,Beberibe,Litoral Leste,BEBERIBE,COOPERATIVA DOS PRODUTORES E AGRICULTORES FAMILIARES DE BEBERIBE LTDA,CAF Emitido,OCB,06/04/2025,22/01/2024 13:08:08,08/05/2025 10:19:05,41.0,39.0,"100,00",COOPERATIVA DOS PRODUTORES E AGRICULTORES FAMILIARES DE BEBERIBE LTDA,Beberibe,CAF Emitido,OCB,06/04/2025,22/01/2024 13:08:08,24/04/2025 15:11:25,41.0,39,100,COOPAFBE,4633801.0,"0111302,0119905,0119906,0121101,0141501,0142300,0153901,0155505,0159801,0321301,0322101,1031700,1033301,1033302,1041400,1063500,1064300,1065101,4623101,4623106,4623108,4623109,4631100,4632001,4632002,4633802,4637104,4692300,7020400,7490103,8211300",ACESSO,RR LAGOA FUNDA,SN,,DISTRITO DE SUCATINGA - ZONA RURAL,62840000.0,1343.0,"ACESSO RR LAGOA FUNDA, SN, DISTRITO DE SUCATINGA - ZONA RURAL Beberibe-CE","-4,273884","-38,0564828"
250,1284650,Instituto Manuel Braga,"2,02411E+16",880987.0,"45600,82336",51890164000172,COOPERATIVA DOS PRODUTORES E AGRICULTORES F. DE BEBERIBE LTDA.,Nota Fiscal,"Gêneros Alimentícios ( Proteínas, Carboidratos, Hortaliças, Sódios e Lipídios) 
",45601,Efetivada,51890164000172,51890164,1,72,1,COOPAFBE,4633801,"0111302,0119905,0119906,0121101,0141501,0142300,0153901,0155505,0159801,0321301,0322101,1031700,1033301,1033302,1041400,1063500,1064300,1065101,4623101,4623106,4623108,4623109,4631100,4632001,4632002,4633802,4637104,4692300,7020400,7490103,8211300",ACESSO,RR LAGOA FUNDA,SN,,DISTRITO DE SUCATINGA - ZONA RURAL,62840000,1343,51890164000172,1343,BEBERIBE,Beberibe,Litoral Leste,BEBERIBE,COOPERATIVA DOS PRODUTORES E AGRICULTORES FAMILIARES DE BEBERIBE LTDA,CAF Emitido,OCB,06/04/2025,22/01/2024 13:08:08,08/05/2025 10:19:05,41.0,39.0,"100,00",COOPERATIVA DOS PRODUTORES E AGRICULTORES FAMILIARES DE BEBERIBE LTDA,Beberibe,CAF Emitido,OCB,06/04/2025,22/01/2024 13:08:08,24/04/2025 15:11:25,41.0,39,100,COOPAFBE,4633801.0,"0111302,0119905,0119906,0121101,0141501,0142300,0153901,0155505,0159801,0321301,0322101,1031700,1033301,1033302,1041400,1063500,1064300,1065101,4623101,4623106,4623108,4623109,4631100,4632001,4632002,4633802,4637104,4692300,7020400,7490103,8211300",ACESSO,RR LAGOA FUNDA,SN,,DISTRITO DE SUCATINGA - ZONA RURAL,62840000.0,1343.0,"ACESSO RR LAGOA FUNDA, SN, DISTRITO DE SUCATINGA - ZONA RURAL Beberibe-CE","-4,273884","-38,0564828"
251,1284650,Instituto Manuel Braga,"2,02411E+16",819487.0,"45600,82689",51890164000172,COOPERATIVA DOS PRODUTORES E AGRICULTORES F. DE BEBERIBE LTDA.,Nota Fiscal,"Gêneros Alimentícios ( Proteínas, Carboidratos, Hortaliças, Sódios e Lipídios) 
",45601,Efetivada,51890164000172,51890164,1,72,1,COOPAFBE,4633801,"0111302,0119905,0119906,0121101,0141501,0142300,0153901,0155505,0159801,0321301,0322101,1031700,1033301,1033302,1041400,1063500,1064300,1065101,4623101,4623106,4623108,4623109,4631100,4632001,4632002,4633802,4637104,4692300,7020400,7490103,8211300",ACESSO,RR LAGOA FUNDA,SN,,DISTRITO DE SUCATINGA - ZONA RURAL,62840000,1343,51890164000172,1343,BEBERIBE,Beberibe,Litoral Leste,BEBERIBE,COOPERATIVA DOS PRODUTORES E AGRICULTORES FAMILIARES DE BEBERIBE LTDA,CAF Emitido,OCB,06/04/2025,22/01/2024 13:08:08,08/05/2025 10:19:05,41.0,39.0,"100,00",COOPERATIVA DOS PRODUTORES E AGRICULTORES FAMILIARES DE BEBERIBE LTDA,Beberibe,CAF Emitido,OCB,06/04/2025,22/01/2024 13:08:08,24/04/2025 15:11:25,41.0,39,100,COOPAFBE,4633801.0,"0111302,0119905,0119906,0121101,0141501,0142300,0153901,0155505,0159801,0321301,0322101,1031700,1033301,1033302,1041400,1063500,1064300,1065101,4623101,4623106,4623108,4623109,4631100,4632001,4632002,4633802,4637104,4692300,7020400,7490103,8211300",ACESSO,RR LAGOA FUNDA,SN,,DISTRITO DE SUCATINGA - ZONA RURAL,62840000.0,1343.0,"ACESSO RR LAGOA FUNDA, SN, DISTRITO DE SUCATINGA - ZONA RURAL Beberibe-CE","-4,273884","-38,0564828"
252,1284650,Instituto Manuel Braga,"2,02411E+16",880987.0,"45600,82751",51890164000172,COOPERATIVA DOS PRODUTORES E AGRICULTORES F. DE BEBERIBE LTDA.,Nota Fiscal,"Gêneros Alimentícios ( Proteínas, Carboidratos, Hortaliças, Sódios e Lipídios) 
",45601,Efetivada,51890164000172,51890164,1,72,1,COOPAFBE,4633801,"0111302,0119905,0119906,0121101,0141501,0142300,0153901,0155505,0159801,0321301,0322101,1031700,1033301,1033302,1041400,1063500,1064300,1065101,4623101,4623106,4623108,4623109,4631100,4632001,4632002,4633802,4637104,4692300,7020400,7490103,8211300",ACESSO,RR LAGOA FUNDA,SN,,DISTRITO DE SUCATINGA - ZONA RURAL,62840000,1343,51890164000172,1343,BEBERIBE,Beberibe,Litoral Leste,BEBERIBE,COOPERATIVA DOS PRODUTORES E AGRICULTORES FAMILIARES DE BEBERIBE LTDA,CAF Emitido,OCB,06/04/2025,22/01/2024 13:08:08,08/05/2025 10:19:05,41.0,39.0,"100,00",COOPERATIVA DOS PRODUTORES E AGRICULTORES FAMILIARES DE BEBERIBE LTDA,Beberibe,CAF Emitido,OCB,06/04/2025,22/01/2024 13:08:08,24/04/2025 15:11:25,41.0,39,100,COOPAFBE,4633801.0,"0111302,0119905,0119906,0121101,0141501,0142300,0153901,0155505,0159801,0321301,0322101,1031700,1033301,1033302,1041400,1063500,1064300,1065101,4623101,4623106,4623108,4623109,4631100,4632001,4632002,4633802,4637104,4692300,7020400,7490103,8211300",ACESSO,RR LAGOA FUNDA,SN,,DISTRITO DE SUCATINGA - ZONA RURAL,62840000.0,1343.0,"ACESSO RR LAGOA FUNDA, SN, DISTRITO DE SUCATINGA - ZONA RURAL Beberibe-CE","-4,273884","-38,0564828"
253,1284650,Instituto Manuel Braga,"2,02411E+16",819487.0,"45608,66172",51890164000172,COOPERATIVA DOS PRODUTORES E AGRICULTORES F. DE BEBERIBE LTDA.,Nota Fiscal,"Gêneros Alimentícios ( Proteínas, Carboidratos, Hortaliças, Sódios e Lipídios) 
",45609,Efetivada,51890164000172,51890164,1,72,1,COOPAFBE,4633801,"0111302,0119905,0119906,0121101,0141501,0142300,0153901,0155505,0159801,0321301,0322101,1031700,1033301,1033302,1041400,1063500,1064300,1065101,4623101,4623106,4623108,4623109,4631100,4632001,4632002,4633802,4637104,4692300,7020400,7490103,8211300",ACESSO,RR LAGOA FUNDA,SN,,DISTRITO DE SUCATINGA - ZONA RURAL,62840000,1343,51890164000172,1343,BEBERIBE,Beberibe,Litoral Leste,BEBERIBE,COOPERATIVA DOS PRODUTORES E AGRICULTORES FAMILIARES DE BEBERIBE LTDA,CAF Emitido,OCB,06/04/2025,22/01/2024 13:08:08,08/05/2025 10:19:05,41.0,39.0,"100,00",COOPERATIVA DOS PRODUTORES E AGRICULTORES FAMILIARES DE BEBERIBE LTDA,Beberibe,CAF Emitido,OCB,06/04/2025,22/01/2024 13:08:08,24/04/2025 15:11:25,41.0,39,100,COOPAFBE,4633801.0,"0111302,0119905,0119906,0121101,0141501,0142300,0153901,0155505,0159801,0321301,0322101,1031700,1033301,1033302,1041400,1063500,1064300,1065101,4623101,4623106,4623108,4623109,4631100,4632001,4632002,4633802,4637104,4692300,7020400,7490103,8211300",ACESSO,RR LAGOA FUNDA,SN,,DISTRITO DE SUCATINGA - ZONA RURAL,62840000.0,1343.0,"ACESSO RR LAGOA FUNDA, SN, DISTRITO DE SUCATINGA - ZONA RURAL Beberibe-CE","-4,273884","-38,0564828"
254,1284650,Instituto Manuel Braga,"2,02411E+16",880987.0,"45608,66227",51890164000172,COOPERATIVA DOS PRODUTORES E AGRICULTORES F. DE BEBERIBE LTDA.,Nota Fiscal,"Gêneros Alimentícios ( Proteínas, Carboidratos, Hortaliças, Sódios e Lipídios) 
",45609,Efetivada,51890164000172,51890164,1,72,1,COOPAFBE,4633801,"0111302,0119905,0119906,0121101,0141501,0142300,0153901,0155505,0159801,0321301,0322101,1031700,1033301,1033302,1041400,1063500,1064300,1065101,4623101,4623106,4623108,4623109,4631100,4632001,4632002,4633802,4637104,4692300,7020400,7490103,8211300",ACESSO,RR LAGOA FUNDA,SN,,DISTRITO DE SUCATINGA - ZONA RURAL,62840000,1343,51890164000172,1343,BEBERIBE,Beberibe,Litoral Leste,BEBERIBE,COOPERATIVA DOS PRODUTORES E AGRICULTORES FAMILIARES DE BEBERIBE LTDA,CAF Emitido,OCB,06/04/2025,22/01/2024 13:08:08,08/05/2025 10:19:05,41.0,39.0,"100,00",COOPERATIVA DOS PRODUTORES E AGRICULTORES FAMILIARES DE BEBERIBE LTDA,Beberibe,CAF Emitido,OCB,06/04/2025,22/01/2024 13:08:08,24/04/2025 15:11:25,41.0,39,100,COOPAFBE,4633801.0,"0111302,0119905,0119906,0121101,0141501,0142300,0153901,0155505,0159801,0321301,0322101,1031700,1033301,1033302,1041400,1063500,1064300,1065101,4623101,4623106,4623108,4623109,4631100,4632001,4632002,4633802,4637104,4692300,7020400,7490103,8211300",ACESSO,RR LAGOA FUNDA,SN,,DISTRITO DE SUCATINGA - ZONA RURAL,62840000.0,1343.0,"ACESSO RR LAGOA FUNDA, SN, DISTRITO DE SUCATINGA - ZONA RURAL Beberibe-CE","-4,273884","-38,0564828"
255,1284650,Instituto Manuel Braga,"2,02411E+16",819487.0,"45608,66277",51890164000172,COOPERATIVA DOS PRODUTORES E AGRICULTORES F. DE BEBERIBE LTDA.,Nota Fiscal,"Gêneros Alimentícios ( Proteínas, Carboidratos, Hortaliças, Sódios e Lipídios) 
",45609,Efetivada,51890164000172,51890164,1,72,1,COOPAFBE,4633801,"0111302,0119905,0119906,0121101,0141501,0142300,0153901,0155505,0159801,0321301,0322101,1031700,1033301,1033302,1041400,1063500,1064300,1065101,4623101,4623106,4623108,4623109,4631100,4632001,4632002,4633802,4637104,4692300,7020400,7490103,8211300",ACESSO,RR LAGOA FUNDA,SN,,DISTRITO DE SUCATINGA - ZONA RURAL,62840000,1343,51890164000172,1343,BEBERIBE,Beberibe,Litoral Leste,BEBERIBE,COOPERATIVA DOS PRODUTORES E AGRICULTORES FAMILIARES DE BEBERIBE LTDA,CAF Emitido,OCB,06/04/2025,22/01/2024 13:08:08,08/05/2025 10:19:05,41.0,39.0,"100,00",COOPERATIVA DOS PRODUTORES E AGRICULTORES FAMILIARES DE BEBERIBE LTDA,Beberibe,CAF Emitido,OCB,06/04/2025,22/01/2024 13:08:08,24/04/2025 15:11:25,41.0,39,100,COOPAFBE,4633801.0,"0111302,0119905,0119906,0121101,0141501,0142300,0153901,0155505,0159801,0321301,0322101,1031700,1033301,1033302,1041400,1063500,1064300,1065101,4623101,4623106,4623108,4623109,4631100,4632001,4632002,4633802,4637104,4692300,7020400,7490103,8211300",ACESSO,RR LAGOA FUNDA,SN,,DISTRITO DE SUCATINGA - ZONA RURAL,62840000.0,1343.0,"ACESSO RR LAGOA FUNDA, SN, DISTRITO DE SUCATINGA - ZONA RURAL Beberibe-CE","-4,273884","-38,0564828"
256,1284650,Instituto Manuel Braga,"2,02411E+16",880987.0,"45608,66316",51890164000172,COOPERATIVA DOS PRODUTORES E AGRICULTORES F. DE BEBERIBE LTDA.,Nota Fiscal,"Gêneros Alimentícios ( Proteínas, Carboidratos, Hortaliças, Sódios e Lipídios) 
",45609,Efetivada,51890164000172,51890164,1,72,1,COOPAFBE,4633801,"0111302,0119905,0119906,0121101,0141501,0142300,0153901,0155505,0159801,0321301,0322101,1031700,1033301,1033302,1041400,1063500,1064300,1065101,4623101,4623106,4623108,4623109,4631100,4632001,4632002,4633802,4637104,4692300,7020400,7490103,8211300",ACESSO,RR LAGOA FUNDA,SN,,DISTRITO DE SUCATINGA - ZONA RURAL,62840000,1343,51890164000172,1343,BEBERIBE,Beberibe,Litoral Leste,BEBERIBE,COOPERATIVA DOS PRODUTORES E AGRICULTORES FAMILIARES DE BEBERIBE LTDA,CAF Emitido,OCB,06/04/2025,22/01/2024 13:08:08,08/05/2025 10:19:05,41.0,39.0,"100,00",COOPERATIVA DOS PRODUTORES E AGRICULTORES FAMILIARES DE BEBERIBE LTDA,Beberibe,CAF Emitido,OCB,06/04/2025,22/01/2024 13:08:08,24/04/2025 15:11:25,41.0,39,100,COOPAFBE,4633801.0,"0111302,0119905,0119906,0121101,0141501,0142300,0153901,0155505,0159801,0321301,0322101,1031700,1033301,1033302,1041400,1063500,1064300,1065101,4623101,4623106,4623108,4623109,4631100,4632001,4632002,4633802,4637104,4692300,7020400,7490103,8211300",ACESSO,RR LAGOA FUNDA,SN,,DISTRITO DE SUCATINGA - ZONA RURAL,62840000.0,1343.0,"ACESSO RR LAGOA FUNDA, SN, DISTRITO DE SUCATINGA - ZONA RURAL Beberibe-CE","-4,273884","-38,0564828"
257,1284650,Instituto Manuel Braga,"2,02411E+16",690645.0,"45624,39086",51890164000172,COOPERATIVA DOS PRODUTORES E AGRICULTORES F. DE BEBERIBE LTDA.,Nota Fiscal,"Gêneros Alimentícios ( Proteínas, Carboidratos, Hortaliças, Sódios e Lipídios) 
",45625,Efetivada,51890164000172,51890164,1,72,1,COOPAFBE,4633801,"0111302,0119905,0119906,0121101,0141501,0142300,0153901,0155505,0159801,0321301,0322101,1031700,1033301,1033302,1041400,1063500,1064300,1065101,4623101,4623106,4623108,4623109,4631100,4632001,4632002,4633802,4637104,4692300,7020400,7490103,8211300",ACESSO,RR LAGOA FUNDA,SN,,DISTRITO DE SUCATINGA - ZONA RURAL,62840000,1343,51890164000172,1343,BEBERIBE,Beberibe,Litoral Leste,BEBERIBE,COOPERATIVA DOS PRODUTORES E AGRICULTORES FAMILIARES DE BEBERIBE LTDA,CAF Emitido,OCB,06/04/2025,22/01/2024 13:08:08,08/05/2025 10:19:05,41.0,39.0,"100,00",COOPERATIVA DOS PRODUTORES E AGRICULTORES FAMILIARES DE BEBERIBE LTDA,Beberibe,CAF Emitido,OCB,06/04/2025,22/01/2024 13:08:08,24/04/2025 15:11:25,41.0,39,100,COOPAFBE,4633801.0,"0111302,0119905,0119906,0121101,0141501,0142300,0153901,0155505,0159801,0321301,0322101,1031700,1033301,1033302,1041400,1063500,1064300,1065101,4623101,4623106,4623108,4623109,4631100,4632001,4632002,4633802,4637104,4692300,7020400,7490103,8211300",ACESSO,RR LAGOA FUNDA,SN,,DISTRITO DE SUCATINGA - ZONA RURAL,62840000.0,1343.0,"ACESSO RR LAGOA FUNDA, SN, DISTRITO DE SUCATINGA - ZONA RURAL Beberibe-CE","-4,273884","-38,0564828"
258,1284650,Instituto Manuel Braga,"2,02411E+16",73062.0,"45624,39138",51890164000172,COOPERATIVA DOS PRODUTORES E AGRICULTORES F. DE BEBERIBE LTDA.,Nota Fiscal,"Gêneros Alimentícios ( Proteínas, Carboidratos, Hortaliças, Sódios e Lipídios) 
",45625,Efetivada,51890164000172,51890164,1,72,1,COOPAFBE,4633801,"0111302,0119905,0119906,0121101,0141501,0142300,0153901,0155505,0159801,0321301,0322101,1031700,1033301,1033302,1041400,1063500,1064300,1065101,4623101,4623106,4623108,4623109,4631100,4632001,4632002,4633802,4637104,4692300,7020400,7490103,8211300",ACESSO,RR LAGOA FUNDA,SN,,DISTRITO DE SUCATINGA - ZONA RURAL,62840000,1343,51890164000172,1343,BEBERIBE,Beberibe,Litoral Leste,BEBERIBE,COOPERATIVA DOS PRODUTORES E AGRICULTORES FAMILIARES DE BEBERIBE LTDA,CAF Emitido,OCB,06/04/2025,22/01/2024 13:08:08,08/05/2025 10:19:05,41.0,39.0,"100,00",COOPERATIVA DOS PRODUTORES E AGRICULTORES FAMILIARES DE BEBERIBE LTDA,Beberibe,CAF Emitido,OCB,06/04/2025,22/01/2024 13:08:08,24/04/2025 15:11:25,41.0,39,100,COOPAFBE,4633801.0,"0111302,0119905,0119906,0121101,0141501,0142300,0153901,0155505,0159801,0321301,0322101,1031700,1033301,1033302,1041400,1063500,1064300,1065101,4623101,4623106,4623108,4623109,4631100,4632001,4632002,4633802,4637104,4692300,7020400,7490103,8211300",ACESSO,RR LAGOA FUNDA,SN,,DISTRITO DE SUCATINGA - ZONA RURAL,62840000.0,1343.0,"ACESSO RR LAGOA FUNDA, SN, DISTRITO DE SUCATINGA - ZONA RURAL Beberibe-CE","-4,273884","-38,0564828"
259,1284650,Instituto Manuel Braga,"2,02411E+16",819487.0,"45624,39186",51890164000172,COOPERATIVA DOS PRODUTORES E AGRICULTORES F. DE BEBERIBE LTDA.,Nota Fiscal,"Gêneros Alimentícios ( Proteínas, Carboidratos, Hortaliças, Sódios e Lipídios) 
",45625,Efetivada,51890164000172,51890164,1,72,1,COOPAFBE,4633801,"0111302,0119905,0119906,0121101,0141501,0142300,0153901,0155505,0159801,0321301,0322101,1031700,1033301,1033302,1041400,1063500,1064300,1065101,4623101,4623106,4623108,4623109,4631100,4632001,4632002,4633802,4637104,4692300,7020400,7490103,8211300",ACESSO,RR LAGOA FUNDA,SN,,DISTRITO DE SUCATINGA - ZONA RURAL,62840000,1343,51890164000172,1343,BEBERIBE,Beberibe,Litoral Leste,BEBERIBE,COOPERATIVA DOS PRODUTORES E AGRICULTORES FAMILIARES DE BEBERIBE LTDA,CAF Emitido,OCB,06/04/2025,22/01/2024 13:08:08,08/05/2025 10:19:05,41.0,39.0,"100,00",COOPERATIVA DOS PRODUTORES E AGRICULTORES FAMILIARES DE BEBERIBE LTDA,Beberibe,CAF Emitido,OCB,06/04/2025,22/01/2024 13:08:08,24/04/2025 15:11:25,41.0,39,100,COOPAFBE,4633801.0,"0111302,0119905,0119906,0121101,0141501,0142300,0153901,0155505,0159801,0321301,0322101,1031700,1033301,1033302,1041400,1063500,1064300,1065101,4623101,4623106,4623108,4623109,4631100,4632001,4632002,4633802,4637104,4692300,7020400,7490103,8211300",ACESSO,RR LAGOA FUNDA,SN,,DISTRITO DE SUCATINGA - ZONA RURAL,62840000.0,1343.0,"ACESSO RR LAGOA FUNDA, SN, DISTRITO DE SUCATINGA - ZONA RURAL Beberibe-CE","-4,273884","-38,0564828"
260,1284650,Instituto Manuel Braga,"2,02411E+16",880987.0,"45624,39247",51890164000172,COOPERATIVA DOS PRODUTORES E AGRICULTORES F. DE BEBERIBE LTDA.,Nota Fiscal,"Gêneros Alimentícios ( Proteínas, Carboidratos, Hortaliças, Sódios e Lipídios) 
",45625,Efetivada,51890164000172,51890164,1,72,1,COOPAFBE,4633801,"0111302,0119905,0119906,0121101,0141501,0142300,0153901,0155505,0159801,0321301,0322101,1031700,1033301,1033302,1041400,1063500,1064300,1065101,4623101,4623106,4623108,4623109,4631100,4632001,4632002,4633802,4637104,4692300,7020400,7490103,8211300",ACESSO,RR LAGOA FUNDA,SN,,DISTRITO DE SUCATINGA - ZONA RURAL,62840000,1343,51890164000172,1343,BEBERIBE,Beberibe,Litoral Leste,BEBERIBE,COOPERATIVA DOS PRODUTORES E AGRICULTORES FAMILIARES DE BEBERIBE LTDA,CAF Emitido,OCB,06/04/2025,22/01/2024 13:08:08,08/05/2025 10:19:05,41.0,39.0,"100,00",COOPERATIVA DOS PRODUTORES E AGRICULTORES FAMILIARES DE BEBERIBE LTDA,Beberibe,CAF Emitido,OCB,06/04/2025,22/01/2024 13:08:08,24/04/2025 15:11:25,41.0,39,100,COOPAFBE,4633801.0,"0111302,0119905,0119906,0121101,0141501,0142300,0153901,0155505,0159801,0321301,0322101,1031700,1033301,1033302,1041400,1063500,1064300,1065101,4623101,4623106,4623108,4623109,4631100,4632001,4632002,4633802,4637104,4692300,7020400,7490103,8211300",ACESSO,RR LAGOA FUNDA,SN,,DISTRITO DE SUCATINGA - ZONA RURAL,62840000.0,1343.0,"ACESSO RR LAGOA FUNDA, SN, DISTRITO DE SUCATINGA - ZONA RURAL Beberibe-CE","-4,273884","-38,0564828"
261,1284650,Instituto Manuel Braga,"2,02412E+16",819487.0,"45652,7245",51890164000172,COOPERATIVA DOS PRODUTORES E AGRICULTORES F. DE BEBERIBE LTDA.,Nota Fiscal,"Gêneros Alimentícios ( Proteínas, Carboidratos, Hortaliças, Sódios e Lipídios) 
",45653,Efetivada,51890164000172,51890164,1,72,1,COOPAFBE,4633801,"0111302,0119905,0119906,0121101,0141501,0142300,0153901,0155505,0159801,0321301,0322101,1031700,1033301,1033302,1041400,1063500,1064300,1065101,4623101,4623106,4623108,4623109,4631100,4632001,4632002,4633802,4637104,4692300,7020400,7490103,8211300",ACESSO,RR LAGOA FUNDA,SN,,DISTRITO DE SUCATINGA - ZONA RURAL,62840000,1343,51890164000172,1343,BEBERIBE,Beberibe,Litoral Leste,BEBERIBE,COOPERATIVA DOS PRODUTORES E AGRICULTORES FAMILIARES DE BEBERIBE LTDA,CAF Emitido,OCB,06/04/2025,22/01/2024 13:08:08,08/05/2025 10:19:05,41.0,39.0,"100,00",COOPERATIVA DOS PRODUTORES E AGRICULTORES FAMILIARES DE BEBERIBE LTDA,Beberibe,CAF Emitido,OCB,06/04/2025,22/01/2024 13:08:08,24/04/2025 15:11:25,41.0,39,100,COOPAFBE,4633801.0,"0111302,0119905,0119906,0121101,0141501,0142300,0153901,0155505,0159801,0321301,0322101,1031700,1033301,1033302,1041400,1063500,1064300,1065101,4623101,4623106,4623108,4623109,4631100,4632001,4632002,4633802,4637104,4692300,7020400,7490103,8211300",ACESSO,RR LAGOA FUNDA,SN,,DISTRITO DE SUCATINGA - ZONA RURAL,62840000.0,1343.0,"ACESSO RR LAGOA FUNDA, SN, DISTRITO DE SUCATINGA - ZONA RURAL Beberibe-CE","-4,273884","-38,0564828"
262,1284650,Instituto Manuel Braga,"2,02412E+16",880987.0,"45652,72499",51890164000172,COOPERATIVA DOS PRODUTORES E AGRICULTORES F. DE BEBERIBE LTDA.,Nota Fiscal,"Gêneros Alimentícios ( Proteínas, Carboidratos, Hortaliças, Sódios e Lipídios) 
",45653,Efetivada,51890164000172,51890164,1,72,1,COOPAFBE,4633801,"0111302,0119905,0119906,0121101,0141501,0142300,0153901,0155505,0159801,0321301,0322101,1031700,1033301,1033302,1041400,1063500,1064300,1065101,4623101,4623106,4623108,4623109,4631100,4632001,4632002,4633802,4637104,4692300,7020400,7490103,8211300",ACESSO,RR LAGOA FUNDA,SN,,DISTRITO DE SUCATINGA - ZONA RURAL,62840000,1343,51890164000172,1343,BEBERIBE,Beberibe,Litoral Leste,BEBERIBE,COOPERATIVA DOS PRODUTORES E AGRICULTORES FAMILIARES DE BEBERIBE LTDA,CAF Emitido,OCB,06/04/2025,22/01/2024 13:08:08,08/05/2025 10:19:05,41.0,39.0,"100,00",COOPERATIVA DOS PRODUTORES E AGRICULTORES FAMILIARES DE BEBERIBE LTDA,Beberibe,CAF Emitido,OCB,06/04/2025,22/01/2024 13:08:08,24/04/2025 15:11:25,41.0,39,100,COOPAFBE,4633801.0,"0111302,0119905,0119906,0121101,0141501,0142300,0153901,0155505,0159801,0321301,0322101,1031700,1033301,1033302,1041400,1063500,1064300,1065101,4623101,4623106,4623108,4623109,4631100,4632001,4632002,4633802,4637104,4692300,7020400,7490103,8211300",ACESSO,RR LAGOA FUNDA,SN,,DISTRITO DE SUCATINGA - ZONA RURAL,62840000.0,1343.0,"ACESSO RR LAGOA FUNDA, SN, DISTRITO DE SUCATINGA - ZONA RURAL Beberibe-CE","-4,273884","-38,0564828"
263,1284650,Instituto Manuel Braga,"2,02412E+16",34071.0,"45652,72756",51890164000172,COOPERATIVA DOS PRODUTORES E AGRICULTORES F. DE BEBERIBE LTDA.,Nota Fiscal,"Gêneros Alimentícios ( Proteínas, Carboidratos, Hortaliças, Sódios e Lipídios) 
",45653,Efetivada,51890164000172,51890164,1,72,1,COOPAFBE,4633801,"0111302,0119905,0119906,0121101,0141501,0142300,0153901,0155505,0159801,0321301,0322101,1031700,1033301,1033302,1041400,1063500,1064300,1065101,4623101,4623106,4623108,4623109,4631100,4632001,4632002,4633802,4637104,4692300,7020400,7490103,8211300",ACESSO,RR LAGOA FUNDA,SN,,DISTRITO DE SUCATINGA - ZONA RURAL,62840000,1343,51890164000172,1343,BEBERIBE,Beberibe,Litoral Leste,BEBERIBE,COOPERATIVA DOS PRODUTORES E AGRICULTORES FAMILIARES DE BEBERIBE LTDA,CAF Emitido,OCB,06/04/2025,22/01/2024 13:08:08,08/05/2025 10:19:05,41.0,39.0,"100,00",COOPERATIVA DOS PRODUTORES E AGRICULTORES FAMILIARES DE BEBERIBE LTDA,Beberibe,CAF Emitido,OCB,06/04/2025,22/01/2024 13:08:08,24/04/2025 15:11:25,41.0,39,100,COOPAFBE,4633801.0,"0111302,0119905,0119906,0121101,0141501,0142300,0153901,0155505,0159801,0321301,0322101,1031700,1033301,1033302,1041400,1063500,1064300,1065101,4623101,4623106,4623108,4623109,4631100,4632001,4632002,4633802,4637104,4692300,7020400,7490103,8211300",ACESSO,RR LAGOA FUNDA,SN,,DISTRITO DE SUCATINGA - ZONA RURAL,62840000.0,1343.0,"ACESSO RR LAGOA FUNDA, SN, DISTRITO DE SUCATINGA - ZONA RURAL Beberibe-CE","-4,273884","-38,0564828"
264,1284650,Instituto Manuel Braga,"2,02412E+16",518752.0,"45652,72799",51890164000172,COOPERATIVA DOS PRODUTORES E AGRICULTORES F. DE BEBERIBE LTDA.,Nota Fiscal,"Gêneros Alimentícios ( Proteínas, Carboidratos, Hortaliças, Sódios e Lipídios) 
",45653,Efetivada,51890164000172,51890164,1,72,1,COOPAFBE,4633801,"0111302,0119905,0119906,0121101,0141501,0142300,0153901,0155505,0159801,0321301,0322101,1031700,1033301,1033302,1041400,1063500,1064300,1065101,4623101,4623106,4623108,4623109,4631100,4632001,4632002,4633802,4637104,4692300,7020400,7490103,8211300",ACESSO,RR LAGOA FUNDA,SN,,DISTRITO DE SUCATINGA - ZONA RURAL,62840000,1343,51890164000172,1343,BEBERIBE,Beberibe,Litoral Leste,BEBERIBE,COOPERATIVA DOS PRODUTORES E AGRICULTORES FAMILIARES DE BEBERIBE LTDA,CAF Emitido,OCB,06/04/2025,22/01/2024 13:08:08,08/05/2025 10:19:05,41.0,39.0,"100,00",COOPERATIVA DOS PRODUTORES E AGRICULTORES FAMILIARES DE BEBERIBE LTDA,Beberibe,CAF Emitido,OCB,06/04/2025,22/01/2024 13:08:08,24/04/2025 15:11:25,41.0,39,100,COOPAFBE,4633801.0,"0111302,0119905,0119906,0121101,0141501,0142300,0153901,0155505,0159801,0321301,0322101,1031700,1033301,1033302,1041400,1063500,1064300,1065101,4623101,4623106,4623108,4623109,4631100,4632001,4632002,4633802,4637104,4692300,7020400,7490103,8211300",ACESSO,RR LAGOA FUNDA,SN,,DISTRITO DE SUCATINGA - ZONA RURAL,62840000.0,1343.0,"ACESSO RR LAGOA FUNDA, SN, DISTRITO DE SUCATINGA - ZONA RURAL Beberibe-CE","-4,273884","-38,0564828"
265,1284650,Instituto Manuel Braga,"2,02412E+16",819487.0,"45654,47252",51890164000172,COOPERATIVA DOS PRODUTORES E AGRICULTORES F. DE BEBERIBE LTDA.,Nota Fiscal,"Gêneros Alimentícios ( Proteínas, Carboidratos, Hortaliças, Sódios e Lipídios) 
",45656,Efetivada,51890164000172,51890164,1,72,1,COOPAFBE,4633801,"0111302,0119905,0119906,0121101,0141501,0142300,0153901,0155505,0159801,0321301,0322101,1031700,1033301,1033302,1041400,1063500,1064300,1065101,4623101,4623106,4623108,4623109,4631100,4632001,4632002,4633802,4637104,4692300,7020400,7490103,8211300",ACESSO,RR LAGOA FUNDA,SN,,DISTRITO DE SUCATINGA - ZONA RURAL,62840000,1343,51890164000172,1343,BEBERIBE,Beberibe,Litoral Leste,BEBERIBE,COOPERATIVA DOS PRODUTORES E AGRICULTORES FAMILIARES DE BEBERIBE LTDA,CAF Emitido,OCB,06/04/2025,22/01/2024 13:08:08,08/05/2025 10:19:05,41.0,39.0,"100,00",COOPERATIVA DOS PRODUTORES E AGRICULTORES FAMILIARES DE BEBERIBE LTDA,Beberibe,CAF Emitido,OCB,06/04/2025,22/01/2024 13:08:08,24/04/2025 15:11:25,41.0,39,100,COOPAFBE,4633801.0,"0111302,0119905,0119906,0121101,0141501,0142300,0153901,0155505,0159801,0321301,0322101,1031700,1033301,1033302,1041400,1063500,1064300,1065101,4623101,4623106,4623108,4623109,4631100,4632001,4632002,4633802,4637104,4692300,7020400,7490103,8211300",ACESSO,RR LAGOA FUNDA,SN,,DISTRITO DE SUCATINGA - ZONA RURAL,62840000.0,1343.0,"ACESSO RR LAGOA FUNDA, SN, DISTRITO DE SUCATINGA - ZONA RURAL Beberibe-CE","-4,273884","-38,0564828"
266,1284650,Instituto Manuel Braga,"2,02412E+16",300254.0,"45656,7885",51890164000172,COOPERATIVA DOS PRODUTORES E AGRICULTORES F. DE BEBERIBE LTDA.,Nota Fiscal,"Gêneros Alimentícios ( Proteínas, Carboidratos, Hortaliças, Sódios e Lipídios) 
",45659,Efetivada,51890164000172,51890164,1,72,1,COOPAFBE,4633801,"0111302,0119905,0119906,0121101,0141501,0142300,0153901,0155505,0159801,0321301,0322101,1031700,1033301,1033302,1041400,1063500,1064300,1065101,4623101,4623106,4623108,4623109,4631100,4632001,4632002,4633802,4637104,4692300,7020400,7490103,8211300",ACESSO,RR LAGOA FUNDA,SN,,DISTRITO DE SUCATINGA - ZONA RURAL,62840000,1343,51890164000172,1343,BEBERIBE,Beberibe,Litoral Leste,BEBERIBE,COOPERATIVA DOS PRODUTORES E AGRICULTORES FAMILIARES DE BEBERIBE LTDA,CAF Emitido,OCB,06/04/2025,22/01/2024 13:08:08,08/05/2025 10:19:05,41.0,39.0,"100,00",COOPERATIVA DOS PRODUTORES E AGRICULTORES FAMILIARES DE BEBERIBE LTDA,Beberibe,CAF Emitido,OCB,06/04/2025,22/01/2024 13:08:08,24/04/2025 15:11:25,41.0,39,100,COOPAFBE,4633801.0,"0111302,0119905,0119906,0121101,0141501,0142300,0153901,0155505,0159801,0321301,0322101,1031700,1033301,1033302,1041400,1063500,1064300,1065101,4623101,4623106,4623108,4623109,4631100,4632001,4632002,4633802,4637104,4692300,7020400,7490103,8211300",ACESSO,RR LAGOA FUNDA,SN,,DISTRITO DE SUCATINGA - ZONA RURAL,62840000.0,1343.0,"ACESSO RR LAGOA FUNDA, SN, DISTRITO DE SUCATINGA - ZONA RURAL Beberibe-CE","-4,273884","-38,0564828"
267,1284650,Instituto Manuel Braga,"2,02502E+16",110700.0,"45712,62753",51890164000172,COOPERATIVA DOS PRODUTORES E AGRICULTORES F. DE BEBERIBE LTDA.,Nota Fiscal,"Gêneros Alimentícios ( Proteínas, Carboidratos, Hortaliças, Sódios e Lipídios) 
",45713,Efetivada,51890164000172,51890164,1,72,1,COOPAFBE,4633801,"0111302,0119905,0119906,0121101,0141501,0142300,0153901,0155505,0159801,0321301,0322101,1031700,1033301,1033302,1041400,1063500,1064300,1065101,4623101,4623106,4623108,4623109,4631100,4632001,4632002,4633802,4637104,4692300,7020400,7490103,8211300",ACESSO,RR LAGOA FUNDA,SN,,DISTRITO DE SUCATINGA - ZONA RURAL,62840000,1343,51890164000172,1343,BEBERIBE,Beberibe,Litoral Leste,BEBERIBE,COOPERATIVA DOS PRODUTORES E AGRICULTORES FAMILIARES DE BEBERIBE LTDA,CAF Emitido,OCB,06/04/2025,22/01/2024 13:08:08,08/05/2025 10:19:05,41.0,39.0,"100,00",COOPERATIVA DOS PRODUTORES E AGRICULTORES FAMILIARES DE BEBERIBE LTDA,Beberibe,CAF Emitido,OCB,06/04/2025,22/01/2024 13:08:08,24/04/2025 15:11:25,41.0,39,100,COOPAFBE,4633801.0,"0111302,0119905,0119906,0121101,0141501,0142300,0153901,0155505,0159801,0321301,0322101,1031700,1033301,1033302,1041400,1063500,1064300,1065101,4623101,4623106,4623108,4623109,4631100,4632001,4632002,4633802,4637104,4692300,7020400,7490103,8211300",ACESSO,RR LAGOA FUNDA,SN,,DISTRITO DE SUCATINGA - ZONA RURAL,62840000.0,1343.0,"ACESSO RR LAGOA FUNDA, SN, DISTRITO DE SUCATINGA - ZONA RURAL Beberibe-CE","-4,273884","-38,0564828"
268,1284650,Instituto Manuel Braga,"2,02502E+16",1073175.0,"45714,40582",51890164000172,COOPERATIVA DOS PRODUTORES E AGRICULTORES F. DE BEBERIBE LTDA.,Nota Fiscal,"Gêneros Alimentícios ( Proteínas, Carboidratos, Hortaliças, Sódios e Lipídios) 
",45715,Efetivada,51890164000172,51890164,1,72,1,COOPAFBE,4633801,"0111302,0119905,0119906,0121101,0141501,0142300,0153901,0155505,0159801,0321301,0322101,1031700,1033301,1033302,1041400,1063500,1064300,1065101,4623101,4623106,4623108,4623109,4631100,4632001,4632002,4633802,4637104,4692300,7020400,7490103,8211300",ACESSO,RR LAGOA FUNDA,SN,,DISTRITO DE SUCATINGA - ZONA RURAL,62840000,1343,51890164000172,1343,BEBERIBE,Beberibe,Litoral Leste,BEBERIBE,COOPERATIVA DOS PRODUTORES E AGRICULTORES FAMILIARES DE BEBERIBE LTDA,CAF Emitido,OCB,06/04/2025,22/01/2024 13:08:08,08/05/2025 10:19:05,41.0,39.0,"100,00",COOPERATIVA DOS PRODUTORES E AGRICULTORES FAMILIARES DE BEBERIBE LTDA,Beberibe,CAF Emitido,OCB,06/04/2025,22/01/2024 13:08:08,24/04/2025 15:11:25,41.0,39,100,COOPAFBE,4633801.0,"0111302,0119905,0119906,0121101,0141501,0142300,0153901,0155505,0159801,0321301,0322101,1031700,1033301,1033302,1041400,1063500,1064300,1065101,4623101,4623106,4623108,4623109,4631100,4632001,4632002,4633802,4637104,4692300,7020400,7490103,8211300",ACESSO,RR LAGOA FUNDA,SN,,DISTRITO DE SUCATINGA - ZONA RURAL,62840000.0,1343.0,"ACESSO RR LAGOA FUNDA, SN, DISTRITO DE SUCATINGA - ZONA RURAL Beberibe-CE","-4,273884","-38,0564828"
269,1284650,Instituto Manuel Braga,"2,02502E+16",110700.0,"45714,4066",51890164000172,COOPERATIVA DOS PRODUTORES E AGRICULTORES F. DE BEBERIBE LTDA.,Nota Fiscal,"Gêneros Alimentícios ( Proteínas, Carboidratos, Hortaliças, Sódios e Lipídios) 
",45715,Efetivada,51890164000172,51890164,1,72,1,COOPAFBE,4633801,"0111302,0119905,0119906,0121101,0141501,0142300,0153901,0155505,0159801,0321301,0322101,1031700,1033301,1033302,1041400,1063500,1064300,1065101,4623101,4623106,4623108,4623109,4631100,4632001,4632002,4633802,4637104,4692300,7020400,7490103,8211300",ACESSO,RR LAGOA FUNDA,SN,,DISTRITO DE SUCATINGA - ZONA RURAL,62840000,1343,51890164000172,1343,BEBERIBE,Beberibe,Litoral Leste,BEBERIBE,COOPERATIVA DOS PRODUTORES E AGRICULTORES FAMILIARES DE BEBERIBE LTDA,CAF Emitido,OCB,06/04/2025,22/01/2024 13:08:08,08/05/2025 10:19:05,41.0,39.0,"100,00",COOPERATIVA DOS PRODUTORES E AGRICULTORES FAMILIARES DE BEBERIBE LTDA,Beberibe,CAF Emitido,OCB,06/04/2025,22/01/2024 13:08:08,24/04/2025 15:11:25,41.0,39,100,COOPAFBE,4633801.0,"0111302,0119905,0119906,0121101,0141501,0142300,0153901,0155505,0159801,0321301,0322101,1031700,1033301,1033302,1041400,1063500,1064300,1065101,4623101,4623106,4623108,4623109,4631100,4632001,4632002,4633802,4637104,4692300,7020400,7490103,8211300",ACESSO,RR LAGOA FUNDA,SN,,DISTRITO DE SUCATINGA - ZONA RURAL,62840000.0,1343.0,"ACESSO RR LAGOA FUNDA, SN, DISTRITO DE SUCATINGA - ZONA RURAL Beberibe-CE","-4,273884","-38,0564828"
270,1284650,Instituto Manuel Braga,"2,02502E+16",1073175.0,"45712,63094",51890164000172,COOPERATIVA DOS PRODUTORES E AGRICULTORES F. DE BEBERIBE LTDA.,Nota Fiscal,"Gêneros Alimentícios ( Proteínas, Carboidratos, Hortaliças, Sódios e Lipídios) 
",45713,Efetivada,51890164000172,51890164,1,72,1,COOPAFBE,4633801,"0111302,0119905,0119906,0121101,0141501,0142300,0153901,0155505,0159801,0321301,0322101,1031700,1033301,1033302,1041400,1063500,1064300,1065101,4623101,4623106,4623108,4623109,4631100,4632001,4632002,4633802,4637104,4692300,7020400,7490103,8211300",ACESSO,RR LAGOA FUNDA,SN,,DISTRITO DE SUCATINGA - ZONA RURAL,62840000,1343,51890164000172,1343,BEBERIBE,Beberibe,Litoral Leste,BEBERIBE,COOPERATIVA DOS PRODUTORES E AGRICULTORES FAMILIARES DE BEBERIBE LTDA,CAF Emitido,OCB,06/04/2025,22/01/2024 13:08:08,08/05/2025 10:19:05,41.0,39.0,"100,00",COOPERATIVA DOS PRODUTORES E AGRICULTORES FAMILIARES DE BEBERIBE LTDA,Beberibe,CAF Emitido,OCB,06/04/2025,22/01/2024 13:08:08,24/04/2025 15:11:25,41.0,39,100,COOPAFBE,4633801.0,"0111302,0119905,0119906,0121101,0141501,0142300,0153901,0155505,0159801,0321301,0322101,1031700,1033301,1033302,1041400,1063500,1064300,1065101,4623101,4623106,4623108,4623109,4631100,4632001,4632002,4633802,4637104,4692300,7020400,7490103,8211300",ACESSO,RR LAGOA FUNDA,SN,,DISTRITO DE SUCATINGA - ZONA RURAL,62840000.0,1343.0,"ACESSO RR LAGOA FUNDA, SN, DISTRITO DE SUCATINGA - ZONA RURAL Beberibe-CE","-4,273884","-38,0564828"
271,1284650,Instituto Manuel Braga,"2,02503E+16",110700.0,"45726,6478",51890164000172,COOPERATIVA DOS PRODUTORES E AGRICULTORES F. DE BEBERIBE LTDA.,Nota Fiscal,"Gêneros Alimentícios ( Proteínas, Carboidratos, Hortaliças, Sódios e Lipídios) 
",45727,Efetivada,51890164000172,51890164,1,72,1,COOPAFBE,4633801,"0111302,0119905,0119906,0121101,0141501,0142300,0153901,0155505,0159801,0321301,0322101,1031700,1033301,1033302,1041400,1063500,1064300,1065101,4623101,4623106,4623108,4623109,4631100,4632001,4632002,4633802,4637104,4692300,7020400,7490103,8211300",ACESSO,RR LAGOA FUNDA,SN,,DISTRITO DE SUCATINGA - ZONA RURAL,62840000,1343,51890164000172,1343,BEBERIBE,Beberibe,Litoral Leste,BEBERIBE,COOPERATIVA DOS PRODUTORES E AGRICULTORES FAMILIARES DE BEBERIBE LTDA,CAF Emitido,OCB,06/04/2025,22/01/2024 13:08:08,08/05/2025 10:19:05,41.0,39.0,"100,00",COOPERATIVA DOS PRODUTORES E AGRICULTORES FAMILIARES DE BEBERIBE LTDA,Beberibe,CAF Emitido,OCB,06/04/2025,22/01/2024 13:08:08,24/04/2025 15:11:25,41.0,39,100,COOPAFBE,4633801.0,"0111302,0119905,0119906,0121101,0141501,0142300,0153901,0155505,0159801,0321301,0322101,1031700,1033301,1033302,1041400,1063500,1064300,1065101,4623101,4623106,4623108,4623109,4631100,4632001,4632002,4633802,4637104,4692300,7020400,7490103,8211300",ACESSO,RR LAGOA FUNDA,SN,,DISTRITO DE SUCATINGA - ZONA RURAL,62840000.0,1343.0,"ACESSO RR LAGOA FUNDA, SN, DISTRITO DE SUCATINGA - ZONA RURAL Beberibe-CE","-4,273884","-38,0564828"
272,1284650,Instituto Manuel Braga,"2,02503E+16",1073175.0,"45726,64826",51890164000172,COOPERATIVA DOS PRODUTORES E AGRICULTORES F. DE BEBERIBE LTDA.,Nota Fiscal,"Gêneros Alimentícios ( Proteínas, Carboidratos, Hortaliças, Sódios e Lipídios) 
",45727,Efetivada,51890164000172,51890164,1,72,1,COOPAFBE,4633801,"0111302,0119905,0119906,0121101,0141501,0142300,0153901,0155505,0159801,0321301,0322101,1031700,1033301,1033302,1041400,1063500,1064300,1065101,4623101,4623106,4623108,4623109,4631100,4632001,4632002,4633802,4637104,4692300,7020400,7490103,8211300",ACESSO,RR LAGOA FUNDA,SN,,DISTRITO DE SUCATINGA - ZONA RURAL,62840000,1343,51890164000172,1343,BEBERIBE,Beberibe,Litoral Leste,BEBERIBE,COOPERATIVA DOS PRODUTORES E AGRICULTORES FAMILIARES DE BEBERIBE LTDA,CAF Emitido,OCB,06/04/2025,22/01/2024 13:08:08,08/05/2025 10:19:05,41.0,39.0,"100,00",COOPERATIVA DOS PRODUTORES E AGRICULTORES FAMILIARES DE BEBERIBE LTDA,Beberibe,CAF Emitido,OCB,06/04/2025,22/01/2024 13:08:08,24/04/2025 15:11:25,41.0,39,100,COOPAFBE,4633801.0,"0111302,0119905,0119906,0121101,0141501,0142300,0153901,0155505,0159801,0321301,0322101,1031700,1033301,1033302,1041400,1063500,1064300,1065101,4623101,4623106,4623108,4623109,4631100,4632001,4632002,4633802,4637104,4692300,7020400,7490103,8211300",ACESSO,RR LAGOA FUNDA,SN,,DISTRITO DE SUCATINGA - ZONA RURAL,62840000.0,1343.0,"ACESSO RR LAGOA FUNDA, SN, DISTRITO DE SUCATINGA - ZONA RURAL Beberibe-CE","-4,273884","-38,0564828"
273,1284650,Instituto Manuel Braga,"2,02503E+16",110700.0,"45726,65103",51890164000172,COOPERATIVA DOS PRODUTORES E AGRICULTORES F. DE BEBERIBE LTDA.,Nota Fiscal,"Gêneros Alimentícios ( Proteínas, Carboidratos, Hortaliças, Sódios e Lipídios) 
",45727,Efetivada,51890164000172,51890164,1,72,1,COOPAFBE,4633801,"0111302,0119905,0119906,0121101,0141501,0142300,0153901,0155505,0159801,0321301,0322101,1031700,1033301,1033302,1041400,1063500,1064300,1065101,4623101,4623106,4623108,4623109,4631100,4632001,4632002,4633802,4637104,4692300,7020400,7490103,8211300",ACESSO,RR LAGOA FUNDA,SN,,DISTRITO DE SUCATINGA - ZONA RURAL,62840000,1343,51890164000172,1343,BEBERIBE,Beberibe,Litoral Leste,BEBERIBE,COOPERATIVA DOS PRODUTORES E AGRICULTORES FAMILIARES DE BEBERIBE LTDA,CAF Emitido,OCB,06/04/2025,22/01/2024 13:08:08,08/05/2025 10:19:05,41.0,39.0,"100,00",COOPERATIVA DOS PRODUTORES E AGRICULTORES FAMILIARES DE BEBERIBE LTDA,Beberibe,CAF Emitido,OCB,06/04/2025,22/01/2024 13:08:08,24/04/2025 15:11:25,41.0,39,100,COOPAFBE,4633801.0,"0111302,0119905,0119906,0121101,0141501,0142300,0153901,0155505,0159801,0321301,0322101,1031700,1033301,1033302,1041400,1063500,1064300,1065101,4623101,4623106,4623108,4623109,4631100,4632001,4632002,4633802,4637104,4692300,7020400,7490103,8211300",ACESSO,RR LAGOA FUNDA,SN,,DISTRITO DE SUCATINGA - ZONA RURAL,62840000.0,1343.0,"ACESSO RR LAGOA FUNDA, SN, DISTRITO DE SUCATINGA - ZONA RURAL Beberibe-CE","-4,273884","-38,0564828"
274,1284650,Instituto Manuel Braga,"2,02503E+16",643905.0,"45726,65166",51890164000172,COOPERATIVA DOS PRODUTORES E AGRICULTORES F. DE BEBERIBE LTDA.,Nota Fiscal,"Gêneros Alimentícios ( Proteínas, Carboidratos, Hortaliças, Sódios e Lipídios) 
",45727,Efetivada,51890164000172,51890164,1,72,1,COOPAFBE,4633801,"0111302,0119905,0119906,0121101,0141501,0142300,0153901,0155505,0159801,0321301,0322101,1031700,1033301,1033302,1041400,1063500,1064300,1065101,4623101,4623106,4623108,4623109,4631100,4632001,4632002,4633802,4637104,4692300,7020400,7490103,8211300",ACESSO,RR LAGOA FUNDA,SN,,DISTRITO DE SUCATINGA - ZONA RURAL,62840000,1343,51890164000172,1343,BEBERIBE,Beberibe,Litoral Leste,BEBERIBE,COOPERATIVA DOS PRODUTORES E AGRICULTORES FAMILIARES DE BEBERIBE LTDA,CAF Emitido,OCB,06/04/2025,22/01/2024 13:08:08,08/05/2025 10:19:05,41.0,39.0,"100,00",COOPERATIVA DOS PRODUTORES E AGRICULTORES FAMILIARES DE BEBERIBE LTDA,Beberibe,CAF Emitido,OCB,06/04/2025,22/01/2024 13:08:08,24/04/2025 15:11:25,41.0,39,100,COOPAFBE,4633801.0,"0111302,0119905,0119906,0121101,0141501,0142300,0153901,0155505,0159801,0321301,0322101,1031700,1033301,1033302,1041400,1063500,1064300,1065101,4623101,4623106,4623108,4623109,4631100,4632001,4632002,4633802,4637104,4692300,7020400,7490103,8211300",ACESSO,RR LAGOA FUNDA,SN,,DISTRITO DE SUCATINGA - ZONA RURAL,62840000.0,1343.0,"ACESSO RR LAGOA FUNDA, SN, DISTRITO DE SUCATINGA - ZONA RURAL Beberibe-CE","-4,273884","-38,0564828"
275,1284650,Instituto Manuel Braga,"2,02503E+16",110700.0,"45747,59551",51890164000172,COOPERATIVA DOS PRODUTORES E AGRICULTORES F. DE BEBERIBE LTDA.,Nota Fiscal,"Gêneros Alimentícios ( Proteínas, Carboidratos, Hortaliças, Sódios e Lipídios) 
",45748,Efetivada,51890164000172,51890164,1,72,1,COOPAFBE,4633801,"0111302,0119905,0119906,0121101,0141501,0142300,0153901,0155505,0159801,0321301,0322101,1031700,1033301,1033302,1041400,1063500,1064300,1065101,4623101,4623106,4623108,4623109,4631100,4632001,4632002,4633802,4637104,4692300,7020400,7490103,8211300",ACESSO,RR LAGOA FUNDA,SN,,DISTRITO DE SUCATINGA - ZONA RURAL,62840000,1343,51890164000172,1343,BEBERIBE,Beberibe,Litoral Leste,BEBERIBE,COOPERATIVA DOS PRODUTORES E AGRICULTORES FAMILIARES DE BEBERIBE LTDA,CAF Emitido,OCB,06/04/2025,22/01/2024 13:08:08,08/05/2025 10:19:05,41.0,39.0,"100,00",COOPERATIVA DOS PRODUTORES E AGRICULTORES FAMILIARES DE BEBERIBE LTDA,Beberibe,CAF Emitido,OCB,06/04/2025,22/01/2024 13:08:08,24/04/2025 15:11:25,41.0,39,100,COOPAFBE,4633801.0,"0111302,0119905,0119906,0121101,0141501,0142300,0153901,0155505,0159801,0321301,0322101,1031700,1033301,1033302,1041400,1063500,1064300,1065101,4623101,4623106,4623108,4623109,4631100,4632001,4632002,4633802,4637104,4692300,7020400,7490103,8211300",ACESSO,RR LAGOA FUNDA,SN,,DISTRITO DE SUCATINGA - ZONA RURAL,62840000.0,1343.0,"ACESSO RR LAGOA FUNDA, SN, DISTRITO DE SUCATINGA - ZONA RURAL Beberibe-CE","-4,273884","-38,0564828"
276,1284650,Instituto Manuel Braga,"2,02504E+16",43147.0,"45749,45953",51890164000172,COOPERATIVA DOS PRODUTORES E AGRICULTORES F. DE BEBERIBE LTDA.,Nota Fiscal,"Gêneros Alimentícios ( Proteínas, Carboidratos, Hortaliças, Sódios e Lipídios) 
",45750,Efetivada,51890164000172,51890164,1,72,1,COOPAFBE,4633801,"0111302,0119905,0119906,0121101,0141501,0142300,0153901,0155505,0159801,0321301,0322101,1031700,1033301,1033302,1041400,1063500,1064300,1065101,4623101,4623106,4623108,4623109,4631100,4632001,4632002,4633802,4637104,4692300,7020400,7490103,8211300",ACESSO,RR LAGOA FUNDA,SN,,DISTRITO DE SUCATINGA - ZONA RURAL,62840000,1343,51890164000172,1343,BEBERIBE,Beberibe,Litoral Leste,BEBERIBE,COOPERATIVA DOS PRODUTORES E AGRICULTORES FAMILIARES DE BEBERIBE LTDA,CAF Emitido,OCB,06/04/2025,22/01/2024 13:08:08,08/05/2025 10:19:05,41.0,39.0,"100,00",COOPERATIVA DOS PRODUTORES E AGRICULTORES FAMILIARES DE BEBERIBE LTDA,Beberibe,CAF Emitido,OCB,06/04/2025,22/01/2024 13:08:08,24/04/2025 15:11:25,41.0,39,100,COOPAFBE,4633801.0,"0111302,0119905,0119906,0121101,0141501,0142300,0153901,0155505,0159801,0321301,0322101,1031700,1033301,1033302,1041400,1063500,1064300,1065101,4623101,4623106,4623108,4623109,4631100,4632001,4632002,4633802,4637104,4692300,7020400,7490103,8211300",ACESSO,RR LAGOA FUNDA,SN,,DISTRITO DE SUCATINGA - ZONA RURAL,62840000.0,1343.0,"ACESSO RR LAGOA FUNDA, SN, DISTRITO DE SUCATINGA - ZONA RURAL Beberibe-CE","-4,273884","-38,0564828"
277,1284650,Instituto Manuel Braga,"2,02504E+16",1021574.0,"45763,66197",51890164000172,COOPERATIVA DOS PRODUTORES E AGRICULTORES F. DE BEBERIBE LTDA.,Nota Fiscal,"Gêneros Alimentícios ( Proteínas, Carboidratos, Hortaliças, Sódios e Lipídios) 
",45764,Efetivada,51890164000172,51890164,1,72,1,COOPAFBE,4633801,"0111302,0119905,0119906,0121101,0141501,0142300,0153901,0155505,0159801,0321301,0322101,1031700,1033301,1033302,1041400,1063500,1064300,1065101,4623101,4623106,4623108,4623109,4631100,4632001,4632002,4633802,4637104,4692300,7020400,7490103,8211300",ACESSO,RR LAGOA FUNDA,SN,,DISTRITO DE SUCATINGA - ZONA RURAL,62840000,1343,51890164000172,1343,BEBERIBE,Beberibe,Litoral Leste,BEBERIBE,COOPERATIVA DOS PRODUTORES E AGRICULTORES FAMILIARES DE BEBERIBE LTDA,CAF Emitido,OCB,06/04/2025,22/01/2024 13:08:08,08/05/2025 10:19:05,41.0,39.0,"100,00",COOPERATIVA DOS PRODUTORES E AGRICULTORES FAMILIARES DE BEBERIBE LTDA,Beberibe,CAF Emitido,OCB,06/04/2025,22/01/2024 13:08:08,24/04/2025 15:11:25,41.0,39,100,COOPAFBE,4633801.0,"0111302,0119905,0119906,0121101,0141501,0142300,0153901,0155505,0159801,0321301,0322101,1031700,1033301,1033302,1041400,1063500,1064300,1065101,4623101,4623106,4623108,4623109,4631100,4632001,4632002,4633802,4637104,4692300,7020400,7490103,8211300",ACESSO,RR LAGOA FUNDA,SN,,DISTRITO DE SUCATINGA - ZONA RURAL,62840000.0,1343.0,"ACESSO RR LAGOA FUNDA, SN, DISTRITO DE SUCATINGA - ZONA RURAL Beberibe-CE","-4,273884","-38,0564828"
278,1284650,Instituto Manuel Braga,"2,02504E+16",1021574.0,"45763,66235",51890164000172,COOPERATIVA DOS PRODUTORES E AGRICULTORES F. DE BEBERIBE LTDA.,Nota Fiscal,"Gêneros Alimentícios ( Proteínas, Carboidratos, Hortaliças, Sódios e Lipídios) 
",45764,Efetivada,51890164000172,51890164,1,72,1,COOPAFBE,4633801,"0111302,0119905,0119906,0121101,0141501,0142300,0153901,0155505,0159801,0321301,0322101,1031700,1033301,1033302,1041400,1063500,1064300,1065101,4623101,4623106,4623108,4623109,4631100,4632001,4632002,4633802,4637104,4692300,7020400,7490103,8211300",ACESSO,RR LAGOA FUNDA,SN,,DISTRITO DE SUCATINGA - ZONA RURAL,62840000,1343,51890164000172,1343,BEBERIBE,Beberibe,Litoral Leste,BEBERIBE,COOPERATIVA DOS PRODUTORES E AGRICULTORES FAMILIARES DE BEBERIBE LTDA,CAF Emitido,OCB,06/04/2025,22/01/2024 13:08:08,08/05/2025 10:19:05,41.0,39.0,"100,00",COOPERATIVA DOS PRODUTORES E AGRICULTORES FAMILIARES DE BEBERIBE LTDA,Beberibe,CAF Emitido,OCB,06/04/2025,22/01/2024 13:08:08,24/04/2025 15:11:25,41.0,39,100,COOPAFBE,4633801.0,"0111302,0119905,0119906,0121101,0141501,0142300,0153901,0155505,0159801,0321301,0322101,1031700,1033301,1033302,1041400,1063500,1064300,1065101,4623101,4623106,4623108,4623109,4631100,4632001,4632002,4633802,4637104,4692300,7020400,7490103,8211300",ACESSO,RR LAGOA FUNDA,SN,,DISTRITO DE SUCATINGA - ZONA RURAL,62840000.0,1343.0,"ACESSO RR LAGOA FUNDA, SN, DISTRITO DE SUCATINGA - ZONA RURAL Beberibe-CE","-4,273884","-38,0564828"
279,1284650,Instituto Manuel Braga,"2,02505E+16",110700.0,"45784,63804",51890164000172,COOPERATIVA DOS PRODUTORES E AGRICULTORES F. DE BEBERIBE LTDA.,Nota Fiscal,"Gêneros Alimentícios ( Proteínas, Carboidratos, Hortaliças, Sódios e Lipídios) 
",45785,Efetivada,51890164000172,51890164,1,72,1,COOPAFBE,4633801,"0111302,0119905,0119906,0121101,0141501,0142300,0153901,0155505,0159801,0321301,0322101,1031700,1033301,1033302,1041400,1063500,1064300,1065101,4623101,4623106,4623108,4623109,4631100,4632001,4632002,4633802,4637104,4692300,7020400,7490103,8211300",ACESSO,RR LAGOA FUNDA,SN,,DISTRITO DE SUCATINGA - ZONA RURAL,62840000,1343,51890164000172,1343,BEBERIBE,Beberibe,Litoral Leste,BEBERIBE,COOPERATIVA DOS PRODUTORES E AGRICULTORES FAMILIARES DE BEBERIBE LTDA,CAF Emitido,OCB,06/04/2025,22/01/2024 13:08:08,08/05/2025 10:19:05,41.0,39.0,"100,00",COOPERATIVA DOS PRODUTORES E AGRICULTORES FAMILIARES DE BEBERIBE LTDA,Beberibe,CAF Emitido,OCB,06/04/2025,22/01/2024 13:08:08,24/04/2025 15:11:25,41.0,39,100,COOPAFBE,4633801.0,"0111302,0119905,0119906,0121101,0141501,0142300,0153901,0155505,0159801,0321301,0322101,1031700,1033301,1033302,1041400,1063500,1064300,1065101,4623101,4623106,4623108,4623109,4631100,4632001,4632002,4633802,4637104,4692300,7020400,7490103,8211300",ACESSO,RR LAGOA FUNDA,SN,,DISTRITO DE SUCATINGA - ZONA RURAL,62840000.0,1343.0,"ACESSO RR LAGOA FUNDA, SN, DISTRITO DE SUCATINGA - ZONA RURAL Beberibe-CE","-4,273884","-38,0564828"
280,1284650,Instituto Manuel Braga,"2,02505E+16",88929.0,"45784,63846",51890164000172,COOPERATIVA DOS PRODUTORES E AGRICULTORES F. DE BEBERIBE LTDA.,Nota Fiscal,"Gêneros Alimentícios ( Proteínas, Carboidratos, Hortaliças, Sódios e Lipídios) 
",45785,Efetivada,51890164000172,51890164,1,72,1,COOPAFBE,4633801,"0111302,0119905,0119906,0121101,0141501,0142300,0153901,0155505,0159801,0321301,0322101,1031700,1033301,1033302,1041400,1063500,1064300,1065101,4623101,4623106,4623108,4623109,4631100,4632001,4632002,4633802,4637104,4692300,7020400,7490103,8211300",ACESSO,RR LAGOA FUNDA,SN,,DISTRITO DE SUCATINGA - ZONA RURAL,62840000,1343,51890164000172,1343,BEBERIBE,Beberibe,Litoral Leste,BEBERIBE,COOPERATIVA DOS PRODUTORES E AGRICULTORES FAMILIARES DE BEBERIBE LTDA,CAF Emitido,OCB,06/04/2025,22/01/2024 13:08:08,08/05/2025 10:19:05,41.0,39.0,"100,00",COOPERATIVA DOS PRODUTORES E AGRICULTORES FAMILIARES DE BEBERIBE LTDA,Beberibe,CAF Emitido,OCB,06/04/2025,22/01/2024 13:08:08,24/04/2025 15:11:25,41.0,39,100,COOPAFBE,4633801.0,"0111302,0119905,0119906,0121101,0141501,0142300,0153901,0155505,0159801,0321301,0322101,1031700,1033301,1033302,1041400,1063500,1064300,1065101,4623101,4623106,4623108,4623109,4631100,4632001,4632002,4633802,4637104,4692300,7020400,7490103,8211300",ACESSO,RR LAGOA FUNDA,SN,,DISTRITO DE SUCATINGA - ZONA RURAL,62840000.0,1343.0,"ACESSO RR LAGOA FUNDA, SN, DISTRITO DE SUCATINGA - ZONA RURAL Beberibe-CE","-4,273884","-38,0564828"
281,1284650,Instituto Manuel Braga,"2,02505E+16",87699.0,"45784,6391",51890164000172,COOPERATIVA DOS PRODUTORES E AGRICULTORES F. DE BEBERIBE LTDA.,Nota Fiscal,"Gêneros Alimentícios ( Proteínas, Carboidratos, Hortaliças, Sódios e Lipídios) 
",45785,Efetivada,51890164000172,51890164,1,72,1,COOPAFBE,4633801,"0111302,0119905,0119906,0121101,0141501,0142300,0153901,0155505,0159801,0321301,0322101,1031700,1033301,1033302,1041400,1063500,1064300,1065101,4623101,4623106,4623108,4623109,4631100,4632001,4632002,4633802,4637104,4692300,7020400,7490103,8211300",ACESSO,RR LAGOA FUNDA,SN,,DISTRITO DE SUCATINGA - ZONA RURAL,62840000,1343,51890164000172,1343,BEBERIBE,Beberibe,Litoral Leste,BEBERIBE,COOPERATIVA DOS PRODUTORES E AGRICULTORES FAMILIARES DE BEBERIBE LTDA,CAF Emitido,OCB,06/04/2025,22/01/2024 13:08:08,08/05/2025 10:19:05,41.0,39.0,"100,00",COOPERATIVA DOS PRODUTORES E AGRICULTORES FAMILIARES DE BEBERIBE LTDA,Beberibe,CAF Emitido,OCB,06/04/2025,22/01/2024 13:08:08,24/04/2025 15:11:25,41.0,39,100,COOPAFBE,4633801.0,"0111302,0119905,0119906,0121101,0141501,0142300,0153901,0155505,0159801,0321301,0322101,1031700,1033301,1033302,1041400,1063500,1064300,1065101,4623101,4623106,4623108,4623109,4631100,4632001,4632002,4633802,4637104,4692300,7020400,7490103,8211300",ACESSO,RR LAGOA FUNDA,SN,,DISTRITO DE SUCATINGA - ZONA RURAL,62840000.0,1343.0,"ACESSO RR LAGOA FUNDA, SN, DISTRITO DE SUCATINGA - ZONA RURAL Beberibe-CE","-4,273884","-38,0564828"
282,1284650,Instituto Manuel Braga,"2,02505E+16",824715.0,"45784,63958",51890164000172,COOPERATIVA DOS PRODUTORES E AGRICULTORES F. DE BEBERIBE LTDA.,Nota Fiscal,"Gêneros Alimentícios ( Proteínas, Carboidratos, Hortaliças, Sódios e Lipídios) 
",45785,Efetivada,51890164000172,51890164,1,72,1,COOPAFBE,4633801,"0111302,0119905,0119906,0121101,0141501,0142300,0153901,0155505,0159801,0321301,0322101,1031700,1033301,1033302,1041400,1063500,1064300,1065101,4623101,4623106,4623108,4623109,4631100,4632001,4632002,4633802,4637104,4692300,7020400,7490103,8211300",ACESSO,RR LAGOA FUNDA,SN,,DISTRITO DE SUCATINGA - ZONA RURAL,62840000,1343,51890164000172,1343,BEBERIBE,Beberibe,Litoral Leste,BEBERIBE,COOPERATIVA DOS PRODUTORES E AGRICULTORES FAMILIARES DE BEBERIBE LTDA,CAF Emitido,OCB,06/04/2025,22/01/2024 13:08:08,08/05/2025 10:19:05,41.0,39.0,"100,00",COOPERATIVA DOS PRODUTORES E AGRICULTORES FAMILIARES DE BEBERIBE LTDA,Beberibe,CAF Emitido,OCB,06/04/2025,22/01/2024 13:08:08,24/04/2025 15:11:25,41.0,39,100,COOPAFBE,4633801.0,"0111302,0119905,0119906,0121101,0141501,0142300,0153901,0155505,0159801,0321301,0322101,1031700,1033301,1033302,1041400,1063500,1064300,1065101,4623101,4623106,4623108,4623109,4631100,4632001,4632002,4633802,4637104,4692300,7020400,7490103,8211300",ACESSO,RR LAGOA FUNDA,SN,,DISTRITO DE SUCATINGA - ZONA RURAL,62840000.0,1343.0,"ACESSO RR LAGOA FUNDA, SN, DISTRITO DE SUCATINGA - ZONA RURAL Beberibe-CE","-4,273884","-38,0564828"
283,1284650,Instituto Manuel Braga,"2,02505E+16",110700.0,"45803,60193",51890164000172,COOPERATIVA DOS PRODUTORES E AGRICULTORES F. DE BEBERIBE LTDA.,Nota Fiscal,"Gêneros Alimentícios ( Proteínas, Carboidratos, Hortaliças, Sódios e Lipídios) 
",45804,Efetivada,51890164000172,51890164,1,72,1,COOPAFBE,4633801,"0111302,0119905,0119906,0121101,0141501,0142300,0153901,0155505,0159801,0321301,0322101,1031700,1033301,1033302,1041400,1063500,1064300,1065101,4623101,4623106,4623108,4623109,4631100,4632001,4632002,4633802,4637104,4692300,7020400,7490103,8211300",ACESSO,RR LAGOA FUNDA,SN,,DISTRITO DE SUCATINGA - ZONA RURAL,62840000,1343,51890164000172,1343,BEBERIBE,Beberibe,Litoral Leste,BEBERIBE,COOPERATIVA DOS PRODUTORES E AGRICULTORES FAMILIARES DE BEBERIBE LTDA,CAF Emitido,OCB,06/04/2025,22/01/2024 13:08:08,08/05/2025 10:19:05,41.0,39.0,"100,00",COOPERATIVA DOS PRODUTORES E AGRICULTORES FAMILIARES DE BEBERIBE LTDA,Beberibe,CAF Emitido,OCB,06/04/2025,22/01/2024 13:08:08,24/04/2025 15:11:25,41.0,39,100,COOPAFBE,4633801.0,"0111302,0119905,0119906,0121101,0141501,0142300,0153901,0155505,0159801,0321301,0322101,1031700,1033301,1033302,1041400,1063500,1064300,1065101,4623101,4623106,4623108,4623109,4631100,4632001,4632002,4633802,4637104,4692300,7020400,7490103,8211300",ACESSO,RR LAGOA FUNDA,SN,,DISTRITO DE SUCATINGA - ZONA RURAL,62840000.0,1343.0,"ACESSO RR LAGOA FUNDA, SN, DISTRITO DE SUCATINGA - ZONA RURAL Beberibe-CE","-4,273884","-38,0564828"
284,1284650,Instituto Manuel Braga,"2,02505E+16",1073175.0,"45803,60255",51890164000172,COOPERATIVA DOS PRODUTORES E AGRICULTORES F. DE BEBERIBE LTDA.,Nota Fiscal,"Gêneros Alimentícios ( Proteínas, Carboidratos, Hortaliças, Sódios e Lipídios) 
",45804,Efetivada,51890164000172,51890164,1,72,1,COOPAFBE,4633801,"0111302,0119905,0119906,0121101,0141501,0142300,0153901,0155505,0159801,0321301,0322101,1031700,1033301,1033302,1041400,1063500,1064300,1065101,4623101,4623106,4623108,4623109,4631100,4632001,4632002,4633802,4637104,4692300,7020400,7490103,8211300",ACESSO,RR LAGOA FUNDA,SN,,DISTRITO DE SUCATINGA - ZONA RURAL,62840000,1343,51890164000172,1343,BEBERIBE,Beberibe,Litoral Leste,BEBERIBE,COOPERATIVA DOS PRODUTORES E AGRICULTORES FAMILIARES DE BEBERIBE LTDA,CAF Emitido,OCB,06/04/2025,22/01/2024 13:08:08,08/05/2025 10:19:05,41.0,39.0,"100,00",COOPERATIVA DOS PRODUTORES E AGRICULTORES FAMILIARES DE BEBERIBE LTDA,Beberibe,CAF Emitido,OCB,06/04/2025,22/01/2024 13:08:08,24/04/2025 15:11:25,41.0,39,100,COOPAFBE,4633801.0,"0111302,0119905,0119906,0121101,0141501,0142300,0153901,0155505,0159801,0321301,0322101,1031700,1033301,1033302,1041400,1063500,1064300,1065101,4623101,4623106,4623108,4623109,4631100,4632001,4632002,4633802,4637104,4692300,7020400,7490103,8211300",ACESSO,RR LAGOA FUNDA,SN,,DISTRITO DE SUCATINGA - ZONA RURAL,62840000.0,1343.0,"ACESSO RR LAGOA FUNDA, SN, DISTRITO DE SUCATINGA - ZONA RURAL Beberibe-CE","-4,273884","-38,0564828"
285,1284650,Instituto Manuel Braga,"2,02505E+16",110700.0,"45804,59618",51890164000172,COOPERATIVA DOS PRODUTORES E AGRICULTORES F. DE BEBERIBE LTDA.,Nota Fiscal,"Gêneros Alimentícios ( Proteínas, Carboidratos, Hortaliças, Sódios e Lipídios) 
",45805,Efetivada,51890164000172,51890164,1,72,1,COOPAFBE,4633801,"0111302,0119905,0119906,0121101,0141501,0142300,0153901,0155505,0159801,0321301,0322101,1031700,1033301,1033302,1041400,1063500,1064300,1065101,4623101,4623106,4623108,4623109,4631100,4632001,4632002,4633802,4637104,4692300,7020400,7490103,8211300",ACESSO,RR LAGOA FUNDA,SN,,DISTRITO DE SUCATINGA - ZONA RURAL,62840000,1343,51890164000172,1343,BEBERIBE,Beberibe,Litoral Leste,BEBERIBE,COOPERATIVA DOS PRODUTORES E AGRICULTORES FAMILIARES DE BEBERIBE LTDA,CAF Emitido,OCB,06/04/2025,22/01/2024 13:08:08,08/05/2025 10:19:05,41.0,39.0,"100,00",COOPERATIVA DOS PRODUTORES E AGRICULTORES FAMILIARES DE BEBERIBE LTDA,Beberibe,CAF Emitido,OCB,06/04/2025,22/01/2024 13:08:08,24/04/2025 15:11:25,41.0,39,100,COOPAFBE,4633801.0,"0111302,0119905,0119906,0121101,0141501,0142300,0153901,0155505,0159801,0321301,0322101,1031700,1033301,1033302,1041400,1063500,1064300,1065101,4623101,4623106,4623108,4623109,4631100,4632001,4632002,4633802,4637104,4692300,7020400,7490103,8211300",ACESSO,RR LAGOA FUNDA,SN,,DISTRITO DE SUCATINGA - ZONA RURAL,62840000.0,1343.0,"ACESSO RR LAGOA FUNDA, SN, DISTRITO DE SUCATINGA - ZONA RURAL Beberibe-CE","-4,273884","-38,0564828"
286,1284650,Instituto Manuel Braga,"2,02505E+16",1073175.0,"45804,5972",51890164000172,COOPERATIVA DOS PRODUTORES E AGRICULTORES F. DE BEBERIBE LTDA.,Nota Fiscal,"Gêneros Alimentícios ( Proteínas, Carboidratos, Hortaliças, Sódios e Lipídios) 
",45805,Efetivada,51890164000172,51890164,1,72,1,COOPAFBE,4633801,"0111302,0119905,0119906,0121101,0141501,0142300,0153901,0155505,0159801,0321301,0322101,1031700,1033301,1033302,1041400,1063500,1064300,1065101,4623101,4623106,4623108,4623109,4631100,4632001,4632002,4633802,4637104,4692300,7020400,7490103,8211300",ACESSO,RR LAGOA FUNDA,SN,,DISTRITO DE SUCATINGA - ZONA RURAL,62840000,1343,51890164000172,1343,BEBERIBE,Beberibe,Litoral Leste,BEBERIBE,COOPERATIVA DOS PRODUTORES E AGRICULTORES FAMILIARES DE BEBERIBE LTDA,CAF Emitido,OCB,06/04/2025,22/01/2024 13:08:08,08/05/2025 10:19:05,41.0,39.0,"100,00",COOPERATIVA DOS PRODUTORES E AGRICULTORES FAMILIARES DE BEBERIBE LTDA,Beberibe,CAF Emitido,OCB,06/04/2025,22/01/2024 13:08:08,24/04/2025 15:11:25,41.0,39,100,COOPAFBE,4633801.0,"0111302,0119905,0119906,0121101,0141501,0142300,0153901,0155505,0159801,0321301,0322101,1031700,1033301,1033302,1041400,1063500,1064300,1065101,4623101,4623106,4623108,4623109,4631100,4632001,4632002,4633802,4637104,4692300,7020400,7490103,8211300",ACESSO,RR LAGOA FUNDA,SN,,DISTRITO DE SUCATINGA - ZONA RURAL,62840000.0,1343.0,"ACESSO RR LAGOA FUNDA, SN, DISTRITO DE SUCATINGA - ZONA RURAL Beberibe-CE","-4,273884","-38,0564828"
287,1285130,INSTITUTO FLOR DO PIQUI,"2,0231E+16",2749081.0,"45224,6448",37954887000167,COOPERATIVA AGROINDUSTRIA SUL CEARENSE,Nota Fiscal,"Gêneros Alimentícios ( Proteínas, Carboidratos, Hortaliças, Sódios e Lipídios)
",45225,Efetivada,37954887000167,37954887,1,67,1,COOPERSUL,1031700,"0142300,0159801,0161099,0220906,1066000,3600601,4623101,4623106,4623109,4631100,4632002,4632003,4633801,4634601,4634602,4634699,4683400,4721103,4724500,4729699,4789004,7490103,8211300,8230001,8599604",RUA,INACIO FERREIRA TELES,101,,SAO JOSE,63133565,1385,37954887000167,1385,CRATO,Crato,Cariri,CRATO,COOPERATIVA AGROINDUSTRIAL SUL CEARENSE ,CAF Emitido,UNICAFES,08/05/2026,21/02/2024 18:01:16,27/06/2025 18:56:15,425.0,62.0,"100,00",COOPERATIVA AGROINDUSTRIAL SUL CEARENSE,Crato,CAF Emitido,,,21/02/2024 18:01:16,23/01/2025 15:29:16,425.0,97,"99,76",COOPERSUL,1031700.0,"0142300,0159801,0161099,0220906,1066000,3600601,4623101,4623106,4623109,4631100,4632002,4632003,4633801,4634601,4634602,4634699,4683400,4721103,4724500,4729699,4789004,7490103,8211300,8230001,8599604",RUA,INACIO FERREIRA TELES,101,,SAO JOSE,63133565.0,1385.0,"RUA INACIO FERREIRA TELES, 101, SAO JOSE Crato-CE","-7,2310616","-39,3714802"
288,1285130,INSTITUTO FLOR DO PIQUI,"2,02311E+16",2749081.0,"45243,64847",37954887000167,COOPERATIVA AGROINDUSTRIA SUL CEARENSE,Nota Fiscal,"Gêneros Alimentícios ( Proteínas, Carboidratos, Hortaliças, Sódios e Lipídios)
",45244,Efetivada,37954887000167,37954887,1,67,1,COOPERSUL,1031700,"0142300,0159801,0161099,0220906,1066000,3600601,4623101,4623106,4623109,4631100,4632002,4632003,4633801,4634601,4634602,4634699,4683400,4721103,4724500,4729699,4789004,7490103,8211300,8230001,8599604",RUA,INACIO FERREIRA TELES,101,,SAO JOSE,63133565,1385,37954887000167,1385,CRATO,Crato,Cariri,CRATO,COOPERATIVA AGROINDUSTRIAL SUL CEARENSE ,CAF Emitido,UNICAFES,08/05/2026,21/02/2024 18:01:16,27/06/2025 18:56:15,425.0,62.0,"100,00",COOPERATIVA AGROINDUSTRIAL SUL CEARENSE,Crato,CAF Emitido,,,21/02/2024 18:01:16,23/01/2025 15:29:16,425.0,97,"99,76",COOPERSUL,1031700.0,"0142300,0159801,0161099,0220906,1066000,3600601,4623101,4623106,4623109,4631100,4632002,4632003,4633801,4634601,4634602,4634699,4683400,4721103,4724500,4729699,4789004,7490103,8211300,8230001,8599604",RUA,INACIO FERREIRA TELES,101,,SAO JOSE,63133565.0,1385.0,"RUA INACIO FERREIRA TELES, 101, SAO JOSE Crato-CE","-7,2310616","-39,3714802"
289,1285130,INSTITUTO FLOR DO PIQUI,"2,02311E+16",5498162.0,"45247,42675",37954887000167,COOPERATIVA AGROINDUSTRIA SUL CEARENSE,Nota Fiscal,"Gêneros Alimentícios ( Proteínas, Carboidratos, Hortaliças, Sódios e Lipídios)
",45250,Efetivada,37954887000167,37954887,1,67,1,COOPERSUL,1031700,"0142300,0159801,0161099,0220906,1066000,3600601,4623101,4623106,4623109,4631100,4632002,4632003,4633801,4634601,4634602,4634699,4683400,4721103,4724500,4729699,4789004,7490103,8211300,8230001,8599604",RUA,INACIO FERREIRA TELES,101,,SAO JOSE,63133565,1385,37954887000167,1385,CRATO,Crato,Cariri,CRATO,COOPERATIVA AGROINDUSTRIAL SUL CEARENSE ,CAF Emitido,UNICAFES,08/05/2026,21/02/2024 18:01:16,27/06/2025 18:56:15,425.0,62.0,"100,00",COOPERATIVA AGROINDUSTRIAL SUL CEARENSE,Crato,CAF Emitido,,,21/02/2024 18:01:16,23/01/2025 15:29:16,425.0,97,"99,76",COOPERSUL,1031700.0,"0142300,0159801,0161099,0220906,1066000,3600601,4623101,4623106,4623109,4631100,4632002,4632003,4633801,4634601,4634602,4634699,4683400,4721103,4724500,4729699,4789004,7490103,8211300,8230001,8599604",RUA,INACIO FERREIRA TELES,101,,SAO JOSE,63133565.0,1385.0,"RUA INACIO FERREIRA TELES, 101, SAO JOSE Crato-CE","-7,2310616","-39,3714802"
290,1285130,INSTITUTO FLOR DO PIQUI,"2,02312E+16",4162008.0,"45287,6866",37954887000167,COOPERATIVA AGROINDUSTRIA SUL CEARENSE,Nota Fiscal,"Gêneros Alimentícios ( Proteínas, Carboidratos, Hortaliças, Sódios e Lipídios)
",45288,Efetivada,37954887000167,37954887,1,67,1,COOPERSUL,1031700,"0142300,0159801,0161099,0220906,1066000,3600601,4623101,4623106,4623109,4631100,4632002,4632003,4633801,4634601,4634602,4634699,4683400,4721103,4724500,4729699,4789004,7490103,8211300,8230001,8599604",RUA,INACIO FERREIRA TELES,101,,SAO JOSE,63133565,1385,37954887000167,1385,CRATO,Crato,Cariri,CRATO,COOPERATIVA AGROINDUSTRIAL SUL CEARENSE ,CAF Emitido,UNICAFES,08/05/2026,21/02/2024 18:01:16,27/06/2025 18:56:15,425.0,62.0,"100,00",COOPERATIVA AGROINDUSTRIAL SUL CEARENSE,Crato,CAF Emitido,,,21/02/2024 18:01:16,23/01/2025 15:29:16,425.0,97,"99,76",COOPERSUL,1031700.0,"0142300,0159801,0161099,0220906,1066000,3600601,4623101,4623106,4623109,4631100,4632002,4632003,4633801,4634601,4634602,4634699,4683400,4721103,4724500,4729699,4789004,7490103,8211300,8230001,8599604",RUA,INACIO FERREIRA TELES,101,,SAO JOSE,63133565.0,1385.0,"RUA INACIO FERREIRA TELES, 101, SAO JOSE Crato-CE","-7,2310616","-39,3714802"
291,1285130,INSTITUTO FLOR DO PIQUI,"2,02402E+16",7877788.0,"45337,73449",37954887000167,COOPERATIVA AGROINDUSTRIA SUL CEARENSE,Nota Fiscal,"Gêneros Alimentícios ( Proteínas, Carboidratos, Hortaliças, Sódios e Lipídios)
",45338,Efetivada,37954887000167,37954887,1,67,1,COOPERSUL,1031700,"0142300,0159801,0161099,0220906,1066000,3600601,4623101,4623106,4623109,4631100,4632002,4632003,4633801,4634601,4634602,4634699,4683400,4721103,4724500,4729699,4789004,7490103,8211300,8230001,8599604",RUA,INACIO FERREIRA TELES,101,,SAO JOSE,63133565,1385,37954887000167,1385,CRATO,Crato,Cariri,CRATO,COOPERATIVA AGROINDUSTRIAL SUL CEARENSE ,CAF Emitido,UNICAFES,08/05/2026,21/02/2024 18:01:16,27/06/2025 18:56:15,425.0,62.0,"100,00",COOPERATIVA AGROINDUSTRIAL SUL CEARENSE,Crato,CAF Emitido,,,21/02/2024 18:01:16,23/01/2025 15:29:16,425.0,97,"99,76",COOPERSUL,1031700.0,"0142300,0159801,0161099,0220906,1066000,3600601,4623101,4623106,4623109,4631100,4632002,4632003,4633801,4634601,4634602,4634699,4683400,4721103,4724500,4729699,4789004,7490103,8211300,8230001,8599604",RUA,INACIO FERREIRA TELES,101,,SAO JOSE,63133565.0,1385.0,"RUA INACIO FERREIRA TELES, 101, SAO JOSE Crato-CE","-7,2310616","-39,3714802"
292,1285130,INSTITUTO FLOR DO PIQUI,"2,02403E+16",7877788.0,"45362,81442",37954887000167,COOPERATIVA AGROINDUSTRIA SUL CEARENSE,Nota Fiscal,"Gêneros Alimentícios ( Proteínas, Carboidratos, Hortaliças, Sódios e Lipídios)
",45363,Efetivada,37954887000167,37954887,1,67,1,COOPERSUL,1031700,"0142300,0159801,0161099,0220906,1066000,3600601,4623101,4623106,4623109,4631100,4632002,4632003,4633801,4634601,4634602,4634699,4683400,4721103,4724500,4729699,4789004,7490103,8211300,8230001,8599604",RUA,INACIO FERREIRA TELES,101,,SAO JOSE,63133565,1385,37954887000167,1385,CRATO,Crato,Cariri,CRATO,COOPERATIVA AGROINDUSTRIAL SUL CEARENSE ,CAF Emitido,UNICAFES,08/05/2026,21/02/2024 18:01:16,27/06/2025 18:56:15,425.0,62.0,"100,00",COOPERATIVA AGROINDUSTRIAL SUL CEARENSE,Crato,CAF Emitido,,,21/02/2024 18:01:16,23/01/2025 15:29:16,425.0,97,"99,76",COOPERSUL,1031700.0,"0142300,0159801,0161099,0220906,1066000,3600601,4623101,4623106,4623109,4631100,4632002,4632003,4633801,4634601,4634602,4634699,4683400,4721103,4724500,4729699,4789004,7490103,8211300,8230001,8599604",RUA,INACIO FERREIRA TELES,101,,SAO JOSE,63133565.0,1385.0,"RUA INACIO FERREIRA TELES, 101, SAO JOSE Crato-CE","-7,2310616","-39,3714802"
293,1285130,INSTITUTO FLOR DO PIQUI,"2,02403E+16",7877788.0,"45373,80803",37954887000167,COOPERATIVA AGROINDUSTRIA SUL CEARENSE,Nota Fiscal,"Gêneros Alimentícios ( Proteínas, Carboidratos, Hortaliças, Sódios e Lipídios)
",45377,Efetivada,37954887000167,37954887,1,67,1,COOPERSUL,1031700,"0142300,0159801,0161099,0220906,1066000,3600601,4623101,4623106,4623109,4631100,4632002,4632003,4633801,4634601,4634602,4634699,4683400,4721103,4724500,4729699,4789004,7490103,8211300,8230001,8599604",RUA,INACIO FERREIRA TELES,101,,SAO JOSE,63133565,1385,37954887000167,1385,CRATO,Crato,Cariri,CRATO,COOPERATIVA AGROINDUSTRIAL SUL CEARENSE ,CAF Emitido,UNICAFES,08/05/2026,21/02/2024 18:01:16,27/06/2025 18:56:15,425.0,62.0,"100,00",COOPERATIVA AGROINDUSTRIAL SUL CEARENSE,Crato,CAF Emitido,,,21/02/2024 18:01:16,23/01/2025 15:29:16,425.0,97,"99,76",COOPERSUL,1031700.0,"0142300,0159801,0161099,0220906,1066000,3600601,4623101,4623106,4623109,4631100,4632002,4632003,4633801,4634601,4634602,4634699,4683400,4721103,4724500,4729699,4789004,7490103,8211300,8230001,8599604",RUA,INACIO FERREIRA TELES,101,,SAO JOSE,63133565.0,1385.0,"RUA INACIO FERREIRA TELES, 101, SAO JOSE Crato-CE","-7,2310616","-39,3714802"
294,1285130,INSTITUTO FLOR DO PIQUI,"2,02405E+16",12659127.0,"45427,80252",37954887000167,COOPERATIVA AGROINDUSTRIA SUL CEARENSE,Nota Fiscal,"Gêneros Alimentícios ( Proteínas, Carboidratos, Hortaliças, Sódios e Lipídios)
",45428,Efetivada,37954887000167,37954887,1,67,1,COOPERSUL,1031700,"0142300,0159801,0161099,0220906,1066000,3600601,4623101,4623106,4623109,4631100,4632002,4632003,4633801,4634601,4634602,4634699,4683400,4721103,4724500,4729699,4789004,7490103,8211300,8230001,8599604",RUA,INACIO FERREIRA TELES,101,,SAO JOSE,63133565,1385,37954887000167,1385,CRATO,Crato,Cariri,CRATO,COOPERATIVA AGROINDUSTRIAL SUL CEARENSE ,CAF Emitido,UNICAFES,08/05/2026,21/02/2024 18:01:16,27/06/2025 18:56:15,425.0,62.0,"100,00",COOPERATIVA AGROINDUSTRIAL SUL CEARENSE,Crato,CAF Emitido,,,21/02/2024 18:01:16,23/01/2025 15:29:16,425.0,97,"99,76",COOPERSUL,1031700.0,"0142300,0159801,0161099,0220906,1066000,3600601,4623101,4623106,4623109,4631100,4632002,4632003,4633801,4634601,4634602,4634699,4683400,4721103,4724500,4729699,4789004,7490103,8211300,8230001,8599604",RUA,INACIO FERREIRA TELES,101,,SAO JOSE,63133565.0,1385.0,"RUA INACIO FERREIRA TELES, 101, SAO JOSE Crato-CE","-7,2310616","-39,3714802"
295,1285130,INSTITUTO FLOR DO PIQUI,"2,02406E+16",12647934.0,"45448,66689",37954887000167,COOPERATIVA AGROINDUSTRIA SUL CEARENSE,Nota Fiscal,"Gêneros Alimentícios ( Proteínas, Carboidratos, Hortaliças, Sódios e Lipídios)
",45449,Efetivada,37954887000167,37954887,1,67,1,COOPERSUL,1031700,"0142300,0159801,0161099,0220906,1066000,3600601,4623101,4623106,4623109,4631100,4632002,4632003,4633801,4634601,4634602,4634699,4683400,4721103,4724500,4729699,4789004,7490103,8211300,8230001,8599604",RUA,INACIO FERREIRA TELES,101,,SAO JOSE,63133565,1385,37954887000167,1385,CRATO,Crato,Cariri,CRATO,COOPERATIVA AGROINDUSTRIAL SUL CEARENSE ,CAF Emitido,UNICAFES,08/05/2026,21/02/2024 18:01:16,27/06/2025 18:56:15,425.0,62.0,"100,00",COOPERATIVA AGROINDUSTRIAL SUL CEARENSE,Crato,CAF Emitido,,,21/02/2024 18:01:16,23/01/2025 15:29:16,425.0,97,"99,76",COOPERSUL,1031700.0,"0142300,0159801,0161099,0220906,1066000,3600601,4623101,4623106,4623109,4631100,4632002,4632003,4633801,4634601,4634602,4634699,4683400,4721103,4724500,4729699,4789004,7490103,8211300,8230001,8599604",RUA,INACIO FERREIRA TELES,101,,SAO JOSE,63133565.0,1385.0,"RUA INACIO FERREIRA TELES, 101, SAO JOSE Crato-CE","-7,2310616","-39,3714802"
296,1285130,INSTITUTO FLOR DO PIQUI,"2,02407E+16",12677523.0,"45478,84184",37954887000167,COOPERATIVA AGROINDUSTRIA SUL CEARENSE,Nota Fiscal,"Gêneros Alimentícios ( Proteínas, Carboidratos, Hortaliças, Sódios e Lipídios)
",45481,Efetivada,37954887000167,37954887,1,67,1,COOPERSUL,1031700,"0142300,0159801,0161099,0220906,1066000,3600601,4623101,4623106,4623109,4631100,4632002,4632003,4633801,4634601,4634602,4634699,4683400,4721103,4724500,4729699,4789004,7490103,8211300,8230001,8599604",RUA,INACIO FERREIRA TELES,101,,SAO JOSE,63133565,1385,37954887000167,1385,CRATO,Crato,Cariri,CRATO,COOPERATIVA AGROINDUSTRIAL SUL CEARENSE ,CAF Emitido,UNICAFES,08/05/2026,21/02/2024 18:01:16,27/06/2025 18:56:15,425.0,62.0,"100,00",COOPERATIVA AGROINDUSTRIAL SUL CEARENSE,Crato,CAF Emitido,,,21/02/2024 18:01:16,23/01/2025 15:29:16,425.0,97,"99,76",COOPERSUL,1031700.0,"0142300,0159801,0161099,0220906,1066000,3600601,4623101,4623106,4623109,4631100,4632002,4632003,4633801,4634601,4634602,4634699,4683400,4721103,4724500,4729699,4789004,7490103,8211300,8230001,8599604",RUA,INACIO FERREIRA TELES,101,,SAO JOSE,63133565.0,1385.0,"RUA INACIO FERREIRA TELES, 101, SAO JOSE Crato-CE","-7,2310616","-39,3714802"
297,1285130,INSTITUTO FLOR DO PIQUI,"2,02408E+16",10431366.0,"45517,74412",37954887000167,COOPERATIVA AGROINDUSTRIA SUL CEARENSE,Nota Fiscal,"Gêneros Alimentícios ( Proteínas, Carboidratos, Hortaliças, Sódios e Lipídios)
",45518,Efetivada,37954887000167,37954887,1,67,1,COOPERSUL,1031700,"0142300,0159801,0161099,0220906,1066000,3600601,4623101,4623106,4623109,4631100,4632002,4632003,4633801,4634601,4634602,4634699,4683400,4721103,4724500,4729699,4789004,7490103,8211300,8230001,8599604",RUA,INACIO FERREIRA TELES,101,,SAO JOSE,63133565,1385,37954887000167,1385,CRATO,Crato,Cariri,CRATO,COOPERATIVA AGROINDUSTRIAL SUL CEARENSE ,CAF Emitido,UNICAFES,08/05/2026,21/02/2024 18:01:16,27/06/2025 18:56:15,425.0,62.0,"100,00",COOPERATIVA AGROINDUSTRIAL SUL CEARENSE,Crato,CAF Emitido,,,21/02/2024 18:01:16,23/01/2025 15:29:16,425.0,97,"99,76",COOPERSUL,1031700.0,"0142300,0159801,0161099,0220906,1066000,3600601,4623101,4623106,4623109,4631100,4632002,4632003,4633801,4634601,4634602,4634699,4683400,4721103,4724500,4729699,4789004,7490103,8211300,8230001,8599604",RUA,INACIO FERREIRA TELES,101,,SAO JOSE,63133565.0,1385.0,"RUA INACIO FERREIRA TELES, 101, SAO JOSE Crato-CE","-7,2310616","-39,3714802"
298,1285130,INSTITUTO FLOR DO PIQUI,"2,02408E+16",10431366.0,"45534,47024",37954887000167,COOPERATIVA AGROINDUSTRIA SUL CEARENSE,Nota Fiscal,"Gêneros Alimentícios ( Proteínas, Carboidratos, Hortaliças, Sódios e Lipídios)
",45537,Efetivada,37954887000167,37954887,1,67,1,COOPERSUL,1031700,"0142300,0159801,0161099,0220906,1066000,3600601,4623101,4623106,4623109,4631100,4632002,4632003,4633801,4634601,4634602,4634699,4683400,4721103,4724500,4729699,4789004,7490103,8211300,8230001,8599604",RUA,INACIO FERREIRA TELES,101,,SAO JOSE,63133565,1385,37954887000167,1385,CRATO,Crato,Cariri,CRATO,COOPERATIVA AGROINDUSTRIAL SUL CEARENSE ,CAF Emitido,UNICAFES,08/05/2026,21/02/2024 18:01:16,27/06/2025 18:56:15,425.0,62.0,"100,00",COOPERATIVA AGROINDUSTRIAL SUL CEARENSE,Crato,CAF Emitido,,,21/02/2024 18:01:16,23/01/2025 15:29:16,425.0,97,"99,76",COOPERSUL,1031700.0,"0142300,0159801,0161099,0220906,1066000,3600601,4623101,4623106,4623109,4631100,4632002,4632003,4633801,4634601,4634602,4634699,4683400,4721103,4724500,4729699,4789004,7490103,8211300,8230001,8599604",RUA,INACIO FERREIRA TELES,101,,SAO JOSE,63133565.0,1385.0,"RUA INACIO FERREIRA TELES, 101, SAO JOSE Crato-CE","-7,2310616","-39,3714802"
299,1285130,INSTITUTO FLOR DO PIQUI,"2,02409E+16",10419708.0,"45558,90416",37954887000167,COOPERATIVA AGROINDUSTRIA SUL CEARENSE,Nota Fiscal,"Gêneros Alimentícios ( Proteínas, Carboidratos, Hortaliças, Sódios e Lipídios)
",45559,Efetivada,37954887000167,37954887,1,67,1,COOPERSUL,1031700,"0142300,0159801,0161099,0220906,1066000,3600601,4623101,4623106,4623109,4631100,4632002,4632003,4633801,4634601,4634602,4634699,4683400,4721103,4724500,4729699,4789004,7490103,8211300,8230001,8599604",RUA,INACIO FERREIRA TELES,101,,SAO JOSE,63133565,1385,37954887000167,1385,CRATO,Crato,Cariri,CRATO,COOPERATIVA AGROINDUSTRIAL SUL CEARENSE ,CAF Emitido,UNICAFES,08/05/2026,21/02/2024 18:01:16,27/06/2025 18:56:15,425.0,62.0,"100,00",COOPERATIVA AGROINDUSTRIAL SUL CEARENSE,Crato,CAF Emitido,,,21/02/2024 18:01:16,23/01/2025 15:29:16,425.0,97,"99,76",COOPERSUL,1031700.0,"0142300,0159801,0161099,0220906,1066000,3600601,4623101,4623106,4623109,4631100,4632002,4632003,4633801,4634601,4634602,4634699,4683400,4721103,4724500,4729699,4789004,7490103,8211300,8230001,8599604",RUA,INACIO FERREIRA TELES,101,,SAO JOSE,63133565.0,1385.0,"RUA INACIO FERREIRA TELES, 101, SAO JOSE Crato-CE","-7,2310616","-39,3714802"
300,1285130,INSTITUTO FLOR DO PIQUI,"2,0241E+16",5631587.0,"45590,71549",37954887000167,COOPERATIVA AGROINDUSTRIA SUL CEARENSE,Nota Fiscal,"Gêneros Alimentícios ( Proteínas, Carboidratos, Hortaliças, Sódios e Lipídios)
",45593,Efetivada,37954887000167,37954887,1,67,1,COOPERSUL,1031700,"0142300,0159801,0161099,0220906,1066000,3600601,4623101,4623106,4623109,4631100,4632002,4632003,4633801,4634601,4634602,4634699,4683400,4721103,4724500,4729699,4789004,7490103,8211300,8230001,8599604",RUA,INACIO FERREIRA TELES,101,,SAO JOSE,63133565,1385,37954887000167,1385,CRATO,Crato,Cariri,CRATO,COOPERATIVA AGROINDUSTRIAL SUL CEARENSE ,CAF Emitido,UNICAFES,08/05/2026,21/02/2024 18:01:16,27/06/2025 18:56:15,425.0,62.0,"100,00",COOPERATIVA AGROINDUSTRIAL SUL CEARENSE,Crato,CAF Emitido,,,21/02/2024 18:01:16,23/01/2025 15:29:16,425.0,97,"99,76",COOPERSUL,1031700.0,"0142300,0159801,0161099,0220906,1066000,3600601,4623101,4623106,4623109,4631100,4632002,4632003,4633801,4634601,4634602,4634699,4683400,4721103,4724500,4729699,4789004,7490103,8211300,8230001,8599604",RUA,INACIO FERREIRA TELES,101,,SAO JOSE,63133565.0,1385.0,"RUA INACIO FERREIRA TELES, 101, SAO JOSE Crato-CE","-7,2310616","-39,3714802"
301,1285130,INSTITUTO FLOR DO PIQUI,"2,02411E+16",5689187.0,"45615,84483",37954887000167,COOPERATIVA AGROINDUSTRIA SUL CEARENSE,Nota Fiscal,"Gêneros Alimentícios ( Proteínas, Carboidratos, Hortaliças, Sódios e Lipídios)
",45617,Efetivada,37954887000167,37954887,1,67,1,COOPERSUL,1031700,"0142300,0159801,0161099,0220906,1066000,3600601,4623101,4623106,4623109,4631100,4632002,4632003,4633801,4634601,4634602,4634699,4683400,4721103,4724500,4729699,4789004,7490103,8211300,8230001,8599604",RUA,INACIO FERREIRA TELES,101,,SAO JOSE,63133565,1385,37954887000167,1385,CRATO,Crato,Cariri,CRATO,COOPERATIVA AGROINDUSTRIAL SUL CEARENSE ,CAF Emitido,UNICAFES,08/05/2026,21/02/2024 18:01:16,27/06/2025 18:56:15,425.0,62.0,"100,00",COOPERATIVA AGROINDUSTRIAL SUL CEARENSE,Crato,CAF Emitido,,,21/02/2024 18:01:16,23/01/2025 15:29:16,425.0,97,"99,76",COOPERSUL,1031700.0,"0142300,0159801,0161099,0220906,1066000,3600601,4623101,4623106,4623109,4631100,4632002,4632003,4633801,4634601,4634602,4634699,4683400,4721103,4724500,4729699,4789004,7490103,8211300,8230001,8599604",RUA,INACIO FERREIRA TELES,101,,SAO JOSE,63133565.0,1385.0,"RUA INACIO FERREIRA TELES, 101, SAO JOSE Crato-CE","-7,2310616","-39,3714802"
302,1285130,INSTITUTO FLOR DO PIQUI,"2,02412E+16",5574476.0,"45638,61293",37954887000167,COOPERATIVA AGROINDUSTRIA SUL CEARENSE,Nota Fiscal,"Gêneros Alimentícios ( Proteínas, Carboidratos, Hortaliças, Sódios e Lipídios)
",45639,Efetivada,37954887000167,37954887,1,67,1,COOPERSUL,1031700,"0142300,0159801,0161099,0220906,1066000,3600601,4623101,4623106,4623109,4631100,4632002,4632003,4633801,4634601,4634602,4634699,4683400,4721103,4724500,4729699,4789004,7490103,8211300,8230001,8599604",RUA,INACIO FERREIRA TELES,101,,SAO JOSE,63133565,1385,37954887000167,1385,CRATO,Crato,Cariri,CRATO,COOPERATIVA AGROINDUSTRIAL SUL CEARENSE ,CAF Emitido,UNICAFES,08/05/2026,21/02/2024 18:01:16,27/06/2025 18:56:15,425.0,62.0,"100,00",COOPERATIVA AGROINDUSTRIAL SUL CEARENSE,Crato,CAF Emitido,,,21/02/2024 18:01:16,23/01/2025 15:29:16,425.0,97,"99,76",COOPERSUL,1031700.0,"0142300,0159801,0161099,0220906,1066000,3600601,4623101,4623106,4623109,4631100,4632002,4632003,4633801,4634601,4634602,4634699,4683400,4721103,4724500,4729699,4789004,7490103,8211300,8230001,8599604",RUA,INACIO FERREIRA TELES,101,,SAO JOSE,63133565.0,1385.0,"RUA INACIO FERREIRA TELES, 101, SAO JOSE Crato-CE","-7,2310616","-39,3714802"
303,1285130,INSTITUTO FLOR DO PIQUI,"2,02501E+16",10886935.0,"45686,48407",37954887000167,COOPERATIVA AGROINDUSTRIA SUL CEARENSE,Nota Fiscal,"Gêneros Alimentícios ( Proteínas, Carboidratos, Hortaliças, Sódios e Lipídios)
",45687,Efetivada,37954887000167,37954887,1,67,1,COOPERSUL,1031700,"0142300,0159801,0161099,0220906,1066000,3600601,4623101,4623106,4623109,4631100,4632002,4632003,4633801,4634601,4634602,4634699,4683400,4721103,4724500,4729699,4789004,7490103,8211300,8230001,8599604",RUA,INACIO FERREIRA TELES,101,,SAO JOSE,63133565,1385,37954887000167,1385,CRATO,Crato,Cariri,CRATO,COOPERATIVA AGROINDUSTRIAL SUL CEARENSE ,CAF Emitido,UNICAFES,08/05/2026,21/02/2024 18:01:16,27/06/2025 18:56:15,425.0,62.0,"100,00",COOPERATIVA AGROINDUSTRIAL SUL CEARENSE,Crato,CAF Emitido,,,21/02/2024 18:01:16,23/01/2025 15:29:16,425.0,97,"99,76",COOPERSUL,1031700.0,"0142300,0159801,0161099,0220906,1066000,3600601,4623101,4623106,4623109,4631100,4632002,4632003,4633801,4634601,4634602,4634699,4683400,4721103,4724500,4729699,4789004,7490103,8211300,8230001,8599604",RUA,INACIO FERREIRA TELES,101,,SAO JOSE,63133565.0,1385.0,"RUA INACIO FERREIRA TELES, 101, SAO JOSE Crato-CE","-7,2310616","-39,3714802"
304,1285130,INSTITUTO FLOR DO PIQUI,"2,02502E+16",10886935.0,"45709,44677",37954887000167,COOPERATIVA AGROINDUSTRIA SUL CEARENSE,Nota Fiscal,"Gêneros Alimentícios ( Proteínas, Carboidratos, Hortaliças, Sódios e Lipídios)
",45712,Efetivada,37954887000167,37954887,1,67,1,COOPERSUL,1031700,"0142300,0159801,0161099,0220906,1066000,3600601,4623101,4623106,4623109,4631100,4632002,4632003,4633801,4634601,4634602,4634699,4683400,4721103,4724500,4729699,4789004,7490103,8211300,8230001,8599604",RUA,INACIO FERREIRA TELES,101,,SAO JOSE,63133565,1385,37954887000167,1385,CRATO,Crato,Cariri,CRATO,COOPERATIVA AGROINDUSTRIAL SUL CEARENSE ,CAF Emitido,UNICAFES,08/05/2026,21/02/2024 18:01:16,27/06/2025 18:56:15,425.0,62.0,"100,00",COOPERATIVA AGROINDUSTRIAL SUL CEARENSE,Crato,CAF Emitido,,,21/02/2024 18:01:16,23/01/2025 15:29:16,425.0,97,"99,76",COOPERSUL,1031700.0,"0142300,0159801,0161099,0220906,1066000,3600601,4623101,4623106,4623109,4631100,4632002,4632003,4633801,4634601,4634602,4634699,4683400,4721103,4724500,4729699,4789004,7490103,8211300,8230001,8599604",RUA,INACIO FERREIRA TELES,101,,SAO JOSE,63133565.0,1385.0,"RUA INACIO FERREIRA TELES, 101, SAO JOSE Crato-CE","-7,2310616","-39,3714802"
305,1285130,INSTITUTO FLOR DO PIQUI,"2,02503E+16",580115.0,"45729,67231",37954887000167,COOPERATIVA AGROINDUSTRIA SUL CEARENSE,Nota Fiscal,"Gêneros Alimentícios ( Proteínas, Carboidratos, Hortaliças, Sódios e Lipídios)
",45730,Efetivada,37954887000167,37954887,1,67,1,COOPERSUL,1031700,"0142300,0159801,0161099,0220906,1066000,3600601,4623101,4623106,4623109,4631100,4632002,4632003,4633801,4634601,4634602,4634699,4683400,4721103,4724500,4729699,4789004,7490103,8211300,8230001,8599604",RUA,INACIO FERREIRA TELES,101,,SAO JOSE,63133565,1385,37954887000167,1385,CRATO,Crato,Cariri,CRATO,COOPERATIVA AGROINDUSTRIAL SUL CEARENSE ,CAF Emitido,UNICAFES,08/05/2026,21/02/2024 18:01:16,27/06/2025 18:56:15,425.0,62.0,"100,00",COOPERATIVA AGROINDUSTRIAL SUL CEARENSE,Crato,CAF Emitido,,,21/02/2024 18:01:16,23/01/2025 15:29:16,425.0,97,"99,76",COOPERSUL,1031700.0,"0142300,0159801,0161099,0220906,1066000,3600601,4623101,4623106,4623109,4631100,4632002,4632003,4633801,4634601,4634602,4634699,4683400,4721103,4724500,4729699,4789004,7490103,8211300,8230001,8599604",RUA,INACIO FERREIRA TELES,101,,SAO JOSE,63133565.0,1385.0,"RUA INACIO FERREIRA TELES, 101, SAO JOSE Crato-CE","-7,2310616","-39,3714802"
306,1285130,INSTITUTO FLOR DO PIQUI,"2,02504E+16",737295.0,"45749,48189",37954887000167,COOPERATIVA AGROINDUSTRIA SUL CEARENSE,Nota Fiscal,"Gêneros Alimentícios ( Proteínas, Carboidratos, Hortaliças, Sódios e Lipídios)
",45750,Efetivada,37954887000167,37954887,1,67,1,COOPERSUL,1031700,"0142300,0159801,0161099,0220906,1066000,3600601,4623101,4623106,4623109,4631100,4632002,4632003,4633801,4634601,4634602,4634699,4683400,4721103,4724500,4729699,4789004,7490103,8211300,8230001,8599604",RUA,INACIO FERREIRA TELES,101,,SAO JOSE,63133565,1385,37954887000167,1385,CRATO,Crato,Cariri,CRATO,COOPERATIVA AGROINDUSTRIAL SUL CEARENSE ,CAF Emitido,UNICAFES,08/05/2026,21/02/2024 18:01:16,27/06/2025 18:56:15,425.0,62.0,"100,00",COOPERATIVA AGROINDUSTRIAL SUL CEARENSE,Crato,CAF Emitido,,,21/02/2024 18:01:16,23/01/2025 15:29:16,425.0,97,"99,76",COOPERSUL,1031700.0,"0142300,0159801,0161099,0220906,1066000,3600601,4623101,4623106,4623109,4631100,4632002,4632003,4633801,4634601,4634602,4634699,4683400,4721103,4724500,4729699,4789004,7490103,8211300,8230001,8599604",RUA,INACIO FERREIRA TELES,101,,SAO JOSE,63133565.0,1385.0,"RUA INACIO FERREIRA TELES, 101, SAO JOSE Crato-CE","-7,2310616","-39,3714802"
307,1285130,INSTITUTO FLOR DO PIQUI,"2,02504E+16",1006097.0,"45776,83341",37954887000167,COOPERATIVA AGROINDUSTRIA SUL CEARENSE,Nota Fiscal,"Gêneros Alimentícios ( Proteínas, Carboidratos, Hortaliças, Sódios e Lipídios)
",45777,Efetivada,37954887000167,37954887,1,67,1,COOPERSUL,1031700,"0142300,0159801,0161099,0220906,1066000,3600601,4623101,4623106,4623109,4631100,4632002,4632003,4633801,4634601,4634602,4634699,4683400,4721103,4724500,4729699,4789004,7490103,8211300,8230001,8599604",RUA,INACIO FERREIRA TELES,101,,SAO JOSE,63133565,1385,37954887000167,1385,CRATO,Crato,Cariri,CRATO,COOPERATIVA AGROINDUSTRIAL SUL CEARENSE ,CAF Emitido,UNICAFES,08/05/2026,21/02/2024 18:01:16,27/06/2025 18:56:15,425.0,62.0,"100,00",COOPERATIVA AGROINDUSTRIAL SUL CEARENSE,Crato,CAF Emitido,,,21/02/2024 18:01:16,23/01/2025 15:29:16,425.0,97,"99,76",COOPERSUL,1031700.0,"0142300,0159801,0161099,0220906,1066000,3600601,4623101,4623106,4623109,4631100,4632002,4632003,4633801,4634601,4634602,4634699,4683400,4721103,4724500,4729699,4789004,7490103,8211300,8230001,8599604",RUA,INACIO FERREIRA TELES,101,,SAO JOSE,63133565.0,1385.0,"RUA INACIO FERREIRA TELES, 101, SAO JOSE Crato-CE","-7,2310616","-39,3714802"
308,1285130,INSTITUTO FLOR DO PIQUI,"2,02505E+16",621569.0,"45794,82156",37954887000167,COOPERATIVA AGROINDUSTRIA SUL CEARENSE,Nota Fiscal,"Gêneros Alimentícios ( Proteínas, Carboidratos, Hortaliças, Sódios e Lipídios)
",45796,Efetivada,37954887000167,37954887,1,67,1,COOPERSUL,1031700,"0142300,0159801,0161099,0220906,1066000,3600601,4623101,4623106,4623109,4631100,4632002,4632003,4633801,4634601,4634602,4634699,4683400,4721103,4724500,4729699,4789004,7490103,8211300,8230001,8599604",RUA,INACIO FERREIRA TELES,101,,SAO JOSE,63133565,1385,37954887000167,1385,CRATO,Crato,Cariri,CRATO,COOPERATIVA AGROINDUSTRIAL SUL CEARENSE ,CAF Emitido,UNICAFES,08/05/2026,21/02/2024 18:01:16,27/06/2025 18:56:15,425.0,62.0,"100,00",COOPERATIVA AGROINDUSTRIAL SUL CEARENSE,Crato,CAF Emitido,,,21/02/2024 18:01:16,23/01/2025 15:29:16,425.0,97,"99,76",COOPERSUL,1031700.0,"0142300,0159801,0161099,0220906,1066000,3600601,4623101,4623106,4623109,4631100,4632002,4632003,4633801,4634601,4634602,4634699,4683400,4721103,4724500,4729699,4789004,7490103,8211300,8230001,8599604",RUA,INACIO FERREIRA TELES,101,,SAO JOSE,63133565.0,1385.0,"RUA INACIO FERREIRA TELES, 101, SAO JOSE Crato-CE","-7,2310616","-39,3714802"
309,1285130,INSTITUTO FLOR DO PIQUI,"2,02506E+16",780691.0,"45820,67218",37954887000167,COOPERATIVA AGROINDUSTRIA SUL CEARENSE,Nota Fiscal,"Gêneros Alimentícios ( Proteínas, Carboidratos, Hortaliças, Sódios e Lipídios)
",45821,Efetivada,37954887000167,37954887,1,67,1,COOPERSUL,1031700,"0142300,0159801,0161099,0220906,1066000,3600601,4623101,4623106,4623109,4631100,4632002,4632003,4633801,4634601,4634602,4634699,4683400,4721103,4724500,4729699,4789004,7490103,8211300,8230001,8599604",RUA,INACIO FERREIRA TELES,101,,SAO JOSE,63133565,1385,37954887000167,1385,CRATO,Crato,Cariri,CRATO,COOPERATIVA AGROINDUSTRIAL SUL CEARENSE ,CAF Emitido,UNICAFES,08/05/2026,21/02/2024 18:01:16,27/06/2025 18:56:15,425.0,62.0,"100,00",COOPERATIVA AGROINDUSTRIAL SUL CEARENSE,Crato,CAF Emitido,,,21/02/2024 18:01:16,23/01/2025 15:29:16,425.0,97,"99,76",COOPERSUL,1031700.0,"0142300,0159801,0161099,0220906,1066000,3600601,4623101,4623106,4623109,4631100,4632002,4632003,4633801,4634601,4634602,4634699,4683400,4721103,4724500,4729699,4789004,7490103,8211300,8230001,8599604",RUA,INACIO FERREIRA TELES,101,,SAO JOSE,63133565.0,1385.0,"RUA INACIO FERREIRA TELES, 101, SAO JOSE Crato-CE","-7,2310616","-39,3714802"
310,1285417,CARITAS DIOCESANA DE SOBRAL,"2,02406E+16",2872296.0,"45447,68154",36365840000103,COOPSOL COOPERATIVA AGROPECUARIA DOS AGRICULTORES E AGRICULTORAS FAMILIARES DE SOBRAL E REGIAO LTDA,Nota Fiscal,"Gêneros Alimentícios ( Proteínas, Carboidratos, Hortaliças, Sódios e Lipídios)
",45448,Efetivada,36365840000103,36365840,1,3,1,COOPSOL,111302,"0119906,0121101,0153901,0159801,0161099,0162899,1063500,1065101,1099699,4623109,4632002,4633801,4633802,4634601,4634602,4634699,4637104,4637199,4692300,4722901,4722902,4724500,4729699,4789001",AVENIDA,DOM JOSE TUPINAMBA DA FROTA,2357,SALA  A,CENTRO,62010290,1559,36365840000103,1559,SOBRAL,Sobral,Sertão de Sobral,SOBRAL,COOPSOL COOPERATIVA AGROPECUARIA DOS AGRICULTORES E AGRICULTORAS FAMILIARES DE SOBRAL E REGIAO,CAF Emitido,UNICAFES,10/02/2026,15/02/2020 13:40:12,23/05/2025 11:26:08,105.0,57.0,"100,00",COOPSOL COOPERATIVA AGROPECUARIA DOS AGRICULTORES E AGRICULTORAS FAMILIARES DE SOBRAL E REGIAO,Sobral,CAF Emitido,UNICAFES,,15/02/2020 13:40:12,27/02/2025 08:43:14,105.0,60,100,COOPSOL,111302.0,"0119906,0121101,0153901,0159801,0161099,0162899,1063500,1065101,1099699,4623109,4632002,4633801,4633802,4634601,4634602,4634699,4637104,4637199,4692300,4722901,4722902,4724500,4729699,4789001",AVENIDA,DOM JOSE TUPINAMBA DA FROTA,2357,SALA  A,CENTRO,62010290.0,1559.0,"AVENIDA DOM JOSE TUPINAMBA DA FROTA, 2357, CENTRO Sobral-CE","-3,6920185","-40,3574358"
311,1285417,CARITAS DIOCESANA DE SOBRAL,"2,02407E+16",3107664.0,"45498,64082",36365840000103,COOPSOL COOPERATIVA AGROPECUARIA DOS AGRICULTORES E AGRICULTORAS FAMILIARES DE SOBRAL E REGIAO LTDA,Nota Fiscal,"Gêneros Alimentícios ( Proteínas, Carboidratos, Hortaliças, Sódios e Lipídios)
",45499,Efetivada,36365840000103,36365840,1,3,1,COOPSOL,111302,"0119906,0121101,0153901,0159801,0161099,0162899,1063500,1065101,1099699,4623109,4632002,4633801,4633802,4634601,4634602,4634699,4637104,4637199,4692300,4722901,4722902,4724500,4729699,4789001",AVENIDA,DOM JOSE TUPINAMBA DA FROTA,2357,SALA  A,CENTRO,62010290,1559,36365840000103,1559,SOBRAL,Sobral,Sertão de Sobral,SOBRAL,COOPSOL COOPERATIVA AGROPECUARIA DOS AGRICULTORES E AGRICULTORAS FAMILIARES DE SOBRAL E REGIAO,CAF Emitido,UNICAFES,10/02/2026,15/02/2020 13:40:12,23/05/2025 11:26:08,105.0,57.0,"100,00",COOPSOL COOPERATIVA AGROPECUARIA DOS AGRICULTORES E AGRICULTORAS FAMILIARES DE SOBRAL E REGIAO,Sobral,CAF Emitido,UNICAFES,,15/02/2020 13:40:12,27/02/2025 08:43:14,105.0,60,100,COOPSOL,111302.0,"0119906,0121101,0153901,0159801,0161099,0162899,1063500,1065101,1099699,4623109,4632002,4633801,4633802,4634601,4634602,4634699,4637104,4637199,4692300,4722901,4722902,4724500,4729699,4789001",AVENIDA,DOM JOSE TUPINAMBA DA FROTA,2357,SALA  A,CENTRO,62010290.0,1559.0,"AVENIDA DOM JOSE TUPINAMBA DA FROTA, 2357, CENTRO Sobral-CE","-3,6920185","-40,3574358"
312,1285417,CARITAS DIOCESANA DE SOBRAL,"2,02408E+16",3510098.0,"45506,83181",35851830000107,COOPERATIVA AGROPECUÁRIA FAMILIAR DE ALCÂNTARAS-CE COOPFAL,Nota Fiscal,"Gêneros Alimentícios ( Proteínas, Carboidratos, Hortaliças, Sódios e Lipídios)
",45509,Efetivada,35851830000107,35851830,1,7,1,COOPFAL,4633801,"1012101,4631100,4632001,4632002,4634601,4634603,4634699,4639701,9499500",RUA,ALEXANDRO ALBUQUERQUE,501,,ESPIRITO SANTO,62120000,1309,35851830000107,1309,ALCANTARAS,Alcântaras,Sertão de Sobral,ALCANTARAS,COOPERATIVA AGROPECUARIA FAMILIAR DE ALCANTARAS - CE COOPFAL/ZONA NORTE,Inativo,UNISOL,20/10/2025,08/01/2020 18:25:51,07/07/2025 11:40:08,30.0,23.0,"100,00",COOPERATIVA AGROPECUARIA FAMILIAR DE ALCANTARAS - CE COOPFAL/ZONA NORTE,Alcântaras,CAF Emitido,UNISOL,,08/01/2020 18:25:51,12/12/2024 13:46:07,28.0,20,100,COOPFAL,4633801.0,"1012101,4631100,4632001,4632002,4634601,4634603,4634699,4639701,9499500",RUA,ALEXANDRO ALBUQUERQUE,501,,ESPIRITO SANTO,62120000.0,1309.0,"RUA ALEXANDRO ALBUQUERQUE, 501, ESPIRITO SANTO Alcântaras-CE","-5,4983977","-39,3206241"
313,1285417,CARITAS DIOCESANA DE SOBRAL,"2,02408E+16",3510098.0,"45506,83181",35851830000107,COOPERATIVA AGROPECUÁRIA FAMILIAR DE ALCÂNTARAS-CE COOPFAL,Nota Fiscal,"Gêneros Alimentícios ( Proteínas, Carboidratos, Hortaliças, Sódios e Lipídios)
",45509,Efetivada,35851830000107,35851830,1,7,1,COOPFAL,4633801,"1012101,4631100,4632001,4632002,4634601,4634603,4634699,4639701,9499500",RUA,ALEXANDRO ALBUQUERQUE,501,,ESPIRITO SANTO,62120000,1309,35851830000107,1309,ALCANTARAS,Alcântaras,Sertão de Sobral,ALCANTARAS,COOPERATIVA AGROPECUARIA FAMILIAR DE ALCANTARAS - CE COOPFAL/ZONA NORTE,Finalizado,UNISOL,23/10/2025,26/06/2025 08:23:57,07/07/2025 11:40:08,30.0,23.0,"100,00",COOPERATIVA AGROPECUARIA FAMILIAR DE ALCANTARAS - CE COOPFAL/ZONA NORTE,Alcântaras,CAF Emitido,UNISOL,,08/01/2020 18:25:51,12/12/2024 13:46:07,28.0,20,100,COOPFAL,4633801.0,"1012101,4631100,4632001,4632002,4634601,4634603,4634699,4639701,9499500",RUA,ALEXANDRO ALBUQUERQUE,501,,ESPIRITO SANTO,62120000.0,1309.0,"RUA ALEXANDRO ALBUQUERQUE, 501, ESPIRITO SANTO Alcântaras-CE","-5,4983977","-39,3206241"
314,1285417,CARITAS DIOCESANA DE SOBRAL,"2,02408E+16",3107664.0,"45525,38858",36365840000103,COOPSOL COOPERATIVA AGROPECUARIA DOS AGRICULTORES E AGRICULTORAS FAMILIARES DE SOBRAL E REGIAO LTDA,Nota Fiscal,"Gêneros Alimentícios ( Proteínas, Carboidratos, Hortaliças, Sódios e Lipídios)
",45526,Efetivada,36365840000103,36365840,1,3,1,COOPSOL,111302,"0119906,0121101,0153901,0159801,0161099,0162899,1063500,1065101,1099699,4623109,4632002,4633801,4633802,4634601,4634602,4634699,4637104,4637199,4692300,4722901,4722902,4724500,4729699,4789001",AVENIDA,DOM JOSE TUPINAMBA DA FROTA,2357,SALA  A,CENTRO,62010290,1559,36365840000103,1559,SOBRAL,Sobral,Sertão de Sobral,SOBRAL,COOPSOL COOPERATIVA AGROPECUARIA DOS AGRICULTORES E AGRICULTORAS FAMILIARES DE SOBRAL E REGIAO,CAF Emitido,UNICAFES,10/02/2026,15/02/2020 13:40:12,23/05/2025 11:26:08,105.0,57.0,"100,00",COOPSOL COOPERATIVA AGROPECUARIA DOS AGRICULTORES E AGRICULTORAS FAMILIARES DE SOBRAL E REGIAO,Sobral,CAF Emitido,UNICAFES,,15/02/2020 13:40:12,27/02/2025 08:43:14,105.0,60,100,COOPSOL,111302.0,"0119906,0121101,0153901,0159801,0161099,0162899,1063500,1065101,1099699,4623109,4632002,4633801,4633802,4634601,4634602,4634699,4637104,4637199,4692300,4722901,4722902,4724500,4729699,4789001",AVENIDA,DOM JOSE TUPINAMBA DA FROTA,2357,SALA  A,CENTRO,62010290.0,1559.0,"AVENIDA DOM JOSE TUPINAMBA DA FROTA, 2357, CENTRO Sobral-CE","-3,6920185","-40,3574358"
315,1285417,CARITAS DIOCESANA DE SOBRAL,"2,02408E+16",347168.0,"45533,72646",36365840000103,COOPSOL COOPERATIVA AGROPECUARIA DOS AGRICULTORES E AGRICULTORAS FAMILIARES DE SOBRAL E REGIAO LTDA,Nota Fiscal,"Gêneros Alimentícios ( Proteínas, Carboidratos, Hortaliças, Sódios e Lipídios)
",45534,Efetivada,36365840000103,36365840,1,3,1,COOPSOL,111302,"0119906,0121101,0153901,0159801,0161099,0162899,1063500,1065101,1099699,4623109,4632002,4633801,4633802,4634601,4634602,4634699,4637104,4637199,4692300,4722901,4722902,4724500,4729699,4789001",AVENIDA,DOM JOSE TUPINAMBA DA FROTA,2357,SALA  A,CENTRO,62010290,1559,36365840000103,1559,SOBRAL,Sobral,Sertão de Sobral,SOBRAL,COOPSOL COOPERATIVA AGROPECUARIA DOS AGRICULTORES E AGRICULTORAS FAMILIARES DE SOBRAL E REGIAO,CAF Emitido,UNICAFES,10/02/2026,15/02/2020 13:40:12,23/05/2025 11:26:08,105.0,57.0,"100,00",COOPSOL COOPERATIVA AGROPECUARIA DOS AGRICULTORES E AGRICULTORAS FAMILIARES DE SOBRAL E REGIAO,Sobral,CAF Emitido,UNICAFES,,15/02/2020 13:40:12,27/02/2025 08:43:14,105.0,60,100,COOPSOL,111302.0,"0119906,0121101,0153901,0159801,0161099,0162899,1063500,1065101,1099699,4623109,4632002,4633801,4633802,4634601,4634602,4634699,4637104,4637199,4692300,4722901,4722902,4724500,4729699,4789001",AVENIDA,DOM JOSE TUPINAMBA DA FROTA,2357,SALA  A,CENTRO,62010290.0,1559.0,"AVENIDA DOM JOSE TUPINAMBA DA FROTA, 2357, CENTRO Sobral-CE","-3,6920185","-40,3574358"
316,1285417,CARITAS DIOCESANA DE SOBRAL,"2,02409E+16",3107664.0,"45551,41427",36365840000103,COOPSOL COOPERATIVA AGROPECUARIA DOS AGRICULTORES E AGRICULTORAS FAMILIARES DE SOBRAL E REGIAO LTDA,Nota Fiscal,"Gêneros Alimentícios ( Proteínas, Carboidratos, Hortaliças, Sódios e Lipídios)
",45552,Efetivada,36365840000103,36365840,1,3,1,COOPSOL,111302,"0119906,0121101,0153901,0159801,0161099,0162899,1063500,1065101,1099699,4623109,4632002,4633801,4633802,4634601,4634602,4634699,4637104,4637199,4692300,4722901,4722902,4724500,4729699,4789001",AVENIDA,DOM JOSE TUPINAMBA DA FROTA,2357,SALA  A,CENTRO,62010290,1559,36365840000103,1559,SOBRAL,Sobral,Sertão de Sobral,SOBRAL,COOPSOL COOPERATIVA AGROPECUARIA DOS AGRICULTORES E AGRICULTORAS FAMILIARES DE SOBRAL E REGIAO,CAF Emitido,UNICAFES,10/02/2026,15/02/2020 13:40:12,23/05/2025 11:26:08,105.0,57.0,"100,00",COOPSOL COOPERATIVA AGROPECUARIA DOS AGRICULTORES E AGRICULTORAS FAMILIARES DE SOBRAL E REGIAO,Sobral,CAF Emitido,UNICAFES,,15/02/2020 13:40:12,27/02/2025 08:43:14,105.0,60,100,COOPSOL,111302.0,"0119906,0121101,0153901,0159801,0161099,0162899,1063500,1065101,1099699,4623109,4632002,4633801,4633802,4634601,4634602,4634699,4637104,4637199,4692300,4722901,4722902,4724500,4729699,4789001",AVENIDA,DOM JOSE TUPINAMBA DA FROTA,2357,SALA  A,CENTRO,62010290.0,1559.0,"AVENIDA DOM JOSE TUPINAMBA DA FROTA, 2357, CENTRO Sobral-CE","-3,6920185","-40,3574358"
317,1285417,CARITAS DIOCESANA DE SOBRAL,"2,02409E+16",347168.0,"45561,73338",36365840000103,COOPSOL COOPERATIVA AGROPECUARIA DOS AGRICULTORES E AGRICULTORAS FAMILIARES DE SOBRAL E REGIAO LTDA,Nota Fiscal,"Gêneros Alimentícios ( Proteínas, Carboidratos, Hortaliças, Sódios e Lipídios)
",45562,Efetivada,36365840000103,36365840,1,3,1,COOPSOL,111302,"0119906,0121101,0153901,0159801,0161099,0162899,1063500,1065101,1099699,4623109,4632002,4633801,4633802,4634601,4634602,4634699,4637104,4637199,4692300,4722901,4722902,4724500,4729699,4789001",AVENIDA,DOM JOSE TUPINAMBA DA FROTA,2357,SALA  A,CENTRO,62010290,1559,36365840000103,1559,SOBRAL,Sobral,Sertão de Sobral,SOBRAL,COOPSOL COOPERATIVA AGROPECUARIA DOS AGRICULTORES E AGRICULTORAS FAMILIARES DE SOBRAL E REGIAO,CAF Emitido,UNICAFES,10/02/2026,15/02/2020 13:40:12,23/05/2025 11:26:08,105.0,57.0,"100,00",COOPSOL COOPERATIVA AGROPECUARIA DOS AGRICULTORES E AGRICULTORAS FAMILIARES DE SOBRAL E REGIAO,Sobral,CAF Emitido,UNICAFES,,15/02/2020 13:40:12,27/02/2025 08:43:14,105.0,60,100,COOPSOL,111302.0,"0119906,0121101,0153901,0159801,0161099,0162899,1063500,1065101,1099699,4623109,4632002,4633801,4633802,4634601,4634602,4634699,4637104,4637199,4692300,4722901,4722902,4724500,4729699,4789001",AVENIDA,DOM JOSE TUPINAMBA DA FROTA,2357,SALA  A,CENTRO,62010290.0,1559.0,"AVENIDA DOM JOSE TUPINAMBA DA FROTA, 2357, CENTRO Sobral-CE","-3,6920185","-40,3574358"
318,1285417,CARITAS DIOCESANA DE SOBRAL,"2,0241E+16",104328.0,"45595,65172",27108234000103,COOPFOR - COOPERATIVA DE AGRICULTORES FAMILIARES DE FORQUILHA E REGIAO LTDA,Nota Fiscal,"Gêneros Alimentícios ( Proteínas, Carboidratos, Hortaliças, Sódios e Lipídios)
",45596,Efetivada,27108234000103,27108234,1,3,1,COOPFOR,4721103,"0161099,4721102,4722901,4729699",RUA,MONSENHOR DOMINGOS,000,SALA  10,CENTRO,62115000,1591,27108234000103,1591,FORQUILHA,Forquilha,Sertão de Sobral,FORQUILHA,COOPFOR COOPERATIVA DE AGRICULTORES FAMILIARES DE FORQUILHA E REGIÃO LTDA,CAF Emitido,UNICAFES,31/12/2028,17/02/2017 16:35:49,29/05/2025 09:52:16,59.0,32.0,"100,00",COOPFOR COOPERATIVA DE AGRICULTORES FAMILIARES DE FORQUILHA E REGIÃO LTDA,Forquilha,CAF Emitido,UNICAFES,31/12/2028,17/02/2017 16:35:49,22/04/2025 14:00:07,59.0,32,100,COOPFOR,4721103.0,"0161099,4721102,4722901,4729699",RUA,MONSENHOR DOMINGOS,0,SALA  10,CENTRO,62115000.0,1591.0,"RUA MONSENHOR DOMINGOS, 000, CENTRO Forquilha-CE","-3,7987326","-40,2639928"
319,1285417,CARITAS DIOCESANA DE SOBRAL,"2,0241E+16",808542.0,"45596,62148",36365840000103,COOPSOL COOPERATIVA AGROPECUARIA DOS AGRICULTORES E AGRICULTORAS FAMILIARES DE SOBRAL E REGIAO LTDA,Nota Fiscal,"Gêneros Alimentícios ( Proteínas, Carboidratos, Hortaliças, Sódios e Lipídios)
",45597,Efetivada,36365840000103,36365840,1,3,1,COOPSOL,111302,"0119906,0121101,0153901,0159801,0161099,0162899,1063500,1065101,1099699,4623109,4632002,4633801,4633802,4634601,4634602,4634699,4637104,4637199,4692300,4722901,4722902,4724500,4729699,4789001",AVENIDA,DOM JOSE TUPINAMBA DA FROTA,2357,SALA  A,CENTRO,62010290,1559,36365840000103,1559,SOBRAL,Sobral,Sertão de Sobral,SOBRAL,COOPSOL COOPERATIVA AGROPECUARIA DOS AGRICULTORES E AGRICULTORAS FAMILIARES DE SOBRAL E REGIAO,CAF Emitido,UNICAFES,10/02/2026,15/02/2020 13:40:12,23/05/2025 11:26:08,105.0,57.0,"100,00",COOPSOL COOPERATIVA AGROPECUARIA DOS AGRICULTORES E AGRICULTORAS FAMILIARES DE SOBRAL E REGIAO,Sobral,CAF Emitido,UNICAFES,,15/02/2020 13:40:12,27/02/2025 08:43:14,105.0,60,100,COOPSOL,111302.0,"0119906,0121101,0153901,0159801,0161099,0162899,1063500,1065101,1099699,4623109,4632002,4633801,4633802,4634601,4634602,4634699,4637104,4637199,4692300,4722901,4722902,4724500,4729699,4789001",AVENIDA,DOM JOSE TUPINAMBA DA FROTA,2357,SALA  A,CENTRO,62010290.0,1559.0,"AVENIDA DOM JOSE TUPINAMBA DA FROTA, 2357, CENTRO Sobral-CE","-3,6920185","-40,3574358"
320,1285417,CARITAS DIOCESANA DE SOBRAL,"2,02411E+16",104328.0,"45601,60723",35851830000107,COOPERATIVA AGROPECUÁRIA FAMILIAR DE ALCÂNTARAS-CE COOPFAL,Nota Fiscal,"Gêneros Alimentícios ( Proteínas, Carboidratos, Hortaliças, Sódios e Lipídios)
",45602,Efetivada,35851830000107,35851830,1,7,1,COOPFAL,4633801,"1012101,4631100,4632001,4632002,4634601,4634603,4634699,4639701,9499500",RUA,ALEXANDRO ALBUQUERQUE,501,,ESPIRITO SANTO,62120000,1309,35851830000107,1309,ALCANTARAS,Alcântaras,Sertão de Sobral,ALCANTARAS,COOPERATIVA AGROPECUARIA FAMILIAR DE ALCANTARAS - CE COOPFAL/ZONA NORTE,Inativo,UNISOL,20/10/2025,08/01/2020 18:25:51,07/07/2025 11:40:08,30.0,23.0,"100,00",COOPERATIVA AGROPECUARIA FAMILIAR DE ALCANTARAS - CE COOPFAL/ZONA NORTE,Alcântaras,CAF Emitido,UNISOL,,08/01/2020 18:25:51,12/12/2024 13:46:07,28.0,20,100,COOPFAL,4633801.0,"1012101,4631100,4632001,4632002,4634601,4634603,4634699,4639701,9499500",RUA,ALEXANDRO ALBUQUERQUE,501,,ESPIRITO SANTO,62120000.0,1309.0,"RUA ALEXANDRO ALBUQUERQUE, 501, ESPIRITO SANTO Alcântaras-CE","-5,4983977","-39,3206241"
321,1285417,CARITAS DIOCESANA DE SOBRAL,"2,02411E+16",104328.0,"45601,60723",35851830000107,COOPERATIVA AGROPECUÁRIA FAMILIAR DE ALCÂNTARAS-CE COOPFAL,Nota Fiscal,"Gêneros Alimentícios ( Proteínas, Carboidratos, Hortaliças, Sódios e Lipídios)
",45602,Efetivada,35851830000107,35851830,1,7,1,COOPFAL,4633801,"1012101,4631100,4632001,4632002,4634601,4634603,4634699,4639701,9499500",RUA,ALEXANDRO ALBUQUERQUE,501,,ESPIRITO SANTO,62120000,1309,35851830000107,1309,ALCANTARAS,Alcântaras,Sertão de Sobral,ALCANTARAS,COOPERATIVA AGROPECUARIA FAMILIAR DE ALCANTARAS - CE COOPFAL/ZONA NORTE,Finalizado,UNISOL,23/10/2025,26/06/2025 08:23:57,07/07/2025 11:40:08,30.0,23.0,"100,00",COOPERATIVA AGROPECUARIA FAMILIAR DE ALCANTARAS - CE COOPFAL/ZONA NORTE,Alcântaras,CAF Emitido,UNISOL,,08/01/2020 18:25:51,12/12/2024 13:46:07,28.0,20,100,COOPFAL,4633801.0,"1012101,4631100,4632001,4632002,4634601,4634603,4634699,4639701,9499500",RUA,ALEXANDRO ALBUQUERQUE,501,,ESPIRITO SANTO,62120000.0,1309.0,"RUA ALEXANDRO ALBUQUERQUE, 501, ESPIRITO SANTO Alcântaras-CE","-5,4983977","-39,3206241"
322,1285417,CARITAS DIOCESANA DE SOBRAL,"2,02411E+16",808542.0,"45624,6684",36365840000103,COOPSOL COOPERATIVA AGROPECUARIA DOS AGRICULTORES E AGRICULTORAS FAMILIARES DE SOBRAL E REGIAO LTDA,Nota Fiscal,"Gêneros Alimentícios ( Proteínas, Carboidratos, Hortaliças, Sódios e Lipídios)
",45625,Efetivada,36365840000103,36365840,1,3,1,COOPSOL,111302,"0119906,0121101,0153901,0159801,0161099,0162899,1063500,1065101,1099699,4623109,4632002,4633801,4633802,4634601,4634602,4634699,4637104,4637199,4692300,4722901,4722902,4724500,4729699,4789001",AVENIDA,DOM JOSE TUPINAMBA DA FROTA,2357,SALA  A,CENTRO,62010290,1559,36365840000103,1559,SOBRAL,Sobral,Sertão de Sobral,SOBRAL,COOPSOL COOPERATIVA AGROPECUARIA DOS AGRICULTORES E AGRICULTORAS FAMILIARES DE SOBRAL E REGIAO,CAF Emitido,UNICAFES,10/02/2026,15/02/2020 13:40:12,23/05/2025 11:26:08,105.0,57.0,"100,00",COOPSOL COOPERATIVA AGROPECUARIA DOS AGRICULTORES E AGRICULTORAS FAMILIARES DE SOBRAL E REGIAO,Sobral,CAF Emitido,UNICAFES,,15/02/2020 13:40:12,27/02/2025 08:43:14,105.0,60,100,COOPSOL,111302.0,"0119906,0121101,0153901,0159801,0161099,0162899,1063500,1065101,1099699,4623109,4632002,4633801,4633802,4634601,4634602,4634699,4637104,4637199,4692300,4722901,4722902,4724500,4729699,4789001",AVENIDA,DOM JOSE TUPINAMBA DA FROTA,2357,SALA  A,CENTRO,62010290.0,1559.0,"AVENIDA DOM JOSE TUPINAMBA DA FROTA, 2357, CENTRO Sobral-CE","-3,6920185","-40,3574358"
323,1285417,CARITAS DIOCESANA DE SOBRAL,"2,02412E+16",104328.0,"45628,83992",27108234000103,COOPFOR - COOPERATIVA DE AGRICULTORES FAMILIARES DE FORQUILHA E REGIAO LTDA,Nota Fiscal,"Gêneros Alimentícios ( Proteínas, Carboidratos, Hortaliças, Sódios e Lipídios)
",45629,Efetivada,27108234000103,27108234,1,3,1,COOPFOR,4721103,"0161099,4721102,4722901,4729699",RUA,MONSENHOR DOMINGOS,000,SALA  10,CENTRO,62115000,1591,27108234000103,1591,FORQUILHA,Forquilha,Sertão de Sobral,FORQUILHA,COOPFOR COOPERATIVA DE AGRICULTORES FAMILIARES DE FORQUILHA E REGIÃO LTDA,CAF Emitido,UNICAFES,31/12/2028,17/02/2017 16:35:49,29/05/2025 09:52:16,59.0,32.0,"100,00",COOPFOR COOPERATIVA DE AGRICULTORES FAMILIARES DE FORQUILHA E REGIÃO LTDA,Forquilha,CAF Emitido,UNICAFES,31/12/2028,17/02/2017 16:35:49,22/04/2025 14:00:07,59.0,32,100,COOPFOR,4721103.0,"0161099,4721102,4722901,4729699",RUA,MONSENHOR DOMINGOS,0,SALA  10,CENTRO,62115000.0,1591.0,"RUA MONSENHOR DOMINGOS, 000, CENTRO Forquilha-CE","-3,7987326","-40,2639928"
324,1285417,CARITAS DIOCESANA DE SOBRAL,"2,02412E+16",104328.0,"45631,68273",35851830000107,COOPERATIVA AGROPECUÁRIA FAMILIAR DE ALCÂNTARAS-CE COOPFAL,Nota Fiscal,"Gêneros Alimentícios ( Proteínas, Carboidratos, Hortaliças, Sódios e Lipídios)
",45632,Efetivada,35851830000107,35851830,1,7,1,COOPFAL,4633801,"1012101,4631100,4632001,4632002,4634601,4634603,4634699,4639701,9499500",RUA,ALEXANDRO ALBUQUERQUE,501,,ESPIRITO SANTO,62120000,1309,35851830000107,1309,ALCANTARAS,Alcântaras,Sertão de Sobral,ALCANTARAS,COOPERATIVA AGROPECUARIA FAMILIAR DE ALCANTARAS - CE COOPFAL/ZONA NORTE,Inativo,UNISOL,20/10/2025,08/01/2020 18:25:51,07/07/2025 11:40:08,30.0,23.0,"100,00",COOPERATIVA AGROPECUARIA FAMILIAR DE ALCANTARAS - CE COOPFAL/ZONA NORTE,Alcântaras,CAF Emitido,UNISOL,,08/01/2020 18:25:51,12/12/2024 13:46:07,28.0,20,100,COOPFAL,4633801.0,"1012101,4631100,4632001,4632002,4634601,4634603,4634699,4639701,9499500",RUA,ALEXANDRO ALBUQUERQUE,501,,ESPIRITO SANTO,62120000.0,1309.0,"RUA ALEXANDRO ALBUQUERQUE, 501, ESPIRITO SANTO Alcântaras-CE","-5,4983977","-39,3206241"
325,1285417,CARITAS DIOCESANA DE SOBRAL,"2,02412E+16",104328.0,"45631,68273",35851830000107,COOPERATIVA AGROPECUÁRIA FAMILIAR DE ALCÂNTARAS-CE COOPFAL,Nota Fiscal,"Gêneros Alimentícios ( Proteínas, Carboidratos, Hortaliças, Sódios e Lipídios)
",45632,Efetivada,35851830000107,35851830,1,7,1,COOPFAL,4633801,"1012101,4631100,4632001,4632002,4634601,4634603,4634699,4639701,9499500",RUA,ALEXANDRO ALBUQUERQUE,501,,ESPIRITO SANTO,62120000,1309,35851830000107,1309,ALCANTARAS,Alcântaras,Sertão de Sobral,ALCANTARAS,COOPERATIVA AGROPECUARIA FAMILIAR DE ALCANTARAS - CE COOPFAL/ZONA NORTE,Finalizado,UNISOL,23/10/2025,26/06/2025 08:23:57,07/07/2025 11:40:08,30.0,23.0,"100,00",COOPERATIVA AGROPECUARIA FAMILIAR DE ALCANTARAS - CE COOPFAL/ZONA NORTE,Alcântaras,CAF Emitido,UNISOL,,08/01/2020 18:25:51,12/12/2024 13:46:07,28.0,20,100,COOPFAL,4633801.0,"1012101,4631100,4632001,4632002,4634601,4634603,4634699,4639701,9499500",RUA,ALEXANDRO ALBUQUERQUE,501,,ESPIRITO SANTO,62120000.0,1309.0,"RUA ALEXANDRO ALBUQUERQUE, 501, ESPIRITO SANTO Alcântaras-CE","-5,4983977","-39,3206241"
326,1285417,CARITAS DIOCESANA DE SOBRAL,"2,02412E+16",104328.0,"45652,7235",27108234000103,COOPFOR - COOPERATIVA DE AGRICULTORES FAMILIARES DE FORQUILHA E REGIAO LTDA,Nota Fiscal,"Gêneros Alimentícios ( Proteínas, Carboidratos, Hortaliças, Sódios e Lipídios)
",45653,Efetivada,27108234000103,27108234,1,3,1,COOPFOR,4721103,"0161099,4721102,4722901,4729699",RUA,MONSENHOR DOMINGOS,000,SALA  10,CENTRO,62115000,1591,27108234000103,1591,FORQUILHA,Forquilha,Sertão de Sobral,FORQUILHA,COOPFOR COOPERATIVA DE AGRICULTORES FAMILIARES DE FORQUILHA E REGIÃO LTDA,CAF Emitido,UNICAFES,31/12/2028,17/02/2017 16:35:49,29/05/2025 09:52:16,59.0,32.0,"100,00",COOPFOR COOPERATIVA DE AGRICULTORES FAMILIARES DE FORQUILHA E REGIÃO LTDA,Forquilha,CAF Emitido,UNICAFES,31/12/2028,17/02/2017 16:35:49,22/04/2025 14:00:07,59.0,32,100,COOPFOR,4721103.0,"0161099,4721102,4722901,4729699",RUA,MONSENHOR DOMINGOS,0,SALA  10,CENTRO,62115000.0,1591.0,"RUA MONSENHOR DOMINGOS, 000, CENTRO Forquilha-CE","-3,7987326","-40,2639928"
327,1285417,CARITAS DIOCESANA DE SOBRAL,"2,02412E+16",808542.0,"45652,72598",36365840000103,COOPSOL COOPERATIVA AGROPECUARIA DOS AGRICULTORES E AGRICULTORAS FAMILIARES DE SOBRAL E REGIAO LTDA,Nota Fiscal,"Gêneros Alimentícios ( Proteínas, Carboidratos, Hortaliças, Sódios e Lipídios)
",45653,Efetivada,36365840000103,36365840,1,3,1,COOPSOL,111302,"0119906,0121101,0153901,0159801,0161099,0162899,1063500,1065101,1099699,4623109,4632002,4633801,4633802,4634601,4634602,4634699,4637104,4637199,4692300,4722901,4722902,4724500,4729699,4789001",AVENIDA,DOM JOSE TUPINAMBA DA FROTA,2357,SALA  A,CENTRO,62010290,1559,36365840000103,1559,SOBRAL,Sobral,Sertão de Sobral,SOBRAL,COOPSOL COOPERATIVA AGROPECUARIA DOS AGRICULTORES E AGRICULTORAS FAMILIARES DE SOBRAL E REGIAO,CAF Emitido,UNICAFES,10/02/2026,15/02/2020 13:40:12,23/05/2025 11:26:08,105.0,57.0,"100,00",COOPSOL COOPERATIVA AGROPECUARIA DOS AGRICULTORES E AGRICULTORAS FAMILIARES DE SOBRAL E REGIAO,Sobral,CAF Emitido,UNICAFES,,15/02/2020 13:40:12,27/02/2025 08:43:14,105.0,60,100,COOPSOL,111302.0,"0119906,0121101,0153901,0159801,0161099,0162899,1063500,1065101,1099699,4623109,4632002,4633801,4633802,4634601,4634602,4634699,4637104,4637199,4692300,4722901,4722902,4724500,4729699,4789001",AVENIDA,DOM JOSE TUPINAMBA DA FROTA,2357,SALA  A,CENTRO,62010290.0,1559.0,"AVENIDA DOM JOSE TUPINAMBA DA FROTA, 2357, CENTRO Sobral-CE","-3,6920185","-40,3574358"
328,1285417,CARITAS DIOCESANA DE SOBRAL,"2,02412E+16",104328.0,"45653,84331",35851830000107,COOPERATIVA AGROPECUÁRIA FAMILIAR DE ALCÂNTARAS-CE COOPFAL,Nota Fiscal,"Gêneros Alimentícios ( Proteínas, Carboidratos, Hortaliças, Sódios e Lipídios)
",45656,Efetivada,35851830000107,35851830,1,7,1,COOPFAL,4633801,"1012101,4631100,4632001,4632002,4634601,4634603,4634699,4639701,9499500",RUA,ALEXANDRO ALBUQUERQUE,501,,ESPIRITO SANTO,62120000,1309,35851830000107,1309,ALCANTARAS,Alcântaras,Sertão de Sobral,ALCANTARAS,COOPERATIVA AGROPECUARIA FAMILIAR DE ALCANTARAS - CE COOPFAL/ZONA NORTE,Inativo,UNISOL,20/10/2025,08/01/2020 18:25:51,07/07/2025 11:40:08,30.0,23.0,"100,00",COOPERATIVA AGROPECUARIA FAMILIAR DE ALCANTARAS - CE COOPFAL/ZONA NORTE,Alcântaras,CAF Emitido,UNISOL,,08/01/2020 18:25:51,12/12/2024 13:46:07,28.0,20,100,COOPFAL,4633801.0,"1012101,4631100,4632001,4632002,4634601,4634603,4634699,4639701,9499500",RUA,ALEXANDRO ALBUQUERQUE,501,,ESPIRITO SANTO,62120000.0,1309.0,"RUA ALEXANDRO ALBUQUERQUE, 501, ESPIRITO SANTO Alcântaras-CE","-5,4983977","-39,3206241"
329,1285417,CARITAS DIOCESANA DE SOBRAL,"2,02412E+16",104328.0,"45653,84331",35851830000107,COOPERATIVA AGROPECUÁRIA FAMILIAR DE ALCÂNTARAS-CE COOPFAL,Nota Fiscal,"Gêneros Alimentícios ( Proteínas, Carboidratos, Hortaliças, Sódios e Lipídios)
",45656,Efetivada,35851830000107,35851830,1,7,1,COOPFAL,4633801,"1012101,4631100,4632001,4632002,4634601,4634603,4634699,4639701,9499500",RUA,ALEXANDRO ALBUQUERQUE,501,,ESPIRITO SANTO,62120000,1309,35851830000107,1309,ALCANTARAS,Alcântaras,Sertão de Sobral,ALCANTARAS,COOPERATIVA AGROPECUARIA FAMILIAR DE ALCANTARAS - CE COOPFAL/ZONA NORTE,Finalizado,UNISOL,23/10/2025,26/06/2025 08:23:57,07/07/2025 11:40:08,30.0,23.0,"100,00",COOPERATIVA AGROPECUARIA FAMILIAR DE ALCANTARAS - CE COOPFAL/ZONA NORTE,Alcântaras,CAF Emitido,UNISOL,,08/01/2020 18:25:51,12/12/2024 13:46:07,28.0,20,100,COOPFAL,4633801.0,"1012101,4631100,4632001,4632002,4634601,4634603,4634699,4639701,9499500",RUA,ALEXANDRO ALBUQUERQUE,501,,ESPIRITO SANTO,62120000.0,1309.0,"RUA ALEXANDRO ALBUQUERQUE, 501, ESPIRITO SANTO Alcântaras-CE","-5,4983977","-39,3206241"
330,1285417,CARITAS DIOCESANA DE SOBRAL,"2,02501E+16",755730.0,"45687,78762",36365840000103,COOPSOL COOPERATIVA AGROPECUARIA DOS AGRICULTORES E AGRICULTORAS FAMILIARES DE SOBRAL E REGIAO LTDA,Nota Fiscal,"Gêneros Alimentícios ( Proteínas, Carboidratos, Hortaliças, Sódios e Lipídios)
",45688,Efetivada,36365840000103,36365840,1,3,1,COOPSOL,111302,"0119906,0121101,0153901,0159801,0161099,0162899,1063500,1065101,1099699,4623109,4632002,4633801,4633802,4634601,4634602,4634699,4637104,4637199,4692300,4722901,4722902,4724500,4729699,4789001",AVENIDA,DOM JOSE TUPINAMBA DA FROTA,2357,SALA  A,CENTRO,62010290,1559,36365840000103,1559,SOBRAL,Sobral,Sertão de Sobral,SOBRAL,COOPSOL COOPERATIVA AGROPECUARIA DOS AGRICULTORES E AGRICULTORAS FAMILIARES DE SOBRAL E REGIAO,CAF Emitido,UNICAFES,10/02/2026,15/02/2020 13:40:12,23/05/2025 11:26:08,105.0,57.0,"100,00",COOPSOL COOPERATIVA AGROPECUARIA DOS AGRICULTORES E AGRICULTORAS FAMILIARES DE SOBRAL E REGIAO,Sobral,CAF Emitido,UNICAFES,,15/02/2020 13:40:12,27/02/2025 08:43:14,105.0,60,100,COOPSOL,111302.0,"0119906,0121101,0153901,0159801,0161099,0162899,1063500,1065101,1099699,4623109,4632002,4633801,4633802,4634601,4634602,4634699,4637104,4637199,4692300,4722901,4722902,4724500,4729699,4789001",AVENIDA,DOM JOSE TUPINAMBA DA FROTA,2357,SALA  A,CENTRO,62010290.0,1559.0,"AVENIDA DOM JOSE TUPINAMBA DA FROTA, 2357, CENTRO Sobral-CE","-3,6920185","-40,3574358"
331,1285417,CARITAS DIOCESANA DE SOBRAL,"2,02501E+16",102408.0,"45688,75098",27108234000103,COOPFOR - COOPERATIVA DE AGRICULTORES FAMILIARES DE FORQUILHA E REGIAO LTDA,Nota Fiscal,"Gêneros Alimentícios ( Proteínas, Carboidratos, Hortaliças, Sódios e Lipídios)
",45691,Efetivada,27108234000103,27108234,1,3,1,COOPFOR,4721103,"0161099,4721102,4722901,4729699",RUA,MONSENHOR DOMINGOS,000,SALA  10,CENTRO,62115000,1591,27108234000103,1591,FORQUILHA,Forquilha,Sertão de Sobral,FORQUILHA,COOPFOR COOPERATIVA DE AGRICULTORES FAMILIARES DE FORQUILHA E REGIÃO LTDA,CAF Emitido,UNICAFES,31/12/2028,17/02/2017 16:35:49,29/05/2025 09:52:16,59.0,32.0,"100,00",COOPFOR COOPERATIVA DE AGRICULTORES FAMILIARES DE FORQUILHA E REGIÃO LTDA,Forquilha,CAF Emitido,UNICAFES,31/12/2028,17/02/2017 16:35:49,22/04/2025 14:00:07,59.0,32,100,COOPFOR,4721103.0,"0161099,4721102,4722901,4729699",RUA,MONSENHOR DOMINGOS,0,SALA  10,CENTRO,62115000.0,1591.0,"RUA MONSENHOR DOMINGOS, 000, CENTRO Forquilha-CE","-3,7987326","-40,2639928"
332,1285417,CARITAS DIOCESANA DE SOBRAL,"2,02502E+16",102408.0,"45691,78866",35851830000107,COOPERATIVA AGROPECUÁRIA FAMILIAR DE ALCÂNTARAS-CE COOPFAL,Nota Fiscal,"Gêneros Alimentícios ( Proteínas, Carboidratos, Hortaliças, Sódios e Lipídios)
",45692,Efetivada,35851830000107,35851830,1,7,1,COOPFAL,4633801,"1012101,4631100,4632001,4632002,4634601,4634603,4634699,4639701,9499500",RUA,ALEXANDRO ALBUQUERQUE,501,,ESPIRITO SANTO,62120000,1309,35851830000107,1309,ALCANTARAS,Alcântaras,Sertão de Sobral,ALCANTARAS,COOPERATIVA AGROPECUARIA FAMILIAR DE ALCANTARAS - CE COOPFAL/ZONA NORTE,Inativo,UNISOL,20/10/2025,08/01/2020 18:25:51,07/07/2025 11:40:08,30.0,23.0,"100,00",COOPERATIVA AGROPECUARIA FAMILIAR DE ALCANTARAS - CE COOPFAL/ZONA NORTE,Alcântaras,CAF Emitido,UNISOL,,08/01/2020 18:25:51,12/12/2024 13:46:07,28.0,20,100,COOPFAL,4633801.0,"1012101,4631100,4632001,4632002,4634601,4634603,4634699,4639701,9499500",RUA,ALEXANDRO ALBUQUERQUE,501,,ESPIRITO SANTO,62120000.0,1309.0,"RUA ALEXANDRO ALBUQUERQUE, 501, ESPIRITO SANTO Alcântaras-CE","-5,4983977","-39,3206241"
333,1285417,CARITAS DIOCESANA DE SOBRAL,"2,02502E+16",102408.0,"45691,78866",35851830000107,COOPERATIVA AGROPECUÁRIA FAMILIAR DE ALCÂNTARAS-CE COOPFAL,Nota Fiscal,"Gêneros Alimentícios ( Proteínas, Carboidratos, Hortaliças, Sódios e Lipídios)
",45692,Efetivada,35851830000107,35851830,1,7,1,COOPFAL,4633801,"1012101,4631100,4632001,4632002,4634601,4634603,4634699,4639701,9499500",RUA,ALEXANDRO ALBUQUERQUE,501,,ESPIRITO SANTO,62120000,1309,35851830000107,1309,ALCANTARAS,Alcântaras,Sertão de Sobral,ALCANTARAS,COOPERATIVA AGROPECUARIA FAMILIAR DE ALCANTARAS - CE COOPFAL/ZONA NORTE,Finalizado,UNISOL,23/10/2025,26/06/2025 08:23:57,07/07/2025 11:40:08,30.0,23.0,"100,00",COOPERATIVA AGROPECUARIA FAMILIAR DE ALCANTARAS - CE COOPFAL/ZONA NORTE,Alcântaras,CAF Emitido,UNISOL,,08/01/2020 18:25:51,12/12/2024 13:46:07,28.0,20,100,COOPFAL,4633801.0,"1012101,4631100,4632001,4632002,4634601,4634603,4634699,4639701,9499500",RUA,ALEXANDRO ALBUQUERQUE,501,,ESPIRITO SANTO,62120000.0,1309.0,"RUA ALEXANDRO ALBUQUERQUE, 501, ESPIRITO SANTO Alcântaras-CE","-5,4983977","-39,3206241"
334,1285417,CARITAS DIOCESANA DE SOBRAL,"2,02502E+16",755730.0,"45715,7309",36365840000103,COOPSOL COOPERATIVA AGROPECUARIA DOS AGRICULTORES E AGRICULTORAS FAMILIARES DE SOBRAL E REGIAO LTDA,Nota Fiscal,"Gêneros Alimentícios ( Proteínas, Carboidratos, Hortaliças, Sódios e Lipídios)
",45716,Efetivada,36365840000103,36365840,1,3,1,COOPSOL,111302,"0119906,0121101,0153901,0159801,0161099,0162899,1063500,1065101,1099699,4623109,4632002,4633801,4633802,4634601,4634602,4634699,4637104,4637199,4692300,4722901,4722902,4724500,4729699,4789001",AVENIDA,DOM JOSE TUPINAMBA DA FROTA,2357,SALA  A,CENTRO,62010290,1559,36365840000103,1559,SOBRAL,Sobral,Sertão de Sobral,SOBRAL,COOPSOL COOPERATIVA AGROPECUARIA DOS AGRICULTORES E AGRICULTORAS FAMILIARES DE SOBRAL E REGIAO,CAF Emitido,UNICAFES,10/02/2026,15/02/2020 13:40:12,23/05/2025 11:26:08,105.0,57.0,"100,00",COOPSOL COOPERATIVA AGROPECUARIA DOS AGRICULTORES E AGRICULTORAS FAMILIARES DE SOBRAL E REGIAO,Sobral,CAF Emitido,UNICAFES,,15/02/2020 13:40:12,27/02/2025 08:43:14,105.0,60,100,COOPSOL,111302.0,"0119906,0121101,0153901,0159801,0161099,0162899,1063500,1065101,1099699,4623109,4632002,4633801,4633802,4634601,4634602,4634699,4637104,4637199,4692300,4722901,4722902,4724500,4729699,4789001",AVENIDA,DOM JOSE TUPINAMBA DA FROTA,2357,SALA  A,CENTRO,62010290.0,1559.0,"AVENIDA DOM JOSE TUPINAMBA DA FROTA, 2357, CENTRO Sobral-CE","-3,6920185","-40,3574358"
335,1285417,CARITAS DIOCESANA DE SOBRAL,"2,02502E+16",102408.0,"45715,73192",35851830000107,COOPERATIVA AGROPECUÁRIA FAMILIAR DE ALCÂNTARAS-CE COOPFAL,Nota Fiscal,"Gêneros Alimentícios ( Proteínas, Carboidratos, Hortaliças, Sódios e Lipídios)
",45716,Efetivada,35851830000107,35851830,1,7,1,COOPFAL,4633801,"1012101,4631100,4632001,4632002,4634601,4634603,4634699,4639701,9499500",RUA,ALEXANDRO ALBUQUERQUE,501,,ESPIRITO SANTO,62120000,1309,35851830000107,1309,ALCANTARAS,Alcântaras,Sertão de Sobral,ALCANTARAS,COOPERATIVA AGROPECUARIA FAMILIAR DE ALCANTARAS - CE COOPFAL/ZONA NORTE,Inativo,UNISOL,20/10/2025,08/01/2020 18:25:51,07/07/2025 11:40:08,30.0,23.0,"100,00",COOPERATIVA AGROPECUARIA FAMILIAR DE ALCANTARAS - CE COOPFAL/ZONA NORTE,Alcântaras,CAF Emitido,UNISOL,,08/01/2020 18:25:51,12/12/2024 13:46:07,28.0,20,100,COOPFAL,4633801.0,"1012101,4631100,4632001,4632002,4634601,4634603,4634699,4639701,9499500",RUA,ALEXANDRO ALBUQUERQUE,501,,ESPIRITO SANTO,62120000.0,1309.0,"RUA ALEXANDRO ALBUQUERQUE, 501, ESPIRITO SANTO Alcântaras-CE","-5,4983977","-39,3206241"
336,1285417,CARITAS DIOCESANA DE SOBRAL,"2,02502E+16",102408.0,"45715,73192",35851830000107,COOPERATIVA AGROPECUÁRIA FAMILIAR DE ALCÂNTARAS-CE COOPFAL,Nota Fiscal,"Gêneros Alimentícios ( Proteínas, Carboidratos, Hortaliças, Sódios e Lipídios)
",45716,Efetivada,35851830000107,35851830,1,7,1,COOPFAL,4633801,"1012101,4631100,4632001,4632002,4634601,4634603,4634699,4639701,9499500",RUA,ALEXANDRO ALBUQUERQUE,501,,ESPIRITO SANTO,62120000,1309,35851830000107,1309,ALCANTARAS,Alcântaras,Sertão de Sobral,ALCANTARAS,COOPERATIVA AGROPECUARIA FAMILIAR DE ALCANTARAS - CE COOPFAL/ZONA NORTE,Finalizado,UNISOL,23/10/2025,26/06/2025 08:23:57,07/07/2025 11:40:08,30.0,23.0,"100,00",COOPERATIVA AGROPECUARIA FAMILIAR DE ALCANTARAS - CE COOPFAL/ZONA NORTE,Alcântaras,CAF Emitido,UNISOL,,08/01/2020 18:25:51,12/12/2024 13:46:07,28.0,20,100,COOPFAL,4633801.0,"1012101,4631100,4632001,4632002,4634601,4634603,4634699,4639701,9499500",RUA,ALEXANDRO ALBUQUERQUE,501,,ESPIRITO SANTO,62120000.0,1309.0,"RUA ALEXANDRO ALBUQUERQUE, 501, ESPIRITO SANTO Alcântaras-CE","-5,4983977","-39,3206241"
337,1285417,CARITAS DIOCESANA DE SOBRAL,"2,02502E+16",102408.0,"45715,73302",27108234000103,COOPFOR - COOPERATIVA DE AGRICULTORES FAMILIARES DE FORQUILHA E REGIAO LTDA,Nota Fiscal,"Gêneros Alimentícios ( Proteínas, Carboidratos, Hortaliças, Sódios e Lipídios)
",45716,Efetivada,27108234000103,27108234,1,3,1,COOPFOR,4721103,"0161099,4721102,4722901,4729699",RUA,MONSENHOR DOMINGOS,000,SALA  10,CENTRO,62115000,1591,27108234000103,1591,FORQUILHA,Forquilha,Sertão de Sobral,FORQUILHA,COOPFOR COOPERATIVA DE AGRICULTORES FAMILIARES DE FORQUILHA E REGIÃO LTDA,CAF Emitido,UNICAFES,31/12/2028,17/02/2017 16:35:49,29/05/2025 09:52:16,59.0,32.0,"100,00",COOPFOR COOPERATIVA DE AGRICULTORES FAMILIARES DE FORQUILHA E REGIÃO LTDA,Forquilha,CAF Emitido,UNICAFES,31/12/2028,17/02/2017 16:35:49,22/04/2025 14:00:07,59.0,32,100,COOPFOR,4721103.0,"0161099,4721102,4722901,4729699",RUA,MONSENHOR DOMINGOS,0,SALA  10,CENTRO,62115000.0,1591.0,"RUA MONSENHOR DOMINGOS, 000, CENTRO Forquilha-CE","-3,7987326","-40,2639928"
338,1285417,CARITAS DIOCESANA DE SOBRAL,"2,02503E+16",338985.0,"45733,61269",36365840000103,COOPSOL COOPERATIVA AGROPECUARIA DOS AGRICULTORES E AGRICULTORAS FAMILIARES DE SOBRAL E REGIAO LTDA,Nota Fiscal,"Gêneros Alimentícios ( Proteínas, Carboidratos, Hortaliças, Sódios e Lipídios)
",45734,Efetivada,36365840000103,36365840,1,3,1,COOPSOL,111302,"0119906,0121101,0153901,0159801,0161099,0162899,1063500,1065101,1099699,4623109,4632002,4633801,4633802,4634601,4634602,4634699,4637104,4637199,4692300,4722901,4722902,4724500,4729699,4789001",AVENIDA,DOM JOSE TUPINAMBA DA FROTA,2357,SALA  A,CENTRO,62010290,1559,36365840000103,1559,SOBRAL,Sobral,Sertão de Sobral,SOBRAL,COOPSOL COOPERATIVA AGROPECUARIA DOS AGRICULTORES E AGRICULTORAS FAMILIARES DE SOBRAL E REGIAO,CAF Emitido,UNICAFES,10/02/2026,15/02/2020 13:40:12,23/05/2025 11:26:08,105.0,57.0,"100,00",COOPSOL COOPERATIVA AGROPECUARIA DOS AGRICULTORES E AGRICULTORAS FAMILIARES DE SOBRAL E REGIAO,Sobral,CAF Emitido,UNICAFES,,15/02/2020 13:40:12,27/02/2025 08:43:14,105.0,60,100,COOPSOL,111302.0,"0119906,0121101,0153901,0159801,0161099,0162899,1063500,1065101,1099699,4623109,4632002,4633801,4633802,4634601,4634602,4634699,4637104,4637199,4692300,4722901,4722902,4724500,4729699,4789001",AVENIDA,DOM JOSE TUPINAMBA DA FROTA,2357,SALA  A,CENTRO,62010290.0,1559.0,"AVENIDA DOM JOSE TUPINAMBA DA FROTA, 2357, CENTRO Sobral-CE","-3,6920185","-40,3574358"
339,1285417,CARITAS DIOCESANA DE SOBRAL,"2,02503E+16",46020.0,"45733,83677",27108234000103,COOPFOR - COOPERATIVA DE AGRICULTORES FAMILIARES DE FORQUILHA E REGIAO LTDA,Nota Fiscal,"Gêneros Alimentícios ( Proteínas, Carboidratos, Hortaliças, Sódios e Lipídios)
",45734,Efetivada,27108234000103,27108234,1,3,1,COOPFOR,4721103,"0161099,4721102,4722901,4729699",RUA,MONSENHOR DOMINGOS,000,SALA  10,CENTRO,62115000,1591,27108234000103,1591,FORQUILHA,Forquilha,Sertão de Sobral,FORQUILHA,COOPFOR COOPERATIVA DE AGRICULTORES FAMILIARES DE FORQUILHA E REGIÃO LTDA,CAF Emitido,UNICAFES,31/12/2028,17/02/2017 16:35:49,29/05/2025 09:52:16,59.0,32.0,"100,00",COOPFOR COOPERATIVA DE AGRICULTORES FAMILIARES DE FORQUILHA E REGIÃO LTDA,Forquilha,CAF Emitido,UNICAFES,31/12/2028,17/02/2017 16:35:49,22/04/2025 14:00:07,59.0,32,100,COOPFOR,4721103.0,"0161099,4721102,4722901,4729699",RUA,MONSENHOR DOMINGOS,0,SALA  10,CENTRO,62115000.0,1591.0,"RUA MONSENHOR DOMINGOS, 000, CENTRO Forquilha-CE","-3,7987326","-40,2639928"
340,1285417,CARITAS DIOCESANA DE SOBRAL,"2,02503E+16",46020.0,"45733,84161",35851830000107,COOPERATIVA AGROPECUÁRIA FAMILIAR DE ALCÂNTARAS-CE COOPFAL,Nota Fiscal,"Gêneros Alimentícios ( Proteínas, Carboidratos, Hortaliças, Sódios e Lipídios)
",45734,Efetivada,35851830000107,35851830,1,7,1,COOPFAL,4633801,"1012101,4631100,4632001,4632002,4634601,4634603,4634699,4639701,9499500",RUA,ALEXANDRO ALBUQUERQUE,501,,ESPIRITO SANTO,62120000,1309,35851830000107,1309,ALCANTARAS,Alcântaras,Sertão de Sobral,ALCANTARAS,COOPERATIVA AGROPECUARIA FAMILIAR DE ALCANTARAS - CE COOPFAL/ZONA NORTE,Inativo,UNISOL,20/10/2025,08/01/2020 18:25:51,07/07/2025 11:40:08,30.0,23.0,"100,00",COOPERATIVA AGROPECUARIA FAMILIAR DE ALCANTARAS - CE COOPFAL/ZONA NORTE,Alcântaras,CAF Emitido,UNISOL,,08/01/2020 18:25:51,12/12/2024 13:46:07,28.0,20,100,COOPFAL,4633801.0,"1012101,4631100,4632001,4632002,4634601,4634603,4634699,4639701,9499500",RUA,ALEXANDRO ALBUQUERQUE,501,,ESPIRITO SANTO,62120000.0,1309.0,"RUA ALEXANDRO ALBUQUERQUE, 501, ESPIRITO SANTO Alcântaras-CE","-5,4983977","-39,3206241"
341,1285417,CARITAS DIOCESANA DE SOBRAL,"2,02503E+16",46020.0,"45733,84161",35851830000107,COOPERATIVA AGROPECUÁRIA FAMILIAR DE ALCÂNTARAS-CE COOPFAL,Nota Fiscal,"Gêneros Alimentícios ( Proteínas, Carboidratos, Hortaliças, Sódios e Lipídios)
",45734,Efetivada,35851830000107,35851830,1,7,1,COOPFAL,4633801,"1012101,4631100,4632001,4632002,4634601,4634603,4634699,4639701,9499500",RUA,ALEXANDRO ALBUQUERQUE,501,,ESPIRITO SANTO,62120000,1309,35851830000107,1309,ALCANTARAS,Alcântaras,Sertão de Sobral,ALCANTARAS,COOPERATIVA AGROPECUARIA FAMILIAR DE ALCANTARAS - CE COOPFAL/ZONA NORTE,Finalizado,UNISOL,23/10/2025,26/06/2025 08:23:57,07/07/2025 11:40:08,30.0,23.0,"100,00",COOPERATIVA AGROPECUARIA FAMILIAR DE ALCANTARAS - CE COOPFAL/ZONA NORTE,Alcântaras,CAF Emitido,UNISOL,,08/01/2020 18:25:51,12/12/2024 13:46:07,28.0,20,100,COOPFAL,4633801.0,"1012101,4631100,4632001,4632002,4634601,4634603,4634699,4639701,9499500",RUA,ALEXANDRO ALBUQUERQUE,501,,ESPIRITO SANTO,62120000.0,1309.0,"RUA ALEXANDRO ALBUQUERQUE, 501, ESPIRITO SANTO Alcântaras-CE","-5,4983977","-39,3206241"
342,1285417,CARITAS DIOCESANA DE SOBRAL,"2,02504E+16",722142.0,"45771,85025",36365840000103,COOPSOL COOPERATIVA AGROPECUARIA DOS AGRICULTORES E AGRICULTORAS FAMILIARES DE SOBRAL E REGIAO LTDA,Nota Fiscal,"Gêneros Alimentícios ( Proteínas, Carboidratos, Hortaliças, Sódios e Lipídios)
",45772,Efetivada,36365840000103,36365840,1,3,1,COOPSOL,111302,"0119906,0121101,0153901,0159801,0161099,0162899,1063500,1065101,1099699,4623109,4632002,4633801,4633802,4634601,4634602,4634699,4637104,4637199,4692300,4722901,4722902,4724500,4729699,4789001",AVENIDA,DOM JOSE TUPINAMBA DA FROTA,2357,SALA  A,CENTRO,62010290,1559,36365840000103,1559,SOBRAL,Sobral,Sertão de Sobral,SOBRAL,COOPSOL COOPERATIVA AGROPECUARIA DOS AGRICULTORES E AGRICULTORAS FAMILIARES DE SOBRAL E REGIAO,CAF Emitido,UNICAFES,10/02/2026,15/02/2020 13:40:12,23/05/2025 11:26:08,105.0,57.0,"100,00",COOPSOL COOPERATIVA AGROPECUARIA DOS AGRICULTORES E AGRICULTORAS FAMILIARES DE SOBRAL E REGIAO,Sobral,CAF Emitido,UNICAFES,,15/02/2020 13:40:12,27/02/2025 08:43:14,105.0,60,100,COOPSOL,111302.0,"0119906,0121101,0153901,0159801,0161099,0162899,1063500,1065101,1099699,4623109,4632002,4633801,4633802,4634601,4634602,4634699,4637104,4637199,4692300,4722901,4722902,4724500,4729699,4789001",AVENIDA,DOM JOSE TUPINAMBA DA FROTA,2357,SALA  A,CENTRO,62010290.0,1559.0,"AVENIDA DOM JOSE TUPINAMBA DA FROTA, 2357, CENTRO Sobral-CE","-3,6920185","-40,3574358"
343,1285417,CARITAS DIOCESANA DE SOBRAL,"2,02504E+16",102408.0,"45775,79973",27108234000103,COOPFOR - COOPERATIVA DE AGRICULTORES FAMILIARES DE FORQUILHA E REGIAO LTDA,Nota Fiscal,"Gêneros Alimentícios ( Proteínas, Carboidratos, Hortaliças, Sódios e Lipídios)
",45776,Efetivada,27108234000103,27108234,1,3,1,COOPFOR,4721103,"0161099,4721102,4722901,4729699",RUA,MONSENHOR DOMINGOS,000,SALA  10,CENTRO,62115000,1591,27108234000103,1591,FORQUILHA,Forquilha,Sertão de Sobral,FORQUILHA,COOPFOR COOPERATIVA DE AGRICULTORES FAMILIARES DE FORQUILHA E REGIÃO LTDA,CAF Emitido,UNICAFES,31/12/2028,17/02/2017 16:35:49,29/05/2025 09:52:16,59.0,32.0,"100,00",COOPFOR COOPERATIVA DE AGRICULTORES FAMILIARES DE FORQUILHA E REGIÃO LTDA,Forquilha,CAF Emitido,UNICAFES,31/12/2028,17/02/2017 16:35:49,22/04/2025 14:00:07,59.0,32,100,COOPFOR,4721103.0,"0161099,4721102,4722901,4729699",RUA,MONSENHOR DOMINGOS,0,SALA  10,CENTRO,62115000.0,1591.0,"RUA MONSENHOR DOMINGOS, 000, CENTRO Forquilha-CE","-3,7987326","-40,2639928"
344,1285417,CARITAS DIOCESANA DE SOBRAL,"2,02504E+16",102408.0,"45775,80067",35851830000107,COOPERATIVA AGROPECUÁRIA FAMILIAR DE ALCÂNTARAS-CE COOPFAL,Nota Fiscal,"Gêneros Alimentícios ( Proteínas, Carboidratos, Hortaliças, Sódios e Lipídios)
",45776,Efetivada,35851830000107,35851830,1,7,1,COOPFAL,4633801,"1012101,4631100,4632001,4632002,4634601,4634603,4634699,4639701,9499500",RUA,ALEXANDRO ALBUQUERQUE,501,,ESPIRITO SANTO,62120000,1309,35851830000107,1309,ALCANTARAS,Alcântaras,Sertão de Sobral,ALCANTARAS,COOPERATIVA AGROPECUARIA FAMILIAR DE ALCANTARAS - CE COOPFAL/ZONA NORTE,Inativo,UNISOL,20/10/2025,08/01/2020 18:25:51,07/07/2025 11:40:08,30.0,23.0,"100,00",COOPERATIVA AGROPECUARIA FAMILIAR DE ALCANTARAS - CE COOPFAL/ZONA NORTE,Alcântaras,CAF Emitido,UNISOL,,08/01/2020 18:25:51,12/12/2024 13:46:07,28.0,20,100,COOPFAL,4633801.0,"1012101,4631100,4632001,4632002,4634601,4634603,4634699,4639701,9499500",RUA,ALEXANDRO ALBUQUERQUE,501,,ESPIRITO SANTO,62120000.0,1309.0,"RUA ALEXANDRO ALBUQUERQUE, 501, ESPIRITO SANTO Alcântaras-CE","-5,4983977","-39,3206241"
345,1285417,CARITAS DIOCESANA DE SOBRAL,"2,02504E+16",102408.0,"45775,80067",35851830000107,COOPERATIVA AGROPECUÁRIA FAMILIAR DE ALCÂNTARAS-CE COOPFAL,Nota Fiscal,"Gêneros Alimentícios ( Proteínas, Carboidratos, Hortaliças, Sódios e Lipídios)
",45776,Efetivada,35851830000107,35851830,1,7,1,COOPFAL,4633801,"1012101,4631100,4632001,4632002,4634601,4634603,4634699,4639701,9499500",RUA,ALEXANDRO ALBUQUERQUE,501,,ESPIRITO SANTO,62120000,1309,35851830000107,1309,ALCANTARAS,Alcântaras,Sertão de Sobral,ALCANTARAS,COOPERATIVA AGROPECUARIA FAMILIAR DE ALCANTARAS - CE COOPFAL/ZONA NORTE,Finalizado,UNISOL,23/10/2025,26/06/2025 08:23:57,07/07/2025 11:40:08,30.0,23.0,"100,00",COOPERATIVA AGROPECUARIA FAMILIAR DE ALCANTARAS - CE COOPFAL/ZONA NORTE,Alcântaras,CAF Emitido,UNISOL,,08/01/2020 18:25:51,12/12/2024 13:46:07,28.0,20,100,COOPFAL,4633801.0,"1012101,4631100,4632001,4632002,4634601,4634603,4634699,4639701,9499500",RUA,ALEXANDRO ALBUQUERQUE,501,,ESPIRITO SANTO,62120000.0,1309.0,"RUA ALEXANDRO ALBUQUERQUE, 501, ESPIRITO SANTO Alcântaras-CE","-5,4983977","-39,3206241"
346,1285417,CARITAS DIOCESANA DE SOBRAL,"2,02505E+16",502399.0,"45798,61866",36365840000103,COOPSOL COOPERATIVA AGROPECUARIA DOS AGRICULTORES E AGRICULTORAS FAMILIARES DE SOBRAL E REGIAO LTDA,Nota Fiscal,"Gêneros Alimentícios ( Proteínas, Carboidratos, Hortaliças, Sódios e Lipídios)
",45799,Efetivada,36365840000103,36365840,1,3,1,COOPSOL,111302,"0119906,0121101,0153901,0159801,0161099,0162899,1063500,1065101,1099699,4623109,4632002,4633801,4633802,4634601,4634602,4634699,4637104,4637199,4692300,4722901,4722902,4724500,4729699,4789001",AVENIDA,DOM JOSE TUPINAMBA DA FROTA,2357,SALA  A,CENTRO,62010290,1559,36365840000103,1559,SOBRAL,Sobral,Sertão de Sobral,SOBRAL,COOPSOL COOPERATIVA AGROPECUARIA DOS AGRICULTORES E AGRICULTORAS FAMILIARES DE SOBRAL E REGIAO,CAF Emitido,UNICAFES,10/02/2026,15/02/2020 13:40:12,23/05/2025 11:26:08,105.0,57.0,"100,00",COOPSOL COOPERATIVA AGROPECUARIA DOS AGRICULTORES E AGRICULTORAS FAMILIARES DE SOBRAL E REGIAO,Sobral,CAF Emitido,UNICAFES,,15/02/2020 13:40:12,27/02/2025 08:43:14,105.0,60,100,COOPSOL,111302.0,"0119906,0121101,0153901,0159801,0161099,0162899,1063500,1065101,1099699,4623109,4632002,4633801,4633802,4634601,4634602,4634699,4637104,4637199,4692300,4722901,4722902,4724500,4729699,4789001",AVENIDA,DOM JOSE TUPINAMBA DA FROTA,2357,SALA  A,CENTRO,62010290.0,1559.0,"AVENIDA DOM JOSE TUPINAMBA DA FROTA, 2357, CENTRO Sobral-CE","-3,6920185","-40,3574358"
347,1285417,CARITAS DIOCESANA DE SOBRAL,"2,02505E+16",69255.0,"45800,76457",27108234000103,COOPFOR - COOPERATIVA DE AGRICULTORES FAMILIARES DE FORQUILHA E REGIAO LTDA,Nota Fiscal,"Gêneros Alimentícios ( Proteínas, Carboidratos, Hortaliças, Sódios e Lipídios)
",45803,Efetivada,27108234000103,27108234,1,3,1,COOPFOR,4721103,"0161099,4721102,4722901,4729699",RUA,MONSENHOR DOMINGOS,000,SALA  10,CENTRO,62115000,1591,27108234000103,1591,FORQUILHA,Forquilha,Sertão de Sobral,FORQUILHA,COOPFOR COOPERATIVA DE AGRICULTORES FAMILIARES DE FORQUILHA E REGIÃO LTDA,CAF Emitido,UNICAFES,31/12/2028,17/02/2017 16:35:49,29/05/2025 09:52:16,59.0,32.0,"100,00",COOPFOR COOPERATIVA DE AGRICULTORES FAMILIARES DE FORQUILHA E REGIÃO LTDA,Forquilha,CAF Emitido,UNICAFES,31/12/2028,17/02/2017 16:35:49,22/04/2025 14:00:07,59.0,32,100,COOPFOR,4721103.0,"0161099,4721102,4722901,4729699",RUA,MONSENHOR DOMINGOS,0,SALA  10,CENTRO,62115000.0,1591.0,"RUA MONSENHOR DOMINGOS, 000, CENTRO Forquilha-CE","-3,7987326","-40,2639928"
348,1285417,CARITAS DIOCESANA DE SOBRAL,"2,02505E+16",69255.0,"45803,90506",35851830000107,COOPERATIVA AGROPECUÁRIA FAMILIAR DE ALCÂNTARAS-CE COOPFAL,Nota Fiscal,"Gêneros Alimentícios ( Proteínas, Carboidratos, Hortaliças, Sódios e Lipídios)
",45804,Efetivada,35851830000107,35851830,1,7,1,COOPFAL,4633801,"1012101,4631100,4632001,4632002,4634601,4634603,4634699,4639701,9499500",RUA,ALEXANDRO ALBUQUERQUE,501,,ESPIRITO SANTO,62120000,1309,35851830000107,1309,ALCANTARAS,Alcântaras,Sertão de Sobral,ALCANTARAS,COOPERATIVA AGROPECUARIA FAMILIAR DE ALCANTARAS - CE COOPFAL/ZONA NORTE,Inativo,UNISOL,20/10/2025,08/01/2020 18:25:51,07/07/2025 11:40:08,30.0,23.0,"100,00",COOPERATIVA AGROPECUARIA FAMILIAR DE ALCANTARAS - CE COOPFAL/ZONA NORTE,Alcântaras,CAF Emitido,UNISOL,,08/01/2020 18:25:51,12/12/2024 13:46:07,28.0,20,100,COOPFAL,4633801.0,"1012101,4631100,4632001,4632002,4634601,4634603,4634699,4639701,9499500",RUA,ALEXANDRO ALBUQUERQUE,501,,ESPIRITO SANTO,62120000.0,1309.0,"RUA ALEXANDRO ALBUQUERQUE, 501, ESPIRITO SANTO Alcântaras-CE","-5,4983977","-39,3206241"
349,1285417,CARITAS DIOCESANA DE SOBRAL,"2,02505E+16",69255.0,"45803,90506",35851830000107,COOPERATIVA AGROPECUÁRIA FAMILIAR DE ALCÂNTARAS-CE COOPFAL,Nota Fiscal,"Gêneros Alimentícios ( Proteínas, Carboidratos, Hortaliças, Sódios e Lipídios)
",45804,Efetivada,35851830000107,35851830,1,7,1,COOPFAL,4633801,"1012101,4631100,4632001,4632002,4634601,4634603,4634699,4639701,9499500",RUA,ALEXANDRO ALBUQUERQUE,501,,ESPIRITO SANTO,62120000,1309,35851830000107,1309,ALCANTARAS,Alcântaras,Sertão de Sobral,ALCANTARAS,COOPERATIVA AGROPECUARIA FAMILIAR DE ALCANTARAS - CE COOPFAL/ZONA NORTE,Finalizado,UNISOL,23/10/2025,26/06/2025 08:23:57,07/07/2025 11:40:08,30.0,23.0,"100,00",COOPERATIVA AGROPECUARIA FAMILIAR DE ALCANTARAS - CE COOPFAL/ZONA NORTE,Alcântaras,CAF Emitido,UNISOL,,08/01/2020 18:25:51,12/12/2024 13:46:07,28.0,20,100,COOPFAL,4633801.0,"1012101,4631100,4632001,4632002,4634601,4634603,4634699,4639701,9499500",RUA,ALEXANDRO ALBUQUERQUE,501,,ESPIRITO SANTO,62120000.0,1309.0,"RUA ALEXANDRO ALBUQUERQUE, 501, ESPIRITO SANTO Alcântaras-CE","-5,4983977","-39,3206241"
350,1285417,CARITAS DIOCESANA DE SOBRAL,"2,02506E+16",710790.0,"45824,58878",36365840000103,COOPSOL COOPERATIVA AGROPECUARIA DOS AGRICULTORES E AGRICULTORAS FAMILIARES DE SOBRAL E REGIAO LTDA,Nota Fiscal,"Gêneros Alimentícios ( Proteínas, Carboidratos, Hortaliças, Sódios e Lipídios)
",45825,Efetivada,36365840000103,36365840,1,3,1,COOPSOL,111302,"0119906,0121101,0153901,0159801,0161099,0162899,1063500,1065101,1099699,4623109,4632002,4633801,4633802,4634601,4634602,4634699,4637104,4637199,4692300,4722901,4722902,4724500,4729699,4789001",AVENIDA,DOM JOSE TUPINAMBA DA FROTA,2357,SALA  A,CENTRO,62010290,1559,36365840000103,1559,SOBRAL,Sobral,Sertão de Sobral,SOBRAL,COOPSOL COOPERATIVA AGROPECUARIA DOS AGRICULTORES E AGRICULTORAS FAMILIARES DE SOBRAL E REGIAO,CAF Emitido,UNICAFES,10/02/2026,15/02/2020 13:40:12,23/05/2025 11:26:08,105.0,57.0,"100,00",COOPSOL COOPERATIVA AGROPECUARIA DOS AGRICULTORES E AGRICULTORAS FAMILIARES DE SOBRAL E REGIAO,Sobral,CAF Emitido,UNICAFES,,15/02/2020 13:40:12,27/02/2025 08:43:14,105.0,60,100,COOPSOL,111302.0,"0119906,0121101,0153901,0159801,0161099,0162899,1063500,1065101,1099699,4623109,4632002,4633801,4633802,4634601,4634602,4634699,4637104,4637199,4692300,4722901,4722902,4724500,4729699,4789001",AVENIDA,DOM JOSE TUPINAMBA DA FROTA,2357,SALA  A,CENTRO,62010290.0,1559.0,"AVENIDA DOM JOSE TUPINAMBA DA FROTA, 2357, CENTRO Sobral-CE","-3,6920185","-40,3574358"
351,1285417,CARITAS DIOCESANA DE SOBRAL,"2,02506E+16",85340.0,"45826,88525",27108234000103,COOPFOR - COOPERATIVA DE AGRICULTORES FAMILIARES DE FORQUILHA E REGIAO LTDA,Nota Fiscal,"Gêneros Alimentícios ( Proteínas, Carboidratos, Hortaliças, Sódios e Lipídios)
",45828,Efetivada,27108234000103,27108234,1,3,1,COOPFOR,4721103,"0161099,4721102,4722901,4729699",RUA,MONSENHOR DOMINGOS,000,SALA  10,CENTRO,62115000,1591,27108234000103,1591,FORQUILHA,Forquilha,Sertão de Sobral,FORQUILHA,COOPFOR COOPERATIVA DE AGRICULTORES FAMILIARES DE FORQUILHA E REGIÃO LTDA,CAF Emitido,UNICAFES,31/12/2028,17/02/2017 16:35:49,29/05/2025 09:52:16,59.0,32.0,"100,00",COOPFOR COOPERATIVA DE AGRICULTORES FAMILIARES DE FORQUILHA E REGIÃO LTDA,Forquilha,CAF Emitido,UNICAFES,31/12/2028,17/02/2017 16:35:49,22/04/2025 14:00:07,59.0,32,100,COOPFOR,4721103.0,"0161099,4721102,4722901,4729699",RUA,MONSENHOR DOMINGOS,0,SALA  10,CENTRO,62115000.0,1591.0,"RUA MONSENHOR DOMINGOS, 000, CENTRO Forquilha-CE","-3,7987326","-40,2639928"
352,1284430,Associação curumins,"2,02405E+16",100560.0,"45441,86487",35202279000170,COOPENORT,Nota Fiscal,"Gêneros Alimentícios ( Proteínas, Carboidratos, Hortaliças, Sódios e Lipídios)
",45443,Efetivada,35202279000170,35202279,1,70,1,COOPENORT,4633801,"0111302,0113000,0119902,0119904,0119905,0119906,0119907,0119908,0119909,0119999,0121101,0131800,0133402,0133403,0133408,0133409,0133410,0133499,0139399,0151201,0151202,0153901,0154700,0155501,0155505,0159801,0312401,0322101,1031700,1066000,4623106,4623109,4623199,4644302,4661300,4683400,4692300,4722902,4724500,4729699,4744001,4744099",RUA,DEPUTADO VICENTE RIBEIRO,438,,CENTRO,62375000,1367,35202279000170,1367,CARNAUBAL,Carnaubal,Serra da Ibiapaba,CARNAUBAL,COOPERATIVA AGROPECUARIA DOS AGRICULTORES FAMILIARES DA REGIAO NORTE DO CEARA LT,CAF Emitido,,,29/09/2023 12:30:34,22/05/2025 08:50:46,75.0,42.0,"97,33",COOPERATIVA AGROPECUARIA DOS AGRICULTORES FAMILIARES DA REGIAO NORTE DO CEARA LT,Carnaubal,Aberto apenas para Atualização de Informações,,,29/09/2023 12:30:34,07/03/2025 12:32:31,75.0,43,"97,33",COOPENORT,4633801.0,"0111302,0113000,0119902,0119904,0119905,0119906,0119907,0119908,0119909,0119999,0121101,0131800,0133402,0133403,0133408,0133409,0133410,0133499,0139399,0151201,0151202,0153901,0154700,0155501,0155505,0159801,0312401,0322101,1031700,1066000,4623106,4623109,4623199,4644302,4661300,4683400,4692300,4722902,4724500,4729699,4744001,4744099",RUA,DEPUTADO VICENTE RIBEIRO,438,,CENTRO,62375000.0,1367.0,"RUA DEPUTADO VICENTE RIBEIRO, 438, CENTRO Carnaubal-CE","-4,1657573","-40,9404926"
353,1284430,Associação curumins,"2,02406E+16",137545.0,"45455,73757",35202279000170,COOPENORT,Nota Fiscal,"Gêneros Alimentícios ( Proteínas, Carboidratos, Hortaliças, Sódios e Lipídios)
",45456,Efetivada,35202279000170,35202279,1,70,1,COOPENORT,4633801,"0111302,0113000,0119902,0119904,0119905,0119906,0119907,0119908,0119909,0119999,0121101,0131800,0133402,0133403,0133408,0133409,0133410,0133499,0139399,0151201,0151202,0153901,0154700,0155501,0155505,0159801,0312401,0322101,1031700,1066000,4623106,4623109,4623199,4644302,4661300,4683400,4692300,4722902,4724500,4729699,4744001,4744099",RUA,DEPUTADO VICENTE RIBEIRO,438,,CENTRO,62375000,1367,35202279000170,1367,CARNAUBAL,Carnaubal,Serra da Ibiapaba,CARNAUBAL,COOPERATIVA AGROPECUARIA DOS AGRICULTORES FAMILIARES DA REGIAO NORTE DO CEARA LT,CAF Emitido,,,29/09/2023 12:30:34,22/05/2025 08:50:46,75.0,42.0,"97,33",COOPERATIVA AGROPECUARIA DOS AGRICULTORES FAMILIARES DA REGIAO NORTE DO CEARA LT,Carnaubal,Aberto apenas para Atualização de Informações,,,29/09/2023 12:30:34,07/03/2025 12:32:31,75.0,43,"97,33",COOPENORT,4633801.0,"0111302,0113000,0119902,0119904,0119905,0119906,0119907,0119908,0119909,0119999,0121101,0131800,0133402,0133403,0133408,0133409,0133410,0133499,0139399,0151201,0151202,0153901,0154700,0155501,0155505,0159801,0312401,0322101,1031700,1066000,4623106,4623109,4623199,4644302,4661300,4683400,4692300,4722902,4724500,4729699,4744001,4744099",RUA,DEPUTADO VICENTE RIBEIRO,438,,CENTRO,62375000.0,1367.0,"RUA DEPUTADO VICENTE RIBEIRO, 438, CENTRO Carnaubal-CE","-4,1657573","-40,9404926"
354,1284430,Associação curumins,"2,02407E+16",89600.0,"45498,90601",51890164000172,COOPERATIVA DOS PRODUTORES E AGRICULTORES F. DE BEBERIBE LTDA.,Nota Fiscal,"Gêneros Alimentícios ( Proteínas, Carboidratos, Hortaliças, Sódios e Lipídios)
",45499,Efetivada,51890164000172,51890164,1,72,1,COOPAFBE,4633801,"0111302,0119905,0119906,0121101,0141501,0142300,0153901,0155505,0159801,0321301,0322101,1031700,1033301,1033302,1041400,1063500,1064300,1065101,4623101,4623106,4623108,4623109,4631100,4632001,4632002,4633802,4637104,4692300,7020400,7490103,8211300",ACESSO,RR LAGOA FUNDA,SN,,DISTRITO DE SUCATINGA - ZONA RURAL,62840000,1343,51890164000172,1343,BEBERIBE,Beberibe,Litoral Leste,BEBERIBE,COOPERATIVA DOS PRODUTORES E AGRICULTORES FAMILIARES DE BEBERIBE LTDA,CAF Emitido,OCB,06/04/2025,22/01/2024 13:08:08,08/05/2025 10:19:05,41.0,39.0,"100,00",COOPERATIVA DOS PRODUTORES E AGRICULTORES FAMILIARES DE BEBERIBE LTDA,Beberibe,CAF Emitido,OCB,06/04/2025,22/01/2024 13:08:08,24/04/2025 15:11:25,41.0,39,100,COOPAFBE,4633801.0,"0111302,0119905,0119906,0121101,0141501,0142300,0153901,0155505,0159801,0321301,0322101,1031700,1033301,1033302,1041400,1063500,1064300,1065101,4623101,4623106,4623108,4623109,4631100,4632001,4632002,4633802,4637104,4692300,7020400,7490103,8211300",ACESSO,RR LAGOA FUNDA,SN,,DISTRITO DE SUCATINGA - ZONA RURAL,62840000.0,1343.0,"ACESSO RR LAGOA FUNDA, SN, DISTRITO DE SUCATINGA - ZONA RURAL Beberibe-CE","-4,273884","-38,0564828"
355,1284430,Associação curumins,"2,02408E+16",2259075.0,"45511,73365",35202279000170,COOPENORT,Nota Fiscal,"Gêneros Alimentícios ( Proteínas, Carboidratos, Hortaliças, Sódios e Lipídios)
",45512,Efetivada,35202279000170,35202279,1,70,1,COOPENORT,4633801,"0111302,0113000,0119902,0119904,0119905,0119906,0119907,0119908,0119909,0119999,0121101,0131800,0133402,0133403,0133408,0133409,0133410,0133499,0139399,0151201,0151202,0153901,0154700,0155501,0155505,0159801,0312401,0322101,1031700,1066000,4623106,4623109,4623199,4644302,4661300,4683400,4692300,4722902,4724500,4729699,4744001,4744099",RUA,DEPUTADO VICENTE RIBEIRO,438,,CENTRO,62375000,1367,35202279000170,1367,CARNAUBAL,Carnaubal,Serra da Ibiapaba,CARNAUBAL,COOPERATIVA AGROPECUARIA DOS AGRICULTORES FAMILIARES DA REGIAO NORTE DO CEARA LT,CAF Emitido,,,29/09/2023 12:30:34,22/05/2025 08:50:46,75.0,42.0,"97,33",COOPERATIVA AGROPECUARIA DOS AGRICULTORES FAMILIARES DA REGIAO NORTE DO CEARA LT,Carnaubal,Aberto apenas para Atualização de Informações,,,29/09/2023 12:30:34,07/03/2025 12:32:31,75.0,43,"97,33",COOPENORT,4633801.0,"0111302,0113000,0119902,0119904,0119905,0119906,0119907,0119908,0119909,0119999,0121101,0131800,0133402,0133403,0133408,0133409,0133410,0133499,0139399,0151201,0151202,0153901,0154700,0155501,0155505,0159801,0312401,0322101,1031700,1066000,4623106,4623109,4623199,4644302,4661300,4683400,4692300,4722902,4724500,4729699,4744001,4744099",RUA,DEPUTADO VICENTE RIBEIRO,438,,CENTRO,62375000.0,1367.0,"RUA DEPUTADO VICENTE RIBEIRO, 438, CENTRO Carnaubal-CE","-4,1657573","-40,9404926"
356,1284430,Associação curumins,"2,0241E+16",2361636.0,"45583,65892",35202279000170,COOPENORT,Nota Fiscal,"Gêneros Alimentícios ( Proteínas, Carboidratos, Hortaliças, Sódios e Lipídios)
",45586,Efetivada,35202279000170,35202279,1,70,1,COOPENORT,4633801,"0111302,0113000,0119902,0119904,0119905,0119906,0119907,0119908,0119909,0119999,0121101,0131800,0133402,0133403,0133408,0133409,0133410,0133499,0139399,0151201,0151202,0153901,0154700,0155501,0155505,0159801,0312401,0322101,1031700,1066000,4623106,4623109,4623199,4644302,4661300,4683400,4692300,4722902,4724500,4729699,4744001,4744099",RUA,DEPUTADO VICENTE RIBEIRO,438,,CENTRO,62375000,1367,35202279000170,1367,CARNAUBAL,Carnaubal,Serra da Ibiapaba,CARNAUBAL,COOPERATIVA AGROPECUARIA DOS AGRICULTORES FAMILIARES DA REGIAO NORTE DO CEARA LT,CAF Emitido,,,29/09/2023 12:30:34,22/05/2025 08:50:46,75.0,42.0,"97,33",COOPERATIVA AGROPECUARIA DOS AGRICULTORES FAMILIARES DA REGIAO NORTE DO CEARA LT,Carnaubal,Aberto apenas para Atualização de Informações,,,29/09/2023 12:30:34,07/03/2025 12:32:31,75.0,43,"97,33",COOPENORT,4633801.0,"0111302,0113000,0119902,0119904,0119905,0119906,0119907,0119908,0119909,0119999,0121101,0131800,0133402,0133403,0133408,0133409,0133410,0133499,0139399,0151201,0151202,0153901,0154700,0155501,0155505,0159801,0312401,0322101,1031700,1066000,4623106,4623109,4623199,4644302,4661300,4683400,4692300,4722902,4724500,4729699,4744001,4744099",RUA,DEPUTADO VICENTE RIBEIRO,438,,CENTRO,62375000.0,1367.0,"RUA DEPUTADO VICENTE RIBEIRO, 438, CENTRO Carnaubal-CE","-4,1657573","-40,9404926"
357,1284430,Associação curumins,"2,0241E+16",41760.0,"45595,90795",44301510000174,COOPERATIVA DA AGRICULTURA FAMILIAR E ECONOMIA SOLIDÁRIA DE CASCAVEL E REGIÃO,Nota Fiscal,"Gêneros Alimentícios ( Proteínas, Carboidratos, Hortaliças, Sódios e Lipídios)
",45596,Efetivada,44301510000174,44301510,1,74,1,COOPAVEL CE,161099,"0121101,0155505,1011201,1012101,1012102,1012103,1033302,4631100,4633801,4724500,4789004,4789099",SITIO,TIJUCUSSU I,SN,,ESTRADA DA CAPONGA,62850000,1369,44301510000174,1369,CASCAVEL,Cascavel,Grande Fortaleza,CASCAVEL,COOPERATIVA DA AGRICULTURA FAMILIAR E ECONOMIA SOLIDÁRIA DE CASCAVEL CEARÁ E REGIÃO,CAF Emitido,,,19/07/2023 11:41:16,23/01/2025 15:10:07,50.0,38.0,"100,00",COOPERATIVA DA AGRICULTURA FAMILIAR E ECONOMIA SOLIDÁRIA DE CASCAVEL CEARÁ E REGIÃO,Cascavel,CAF Emitido,,,19/07/2023 11:41:16,23/01/2025 15:10:07,50.0,38,100,COOPAVEL CE,161099.0,"0121101,0155505,1011201,1012101,1012102,1012103,1033302,4631100,4633801,4724500,4789004,4789099",SITIO,TIJUCUSSU I,SN,,ESTRADA DA CAPONGA,62850000.0,1369.0,"SITIO TIJUCUSSU I, SN, ESTRADA DA CAPONGA Cascavel-CE","-4,0411257","-38,1980755"
358,1284430,Associação curumins,"2,02411E+16",3694785.0,"45615,91495",35202279000170,COOPENORT,Nota Fiscal,"Gêneros Alimentícios ( Proteínas, Carboidratos, Hortaliças, Sódios e Lipídios)
",45617,Efetivada,35202279000170,35202279,1,70,1,COOPENORT,4633801,"0111302,0113000,0119902,0119904,0119905,0119906,0119907,0119908,0119909,0119999,0121101,0131800,0133402,0133403,0133408,0133409,0133410,0133499,0139399,0151201,0151202,0153901,0154700,0155501,0155505,0159801,0312401,0322101,1031700,1066000,4623106,4623109,4623199,4644302,4661300,4683400,4692300,4722902,4724500,4729699,4744001,4744099",RUA,DEPUTADO VICENTE RIBEIRO,438,,CENTRO,62375000,1367,35202279000170,1367,CARNAUBAL,Carnaubal,Serra da Ibiapaba,CARNAUBAL,COOPERATIVA AGROPECUARIA DOS AGRICULTORES FAMILIARES DA REGIAO NORTE DO CEARA LT,CAF Emitido,,,29/09/2023 12:30:34,22/05/2025 08:50:46,75.0,42.0,"97,33",COOPERATIVA AGROPECUARIA DOS AGRICULTORES FAMILIARES DA REGIAO NORTE DO CEARA LT,Carnaubal,Aberto apenas para Atualização de Informações,,,29/09/2023 12:30:34,07/03/2025 12:32:31,75.0,43,"97,33",COOPENORT,4633801.0,"0111302,0113000,0119902,0119904,0119905,0119906,0119907,0119908,0119909,0119999,0121101,0131800,0133402,0133403,0133408,0133409,0133410,0133499,0139399,0151201,0151202,0153901,0154700,0155501,0155505,0159801,0312401,0322101,1031700,1066000,4623106,4623109,4623199,4644302,4661300,4683400,4692300,4722902,4724500,4729699,4744001,4744099",RUA,DEPUTADO VICENTE RIBEIRO,438,,CENTRO,62375000.0,1367.0,"RUA DEPUTADO VICENTE RIBEIRO, 438, CENTRO Carnaubal-CE","-4,1657573","-40,9404926"
359,1284430,Associação curumins,"2,02412E+16",1815699.0,"45637,38285",35202279000170,COOPENORT,Nota Fiscal,"Gêneros Alimentícios ( Proteínas, Carboidratos, Hortaliças, Sódios e Lipídios)
",45638,Efetivada,35202279000170,35202279,1,70,1,COOPENORT,4633801,"0111302,0113000,0119902,0119904,0119905,0119906,0119907,0119908,0119909,0119999,0121101,0131800,0133402,0133403,0133408,0133409,0133410,0133499,0139399,0151201,0151202,0153901,0154700,0155501,0155505,0159801,0312401,0322101,1031700,1066000,4623106,4623109,4623199,4644302,4661300,4683400,4692300,4722902,4724500,4729699,4744001,4744099",RUA,DEPUTADO VICENTE RIBEIRO,438,,CENTRO,62375000,1367,35202279000170,1367,CARNAUBAL,Carnaubal,Serra da Ibiapaba,CARNAUBAL,COOPERATIVA AGROPECUARIA DOS AGRICULTORES FAMILIARES DA REGIAO NORTE DO CEARA LT,CAF Emitido,,,29/09/2023 12:30:34,22/05/2025 08:50:46,75.0,42.0,"97,33",COOPERATIVA AGROPECUARIA DOS AGRICULTORES FAMILIARES DA REGIAO NORTE DO CEARA LT,Carnaubal,Aberto apenas para Atualização de Informações,,,29/09/2023 12:30:34,07/03/2025 12:32:31,75.0,43,"97,33",COOPENORT,4633801.0,"0111302,0113000,0119902,0119904,0119905,0119906,0119907,0119908,0119909,0119999,0121101,0131800,0133402,0133403,0133408,0133409,0133410,0133499,0139399,0151201,0151202,0153901,0154700,0155501,0155505,0159801,0312401,0322101,1031700,1066000,4623106,4623109,4623199,4644302,4661300,4683400,4692300,4722902,4724500,4729699,4744001,4744099",RUA,DEPUTADO VICENTE RIBEIRO,438,,CENTRO,62375000.0,1367.0,"RUA DEPUTADO VICENTE RIBEIRO, 438, CENTRO Carnaubal-CE","-4,1657573","-40,9404926"
360,1284430,Associação curumins,"2,02501E+16",5053951.0,"45682,53417",35202279000170,COOPENORT,Nota Fiscal,"Gêneros Alimentícios ( Proteínas, Carboidratos, Hortaliças, Sódios e Lipídios)
",45684,Efetivada,35202279000170,35202279,1,70,1,COOPENORT,4633801,"0111302,0113000,0119902,0119904,0119905,0119906,0119907,0119908,0119909,0119999,0121101,0131800,0133402,0133403,0133408,0133409,0133410,0133499,0139399,0151201,0151202,0153901,0154700,0155501,0155505,0159801,0312401,0322101,1031700,1066000,4623106,4623109,4623199,4644302,4661300,4683400,4692300,4722902,4724500,4729699,4744001,4744099",RUA,DEPUTADO VICENTE RIBEIRO,438,,CENTRO,62375000,1367,35202279000170,1367,CARNAUBAL,Carnaubal,Serra da Ibiapaba,CARNAUBAL,COOPERATIVA AGROPECUARIA DOS AGRICULTORES FAMILIARES DA REGIAO NORTE DO CEARA LT,CAF Emitido,,,29/09/2023 12:30:34,22/05/2025 08:50:46,75.0,42.0,"97,33",COOPERATIVA AGROPECUARIA DOS AGRICULTORES FAMILIARES DA REGIAO NORTE DO CEARA LT,Carnaubal,Aberto apenas para Atualização de Informações,,,29/09/2023 12:30:34,07/03/2025 12:32:31,75.0,43,"97,33",COOPENORT,4633801.0,"0111302,0113000,0119902,0119904,0119905,0119906,0119907,0119908,0119909,0119999,0121101,0131800,0133402,0133403,0133408,0133409,0133410,0133499,0139399,0151201,0151202,0153901,0154700,0155501,0155505,0159801,0312401,0322101,1031700,1066000,4623106,4623109,4623199,4644302,4661300,4683400,4692300,4722902,4724500,4729699,4744001,4744099",RUA,DEPUTADO VICENTE RIBEIRO,438,,CENTRO,62375000.0,1367.0,"RUA DEPUTADO VICENTE RIBEIRO, 438, CENTRO Carnaubal-CE","-4,1657573","-40,9404926"
361,1284430,Associação curumins,"2,02502E+16",2430539.0,"45694,73245",35202279000170,COOPENORT,Nota Fiscal,"Gêneros Alimentícios ( Proteínas, Carboidratos, Hortaliças, Sódios e Lipídios)
",45695,Efetivada,35202279000170,35202279,1,70,1,COOPENORT,4633801,"0111302,0113000,0119902,0119904,0119905,0119906,0119907,0119908,0119909,0119999,0121101,0131800,0133402,0133403,0133408,0133409,0133410,0133499,0139399,0151201,0151202,0153901,0154700,0155501,0155505,0159801,0312401,0322101,1031700,1066000,4623106,4623109,4623199,4644302,4661300,4683400,4692300,4722902,4724500,4729699,4744001,4744099",RUA,DEPUTADO VICENTE RIBEIRO,438,,CENTRO,62375000,1367,35202279000170,1367,CARNAUBAL,Carnaubal,Serra da Ibiapaba,CARNAUBAL,COOPERATIVA AGROPECUARIA DOS AGRICULTORES FAMILIARES DA REGIAO NORTE DO CEARA LT,CAF Emitido,,,29/09/2023 12:30:34,22/05/2025 08:50:46,75.0,42.0,"97,33",COOPERATIVA AGROPECUARIA DOS AGRICULTORES FAMILIARES DA REGIAO NORTE DO CEARA LT,Carnaubal,Aberto apenas para Atualização de Informações,,,29/09/2023 12:30:34,07/03/2025 12:32:31,75.0,43,"97,33",COOPENORT,4633801.0,"0111302,0113000,0119902,0119904,0119905,0119906,0119907,0119908,0119909,0119999,0121101,0131800,0133402,0133403,0133408,0133409,0133410,0133499,0139399,0151201,0151202,0153901,0154700,0155501,0155505,0159801,0312401,0322101,1031700,1066000,4623106,4623109,4623199,4644302,4661300,4683400,4692300,4722902,4724500,4729699,4744001,4744099",RUA,DEPUTADO VICENTE RIBEIRO,438,,CENTRO,62375000.0,1367.0,"RUA DEPUTADO VICENTE RIBEIRO, 438, CENTRO Carnaubal-CE","-4,1657573","-40,9404926"
362,1284430,Associação curumins,"2,02502E+16",41760.0,"45713,80863",44301510000174,COOPERATIVA DA AGRICULTURA FAMILIAR E ECONOMIA SOLIDÁRIA DE CASCAVEL E REGIÃO,Nota Fiscal,"Gêneros Alimentícios ( Proteínas, Carboidratos, Hortaliças, Sódios e Lipídios)
",45714,Efetivada,44301510000174,44301510,1,74,1,COOPAVEL CE,161099,"0121101,0155505,1011201,1012101,1012102,1012103,1033302,4631100,4633801,4724500,4789004,4789099",SITIO,TIJUCUSSU I,SN,,ESTRADA DA CAPONGA,62850000,1369,44301510000174,1369,CASCAVEL,Cascavel,Grande Fortaleza,CASCAVEL,COOPERATIVA DA AGRICULTURA FAMILIAR E ECONOMIA SOLIDÁRIA DE CASCAVEL CEARÁ E REGIÃO,CAF Emitido,,,19/07/2023 11:41:16,23/01/2025 15:10:07,50.0,38.0,"100,00",COOPERATIVA DA AGRICULTURA FAMILIAR E ECONOMIA SOLIDÁRIA DE CASCAVEL CEARÁ E REGIÃO,Cascavel,CAF Emitido,,,19/07/2023 11:41:16,23/01/2025 15:10:07,50.0,38,100,COOPAVEL CE,161099.0,"0121101,0155505,1011201,1012101,1012102,1012103,1033302,4631100,4633801,4724500,4789004,4789099",SITIO,TIJUCUSSU I,SN,,ESTRADA DA CAPONGA,62850000.0,1369.0,"SITIO TIJUCUSSU I, SN, ESTRADA DA CAPONGA Cascavel-CE","-4,0411257","-38,1980755"
363,1284430,Associação curumins,"2,02503E+16",700253.0,"45729,84725",35202279000170,COOPENORT,Nota Fiscal,"Gêneros Alimentícios ( Proteínas, Carboidratos, Hortaliças, Sódios e Lipídios)
",45730,Efetivada,35202279000170,35202279,1,70,1,COOPENORT,4633801,"0111302,0113000,0119902,0119904,0119905,0119906,0119907,0119908,0119909,0119999,0121101,0131800,0133402,0133403,0133408,0133409,0133410,0133499,0139399,0151201,0151202,0153901,0154700,0155501,0155505,0159801,0312401,0322101,1031700,1066000,4623106,4623109,4623199,4644302,4661300,4683400,4692300,4722902,4724500,4729699,4744001,4744099",RUA,DEPUTADO VICENTE RIBEIRO,438,,CENTRO,62375000,1367,35202279000170,1367,CARNAUBAL,Carnaubal,Serra da Ibiapaba,CARNAUBAL,COOPERATIVA AGROPECUARIA DOS AGRICULTORES FAMILIARES DA REGIAO NORTE DO CEARA LT,CAF Emitido,,,29/09/2023 12:30:34,22/05/2025 08:50:46,75.0,42.0,"97,33",COOPERATIVA AGROPECUARIA DOS AGRICULTORES FAMILIARES DA REGIAO NORTE DO CEARA LT,Carnaubal,Aberto apenas para Atualização de Informações,,,29/09/2023 12:30:34,07/03/2025 12:32:31,75.0,43,"97,33",COOPENORT,4633801.0,"0111302,0113000,0119902,0119904,0119905,0119906,0119907,0119908,0119909,0119999,0121101,0131800,0133402,0133403,0133408,0133409,0133410,0133499,0139399,0151201,0151202,0153901,0154700,0155501,0155505,0159801,0312401,0322101,1031700,1066000,4623106,4623109,4623199,4644302,4661300,4683400,4692300,4722902,4724500,4729699,4744001,4744099",RUA,DEPUTADO VICENTE RIBEIRO,438,,CENTRO,62375000.0,1367.0,"RUA DEPUTADO VICENTE RIBEIRO, 438, CENTRO Carnaubal-CE","-4,1657573","-40,9404926"
364,1284430,Associação curumins,"2,02504E+16",7791165.0,"45755,7773",35202279000170,COOPENORT,Nota Fiscal,"Gêneros Alimentícios ( Proteínas, Carboidratos, Hortaliças, Sódios e Lipídios)
",45756,Efetivada,35202279000170,35202279,1,70,1,COOPENORT,4633801,"0111302,0113000,0119902,0119904,0119905,0119906,0119907,0119908,0119909,0119999,0121101,0131800,0133402,0133403,0133408,0133409,0133410,0133499,0139399,0151201,0151202,0153901,0154700,0155501,0155505,0159801,0312401,0322101,1031700,1066000,4623106,4623109,4623199,4644302,4661300,4683400,4692300,4722902,4724500,4729699,4744001,4744099",RUA,DEPUTADO VICENTE RIBEIRO,438,,CENTRO,62375000,1367,35202279000170,1367,CARNAUBAL,Carnaubal,Serra da Ibiapaba,CARNAUBAL,COOPERATIVA AGROPECUARIA DOS AGRICULTORES FAMILIARES DA REGIAO NORTE DO CEARA LT,CAF Emitido,,,29/09/2023 12:30:34,22/05/2025 08:50:46,75.0,42.0,"97,33",COOPERATIVA AGROPECUARIA DOS AGRICULTORES FAMILIARES DA REGIAO NORTE DO CEARA LT,Carnaubal,Aberto apenas para Atualização de Informações,,,29/09/2023 12:30:34,07/03/2025 12:32:31,75.0,43,"97,33",COOPENORT,4633801.0,"0111302,0113000,0119902,0119904,0119905,0119906,0119907,0119908,0119909,0119999,0121101,0131800,0133402,0133403,0133408,0133409,0133410,0133499,0139399,0151201,0151202,0153901,0154700,0155501,0155505,0159801,0312401,0322101,1031700,1066000,4623106,4623109,4623199,4644302,4661300,4683400,4692300,4722902,4724500,4729699,4744001,4744099",RUA,DEPUTADO VICENTE RIBEIRO,438,,CENTRO,62375000.0,1367.0,"RUA DEPUTADO VICENTE RIBEIRO, 438, CENTRO Carnaubal-CE","-4,1657573","-40,9404926"
365,1284430,Associação curumins,"2,02505E+16",7447701.0,"45785,82843",35202279000170,COOPENORT,Nota Fiscal,"Gêneros Alimentícios ( Proteínas, Carboidratos, Hortaliças, Sódios e Lipídios)
",45786,Efetivada,35202279000170,35202279,1,70,1,COOPENORT,4633801,"0111302,0113000,0119902,0119904,0119905,0119906,0119907,0119908,0119909,0119999,0121101,0131800,0133402,0133403,0133408,0133409,0133410,0133499,0139399,0151201,0151202,0153901,0154700,0155501,0155505,0159801,0312401,0322101,1031700,1066000,4623106,4623109,4623199,4644302,4661300,4683400,4692300,4722902,4724500,4729699,4744001,4744099",RUA,DEPUTADO VICENTE RIBEIRO,438,,CENTRO,62375000,1367,35202279000170,1367,CARNAUBAL,Carnaubal,Serra da Ibiapaba,CARNAUBAL,COOPERATIVA AGROPECUARIA DOS AGRICULTORES FAMILIARES DA REGIAO NORTE DO CEARA LT,CAF Emitido,,,29/09/2023 12:30:34,22/05/2025 08:50:46,75.0,42.0,"97,33",COOPERATIVA AGROPECUARIA DOS AGRICULTORES FAMILIARES DA REGIAO NORTE DO CEARA LT,Carnaubal,Aberto apenas para Atualização de Informações,,,29/09/2023 12:30:34,07/03/2025 12:32:31,75.0,43,"97,33",COOPENORT,4633801.0,"0111302,0113000,0119902,0119904,0119905,0119906,0119907,0119908,0119909,0119999,0121101,0131800,0133402,0133403,0133408,0133409,0133410,0133499,0139399,0151201,0151202,0153901,0154700,0155501,0155505,0159801,0312401,0322101,1031700,1066000,4623106,4623109,4623199,4644302,4661300,4683400,4692300,4722902,4724500,4729699,4744001,4744099",RUA,DEPUTADO VICENTE RIBEIRO,438,,CENTRO,62375000.0,1367.0,"RUA DEPUTADO VICENTE RIBEIRO, 438, CENTRO Carnaubal-CE","-4,1657573","-40,9404926"
366,1284430,Associação curumins,"2,02506E+16",17636268.0,"45819,76657",35202279000170,COOPENORT,Nota Fiscal,"Gêneros Alimentícios ( Proteínas, Carboidratos, Hortaliças, Sódios e Lipídios)
",45820,Efetivada,35202279000170,35202279,1,70,1,COOPENORT,4633801,"0111302,0113000,0119902,0119904,0119905,0119906,0119907,0119908,0119909,0119999,0121101,0131800,0133402,0133403,0133408,0133409,0133410,0133499,0139399,0151201,0151202,0153901,0154700,0155501,0155505,0159801,0312401,0322101,1031700,1066000,4623106,4623109,4623199,4644302,4661300,4683400,4692300,4722902,4724500,4729699,4744001,4744099",RUA,DEPUTADO VICENTE RIBEIRO,438,,CENTRO,62375000,1367,35202279000170,1367,CARNAUBAL,Carnaubal,Serra da Ibiapaba,CARNAUBAL,COOPERATIVA AGROPECUARIA DOS AGRICULTORES FAMILIARES DA REGIAO NORTE DO CEARA LT,CAF Emitido,,,29/09/2023 12:30:34,22/05/2025 08:50:46,75.0,42.0,"97,33",COOPERATIVA AGROPECUARIA DOS AGRICULTORES FAMILIARES DA REGIAO NORTE DO CEARA LT,Carnaubal,Aberto apenas para Atualização de Informações,,,29/09/2023 12:30:34,07/03/2025 12:32:31,75.0,43,"97,33",COOPENORT,4633801.0,"0111302,0113000,0119902,0119904,0119905,0119906,0119907,0119908,0119909,0119999,0121101,0131800,0133402,0133403,0133408,0133409,0133410,0133499,0139399,0151201,0151202,0153901,0154700,0155501,0155505,0159801,0312401,0322101,1031700,1066000,4623106,4623109,4623199,4644302,4661300,4683400,4692300,4722902,4724500,4729699,4744001,4744099",RUA,DEPUTADO VICENTE RIBEIRO,438,,CENTRO,62375000.0,1367.0,"RUA DEPUTADO VICENTE RIBEIRO, 438, CENTRO Carnaubal-CE","-4,1657573","-40,9404926"
367,1284597,CONSELHO COMUNITARIO DO PARQUE SAO JOSE,"2,02406E+16",4473695.0,"45470,81161",35202279000170,COOPENORT,Nota Fiscal,"Gêneros Alimentícios ( Proteínas, Carboidratos, Hortaliças, Sódios e Lipídios) 
",45471,Efetivada,35202279000170,35202279,1,70,1,COOPENORT,4633801,"0111302,0113000,0119902,0119904,0119905,0119906,0119907,0119908,0119909,0119999,0121101,0131800,0133402,0133403,0133408,0133409,0133410,0133499,0139399,0151201,0151202,0153901,0154700,0155501,0155505,0159801,0312401,0322101,1031700,1066000,4623106,4623109,4623199,4644302,4661300,4683400,4692300,4722902,4724500,4729699,4744001,4744099",RUA,DEPUTADO VICENTE RIBEIRO,438,,CENTRO,62375000,1367,35202279000170,1367,CARNAUBAL,Carnaubal,Serra da Ibiapaba,CARNAUBAL,COOPERATIVA AGROPECUARIA DOS AGRICULTORES FAMILIARES DA REGIAO NORTE DO CEARA LT,CAF Emitido,,,29/09/2023 12:30:34,22/05/2025 08:50:46,75.0,42.0,"97,33",COOPERATIVA AGROPECUARIA DOS AGRICULTORES FAMILIARES DA REGIAO NORTE DO CEARA LT,Carnaubal,Aberto apenas para Atualização de Informações,,,29/09/2023 12:30:34,07/03/2025 12:32:31,75.0,43,"97,33",COOPENORT,4633801.0,"0111302,0113000,0119902,0119904,0119905,0119906,0119907,0119908,0119909,0119999,0121101,0131800,0133402,0133403,0133408,0133409,0133410,0133499,0139399,0151201,0151202,0153901,0154700,0155501,0155505,0159801,0312401,0322101,1031700,1066000,4623106,4623109,4623199,4644302,4661300,4683400,4692300,4722902,4724500,4729699,4744001,4744099",RUA,DEPUTADO VICENTE RIBEIRO,438,,CENTRO,62375000.0,1367.0,"RUA DEPUTADO VICENTE RIBEIRO, 438, CENTRO Carnaubal-CE","-4,1657573","-40,9404926"
368,1284597,CONSELHO COMUNITARIO DO PARQUE SAO JOSE,"2,02408E+16",642164.0,"45505,46294",35202279000170,COOPENORT,Nota Fiscal,"Gêneros Alimentícios ( Proteínas, Carboidratos, Hortaliças, Sódios e Lipídios) 
",45506,Efetivada,35202279000170,35202279,1,70,1,COOPENORT,4633801,"0111302,0113000,0119902,0119904,0119905,0119906,0119907,0119908,0119909,0119999,0121101,0131800,0133402,0133403,0133408,0133409,0133410,0133499,0139399,0151201,0151202,0153901,0154700,0155501,0155505,0159801,0312401,0322101,1031700,1066000,4623106,4623109,4623199,4644302,4661300,4683400,4692300,4722902,4724500,4729699,4744001,4744099",RUA,DEPUTADO VICENTE RIBEIRO,438,,CENTRO,62375000,1367,35202279000170,1367,CARNAUBAL,Carnaubal,Serra da Ibiapaba,CARNAUBAL,COOPERATIVA AGROPECUARIA DOS AGRICULTORES FAMILIARES DA REGIAO NORTE DO CEARA LT,CAF Emitido,,,29/09/2023 12:30:34,22/05/2025 08:50:46,75.0,42.0,"97,33",COOPERATIVA AGROPECUARIA DOS AGRICULTORES FAMILIARES DA REGIAO NORTE DO CEARA LT,Carnaubal,Aberto apenas para Atualização de Informações,,,29/09/2023 12:30:34,07/03/2025 12:32:31,75.0,43,"97,33",COOPENORT,4633801.0,"0111302,0113000,0119902,0119904,0119905,0119906,0119907,0119908,0119909,0119999,0121101,0131800,0133402,0133403,0133408,0133409,0133410,0133499,0139399,0151201,0151202,0153901,0154700,0155501,0155505,0159801,0312401,0322101,1031700,1066000,4623106,4623109,4623199,4644302,4661300,4683400,4692300,4722902,4724500,4729699,4744001,4744099",RUA,DEPUTADO VICENTE RIBEIRO,438,,CENTRO,62375000.0,1367.0,"RUA DEPUTADO VICENTE RIBEIRO, 438, CENTRO Carnaubal-CE","-4,1657573","-40,9404926"
369,1284597,CONSELHO COMUNITARIO DO PARQUE SAO JOSE,"2,02408E+16",685023.0,"45533,58329",35202279000170,COOPENORT,Nota Fiscal,"Gêneros Alimentícios ( Proteínas, Carboidratos, Hortaliças, Sódios e Lipídios) 
",45534,Efetivada,35202279000170,35202279,1,70,1,COOPENORT,4633801,"0111302,0113000,0119902,0119904,0119905,0119906,0119907,0119908,0119909,0119999,0121101,0131800,0133402,0133403,0133408,0133409,0133410,0133499,0139399,0151201,0151202,0153901,0154700,0155501,0155505,0159801,0312401,0322101,1031700,1066000,4623106,4623109,4623199,4644302,4661300,4683400,4692300,4722902,4724500,4729699,4744001,4744099",RUA,DEPUTADO VICENTE RIBEIRO,438,,CENTRO,62375000,1367,35202279000170,1367,CARNAUBAL,Carnaubal,Serra da Ibiapaba,CARNAUBAL,COOPERATIVA AGROPECUARIA DOS AGRICULTORES FAMILIARES DA REGIAO NORTE DO CEARA LT,CAF Emitido,,,29/09/2023 12:30:34,22/05/2025 08:50:46,75.0,42.0,"97,33",COOPERATIVA AGROPECUARIA DOS AGRICULTORES FAMILIARES DA REGIAO NORTE DO CEARA LT,Carnaubal,Aberto apenas para Atualização de Informações,,,29/09/2023 12:30:34,07/03/2025 12:32:31,75.0,43,"97,33",COOPENORT,4633801.0,"0111302,0113000,0119902,0119904,0119905,0119906,0119907,0119908,0119909,0119999,0121101,0131800,0133402,0133403,0133408,0133409,0133410,0133499,0139399,0151201,0151202,0153901,0154700,0155501,0155505,0159801,0312401,0322101,1031700,1066000,4623106,4623109,4623199,4644302,4661300,4683400,4692300,4722902,4724500,4729699,4744001,4744099",RUA,DEPUTADO VICENTE RIBEIRO,438,,CENTRO,62375000.0,1367.0,"RUA DEPUTADO VICENTE RIBEIRO, 438, CENTRO Carnaubal-CE","-4,1657573","-40,9404926"
370,1284597,CONSELHO COMUNITARIO DO PARQUE SAO JOSE,"2,02409E+16",695898.0,"45560,34328",35202279000170,COOPENORT,Nota Fiscal,"Gêneros Alimentícios ( Proteínas, Carboidratos, Hortaliças, Sódios e Lipídios) 
",45561,Efetivada,35202279000170,35202279,1,70,1,COOPENORT,4633801,"0111302,0113000,0119902,0119904,0119905,0119906,0119907,0119908,0119909,0119999,0121101,0131800,0133402,0133403,0133408,0133409,0133410,0133499,0139399,0151201,0151202,0153901,0154700,0155501,0155505,0159801,0312401,0322101,1031700,1066000,4623106,4623109,4623199,4644302,4661300,4683400,4692300,4722902,4724500,4729699,4744001,4744099",RUA,DEPUTADO VICENTE RIBEIRO,438,,CENTRO,62375000,1367,35202279000170,1367,CARNAUBAL,Carnaubal,Serra da Ibiapaba,CARNAUBAL,COOPERATIVA AGROPECUARIA DOS AGRICULTORES FAMILIARES DA REGIAO NORTE DO CEARA LT,CAF Emitido,,,29/09/2023 12:30:34,22/05/2025 08:50:46,75.0,42.0,"97,33",COOPERATIVA AGROPECUARIA DOS AGRICULTORES FAMILIARES DA REGIAO NORTE DO CEARA LT,Carnaubal,Aberto apenas para Atualização de Informações,,,29/09/2023 12:30:34,07/03/2025 12:32:31,75.0,43,"97,33",COOPENORT,4633801.0,"0111302,0113000,0119902,0119904,0119905,0119906,0119907,0119908,0119909,0119999,0121101,0131800,0133402,0133403,0133408,0133409,0133410,0133499,0139399,0151201,0151202,0153901,0154700,0155501,0155505,0159801,0312401,0322101,1031700,1066000,4623106,4623109,4623199,4644302,4661300,4683400,4692300,4722902,4724500,4729699,4744001,4744099",RUA,DEPUTADO VICENTE RIBEIRO,438,,CENTRO,62375000.0,1367.0,"RUA DEPUTADO VICENTE RIBEIRO, 438, CENTRO Carnaubal-CE","-4,1657573","-40,9404926"
371,1284597,CONSELHO COMUNITARIO DO PARQUE SAO JOSE,"2,0241E+16",815415.0,"45587,61237",35202279000170,COOPENORT,Nota Fiscal,"Gêneros Alimentícios ( Proteínas, Carboidratos, Hortaliças, Sódios e Lipídios) 
",45588,Efetivada,35202279000170,35202279,1,70,1,COOPENORT,4633801,"0111302,0113000,0119902,0119904,0119905,0119906,0119907,0119908,0119909,0119999,0121101,0131800,0133402,0133403,0133408,0133409,0133410,0133499,0139399,0151201,0151202,0153901,0154700,0155501,0155505,0159801,0312401,0322101,1031700,1066000,4623106,4623109,4623199,4644302,4661300,4683400,4692300,4722902,4724500,4729699,4744001,4744099",RUA,DEPUTADO VICENTE RIBEIRO,438,,CENTRO,62375000,1367,35202279000170,1367,CARNAUBAL,Carnaubal,Serra da Ibiapaba,CARNAUBAL,COOPERATIVA AGROPECUARIA DOS AGRICULTORES FAMILIARES DA REGIAO NORTE DO CEARA LT,CAF Emitido,,,29/09/2023 12:30:34,22/05/2025 08:50:46,75.0,42.0,"97,33",COOPERATIVA AGROPECUARIA DOS AGRICULTORES FAMILIARES DA REGIAO NORTE DO CEARA LT,Carnaubal,Aberto apenas para Atualização de Informações,,,29/09/2023 12:30:34,07/03/2025 12:32:31,75.0,43,"97,33",COOPENORT,4633801.0,"0111302,0113000,0119902,0119904,0119905,0119906,0119907,0119908,0119909,0119999,0121101,0131800,0133402,0133403,0133408,0133409,0133410,0133499,0139399,0151201,0151202,0153901,0154700,0155501,0155505,0159801,0312401,0322101,1031700,1066000,4623106,4623109,4623199,4644302,4661300,4683400,4692300,4722902,4724500,4729699,4744001,4744099",RUA,DEPUTADO VICENTE RIBEIRO,438,,CENTRO,62375000.0,1367.0,"RUA DEPUTADO VICENTE RIBEIRO, 438, CENTRO Carnaubal-CE","-4,1657573","-40,9404926"
372,1284597,CONSELHO COMUNITARIO DO PARQUE SAO JOSE,"2,02411E+16",6650458.0,"45622,93076",35202279000170,COOPENORT,Nota Fiscal,"Gêneros Alimentícios ( Proteínas, Carboidratos, Hortaliças, Sódios e Lipídios) 
",45624,Efetivada,35202279000170,35202279,1,70,1,COOPENORT,4633801,"0111302,0113000,0119902,0119904,0119905,0119906,0119907,0119908,0119909,0119999,0121101,0131800,0133402,0133403,0133408,0133409,0133410,0133499,0139399,0151201,0151202,0153901,0154700,0155501,0155505,0159801,0312401,0322101,1031700,1066000,4623106,4623109,4623199,4644302,4661300,4683400,4692300,4722902,4724500,4729699,4744001,4744099",RUA,DEPUTADO VICENTE RIBEIRO,438,,CENTRO,62375000,1367,35202279000170,1367,CARNAUBAL,Carnaubal,Serra da Ibiapaba,CARNAUBAL,COOPERATIVA AGROPECUARIA DOS AGRICULTORES FAMILIARES DA REGIAO NORTE DO CEARA LT,CAF Emitido,,,29/09/2023 12:30:34,22/05/2025 08:50:46,75.0,42.0,"97,33",COOPERATIVA AGROPECUARIA DOS AGRICULTORES FAMILIARES DA REGIAO NORTE DO CEARA LT,Carnaubal,Aberto apenas para Atualização de Informações,,,29/09/2023 12:30:34,07/03/2025 12:32:31,75.0,43,"97,33",COOPENORT,4633801.0,"0111302,0113000,0119902,0119904,0119905,0119906,0119907,0119908,0119909,0119999,0121101,0131800,0133402,0133403,0133408,0133409,0133410,0133499,0139399,0151201,0151202,0153901,0154700,0155501,0155505,0159801,0312401,0322101,1031700,1066000,4623106,4623109,4623199,4644302,4661300,4683400,4692300,4722902,4724500,4729699,4744001,4744099",RUA,DEPUTADO VICENTE RIBEIRO,438,,CENTRO,62375000.0,1367.0,"RUA DEPUTADO VICENTE RIBEIRO, 438, CENTRO Carnaubal-CE","-4,1657573","-40,9404926"
373,1284597,CONSELHO COMUNITARIO DO PARQUE SAO JOSE,"2,02412E+16",826442.0,"45652,44391",35202279000170,COOPENORT,Nota Fiscal,"Gêneros Alimentícios ( Proteínas, Carboidratos, Hortaliças, Sódios e Lipídios) 
",45653,Efetivada,35202279000170,35202279,1,70,1,COOPENORT,4633801,"0111302,0113000,0119902,0119904,0119905,0119906,0119907,0119908,0119909,0119999,0121101,0131800,0133402,0133403,0133408,0133409,0133410,0133499,0139399,0151201,0151202,0153901,0154700,0155501,0155505,0159801,0312401,0322101,1031700,1066000,4623106,4623109,4623199,4644302,4661300,4683400,4692300,4722902,4724500,4729699,4744001,4744099",RUA,DEPUTADO VICENTE RIBEIRO,438,,CENTRO,62375000,1367,35202279000170,1367,CARNAUBAL,Carnaubal,Serra da Ibiapaba,CARNAUBAL,COOPERATIVA AGROPECUARIA DOS AGRICULTORES FAMILIARES DA REGIAO NORTE DO CEARA LT,CAF Emitido,,,29/09/2023 12:30:34,22/05/2025 08:50:46,75.0,42.0,"97,33",COOPERATIVA AGROPECUARIA DOS AGRICULTORES FAMILIARES DA REGIAO NORTE DO CEARA LT,Carnaubal,Aberto apenas para Atualização de Informações,,,29/09/2023 12:30:34,07/03/2025 12:32:31,75.0,43,"97,33",COOPENORT,4633801.0,"0111302,0113000,0119902,0119904,0119905,0119906,0119907,0119908,0119909,0119999,0121101,0131800,0133402,0133403,0133408,0133409,0133410,0133499,0139399,0151201,0151202,0153901,0154700,0155501,0155505,0159801,0312401,0322101,1031700,1066000,4623106,4623109,4623199,4644302,4661300,4683400,4692300,4722902,4724500,4729699,4744001,4744099",RUA,DEPUTADO VICENTE RIBEIRO,438,,CENTRO,62375000.0,1367.0,"RUA DEPUTADO VICENTE RIBEIRO, 438, CENTRO Carnaubal-CE","-4,1657573","-40,9404926"
374,1284597,CONSELHO COMUNITARIO DO PARQUE SAO JOSE,"2,02501E+16",859906.0,"45684,79069",35202279000170,COOPENORT,Nota Fiscal,"Gêneros Alimentícios ( Proteínas, Carboidratos, Hortaliças, Sódios e Lipídios) 
",45685,Efetivada,35202279000170,35202279,1,70,1,COOPENORT,4633801,"0111302,0113000,0119902,0119904,0119905,0119906,0119907,0119908,0119909,0119999,0121101,0131800,0133402,0133403,0133408,0133409,0133410,0133499,0139399,0151201,0151202,0153901,0154700,0155501,0155505,0159801,0312401,0322101,1031700,1066000,4623106,4623109,4623199,4644302,4661300,4683400,4692300,4722902,4724500,4729699,4744001,4744099",RUA,DEPUTADO VICENTE RIBEIRO,438,,CENTRO,62375000,1367,35202279000170,1367,CARNAUBAL,Carnaubal,Serra da Ibiapaba,CARNAUBAL,COOPERATIVA AGROPECUARIA DOS AGRICULTORES FAMILIARES DA REGIAO NORTE DO CEARA LT,CAF Emitido,,,29/09/2023 12:30:34,22/05/2025 08:50:46,75.0,42.0,"97,33",COOPERATIVA AGROPECUARIA DOS AGRICULTORES FAMILIARES DA REGIAO NORTE DO CEARA LT,Carnaubal,Aberto apenas para Atualização de Informações,,,29/09/2023 12:30:34,07/03/2025 12:32:31,75.0,43,"97,33",COOPENORT,4633801.0,"0111302,0113000,0119902,0119904,0119905,0119906,0119907,0119908,0119909,0119999,0121101,0131800,0133402,0133403,0133408,0133409,0133410,0133499,0139399,0151201,0151202,0153901,0154700,0155501,0155505,0159801,0312401,0322101,1031700,1066000,4623106,4623109,4623199,4644302,4661300,4683400,4692300,4722902,4724500,4729699,4744001,4744099",RUA,DEPUTADO VICENTE RIBEIRO,438,,CENTRO,62375000.0,1367.0,"RUA DEPUTADO VICENTE RIBEIRO, 438, CENTRO Carnaubal-CE","-4,1657573","-40,9404926"
375,1284597,CONSELHO COMUNITARIO DO PARQUE SAO JOSE,"2,02503E+16",936720.0,"45726,62304",35202279000170,COOPENORT,Nota Fiscal,"Gêneros Alimentícios ( Proteínas, Carboidratos, Hortaliças, Sódios e Lipídios) 
",45727,Efetivada,35202279000170,35202279,1,70,1,COOPENORT,4633801,"0111302,0113000,0119902,0119904,0119905,0119906,0119907,0119908,0119909,0119999,0121101,0131800,0133402,0133403,0133408,0133409,0133410,0133499,0139399,0151201,0151202,0153901,0154700,0155501,0155505,0159801,0312401,0322101,1031700,1066000,4623106,4623109,4623199,4644302,4661300,4683400,4692300,4722902,4724500,4729699,4744001,4744099",RUA,DEPUTADO VICENTE RIBEIRO,438,,CENTRO,62375000,1367,35202279000170,1367,CARNAUBAL,Carnaubal,Serra da Ibiapaba,CARNAUBAL,COOPERATIVA AGROPECUARIA DOS AGRICULTORES FAMILIARES DA REGIAO NORTE DO CEARA LT,CAF Emitido,,,29/09/2023 12:30:34,22/05/2025 08:50:46,75.0,42.0,"97,33",COOPERATIVA AGROPECUARIA DOS AGRICULTORES FAMILIARES DA REGIAO NORTE DO CEARA LT,Carnaubal,Aberto apenas para Atualização de Informações,,,29/09/2023 12:30:34,07/03/2025 12:32:31,75.0,43,"97,33",COOPENORT,4633801.0,"0111302,0113000,0119902,0119904,0119905,0119906,0119907,0119908,0119909,0119999,0121101,0131800,0133402,0133403,0133408,0133409,0133410,0133499,0139399,0151201,0151202,0153901,0154700,0155501,0155505,0159801,0312401,0322101,1031700,1066000,4623106,4623109,4623199,4644302,4661300,4683400,4692300,4722902,4724500,4729699,4744001,4744099",RUA,DEPUTADO VICENTE RIBEIRO,438,,CENTRO,62375000.0,1367.0,"RUA DEPUTADO VICENTE RIBEIRO, 438, CENTRO Carnaubal-CE","-4,1657573","-40,9404926"
376,1284597,CONSELHO COMUNITARIO DO PARQUE SAO JOSE,"2,02503E+16",5438745.0,"45747,79649",35202279000170,COOPENORT,Nota Fiscal,"Gêneros Alimentícios ( Proteínas, Carboidratos, Hortaliças, Sódios e Lipídios) 
",45748,Efetivada,35202279000170,35202279,1,70,1,COOPENORT,4633801,"0111302,0113000,0119902,0119904,0119905,0119906,0119907,0119908,0119909,0119999,0121101,0131800,0133402,0133403,0133408,0133409,0133410,0133499,0139399,0151201,0151202,0153901,0154700,0155501,0155505,0159801,0312401,0322101,1031700,1066000,4623106,4623109,4623199,4644302,4661300,4683400,4692300,4722902,4724500,4729699,4744001,4744099",RUA,DEPUTADO VICENTE RIBEIRO,438,,CENTRO,62375000,1367,35202279000170,1367,CARNAUBAL,Carnaubal,Serra da Ibiapaba,CARNAUBAL,COOPERATIVA AGROPECUARIA DOS AGRICULTORES FAMILIARES DA REGIAO NORTE DO CEARA LT,CAF Emitido,,,29/09/2023 12:30:34,22/05/2025 08:50:46,75.0,42.0,"97,33",COOPERATIVA AGROPECUARIA DOS AGRICULTORES FAMILIARES DA REGIAO NORTE DO CEARA LT,Carnaubal,Aberto apenas para Atualização de Informações,,,29/09/2023 12:30:34,07/03/2025 12:32:31,75.0,43,"97,33",COOPENORT,4633801.0,"0111302,0113000,0119902,0119904,0119905,0119906,0119907,0119908,0119909,0119999,0121101,0131800,0133402,0133403,0133408,0133409,0133410,0133499,0139399,0151201,0151202,0153901,0154700,0155501,0155505,0159801,0312401,0322101,1031700,1066000,4623106,4623109,4623199,4644302,4661300,4683400,4692300,4722902,4724500,4729699,4744001,4744099",RUA,DEPUTADO VICENTE RIBEIRO,438,,CENTRO,62375000.0,1367.0,"RUA DEPUTADO VICENTE RIBEIRO, 438, CENTRO Carnaubal-CE","-4,1657573","-40,9404926"
377,1284597,CONSELHO COMUNITARIO DO PARQUE SAO JOSE,"2,02504E+16",899087.0,"45775,77304",35202279000170,COOPENORT,Nota Fiscal,"Gêneros Alimentícios ( Proteínas, Carboidratos, Hortaliças, Sódios e Lipídios) 
",45776,Efetivada,35202279000170,35202279,1,70,1,COOPENORT,4633801,"0111302,0113000,0119902,0119904,0119905,0119906,0119907,0119908,0119909,0119999,0121101,0131800,0133402,0133403,0133408,0133409,0133410,0133499,0139399,0151201,0151202,0153901,0154700,0155501,0155505,0159801,0312401,0322101,1031700,1066000,4623106,4623109,4623199,4644302,4661300,4683400,4692300,4722902,4724500,4729699,4744001,4744099",RUA,DEPUTADO VICENTE RIBEIRO,438,,CENTRO,62375000,1367,35202279000170,1367,CARNAUBAL,Carnaubal,Serra da Ibiapaba,CARNAUBAL,COOPERATIVA AGROPECUARIA DOS AGRICULTORES FAMILIARES DA REGIAO NORTE DO CEARA LT,CAF Emitido,,,29/09/2023 12:30:34,22/05/2025 08:50:46,75.0,42.0,"97,33",COOPERATIVA AGROPECUARIA DOS AGRICULTORES FAMILIARES DA REGIAO NORTE DO CEARA LT,Carnaubal,Aberto apenas para Atualização de Informações,,,29/09/2023 12:30:34,07/03/2025 12:32:31,75.0,43,"97,33",COOPENORT,4633801.0,"0111302,0113000,0119902,0119904,0119905,0119906,0119907,0119908,0119909,0119999,0121101,0131800,0133402,0133403,0133408,0133409,0133410,0133499,0139399,0151201,0151202,0153901,0154700,0155501,0155505,0159801,0312401,0322101,1031700,1066000,4623106,4623109,4623199,4644302,4661300,4683400,4692300,4722902,4724500,4729699,4744001,4744099",RUA,DEPUTADO VICENTE RIBEIRO,438,,CENTRO,62375000.0,1367.0,"RUA DEPUTADO VICENTE RIBEIRO, 438, CENTRO Carnaubal-CE","-4,1657573","-40,9404926"
378,1284597,CONSELHO COMUNITARIO DO PARQUE SAO JOSE,"2,02505E+16",772473.0,"45804,90644",35202279000170,COOPENORT,Nota Fiscal,"Gêneros Alimentícios ( Proteínas, Carboidratos, Hortaliças, Sódios e Lipídios) 
",45805,Efetivada,35202279000170,35202279,1,70,1,COOPENORT,4633801,"0111302,0113000,0119902,0119904,0119905,0119906,0119907,0119908,0119909,0119999,0121101,0131800,0133402,0133403,0133408,0133409,0133410,0133499,0139399,0151201,0151202,0153901,0154700,0155501,0155505,0159801,0312401,0322101,1031700,1066000,4623106,4623109,4623199,4644302,4661300,4683400,4692300,4722902,4724500,4729699,4744001,4744099",RUA,DEPUTADO VICENTE RIBEIRO,438,,CENTRO,62375000,1367,35202279000170,1367,CARNAUBAL,Carnaubal,Serra da Ibiapaba,CARNAUBAL,COOPERATIVA AGROPECUARIA DOS AGRICULTORES FAMILIARES DA REGIAO NORTE DO CEARA LT,CAF Emitido,,,29/09/2023 12:30:34,22/05/2025 08:50:46,75.0,42.0,"97,33",COOPERATIVA AGROPECUARIA DOS AGRICULTORES FAMILIARES DA REGIAO NORTE DO CEARA LT,Carnaubal,Aberto apenas para Atualização de Informações,,,29/09/2023 12:30:34,07/03/2025 12:32:31,75.0,43,"97,33",COOPENORT,4633801.0,"0111302,0113000,0119902,0119904,0119905,0119906,0119907,0119908,0119909,0119999,0121101,0131800,0133402,0133403,0133408,0133409,0133410,0133499,0139399,0151201,0151202,0153901,0154700,0155501,0155505,0159801,0312401,0322101,1031700,1066000,4623106,4623109,4623199,4644302,4661300,4683400,4692300,4722902,4724500,4729699,4744001,4744099",RUA,DEPUTADO VICENTE RIBEIRO,438,,CENTRO,62375000.0,1367.0,"RUA DEPUTADO VICENTE RIBEIRO, 438, CENTRO Carnaubal-CE","-4,1657573","-40,9404926"
379,1284772,INSTITUTO SEMENTES DA SUSTENTABILIDADE - ISS,"2,02406E+16",38910.0,"45450,45138",11016960000166,COOPERATIVA DOS AGRICULTORES FAMILIARES DO BAIXO ACARAÚ,Nota Fiscal,"Gêneros Alimentícios ( Proteínas, Carboidratos, Hortaliças, Sódios e Lipídios) 
",45453,Efetivada,11016960000166,11016960,1,66,1,SEMENTES DA TERRA,1031700,"0121101,0159801,1051100,1063500,1629301,1629302,2349499,4712100,4722901",RUA,PROFESSOR NICACIO,648,,CENTRO,62570000,1345,11016960000166,1345,BELA CRUZ,Bela Cruz,Litoral Norte,BELA CRUZ,COOPERATIVA DOS AGRICULTORES FAMILIARES DO BAIXO ACARAÚ,CAF Emitido,,,05/04/2023 10:20:41,13/12/2024 10:59:34,161.0,27.0,"93,79",COOPERATIVA DOS AGRICULTORES FAMILIARES DO BAIXO ACARAÚ,Bela Cruz,CAF Emitido,,,05/04/2023 10:20:41,13/12/2024 10:59:34,161.0,27,"93,79",SEMENTES DA TERRA,1031700.0,"0121101,0159801,1051100,1063500,1629301,1629302,2349499,4712100,4722901",RUA,PROFESSOR NICACIO,648,,CENTRO,62570000.0,1345.0,"RUA PROFESSOR NICACIO, 648, CENTRO Bela Cruz-CE","-3,0560081","-40,167547"
380,1284772,INSTITUTO SEMENTES DA SUSTENTABILIDADE - ISS,"2,02406E+16",187605.0,"45456,57666",32623771000121,COOPERATIVA DE PRODUCAO E DE COMERCIALIZACAO DOS AGRICULTORES FAMILIARES E DOS PRODUTORES RURAIS DE SALITRE,Nota Fiscal,"Gêneros Alimentícios ( Proteínas, Carboidratos, Hortaliças, Sódios e Lipídios) 
",45457,Efetivada,32623771000121,32623771,1,21,1,COORPARSAL,4632002,"1066000,4632003,4930202,8211300,8230001",RUA,JOSE VALDO,SN,,ALTO ALEGRE,63155000,1273,32623771000121,1273,SALITRE,Salitre,Cariri,SALITRE,COOPERATIVA DE PROD E DE COMERCIALIZAÇAO DOS AGRI FAMILIARES E DOS PROD RURAIS  ,CAF Emitido,UNICAFES,31/03/2026,09/01/2023 08:41:01,07/07/2025 08:47:46,42.0,31.0,"100,00",COOPERATIVA DE PROD E DE COMERCIALIZAÇAO DOS AGRI FAMILIARES E DOS PROD RURAIS,Salitre,Aberto apenas para Atualização de Informações,,,09/01/2023 08:41:01,31/03/2025 15:24:40,42.0,31,100,COORPARSAL,4632002.0,"1066000,4632003,4930202,8211300,8230001",RUA,JOSE VALDO,SN,,ALTO ALEGRE,63155000.0,1273.0,"RUA JOSE VALDO, SN, ALTO ALEGRE Salitre-CE","-3,5008552","-39,5907554"
381,1284772,INSTITUTO SEMENTES DA SUSTENTABILIDADE - ISS,"2,02407E+16",472795.0,"45476,39753",32623771000121,COOPERATIVA DE PRODUCAO E DE COMERCIALIZACAO DOS AGRICULTORES FAMILIARES E DOS PRODUTORES RURAIS DE SALITRE,Nota Fiscal,"Gêneros Alimentícios ( Proteínas, Carboidratos, Hortaliças, Sódios e Lipídios) 
",45477,Efetivada,32623771000121,32623771,1,21,1,COORPARSAL,4632002,"1066000,4632003,4930202,8211300,8230001",RUA,JOSE VALDO,SN,,ALTO ALEGRE,63155000,1273,32623771000121,1273,SALITRE,Salitre,Cariri,SALITRE,COOPERATIVA DE PROD E DE COMERCIALIZAÇAO DOS AGRI FAMILIARES E DOS PROD RURAIS  ,CAF Emitido,UNICAFES,31/03/2026,09/01/2023 08:41:01,07/07/2025 08:47:46,42.0,31.0,"100,00",COOPERATIVA DE PROD E DE COMERCIALIZAÇAO DOS AGRI FAMILIARES E DOS PROD RURAIS,Salitre,Aberto apenas para Atualização de Informações,,,09/01/2023 08:41:01,31/03/2025 15:24:40,42.0,31,100,COORPARSAL,4632002.0,"1066000,4632003,4930202,8211300,8230001",RUA,JOSE VALDO,SN,,ALTO ALEGRE,63155000.0,1273.0,"RUA JOSE VALDO, SN, ALTO ALEGRE Salitre-CE","-3,5008552","-39,5907554"
382,1284772,INSTITUTO SEMENTES DA SUSTENTABILIDADE - ISS,"2,02406E+16",36990.0,"45471,69611",11016960000166,COOPERATIVA DOS AGRICULTORES FAMILIARES DO BAIXO ACARAÚ,Nota Fiscal,"Gêneros Alimentícios ( Proteínas, Carboidratos, Hortaliças, Sódios e Lipídios) 
",45475,Efetivada,11016960000166,11016960,1,66,1,SEMENTES DA TERRA,1031700,"0121101,0159801,1051100,1063500,1629301,1629302,2349499,4712100,4722901",RUA,PROFESSOR NICACIO,648,,CENTRO,62570000,1345,11016960000166,1345,BELA CRUZ,Bela Cruz,Litoral Norte,BELA CRUZ,COOPERATIVA DOS AGRICULTORES FAMILIARES DO BAIXO ACARAÚ,CAF Emitido,,,05/04/2023 10:20:41,13/12/2024 10:59:34,161.0,27.0,"93,79",COOPERATIVA DOS AGRICULTORES FAMILIARES DO BAIXO ACARAÚ,Bela Cruz,CAF Emitido,,,05/04/2023 10:20:41,13/12/2024 10:59:34,161.0,27,"93,79",SEMENTES DA TERRA,1031700.0,"0121101,0159801,1051100,1063500,1629301,1629302,2349499,4712100,4722901",RUA,PROFESSOR NICACIO,648,,CENTRO,62570000.0,1345.0,"RUA PROFESSOR NICACIO, 648, CENTRO Bela Cruz-CE","-3,0560081","-40,167547"
383,1284772,INSTITUTO SEMENTES DA SUSTENTABILIDADE - ISS,"2,02407E+16",36990.0,"45485,58883",11016960000166,COOPERATIVA DOS AGRICULTORES FAMILIARES DO BAIXO ACARAÚ,Nota Fiscal,"Gêneros Alimentícios ( Proteínas, Carboidratos, Hortaliças, Sódios e Lipídios) 
",45488,Efetivada,11016960000166,11016960,1,66,1,SEMENTES DA TERRA,1031700,"0121101,0159801,1051100,1063500,1629301,1629302,2349499,4712100,4722901",RUA,PROFESSOR NICACIO,648,,CENTRO,62570000,1345,11016960000166,1345,BELA CRUZ,Bela Cruz,Litoral Norte,BELA CRUZ,COOPERATIVA DOS AGRICULTORES FAMILIARES DO BAIXO ACARAÚ,CAF Emitido,,,05/04/2023 10:20:41,13/12/2024 10:59:34,161.0,27.0,"93,79",COOPERATIVA DOS AGRICULTORES FAMILIARES DO BAIXO ACARAÚ,Bela Cruz,CAF Emitido,,,05/04/2023 10:20:41,13/12/2024 10:59:34,161.0,27,"93,79",SEMENTES DA TERRA,1031700.0,"0121101,0159801,1051100,1063500,1629301,1629302,2349499,4712100,4722901",RUA,PROFESSOR NICACIO,648,,CENTRO,62570000.0,1345.0,"RUA PROFESSOR NICACIO, 648, CENTRO Bela Cruz-CE","-3,0560081","-40,167547"
384,1284772,INSTITUTO SEMENTES DA SUSTENTABILIDADE - ISS,"2,02407E+16",580845.0,"45496,58258",32623771000121,COOPERATIVA DE PRODUCAO E DE COMERCIALIZACAO DOS AGRICULTORES FAMILIARES E DOS PRODUTORES RURAIS DE SALITRE,Nota Fiscal,"Gêneros Alimentícios ( Proteínas, Carboidratos, Hortaliças, Sódios e Lipídios) 
",45497,Efetivada,32623771000121,32623771,1,21,1,COORPARSAL,4632002,"1066000,4632003,4930202,8211300,8230001",RUA,JOSE VALDO,SN,,ALTO ALEGRE,63155000,1273,32623771000121,1273,SALITRE,Salitre,Cariri,SALITRE,COOPERATIVA DE PROD E DE COMERCIALIZAÇAO DOS AGRI FAMILIARES E DOS PROD RURAIS  ,CAF Emitido,UNICAFES,31/03/2026,09/01/2023 08:41:01,07/07/2025 08:47:46,42.0,31.0,"100,00",COOPERATIVA DE PROD E DE COMERCIALIZAÇAO DOS AGRI FAMILIARES E DOS PROD RURAIS,Salitre,Aberto apenas para Atualização de Informações,,,09/01/2023 08:41:01,31/03/2025 15:24:40,42.0,31,100,COORPARSAL,4632002.0,"1066000,4632003,4930202,8211300,8230001",RUA,JOSE VALDO,SN,,ALTO ALEGRE,63155000.0,1273.0,"RUA JOSE VALDO, SN, ALTO ALEGRE Salitre-CE","-3,5008552","-39,5907554"
385,1284772,INSTITUTO SEMENTES DA SUSTENTABILIDADE - ISS,"2,02407E+16",36990.0,"45498,58685",11016960000166,COOPERATIVA DOS AGRICULTORES FAMILIARES DO BAIXO ACARAÚ,Nota Fiscal,"Gêneros Alimentícios ( Proteínas, Carboidratos, Hortaliças, Sódios e Lipídios) 
",45499,Efetivada,11016960000166,11016960,1,66,1,SEMENTES DA TERRA,1031700,"0121101,0159801,1051100,1063500,1629301,1629302,2349499,4712100,4722901",RUA,PROFESSOR NICACIO,648,,CENTRO,62570000,1345,11016960000166,1345,BELA CRUZ,Bela Cruz,Litoral Norte,BELA CRUZ,COOPERATIVA DOS AGRICULTORES FAMILIARES DO BAIXO ACARAÚ,CAF Emitido,,,05/04/2023 10:20:41,13/12/2024 10:59:34,161.0,27.0,"93,79",COOPERATIVA DOS AGRICULTORES FAMILIARES DO BAIXO ACARAÚ,Bela Cruz,CAF Emitido,,,05/04/2023 10:20:41,13/12/2024 10:59:34,161.0,27,"93,79",SEMENTES DA TERRA,1031700.0,"0121101,0159801,1051100,1063500,1629301,1629302,2349499,4712100,4722901",RUA,PROFESSOR NICACIO,648,,CENTRO,62570000.0,1345.0,"RUA PROFESSOR NICACIO, 648, CENTRO Bela Cruz-CE","-3,0560081","-40,167547"
386,1284772,INSTITUTO SEMENTES DA SUSTENTABILIDADE - ISS,"2,02408E+16",36990.0,"45517,68688",11016960000166,COOPERATIVA DOS AGRICULTORES FAMILIARES DO BAIXO ACARAÚ,Nota Fiscal,"Gêneros Alimentícios ( Proteínas, Carboidratos, Hortaliças, Sódios e Lipídios) 
",45518,Efetivada,11016960000166,11016960,1,66,1,SEMENTES DA TERRA,1031700,"0121101,0159801,1051100,1063500,1629301,1629302,2349499,4712100,4722901",RUA,PROFESSOR NICACIO,648,,CENTRO,62570000,1345,11016960000166,1345,BELA CRUZ,Bela Cruz,Litoral Norte,BELA CRUZ,COOPERATIVA DOS AGRICULTORES FAMILIARES DO BAIXO ACARAÚ,CAF Emitido,,,05/04/2023 10:20:41,13/12/2024 10:59:34,161.0,27.0,"93,79",COOPERATIVA DOS AGRICULTORES FAMILIARES DO BAIXO ACARAÚ,Bela Cruz,CAF Emitido,,,05/04/2023 10:20:41,13/12/2024 10:59:34,161.0,27,"93,79",SEMENTES DA TERRA,1031700.0,"0121101,0159801,1051100,1063500,1629301,1629302,2349499,4712100,4722901",RUA,PROFESSOR NICACIO,648,,CENTRO,62570000.0,1345.0,"RUA PROFESSOR NICACIO, 648, CENTRO Bela Cruz-CE","-3,0560081","-40,167547"
387,1284772,INSTITUTO SEMENTES DA SUSTENTABILIDADE - ISS,"2,02408E+16",580845.0,"45518,4622",32623771000121,COOPERATIVA DE PRODUCAO E DE COMERCIALIZACAO DOS AGRICULTORES FAMILIARES E DOS PRODUTORES RURAIS DE SALITRE,Nota Fiscal,"Gêneros Alimentícios ( Proteínas, Carboidratos, Hortaliças, Sódios e Lipídios) 
",45520,Efetivada,32623771000121,32623771,1,21,1,COORPARSAL,4632002,"1066000,4632003,4930202,8211300,8230001",RUA,JOSE VALDO,SN,,ALTO ALEGRE,63155000,1273,32623771000121,1273,SALITRE,Salitre,Cariri,SALITRE,COOPERATIVA DE PROD E DE COMERCIALIZAÇAO DOS AGRI FAMILIARES E DOS PROD RURAIS  ,CAF Emitido,UNICAFES,31/03/2026,09/01/2023 08:41:01,07/07/2025 08:47:46,42.0,31.0,"100,00",COOPERATIVA DE PROD E DE COMERCIALIZAÇAO DOS AGRI FAMILIARES E DOS PROD RURAIS,Salitre,Aberto apenas para Atualização de Informações,,,09/01/2023 08:41:01,31/03/2025 15:24:40,42.0,31,100,COORPARSAL,4632002.0,"1066000,4632003,4930202,8211300,8230001",RUA,JOSE VALDO,SN,,ALTO ALEGRE,63155000.0,1273.0,"RUA JOSE VALDO, SN, ALTO ALEGRE Salitre-CE","-3,5008552","-39,5907554"
388,1284772,INSTITUTO SEMENTES DA SUSTENTABILIDADE - ISS,"2,02408E+16",580845.0,"45532,5778",32623771000121,COOPERATIVA DE PRODUCAO E DE COMERCIALIZACAO DOS AGRICULTORES FAMILIARES E DOS PRODUTORES RURAIS DE SALITRE,Nota Fiscal,"Gêneros Alimentícios ( Proteínas, Carboidratos, Hortaliças, Sódios e Lipídios) 
",45533,Efetivada,32623771000121,32623771,1,21,1,COORPARSAL,4632002,"1066000,4632003,4930202,8211300,8230001",RUA,JOSE VALDO,SN,,ALTO ALEGRE,63155000,1273,32623771000121,1273,SALITRE,Salitre,Cariri,SALITRE,COOPERATIVA DE PROD E DE COMERCIALIZAÇAO DOS AGRI FAMILIARES E DOS PROD RURAIS  ,CAF Emitido,UNICAFES,31/03/2026,09/01/2023 08:41:01,07/07/2025 08:47:46,42.0,31.0,"100,00",COOPERATIVA DE PROD E DE COMERCIALIZAÇAO DOS AGRI FAMILIARES E DOS PROD RURAIS,Salitre,Aberto apenas para Atualização de Informações,,,09/01/2023 08:41:01,31/03/2025 15:24:40,42.0,31,100,COORPARSAL,4632002.0,"1066000,4632003,4930202,8211300,8230001",RUA,JOSE VALDO,SN,,ALTO ALEGRE,63155000.0,1273.0,"RUA JOSE VALDO, SN, ALTO ALEGRE Salitre-CE","-3,5008552","-39,5907554"
389,1284772,INSTITUTO SEMENTES DA SUSTENTABILIDADE - ISS,"2,02408E+16",36990.0,"45532,60289",11016960000166,COOPERATIVA DOS AGRICULTORES FAMILIARES DO BAIXO ACARAÚ,Nota Fiscal,"Gêneros Alimentícios ( Proteínas, Carboidratos, Hortaliças, Sódios e Lipídios) 
",45533,Efetivada,11016960000166,11016960,1,66,1,SEMENTES DA TERRA,1031700,"0121101,0159801,1051100,1063500,1629301,1629302,2349499,4712100,4722901",RUA,PROFESSOR NICACIO,648,,CENTRO,62570000,1345,11016960000166,1345,BELA CRUZ,Bela Cruz,Litoral Norte,BELA CRUZ,COOPERATIVA DOS AGRICULTORES FAMILIARES DO BAIXO ACARAÚ,CAF Emitido,,,05/04/2023 10:20:41,13/12/2024 10:59:34,161.0,27.0,"93,79",COOPERATIVA DOS AGRICULTORES FAMILIARES DO BAIXO ACARAÚ,Bela Cruz,CAF Emitido,,,05/04/2023 10:20:41,13/12/2024 10:59:34,161.0,27,"93,79",SEMENTES DA TERRA,1031700.0,"0121101,0159801,1051100,1063500,1629301,1629302,2349499,4712100,4722901",RUA,PROFESSOR NICACIO,648,,CENTRO,62570000.0,1345.0,"RUA PROFESSOR NICACIO, 648, CENTRO Bela Cruz-CE","-3,0560081","-40,167547"
390,1284772,INSTITUTO SEMENTES DA SUSTENTABILIDADE - ISS,"2,02409E+16",36990.0,"45546,40223",11016960000166,COOPERATIVA DOS AGRICULTORES FAMILIARES DO BAIXO ACARAÚ,Nota Fiscal,"Gêneros Alimentícios ( Proteínas, Carboidratos, Hortaliças, Sódios e Lipídios) 
",45547,Efetivada,11016960000166,11016960,1,66,1,SEMENTES DA TERRA,1031700,"0121101,0159801,1051100,1063500,1629301,1629302,2349499,4712100,4722901",RUA,PROFESSOR NICACIO,648,,CENTRO,62570000,1345,11016960000166,1345,BELA CRUZ,Bela Cruz,Litoral Norte,BELA CRUZ,COOPERATIVA DOS AGRICULTORES FAMILIARES DO BAIXO ACARAÚ,CAF Emitido,,,05/04/2023 10:20:41,13/12/2024 10:59:34,161.0,27.0,"93,79",COOPERATIVA DOS AGRICULTORES FAMILIARES DO BAIXO ACARAÚ,Bela Cruz,CAF Emitido,,,05/04/2023 10:20:41,13/12/2024 10:59:34,161.0,27,"93,79",SEMENTES DA TERRA,1031700.0,"0121101,0159801,1051100,1063500,1629301,1629302,2349499,4712100,4722901",RUA,PROFESSOR NICACIO,648,,CENTRO,62570000.0,1345.0,"RUA PROFESSOR NICACIO, 648, CENTRO Bela Cruz-CE","-3,0560081","-40,167547"
391,1284772,INSTITUTO SEMENTES DA SUSTENTABILIDADE - ISS,"2,02409E+16",580845.0,"45546,61564",32623771000121,COOPERATIVA DE PRODUCAO E DE COMERCIALIZACAO DOS AGRICULTORES FAMILIARES E DOS PRODUTORES RURAIS DE SALITRE,Nota Fiscal,"Gêneros Alimentícios ( Proteínas, Carboidratos, Hortaliças, Sódios e Lipídios) 
",45547,Efetivada,32623771000121,32623771,1,21,1,COORPARSAL,4632002,"1066000,4632003,4930202,8211300,8230001",RUA,JOSE VALDO,SN,,ALTO ALEGRE,63155000,1273,32623771000121,1273,SALITRE,Salitre,Cariri,SALITRE,COOPERATIVA DE PROD E DE COMERCIALIZAÇAO DOS AGRI FAMILIARES E DOS PROD RURAIS  ,CAF Emitido,UNICAFES,31/03/2026,09/01/2023 08:41:01,07/07/2025 08:47:46,42.0,31.0,"100,00",COOPERATIVA DE PROD E DE COMERCIALIZAÇAO DOS AGRI FAMILIARES E DOS PROD RURAIS,Salitre,Aberto apenas para Atualização de Informações,,,09/01/2023 08:41:01,31/03/2025 15:24:40,42.0,31,100,COORPARSAL,4632002.0,"1066000,4632003,4930202,8211300,8230001",RUA,JOSE VALDO,SN,,ALTO ALEGRE,63155000.0,1273.0,"RUA JOSE VALDO, SN, ALTO ALEGRE Salitre-CE","-3,5008552","-39,5907554"
392,1284772,INSTITUTO SEMENTES DA SUSTENTABILIDADE - ISS,"2,02409E+16",36990.0,"45555,38869",11016960000166,COOPERATIVA DOS AGRICULTORES FAMILIARES DO BAIXO ACARAÚ,Nota Fiscal,"Gêneros Alimentícios ( Proteínas, Carboidratos, Hortaliças, Sódios e Lipídios) 
",45558,Efetivada,11016960000166,11016960,1,66,1,SEMENTES DA TERRA,1031700,"0121101,0159801,1051100,1063500,1629301,1629302,2349499,4712100,4722901",RUA,PROFESSOR NICACIO,648,,CENTRO,62570000,1345,11016960000166,1345,BELA CRUZ,Bela Cruz,Litoral Norte,BELA CRUZ,COOPERATIVA DOS AGRICULTORES FAMILIARES DO BAIXO ACARAÚ,CAF Emitido,,,05/04/2023 10:20:41,13/12/2024 10:59:34,161.0,27.0,"93,79",COOPERATIVA DOS AGRICULTORES FAMILIARES DO BAIXO ACARAÚ,Bela Cruz,CAF Emitido,,,05/04/2023 10:20:41,13/12/2024 10:59:34,161.0,27,"93,79",SEMENTES DA TERRA,1031700.0,"0121101,0159801,1051100,1063500,1629301,1629302,2349499,4712100,4722901",RUA,PROFESSOR NICACIO,648,,CENTRO,62570000.0,1345.0,"RUA PROFESSOR NICACIO, 648, CENTRO Bela Cruz-CE","-3,0560081","-40,167547"
393,1284772,INSTITUTO SEMENTES DA SUSTENTABILIDADE - ISS,"2,02409E+16",580845.0,"45560,43983",32623771000121,COOPERATIVA DE PRODUCAO E DE COMERCIALIZACAO DOS AGRICULTORES FAMILIARES E DOS PRODUTORES RURAIS DE SALITRE,Nota Fiscal,"Gêneros Alimentícios ( Proteínas, Carboidratos, Hortaliças, Sódios e Lipídios) 
",45561,Efetivada,32623771000121,32623771,1,21,1,COORPARSAL,4632002,"1066000,4632003,4930202,8211300,8230001",RUA,JOSE VALDO,SN,,ALTO ALEGRE,63155000,1273,32623771000121,1273,SALITRE,Salitre,Cariri,SALITRE,COOPERATIVA DE PROD E DE COMERCIALIZAÇAO DOS AGRI FAMILIARES E DOS PROD RURAIS  ,CAF Emitido,UNICAFES,31/03/2026,09/01/2023 08:41:01,07/07/2025 08:47:46,42.0,31.0,"100,00",COOPERATIVA DE PROD E DE COMERCIALIZAÇAO DOS AGRI FAMILIARES E DOS PROD RURAIS,Salitre,Aberto apenas para Atualização de Informações,,,09/01/2023 08:41:01,31/03/2025 15:24:40,42.0,31,100,COORPARSAL,4632002.0,"1066000,4632003,4930202,8211300,8230001",RUA,JOSE VALDO,SN,,ALTO ALEGRE,63155000.0,1273.0,"RUA JOSE VALDO, SN, ALTO ALEGRE Salitre-CE","-3,5008552","-39,5907554"
394,1284772,INSTITUTO SEMENTES DA SUSTENTABILIDADE - ISS,"2,02411E+16",36990.0,"45608,66841",11016960000166,COOPERATIVA DOS AGRICULTORES FAMILIARES DO BAIXO ACARAÚ,Nota Fiscal,"Gêneros Alimentícios ( Proteínas, Carboidratos, Hortaliças, Sódios e Lipídios) 
",45609,Efetivada,11016960000166,11016960,1,66,1,SEMENTES DA TERRA,1031700,"0121101,0159801,1051100,1063500,1629301,1629302,2349499,4712100,4722901",RUA,PROFESSOR NICACIO,648,,CENTRO,62570000,1345,11016960000166,1345,BELA CRUZ,Bela Cruz,Litoral Norte,BELA CRUZ,COOPERATIVA DOS AGRICULTORES FAMILIARES DO BAIXO ACARAÚ,CAF Emitido,,,05/04/2023 10:20:41,13/12/2024 10:59:34,161.0,27.0,"93,79",COOPERATIVA DOS AGRICULTORES FAMILIARES DO BAIXO ACARAÚ,Bela Cruz,CAF Emitido,,,05/04/2023 10:20:41,13/12/2024 10:59:34,161.0,27,"93,79",SEMENTES DA TERRA,1031700.0,"0121101,0159801,1051100,1063500,1629301,1629302,2349499,4712100,4722901",RUA,PROFESSOR NICACIO,648,,CENTRO,62570000.0,1345.0,"RUA PROFESSOR NICACIO, 648, CENTRO Bela Cruz-CE","-3,0560081","-40,167547"
395,1284772,INSTITUTO SEMENTES DA SUSTENTABILIDADE - ISS,"2,02411E+16",60235.0,"45617,66987",32623771000121,COOPERATIVA DE PRODUCAO E DE COMERCIALIZACAO DOS AGRICULTORES FAMILIARES E DOS PRODUTORES RURAIS DE SALITRE,Nota Fiscal,"Gêneros Alimentícios ( Proteínas, Carboidratos, Hortaliças, Sódios e Lipídios) 
",45618,Efetivada,32623771000121,32623771,1,21,1,COORPARSAL,4632002,"1066000,4632003,4930202,8211300,8230001",RUA,JOSE VALDO,SN,,ALTO ALEGRE,63155000,1273,32623771000121,1273,SALITRE,Salitre,Cariri,SALITRE,COOPERATIVA DE PROD E DE COMERCIALIZAÇAO DOS AGRI FAMILIARES E DOS PROD RURAIS  ,CAF Emitido,UNICAFES,31/03/2026,09/01/2023 08:41:01,07/07/2025 08:47:46,42.0,31.0,"100,00",COOPERATIVA DE PROD E DE COMERCIALIZAÇAO DOS AGRI FAMILIARES E DOS PROD RURAIS,Salitre,Aberto apenas para Atualização de Informações,,,09/01/2023 08:41:01,31/03/2025 15:24:40,42.0,31,100,COORPARSAL,4632002.0,"1066000,4632003,4930202,8211300,8230001",RUA,JOSE VALDO,SN,,ALTO ALEGRE,63155000.0,1273.0,"RUA JOSE VALDO, SN, ALTO ALEGRE Salitre-CE","-3,5008552","-39,5907554"
396,1284772,INSTITUTO SEMENTES DA SUSTENTABILIDADE - ISS,"2,02411E+16",33175.0,"45618,56939",11016960000166,COOPERATIVA DOS AGRICULTORES FAMILIARES DO BAIXO ACARAÚ,Nota Fiscal,"Gêneros Alimentícios ( Proteínas, Carboidratos, Hortaliças, Sódios e Lipídios) 
",45621,Efetivada,11016960000166,11016960,1,66,1,SEMENTES DA TERRA,1031700,"0121101,0159801,1051100,1063500,1629301,1629302,2349499,4712100,4722901",RUA,PROFESSOR NICACIO,648,,CENTRO,62570000,1345,11016960000166,1345,BELA CRUZ,Bela Cruz,Litoral Norte,BELA CRUZ,COOPERATIVA DOS AGRICULTORES FAMILIARES DO BAIXO ACARAÚ,CAF Emitido,,,05/04/2023 10:20:41,13/12/2024 10:59:34,161.0,27.0,"93,79",COOPERATIVA DOS AGRICULTORES FAMILIARES DO BAIXO ACARAÚ,Bela Cruz,CAF Emitido,,,05/04/2023 10:20:41,13/12/2024 10:59:34,161.0,27,"93,79",SEMENTES DA TERRA,1031700.0,"0121101,0159801,1051100,1063500,1629301,1629302,2349499,4712100,4722901",RUA,PROFESSOR NICACIO,648,,CENTRO,62570000.0,1345.0,"RUA PROFESSOR NICACIO, 648, CENTRO Bela Cruz-CE","-3,0560081","-40,167547"
397,1284772,INSTITUTO SEMENTES DA SUSTENTABILIDADE - ISS,"2,02412E+16",60235.0,"45629,5606",32623771000121,COOPERATIVA DE PRODUCAO E DE COMERCIALIZACAO DOS AGRICULTORES FAMILIARES E DOS PRODUTORES RURAIS DE SALITRE,Nota Fiscal,"Gêneros Alimentícios ( Proteínas, Carboidratos, Hortaliças, Sódios e Lipídios) 
",45630,Efetivada,32623771000121,32623771,1,21,1,COORPARSAL,4632002,"1066000,4632003,4930202,8211300,8230001",RUA,JOSE VALDO,SN,,ALTO ALEGRE,63155000,1273,32623771000121,1273,SALITRE,Salitre,Cariri,SALITRE,COOPERATIVA DE PROD E DE COMERCIALIZAÇAO DOS AGRI FAMILIARES E DOS PROD RURAIS  ,CAF Emitido,UNICAFES,31/03/2026,09/01/2023 08:41:01,07/07/2025 08:47:46,42.0,31.0,"100,00",COOPERATIVA DE PROD E DE COMERCIALIZAÇAO DOS AGRI FAMILIARES E DOS PROD RURAIS,Salitre,Aberto apenas para Atualização de Informações,,,09/01/2023 08:41:01,31/03/2025 15:24:40,42.0,31,100,COORPARSAL,4632002.0,"1066000,4632003,4930202,8211300,8230001",RUA,JOSE VALDO,SN,,ALTO ALEGRE,63155000.0,1273.0,"RUA JOSE VALDO, SN, ALTO ALEGRE Salitre-CE","-3,5008552","-39,5907554"
398,1284772,INSTITUTO SEMENTES DA SUSTENTABILIDADE - ISS,"2,02412E+16",33175.0,"45632,45065",11016960000166,COOPERATIVA DOS AGRICULTORES FAMILIARES DO BAIXO ACARAÚ,Nota Fiscal,"Gêneros Alimentícios ( Proteínas, Carboidratos, Hortaliças, Sódios e Lipídios) 
",45635,Efetivada,11016960000166,11016960,1,66,1,SEMENTES DA TERRA,1031700,"0121101,0159801,1051100,1063500,1629301,1629302,2349499,4712100,4722901",RUA,PROFESSOR NICACIO,648,,CENTRO,62570000,1345,11016960000166,1345,BELA CRUZ,Bela Cruz,Litoral Norte,BELA CRUZ,COOPERATIVA DOS AGRICULTORES FAMILIARES DO BAIXO ACARAÚ,CAF Emitido,,,05/04/2023 10:20:41,13/12/2024 10:59:34,161.0,27.0,"93,79",COOPERATIVA DOS AGRICULTORES FAMILIARES DO BAIXO ACARAÚ,Bela Cruz,CAF Emitido,,,05/04/2023 10:20:41,13/12/2024 10:59:34,161.0,27,"93,79",SEMENTES DA TERRA,1031700.0,"0121101,0159801,1051100,1063500,1629301,1629302,2349499,4712100,4722901",RUA,PROFESSOR NICACIO,648,,CENTRO,62570000.0,1345.0,"RUA PROFESSOR NICACIO, 648, CENTRO Bela Cruz-CE","-3,0560081","-40,167547"
399,1284772,INSTITUTO SEMENTES DA SUSTENTABILIDADE - ISS,"2,02412E+16",60235.0,"45646,58736",32623771000121,COOPERATIVA DE PRODUCAO E DE COMERCIALIZACAO DOS AGRICULTORES FAMILIARES E DOS PRODUTORES RURAIS DE SALITRE,Nota Fiscal,"Gêneros Alimentícios ( Proteínas, Carboidratos, Hortaliças, Sódios e Lipídios) 
",45649,Efetivada,32623771000121,32623771,1,21,1,COORPARSAL,4632002,"1066000,4632003,4930202,8211300,8230001",RUA,JOSE VALDO,SN,,ALTO ALEGRE,63155000,1273,32623771000121,1273,SALITRE,Salitre,Cariri,SALITRE,COOPERATIVA DE PROD E DE COMERCIALIZAÇAO DOS AGRI FAMILIARES E DOS PROD RURAIS  ,CAF Emitido,UNICAFES,31/03/2026,09/01/2023 08:41:01,07/07/2025 08:47:46,42.0,31.0,"100,00",COOPERATIVA DE PROD E DE COMERCIALIZAÇAO DOS AGRI FAMILIARES E DOS PROD RURAIS,Salitre,Aberto apenas para Atualização de Informações,,,09/01/2023 08:41:01,31/03/2025 15:24:40,42.0,31,100,COORPARSAL,4632002.0,"1066000,4632003,4930202,8211300,8230001",RUA,JOSE VALDO,SN,,ALTO ALEGRE,63155000.0,1273.0,"RUA JOSE VALDO, SN, ALTO ALEGRE Salitre-CE","-3,5008552","-39,5907554"
400,1284772,INSTITUTO SEMENTES DA SUSTENTABILIDADE - ISS,"2,02412E+16",66350.0,"45652,68722",11016960000166,COOPERATIVA DOS AGRICULTORES FAMILIARES DO BAIXO ACARAÚ,Nota Fiscal,"Gêneros Alimentícios ( Proteínas, Carboidratos, Hortaliças, Sódios e Lipídios) 
",45653,Efetivada,11016960000166,11016960,1,66,1,SEMENTES DA TERRA,1031700,"0121101,0159801,1051100,1063500,1629301,1629302,2349499,4712100,4722901",RUA,PROFESSOR NICACIO,648,,CENTRO,62570000,1345,11016960000166,1345,BELA CRUZ,Bela Cruz,Litoral Norte,BELA CRUZ,COOPERATIVA DOS AGRICULTORES FAMILIARES DO BAIXO ACARAÚ,CAF Emitido,,,05/04/2023 10:20:41,13/12/2024 10:59:34,161.0,27.0,"93,79",COOPERATIVA DOS AGRICULTORES FAMILIARES DO BAIXO ACARAÚ,Bela Cruz,CAF Emitido,,,05/04/2023 10:20:41,13/12/2024 10:59:34,161.0,27,"93,79",SEMENTES DA TERRA,1031700.0,"0121101,0159801,1051100,1063500,1629301,1629302,2349499,4712100,4722901",RUA,PROFESSOR NICACIO,648,,CENTRO,62570000.0,1345.0,"RUA PROFESSOR NICACIO, 648, CENTRO Bela Cruz-CE","-3,0560081","-40,167547"
401,1284772,INSTITUTO SEMENTES DA SUSTENTABILIDADE - ISS,"2,02412E+16",60235.0,"45656,62769",32623771000121,COOPERATIVA DE PRODUCAO E DE COMERCIALIZACAO DOS AGRICULTORES FAMILIARES E DOS PRODUTORES RURAIS DE SALITRE,Nota Fiscal,"Gêneros Alimentícios ( Proteínas, Carboidratos, Hortaliças, Sódios e Lipídios) 
",45659,Efetivada,32623771000121,32623771,1,21,1,COORPARSAL,4632002,"1066000,4632003,4930202,8211300,8230001",RUA,JOSE VALDO,SN,,ALTO ALEGRE,63155000,1273,32623771000121,1273,SALITRE,Salitre,Cariri,SALITRE,COOPERATIVA DE PROD E DE COMERCIALIZAÇAO DOS AGRI FAMILIARES E DOS PROD RURAIS  ,CAF Emitido,UNICAFES,31/03/2026,09/01/2023 08:41:01,07/07/2025 08:47:46,42.0,31.0,"100,00",COOPERATIVA DE PROD E DE COMERCIALIZAÇAO DOS AGRI FAMILIARES E DOS PROD RURAIS,Salitre,Aberto apenas para Atualização de Informações,,,09/01/2023 08:41:01,31/03/2025 15:24:40,42.0,31,100,COORPARSAL,4632002.0,"1066000,4632003,4930202,8211300,8230001",RUA,JOSE VALDO,SN,,ALTO ALEGRE,63155000.0,1273.0,"RUA JOSE VALDO, SN, ALTO ALEGRE Salitre-CE","-3,5008552","-39,5907554"
402,1284772,INSTITUTO SEMENTES DA SUSTENTABILIDADE - ISS,"2,02501E+16",60235.0,"45671,47594",32623771000121,COOPERATIVA DE PRODUCAO E DE COMERCIALIZACAO DOS AGRICULTORES FAMILIARES E DOS PRODUTORES RURAIS DE SALITRE,Nota Fiscal,"Gêneros Alimentícios ( Proteínas, Carboidratos, Hortaliças, Sódios e Lipídios) 
",45672,Efetivada,32623771000121,32623771,1,21,1,COORPARSAL,4632002,"1066000,4632003,4930202,8211300,8230001",RUA,JOSE VALDO,SN,,ALTO ALEGRE,63155000,1273,32623771000121,1273,SALITRE,Salitre,Cariri,SALITRE,COOPERATIVA DE PROD E DE COMERCIALIZAÇAO DOS AGRI FAMILIARES E DOS PROD RURAIS  ,CAF Emitido,UNICAFES,31/03/2026,09/01/2023 08:41:01,07/07/2025 08:47:46,42.0,31.0,"100,00",COOPERATIVA DE PROD E DE COMERCIALIZAÇAO DOS AGRI FAMILIARES E DOS PROD RURAIS,Salitre,Aberto apenas para Atualização de Informações,,,09/01/2023 08:41:01,31/03/2025 15:24:40,42.0,31,100,COORPARSAL,4632002.0,"1066000,4632003,4930202,8211300,8230001",RUA,JOSE VALDO,SN,,ALTO ALEGRE,63155000.0,1273.0,"RUA JOSE VALDO, SN, ALTO ALEGRE Salitre-CE","-3,5008552","-39,5907554"
403,1284772,INSTITUTO SEMENTES DA SUSTENTABILIDADE - ISS,"2,02501E+16",72855.0,"45687,4805",32623771000121,COOPERATIVA DE PRODUCAO E DE COMERCIALIZACAO DOS AGRICULTORES FAMILIARES E DOS PRODUTORES RURAIS DE SALITRE,Nota Fiscal,"Gêneros Alimentícios ( Proteínas, Carboidratos, Hortaliças, Sódios e Lipídios) 
",45688,Efetivada,32623771000121,32623771,1,21,1,COORPARSAL,4632002,"1066000,4632003,4930202,8211300,8230001",RUA,JOSE VALDO,SN,,ALTO ALEGRE,63155000,1273,32623771000121,1273,SALITRE,Salitre,Cariri,SALITRE,COOPERATIVA DE PROD E DE COMERCIALIZAÇAO DOS AGRI FAMILIARES E DOS PROD RURAIS  ,CAF Emitido,UNICAFES,31/03/2026,09/01/2023 08:41:01,07/07/2025 08:47:46,42.0,31.0,"100,00",COOPERATIVA DE PROD E DE COMERCIALIZAÇAO DOS AGRI FAMILIARES E DOS PROD RURAIS,Salitre,Aberto apenas para Atualização de Informações,,,09/01/2023 08:41:01,31/03/2025 15:24:40,42.0,31,100,COORPARSAL,4632002.0,"1066000,4632003,4930202,8211300,8230001",RUA,JOSE VALDO,SN,,ALTO ALEGRE,63155000.0,1273.0,"RUA JOSE VALDO, SN, ALTO ALEGRE Salitre-CE","-3,5008552","-39,5907554"
404,1284772,INSTITUTO SEMENTES DA SUSTENTABILIDADE - ISS,"2,02501E+16",66350.0,"45688,62005",11016960000166,COOPERATIVA DOS AGRICULTORES FAMILIARES DO BAIXO ACARAÚ,Nota Fiscal,"Gêneros Alimentícios ( Proteínas, Carboidratos, Hortaliças, Sódios e Lipídios) 
",45691,Efetivada,11016960000166,11016960,1,66,1,SEMENTES DA TERRA,1031700,"0121101,0159801,1051100,1063500,1629301,1629302,2349499,4712100,4722901",RUA,PROFESSOR NICACIO,648,,CENTRO,62570000,1345,11016960000166,1345,BELA CRUZ,Bela Cruz,Litoral Norte,BELA CRUZ,COOPERATIVA DOS AGRICULTORES FAMILIARES DO BAIXO ACARAÚ,CAF Emitido,,,05/04/2023 10:20:41,13/12/2024 10:59:34,161.0,27.0,"93,79",COOPERATIVA DOS AGRICULTORES FAMILIARES DO BAIXO ACARAÚ,Bela Cruz,CAF Emitido,,,05/04/2023 10:20:41,13/12/2024 10:59:34,161.0,27,"93,79",SEMENTES DA TERRA,1031700.0,"0121101,0159801,1051100,1063500,1629301,1629302,2349499,4712100,4722901",RUA,PROFESSOR NICACIO,648,,CENTRO,62570000.0,1345.0,"RUA PROFESSOR NICACIO, 648, CENTRO Bela Cruz-CE","-3,0560081","-40,167547"
405,1284772,INSTITUTO SEMENTES DA SUSTENTABILIDADE - ISS,"2,02502E+16",72855.0,"45706,37034",32623771000121,COOPERATIVA DE PRODUCAO E DE COMERCIALIZACAO DOS AGRICULTORES FAMILIARES E DOS PRODUTORES RURAIS DE SALITRE,Nota Fiscal,"Gêneros Alimentícios ( Proteínas, Carboidratos, Hortaliças, Sódios e Lipídios) 
",45707,Efetivada,32623771000121,32623771,1,21,1,COORPARSAL,4632002,"1066000,4632003,4930202,8211300,8230001",RUA,JOSE VALDO,SN,,ALTO ALEGRE,63155000,1273,32623771000121,1273,SALITRE,Salitre,Cariri,SALITRE,COOPERATIVA DE PROD E DE COMERCIALIZAÇAO DOS AGRI FAMILIARES E DOS PROD RURAIS  ,CAF Emitido,UNICAFES,31/03/2026,09/01/2023 08:41:01,07/07/2025 08:47:46,42.0,31.0,"100,00",COOPERATIVA DE PROD E DE COMERCIALIZAÇAO DOS AGRI FAMILIARES E DOS PROD RURAIS,Salitre,Aberto apenas para Atualização de Informações,,,09/01/2023 08:41:01,31/03/2025 15:24:40,42.0,31,100,COORPARSAL,4632002.0,"1066000,4632003,4930202,8211300,8230001",RUA,JOSE VALDO,SN,,ALTO ALEGRE,63155000.0,1273.0,"RUA JOSE VALDO, SN, ALTO ALEGRE Salitre-CE","-3,5008552","-39,5907554"
406,1284772,INSTITUTO SEMENTES DA SUSTENTABILIDADE - ISS,"2,02502E+16",80720.0,"45715,35889",11016960000166,COOPERATIVA DOS AGRICULTORES FAMILIARES DO BAIXO ACARAÚ,Nota Fiscal,"Gêneros Alimentícios ( Proteínas, Carboidratos, Hortaliças, Sódios e Lipídios) 
",45716,Efetivada,11016960000166,11016960,1,66,1,SEMENTES DA TERRA,1031700,"0121101,0159801,1051100,1063500,1629301,1629302,2349499,4712100,4722901",RUA,PROFESSOR NICACIO,648,,CENTRO,62570000,1345,11016960000166,1345,BELA CRUZ,Bela Cruz,Litoral Norte,BELA CRUZ,COOPERATIVA DOS AGRICULTORES FAMILIARES DO BAIXO ACARAÚ,CAF Emitido,,,05/04/2023 10:20:41,13/12/2024 10:59:34,161.0,27.0,"93,79",COOPERATIVA DOS AGRICULTORES FAMILIARES DO BAIXO ACARAÚ,Bela Cruz,CAF Emitido,,,05/04/2023 10:20:41,13/12/2024 10:59:34,161.0,27,"93,79",SEMENTES DA TERRA,1031700.0,"0121101,0159801,1051100,1063500,1629301,1629302,2349499,4712100,4722901",RUA,PROFESSOR NICACIO,648,,CENTRO,62570000.0,1345.0,"RUA PROFESSOR NICACIO, 648, CENTRO Bela Cruz-CE","-3,0560081","-40,167547"
407,1284772,INSTITUTO SEMENTES DA SUSTENTABILIDADE - ISS,"2,02503E+16",72855.0,"45727,64142",32623771000121,COOPERATIVA DE PRODUCAO E DE COMERCIALIZACAO DOS AGRICULTORES FAMILIARES E DOS PRODUTORES RURAIS DE SALITRE,Nota Fiscal,"Gêneros Alimentícios ( Proteínas, Carboidratos, Hortaliças, Sódios e Lipídios) 
",45728,Efetivada,32623771000121,32623771,1,21,1,COORPARSAL,4632002,"1066000,4632003,4930202,8211300,8230001",RUA,JOSE VALDO,SN,,ALTO ALEGRE,63155000,1273,32623771000121,1273,SALITRE,Salitre,Cariri,SALITRE,COOPERATIVA DE PROD E DE COMERCIALIZAÇAO DOS AGRI FAMILIARES E DOS PROD RURAIS  ,CAF Emitido,UNICAFES,31/03/2026,09/01/2023 08:41:01,07/07/2025 08:47:46,42.0,31.0,"100,00",COOPERATIVA DE PROD E DE COMERCIALIZAÇAO DOS AGRI FAMILIARES E DOS PROD RURAIS,Salitre,Aberto apenas para Atualização de Informações,,,09/01/2023 08:41:01,31/03/2025 15:24:40,42.0,31,100,COORPARSAL,4632002.0,"1066000,4632003,4930202,8211300,8230001",RUA,JOSE VALDO,SN,,ALTO ALEGRE,63155000.0,1273.0,"RUA JOSE VALDO, SN, ALTO ALEGRE Salitre-CE","-3,5008552","-39,5907554"
408,1284772,INSTITUTO SEMENTES DA SUSTENTABILIDADE - ISS,"2,02503E+16",72855.0,"45737,39972",32623771000121,COOPERATIVA DE PRODUCAO E DE COMERCIALIZACAO DOS AGRICULTORES FAMILIARES E DOS PRODUTORES RURAIS DE SALITRE,Nota Fiscal,"Gêneros Alimentícios ( Proteínas, Carboidratos, Hortaliças, Sódios e Lipídios) 
",45740,Efetivada,32623771000121,32623771,1,21,1,COORPARSAL,4632002,"1066000,4632003,4930202,8211300,8230001",RUA,JOSE VALDO,SN,,ALTO ALEGRE,63155000,1273,32623771000121,1273,SALITRE,Salitre,Cariri,SALITRE,COOPERATIVA DE PROD E DE COMERCIALIZAÇAO DOS AGRI FAMILIARES E DOS PROD RURAIS  ,CAF Emitido,UNICAFES,31/03/2026,09/01/2023 08:41:01,07/07/2025 08:47:46,42.0,31.0,"100,00",COOPERATIVA DE PROD E DE COMERCIALIZAÇAO DOS AGRI FAMILIARES E DOS PROD RURAIS,Salitre,Aberto apenas para Atualização de Informações,,,09/01/2023 08:41:01,31/03/2025 15:24:40,42.0,31,100,COORPARSAL,4632002.0,"1066000,4632003,4930202,8211300,8230001",RUA,JOSE VALDO,SN,,ALTO ALEGRE,63155000.0,1273.0,"RUA JOSE VALDO, SN, ALTO ALEGRE Salitre-CE","-3,5008552","-39,5907554"
409,1284772,INSTITUTO SEMENTES DA SUSTENTABILIDADE - ISS,"2,02504E+16",80720.0,"45748,66084",11016960000166,COOPERATIVA DOS AGRICULTORES FAMILIARES DO BAIXO ACARAÚ,Nota Fiscal,"Gêneros Alimentícios ( Proteínas, Carboidratos, Hortaliças, Sódios e Lipídios) 
",45749,Efetivada,11016960000166,11016960,1,66,1,SEMENTES DA TERRA,1031700,"0121101,0159801,1051100,1063500,1629301,1629302,2349499,4712100,4722901",RUA,PROFESSOR NICACIO,648,,CENTRO,62570000,1345,11016960000166,1345,BELA CRUZ,Bela Cruz,Litoral Norte,BELA CRUZ,COOPERATIVA DOS AGRICULTORES FAMILIARES DO BAIXO ACARAÚ,CAF Emitido,,,05/04/2023 10:20:41,13/12/2024 10:59:34,161.0,27.0,"93,79",COOPERATIVA DOS AGRICULTORES FAMILIARES DO BAIXO ACARAÚ,Bela Cruz,CAF Emitido,,,05/04/2023 10:20:41,13/12/2024 10:59:34,161.0,27,"93,79",SEMENTES DA TERRA,1031700.0,"0121101,0159801,1051100,1063500,1629301,1629302,2349499,4712100,4722901",RUA,PROFESSOR NICACIO,648,,CENTRO,62570000.0,1345.0,"RUA PROFESSOR NICACIO, 648, CENTRO Bela Cruz-CE","-3,0560081","-40,167547"
410,1284772,INSTITUTO SEMENTES DA SUSTENTABILIDADE - ISS,"2,02504E+16",72855.0,"45754,64225",32623771000121,COOPERATIVA DE PRODUCAO E DE COMERCIALIZACAO DOS AGRICULTORES FAMILIARES E DOS PRODUTORES RURAIS DE SALITRE,Nota Fiscal,"Gêneros Alimentícios ( Proteínas, Carboidratos, Hortaliças, Sódios e Lipídios) 
",45755,Efetivada,32623771000121,32623771,1,21,1,COORPARSAL,4632002,"1066000,4632003,4930202,8211300,8230001",RUA,JOSE VALDO,SN,,ALTO ALEGRE,63155000,1273,32623771000121,1273,SALITRE,Salitre,Cariri,SALITRE,COOPERATIVA DE PROD E DE COMERCIALIZAÇAO DOS AGRI FAMILIARES E DOS PROD RURAIS  ,CAF Emitido,UNICAFES,31/03/2026,09/01/2023 08:41:01,07/07/2025 08:47:46,42.0,31.0,"100,00",COOPERATIVA DE PROD E DE COMERCIALIZAÇAO DOS AGRI FAMILIARES E DOS PROD RURAIS,Salitre,Aberto apenas para Atualização de Informações,,,09/01/2023 08:41:01,31/03/2025 15:24:40,42.0,31,100,COORPARSAL,4632002.0,"1066000,4632003,4930202,8211300,8230001",RUA,JOSE VALDO,SN,,ALTO ALEGRE,63155000.0,1273.0,"RUA JOSE VALDO, SN, ALTO ALEGRE Salitre-CE","-3,5008552","-39,5907554"
411,1284772,INSTITUTO SEMENTES DA SUSTENTABILIDADE - ISS,"2,02504E+16",72855.0,"45771,68192",32623771000121,COOPERATIVA DE PRODUCAO E DE COMERCIALIZACAO DOS AGRICULTORES FAMILIARES E DOS PRODUTORES RURAIS DE SALITRE,Nota Fiscal,"Gêneros Alimentícios ( Proteínas, Carboidratos, Hortaliças, Sódios e Lipídios) 
",45772,Efetivada,32623771000121,32623771,1,21,1,COORPARSAL,4632002,"1066000,4632003,4930202,8211300,8230001",RUA,JOSE VALDO,SN,,ALTO ALEGRE,63155000,1273,32623771000121,1273,SALITRE,Salitre,Cariri,SALITRE,COOPERATIVA DE PROD E DE COMERCIALIZAÇAO DOS AGRI FAMILIARES E DOS PROD RURAIS  ,CAF Emitido,UNICAFES,31/03/2026,09/01/2023 08:41:01,07/07/2025 08:47:46,42.0,31.0,"100,00",COOPERATIVA DE PROD E DE COMERCIALIZAÇAO DOS AGRI FAMILIARES E DOS PROD RURAIS,Salitre,Aberto apenas para Atualização de Informações,,,09/01/2023 08:41:01,31/03/2025 15:24:40,42.0,31,100,COORPARSAL,4632002.0,"1066000,4632003,4930202,8211300,8230001",RUA,JOSE VALDO,SN,,ALTO ALEGRE,63155000.0,1273.0,"RUA JOSE VALDO, SN, ALTO ALEGRE Salitre-CE","-3,5008552","-39,5907554"
412,1284772,INSTITUTO SEMENTES DA SUSTENTABILIDADE - ISS,"2,02504E+16",80720.0,"45772,68054",11016960000166,COOPERATIVA DOS AGRICULTORES FAMILIARES DO BAIXO ACARAÚ,Nota Fiscal,"Gêneros Alimentícios ( Proteínas, Carboidratos, Hortaliças, Sódios e Lipídios) 
",45775,Efetivada,11016960000166,11016960,1,66,1,SEMENTES DA TERRA,1031700,"0121101,0159801,1051100,1063500,1629301,1629302,2349499,4712100,4722901",RUA,PROFESSOR NICACIO,648,,CENTRO,62570000,1345,11016960000166,1345,BELA CRUZ,Bela Cruz,Litoral Norte,BELA CRUZ,COOPERATIVA DOS AGRICULTORES FAMILIARES DO BAIXO ACARAÚ,CAF Emitido,,,05/04/2023 10:20:41,13/12/2024 10:59:34,161.0,27.0,"93,79",COOPERATIVA DOS AGRICULTORES FAMILIARES DO BAIXO ACARAÚ,Bela Cruz,CAF Emitido,,,05/04/2023 10:20:41,13/12/2024 10:59:34,161.0,27,"93,79",SEMENTES DA TERRA,1031700.0,"0121101,0159801,1051100,1063500,1629301,1629302,2349499,4712100,4722901",RUA,PROFESSOR NICACIO,648,,CENTRO,62570000.0,1345.0,"RUA PROFESSOR NICACIO, 648, CENTRO Bela Cruz-CE","-3,0560081","-40,167547"
413,1284772,INSTITUTO SEMENTES DA SUSTENTABILIDADE - ISS,"2,02505E+16",72855.0,"45786,69082",32623771000121,COOPERATIVA DE PRODUCAO E DE COMERCIALIZACAO DOS AGRICULTORES FAMILIARES E DOS PRODUTORES RURAIS DE SALITRE,Nota Fiscal,"Gêneros Alimentícios ( Proteínas, Carboidratos, Hortaliças, Sódios e Lipídios) 
",45789,Efetivada,32623771000121,32623771,1,21,1,COORPARSAL,4632002,"1066000,4632003,4930202,8211300,8230001",RUA,JOSE VALDO,SN,,ALTO ALEGRE,63155000,1273,32623771000121,1273,SALITRE,Salitre,Cariri,SALITRE,COOPERATIVA DE PROD E DE COMERCIALIZAÇAO DOS AGRI FAMILIARES E DOS PROD RURAIS  ,CAF Emitido,UNICAFES,31/03/2026,09/01/2023 08:41:01,07/07/2025 08:47:46,42.0,31.0,"100,00",COOPERATIVA DE PROD E DE COMERCIALIZAÇAO DOS AGRI FAMILIARES E DOS PROD RURAIS,Salitre,Aberto apenas para Atualização de Informações,,,09/01/2023 08:41:01,31/03/2025 15:24:40,42.0,31,100,COORPARSAL,4632002.0,"1066000,4632003,4930202,8211300,8230001",RUA,JOSE VALDO,SN,,ALTO ALEGRE,63155000.0,1273.0,"RUA JOSE VALDO, SN, ALTO ALEGRE Salitre-CE","-3,5008552","-39,5907554"
414,1284772,INSTITUTO SEMENTES DA SUSTENTABILIDADE - ISS,"2,02505E+16",80720.0,"45799,58532",11016960000166,COOPERATIVA DOS AGRICULTORES FAMILIARES DO BAIXO ACARAÚ,Nota Fiscal,"Gêneros Alimentícios ( Proteínas, Carboidratos, Hortaliças, Sódios e Lipídios) 
",45800,Efetivada,11016960000166,11016960,1,66,1,SEMENTES DA TERRA,1031700,"0121101,0159801,1051100,1063500,1629301,1629302,2349499,4712100,4722901",RUA,PROFESSOR NICACIO,648,,CENTRO,62570000,1345,11016960000166,1345,BELA CRUZ,Bela Cruz,Litoral Norte,BELA CRUZ,COOPERATIVA DOS AGRICULTORES FAMILIARES DO BAIXO ACARAÚ,CAF Emitido,,,05/04/2023 10:20:41,13/12/2024 10:59:34,161.0,27.0,"93,79",COOPERATIVA DOS AGRICULTORES FAMILIARES DO BAIXO ACARAÚ,Bela Cruz,CAF Emitido,,,05/04/2023 10:20:41,13/12/2024 10:59:34,161.0,27,"93,79",SEMENTES DA TERRA,1031700.0,"0121101,0159801,1051100,1063500,1629301,1629302,2349499,4712100,4722901",RUA,PROFESSOR NICACIO,648,,CENTRO,62570000.0,1345.0,"RUA PROFESSOR NICACIO, 648, CENTRO Bela Cruz-CE","-3,0560081","-40,167547"
415,1284772,INSTITUTO SEMENTES DA SUSTENTABILIDADE - ISS,"2,02505E+16",72855.0,"45804,67325",32623771000121,COOPERATIVA DE PRODUCAO E DE COMERCIALIZACAO DOS AGRICULTORES FAMILIARES E DOS PRODUTORES RURAIS DE SALITRE,Nota Fiscal,"Gêneros Alimentícios ( Proteínas, Carboidratos, Hortaliças, Sódios e Lipídios) 
",45805,Efetivada,32623771000121,32623771,1,21,1,COORPARSAL,4632002,"1066000,4632003,4930202,8211300,8230001",RUA,JOSE VALDO,SN,,ALTO ALEGRE,63155000,1273,32623771000121,1273,SALITRE,Salitre,Cariri,SALITRE,COOPERATIVA DE PROD E DE COMERCIALIZAÇAO DOS AGRI FAMILIARES E DOS PROD RURAIS  ,CAF Emitido,UNICAFES,31/03/2026,09/01/2023 08:41:01,07/07/2025 08:47:46,42.0,31.0,"100,00",COOPERATIVA DE PROD E DE COMERCIALIZAÇAO DOS AGRI FAMILIARES E DOS PROD RURAIS,Salitre,Aberto apenas para Atualização de Informações,,,09/01/2023 08:41:01,31/03/2025 15:24:40,42.0,31,100,COORPARSAL,4632002.0,"1066000,4632003,4930202,8211300,8230001",RUA,JOSE VALDO,SN,,ALTO ALEGRE,63155000.0,1273.0,"RUA JOSE VALDO, SN, ALTO ALEGRE Salitre-CE","-3,5008552","-39,5907554"
416,1284772,INSTITUTO SEMENTES DA SUSTENTABILIDADE - ISS,"2,02506E+16",72855.0,"45821,66427",32623771000121,COOPERATIVA DE PRODUCAO E DE COMERCIALIZACAO DOS AGRICULTORES FAMILIARES E DOS PRODUTORES RURAIS DE SALITRE,Nota Fiscal,"Gêneros Alimentícios ( Proteínas, Carboidratos, Hortaliças, Sódios e Lipídios) 
",45824,Efetivada,32623771000121,32623771,1,21,1,COORPARSAL,4632002,"1066000,4632003,4930202,8211300,8230001",RUA,JOSE VALDO,SN,,ALTO ALEGRE,63155000,1273,32623771000121,1273,SALITRE,Salitre,Cariri,SALITRE,COOPERATIVA DE PROD E DE COMERCIALIZAÇAO DOS AGRI FAMILIARES E DOS PROD RURAIS  ,CAF Emitido,UNICAFES,31/03/2026,09/01/2023 08:41:01,07/07/2025 08:47:46,42.0,31.0,"100,00",COOPERATIVA DE PROD E DE COMERCIALIZAÇAO DOS AGRI FAMILIARES E DOS PROD RURAIS,Salitre,Aberto apenas para Atualização de Informações,,,09/01/2023 08:41:01,31/03/2025 15:24:40,42.0,31,100,COORPARSAL,4632002.0,"1066000,4632003,4930202,8211300,8230001",RUA,JOSE VALDO,SN,,ALTO ALEGRE,63155000.0,1273.0,"RUA JOSE VALDO, SN, ALTO ALEGRE Salitre-CE","-3,5008552","-39,5907554"
417,1285431,"INSTITUTO DE ARTE, CULTURA, LAZER E EDUCAÇÃO","2,02401E+16",29720.0,"45308,46485",17071170000160,COOPERATIVA SERTANEJA CEARENSE - FAPE,Nota Fiscal,"Gêneros Alimentícios ( Proteínas, Carboidratos, Hortaliças, Sódios e Lipídios) 
",45309,Efetivada,17071170000160,17071170,1,60,1,FAPE,4724500,"0119999,0122900,0159801,1031700,1042200,1051100,1052000,1064300,1065101,1065103,1071600,1091101,4623199,4631100,4633801,4637104,4721102,4789099,8211300",RUA,ROMEU MARTINS,446,,CENTRO,62700000,1355,17071170000160,1355,CANINDE,Canindé,Sertão de Canindé,CANINDE,COOPERATIVA SERTANEJA CEARENSE FAPE,Processo Enviado,OCB,22/07/2027,06/02/2025 15:13:33,23/05/2025 10:54:40,294.0,42.0,"97,62",COOPERATIVA SERTANEJA CEARENSE FAPE,Canindé,Processo Enviado,OCB,22/07/2027,06/02/2025 15:13:33,09/04/2025 15:02:14,294.0,42,"97,62",FAPE,4724500.0,"0119999,0122900,0159801,1031700,1042200,1051100,1052000,1064300,1065101,1065103,1071600,1091101,4623199,4631100,4633801,4637104,4721102,4789099,8211300",RUA,ROMEU MARTINS,446,,CENTRO,62700000.0,1355.0,"RUA ROMEU MARTINS, 446, CENTRO Canindé-CE","-4,3575962","-39,3146649"
418,1285431,"INSTITUTO DE ARTE, CULTURA, LAZER E EDUCAÇÃO","2,02401E+16",665076.0,"45308,46566",17071170000160,COOPERATIVA SERTANEJA CEARENSE - FAPE,Nota Fiscal,"Gêneros Alimentícios ( Proteínas, Carboidratos, Hortaliças, Sódios e Lipídios) 
",45309,Efetivada,17071170000160,17071170,1,60,1,FAPE,4724500,"0119999,0122900,0159801,1031700,1042200,1051100,1052000,1064300,1065101,1065103,1071600,1091101,4623199,4631100,4633801,4637104,4721102,4789099,8211300",RUA,ROMEU MARTINS,446,,CENTRO,62700000,1355,17071170000160,1355,CANINDE,Canindé,Sertão de Canindé,CANINDE,COOPERATIVA SERTANEJA CEARENSE FAPE,Processo Enviado,OCB,22/07/2027,06/02/2025 15:13:33,23/05/2025 10:54:40,294.0,42.0,"97,62",COOPERATIVA SERTANEJA CEARENSE FAPE,Canindé,Processo Enviado,OCB,22/07/2027,06/02/2025 15:13:33,09/04/2025 15:02:14,294.0,42,"97,62",FAPE,4724500.0,"0119999,0122900,0159801,1031700,1042200,1051100,1052000,1064300,1065101,1065103,1071600,1091101,4623199,4631100,4633801,4637104,4721102,4789099,8211300",RUA,ROMEU MARTINS,446,,CENTRO,62700000.0,1355.0,"RUA ROMEU MARTINS, 446, CENTRO Canindé-CE","-4,3575962","-39,3146649"
419,1285431,"INSTITUTO DE ARTE, CULTURA, LAZER E EDUCAÇÃO","2,02401E+16",594315.0,"45308,46671",17071170000160,COOPERATIVA SERTANEJA CEARENSE - FAPE,Nota Fiscal,"Gêneros Alimentícios ( Proteínas, Carboidratos, Hortaliças, Sódios e Lipídios) 
",45309,Efetivada,17071170000160,17071170,1,60,1,FAPE,4724500,"0119999,0122900,0159801,1031700,1042200,1051100,1052000,1064300,1065101,1065103,1071600,1091101,4623199,4631100,4633801,4637104,4721102,4789099,8211300",RUA,ROMEU MARTINS,446,,CENTRO,62700000,1355,17071170000160,1355,CANINDE,Canindé,Sertão de Canindé,CANINDE,COOPERATIVA SERTANEJA CEARENSE FAPE,Processo Enviado,OCB,22/07/2027,06/02/2025 15:13:33,23/05/2025 10:54:40,294.0,42.0,"97,62",COOPERATIVA SERTANEJA CEARENSE FAPE,Canindé,Processo Enviado,OCB,22/07/2027,06/02/2025 15:13:33,09/04/2025 15:02:14,294.0,42,"97,62",FAPE,4724500.0,"0119999,0122900,0159801,1031700,1042200,1051100,1052000,1064300,1065101,1065103,1071600,1091101,4623199,4631100,4633801,4637104,4721102,4789099,8211300",RUA,ROMEU MARTINS,446,,CENTRO,62700000.0,1355.0,"RUA ROMEU MARTINS, 446, CENTRO Canindé-CE","-4,3575962","-39,3146649"
420,1285431,"INSTITUTO DE ARTE, CULTURA, LAZER E EDUCAÇÃO","2,02401E+16",439635.0,"45308,46737",17071170000160,COOPERATIVA SERTANEJA CEARENSE - FAPE,Nota Fiscal,"Gêneros Alimentícios ( Proteínas, Carboidratos, Hortaliças, Sódios e Lipídios) 
",45309,Efetivada,17071170000160,17071170,1,60,1,FAPE,4724500,"0119999,0122900,0159801,1031700,1042200,1051100,1052000,1064300,1065101,1065103,1071600,1091101,4623199,4631100,4633801,4637104,4721102,4789099,8211300",RUA,ROMEU MARTINS,446,,CENTRO,62700000,1355,17071170000160,1355,CANINDE,Canindé,Sertão de Canindé,CANINDE,COOPERATIVA SERTANEJA CEARENSE FAPE,Processo Enviado,OCB,22/07/2027,06/02/2025 15:13:33,23/05/2025 10:54:40,294.0,42.0,"97,62",COOPERATIVA SERTANEJA CEARENSE FAPE,Canindé,Processo Enviado,OCB,22/07/2027,06/02/2025 15:13:33,09/04/2025 15:02:14,294.0,42,"97,62",FAPE,4724500.0,"0119999,0122900,0159801,1031700,1042200,1051100,1052000,1064300,1065101,1065103,1071600,1091101,4623199,4631100,4633801,4637104,4721102,4789099,8211300",RUA,ROMEU MARTINS,446,,CENTRO,62700000.0,1355.0,"RUA ROMEU MARTINS, 446, CENTRO Canindé-CE","-4,3575962","-39,3146649"
421,1285431,"INSTITUTO DE ARTE, CULTURA, LAZER E EDUCAÇÃO","2,02401E+16",108288.0,"45308,46837",17071170000160,COOPERATIVA SERTANEJA CEARENSE - FAPE,Nota Fiscal,"Gêneros Alimentícios ( Proteínas, Carboidratos, Hortaliças, Sódios e Lipídios) 
",45309,Efetivada,17071170000160,17071170,1,60,1,FAPE,4724500,"0119999,0122900,0159801,1031700,1042200,1051100,1052000,1064300,1065101,1065103,1071600,1091101,4623199,4631100,4633801,4637104,4721102,4789099,8211300",RUA,ROMEU MARTINS,446,,CENTRO,62700000,1355,17071170000160,1355,CANINDE,Canindé,Sertão de Canindé,CANINDE,COOPERATIVA SERTANEJA CEARENSE FAPE,Processo Enviado,OCB,22/07/2027,06/02/2025 15:13:33,23/05/2025 10:54:40,294.0,42.0,"97,62",COOPERATIVA SERTANEJA CEARENSE FAPE,Canindé,Processo Enviado,OCB,22/07/2027,06/02/2025 15:13:33,09/04/2025 15:02:14,294.0,42,"97,62",FAPE,4724500.0,"0119999,0122900,0159801,1031700,1042200,1051100,1052000,1064300,1065101,1065103,1071600,1091101,4623199,4631100,4633801,4637104,4721102,4789099,8211300",RUA,ROMEU MARTINS,446,,CENTRO,62700000.0,1355.0,"RUA ROMEU MARTINS, 446, CENTRO Canindé-CE","-4,3575962","-39,3146649"
422,1285431,"INSTITUTO DE ARTE, CULTURA, LAZER E EDUCAÇÃO","2,02401E+16",453435.0,"45308,46895",17071170000160,COOPERATIVA SERTANEJA CEARENSE - FAPE,Nota Fiscal,"Gêneros Alimentícios ( Proteínas, Carboidratos, Hortaliças, Sódios e Lipídios) 
",45309,Efetivada,17071170000160,17071170,1,60,1,FAPE,4724500,"0119999,0122900,0159801,1031700,1042200,1051100,1052000,1064300,1065101,1065103,1071600,1091101,4623199,4631100,4633801,4637104,4721102,4789099,8211300",RUA,ROMEU MARTINS,446,,CENTRO,62700000,1355,17071170000160,1355,CANINDE,Canindé,Sertão de Canindé,CANINDE,COOPERATIVA SERTANEJA CEARENSE FAPE,Processo Enviado,OCB,22/07/2027,06/02/2025 15:13:33,23/05/2025 10:54:40,294.0,42.0,"97,62",COOPERATIVA SERTANEJA CEARENSE FAPE,Canindé,Processo Enviado,OCB,22/07/2027,06/02/2025 15:13:33,09/04/2025 15:02:14,294.0,42,"97,62",FAPE,4724500.0,"0119999,0122900,0159801,1031700,1042200,1051100,1052000,1064300,1065101,1065103,1071600,1091101,4623199,4631100,4633801,4637104,4721102,4789099,8211300",RUA,ROMEU MARTINS,446,,CENTRO,62700000.0,1355.0,"RUA ROMEU MARTINS, 446, CENTRO Canindé-CE","-4,3575962","-39,3146649"
423,1285431,"INSTITUTO DE ARTE, CULTURA, LAZER E EDUCAÇÃO","2,02402E+16",158805.0,"45331,80365",17071170000160,COOPERATIVA SERTANEJA CEARENSE - FAPE,Nota Fiscal,"Gêneros Alimentícios ( Proteínas, Carboidratos, Hortaliças, Sódios e Lipídios) 
",45336,Efetivada,17071170000160,17071170,1,60,1,FAPE,4724500,"0119999,0122900,0159801,1031700,1042200,1051100,1052000,1064300,1065101,1065103,1071600,1091101,4623199,4631100,4633801,4637104,4721102,4789099,8211300",RUA,ROMEU MARTINS,446,,CENTRO,62700000,1355,17071170000160,1355,CANINDE,Canindé,Sertão de Canindé,CANINDE,COOPERATIVA SERTANEJA CEARENSE FAPE,Processo Enviado,OCB,22/07/2027,06/02/2025 15:13:33,23/05/2025 10:54:40,294.0,42.0,"97,62",COOPERATIVA SERTANEJA CEARENSE FAPE,Canindé,Processo Enviado,OCB,22/07/2027,06/02/2025 15:13:33,09/04/2025 15:02:14,294.0,42,"97,62",FAPE,4724500.0,"0119999,0122900,0159801,1031700,1042200,1051100,1052000,1064300,1065101,1065103,1071600,1091101,4623199,4631100,4633801,4637104,4721102,4789099,8211300",RUA,ROMEU MARTINS,446,,CENTRO,62700000.0,1355.0,"RUA ROMEU MARTINS, 446, CENTRO Canindé-CE","-4,3575962","-39,3146649"
424,1285431,"INSTITUTO DE ARTE, CULTURA, LAZER E EDUCAÇÃO","2,02402E+16",377688.0,"45331,80417",17071170000160,COOPERATIVA SERTANEJA CEARENSE - FAPE,Nota Fiscal,"Gêneros Alimentícios ( Proteínas, Carboidratos, Hortaliças, Sódios e Lipídios) 
",45336,Efetivada,17071170000160,17071170,1,60,1,FAPE,4724500,"0119999,0122900,0159801,1031700,1042200,1051100,1052000,1064300,1065101,1065103,1071600,1091101,4623199,4631100,4633801,4637104,4721102,4789099,8211300",RUA,ROMEU MARTINS,446,,CENTRO,62700000,1355,17071170000160,1355,CANINDE,Canindé,Sertão de Canindé,CANINDE,COOPERATIVA SERTANEJA CEARENSE FAPE,Processo Enviado,OCB,22/07/2027,06/02/2025 15:13:33,23/05/2025 10:54:40,294.0,42.0,"97,62",COOPERATIVA SERTANEJA CEARENSE FAPE,Canindé,Processo Enviado,OCB,22/07/2027,06/02/2025 15:13:33,09/04/2025 15:02:14,294.0,42,"97,62",FAPE,4724500.0,"0119999,0122900,0159801,1031700,1042200,1051100,1052000,1064300,1065101,1065103,1071600,1091101,4623199,4631100,4633801,4637104,4721102,4789099,8211300",RUA,ROMEU MARTINS,446,,CENTRO,62700000.0,1355.0,"RUA ROMEU MARTINS, 446, CENTRO Canindé-CE","-4,3575962","-39,3146649"
425,1285431,"INSTITUTO DE ARTE, CULTURA, LAZER E EDUCAÇÃO","2,02402E+16",21174.0,"45331,80492",17071170000160,COOPERATIVA SERTANEJA CEARENSE - FAPE,Nota Fiscal,"Gêneros Alimentícios ( Proteínas, Carboidratos, Hortaliças, Sódios e Lipídios) 
",45336,Efetivada,17071170000160,17071170,1,60,1,FAPE,4724500,"0119999,0122900,0159801,1031700,1042200,1051100,1052000,1064300,1065101,1065103,1071600,1091101,4623199,4631100,4633801,4637104,4721102,4789099,8211300",RUA,ROMEU MARTINS,446,,CENTRO,62700000,1355,17071170000160,1355,CANINDE,Canindé,Sertão de Canindé,CANINDE,COOPERATIVA SERTANEJA CEARENSE FAPE,Processo Enviado,OCB,22/07/2027,06/02/2025 15:13:33,23/05/2025 10:54:40,294.0,42.0,"97,62",COOPERATIVA SERTANEJA CEARENSE FAPE,Canindé,Processo Enviado,OCB,22/07/2027,06/02/2025 15:13:33,09/04/2025 15:02:14,294.0,42,"97,62",FAPE,4724500.0,"0119999,0122900,0159801,1031700,1042200,1051100,1052000,1064300,1065101,1065103,1071600,1091101,4623199,4631100,4633801,4637104,4721102,4789099,8211300",RUA,ROMEU MARTINS,446,,CENTRO,62700000.0,1355.0,"RUA ROMEU MARTINS, 446, CENTRO Canindé-CE","-4,3575962","-39,3146649"
426,1285431,"INSTITUTO DE ARTE, CULTURA, LAZER E EDUCAÇÃO","2,02402E+16",18834.0,"45331,80557",17071170000160,COOPERATIVA SERTANEJA CEARENSE - FAPE,Nota Fiscal,"Gêneros Alimentícios ( Proteínas, Carboidratos, Hortaliças, Sódios e Lipídios) 
",45336,Efetivada,17071170000160,17071170,1,60,1,FAPE,4724500,"0119999,0122900,0159801,1031700,1042200,1051100,1052000,1064300,1065101,1065103,1071600,1091101,4623199,4631100,4633801,4637104,4721102,4789099,8211300",RUA,ROMEU MARTINS,446,,CENTRO,62700000,1355,17071170000160,1355,CANINDE,Canindé,Sertão de Canindé,CANINDE,COOPERATIVA SERTANEJA CEARENSE FAPE,Processo Enviado,OCB,22/07/2027,06/02/2025 15:13:33,23/05/2025 10:54:40,294.0,42.0,"97,62",COOPERATIVA SERTANEJA CEARENSE FAPE,Canindé,Processo Enviado,OCB,22/07/2027,06/02/2025 15:13:33,09/04/2025 15:02:14,294.0,42,"97,62",FAPE,4724500.0,"0119999,0122900,0159801,1031700,1042200,1051100,1052000,1064300,1065101,1065103,1071600,1091101,4623199,4631100,4633801,4637104,4721102,4789099,8211300",RUA,ROMEU MARTINS,446,,CENTRO,62700000.0,1355.0,"RUA ROMEU MARTINS, 446, CENTRO Canindé-CE","-4,3575962","-39,3146649"
427,1285431,"INSTITUTO DE ARTE, CULTURA, LAZER E EDUCAÇÃO","2,02402E+16",10346.0,"45331,80616",17071170000160,COOPERATIVA SERTANEJA CEARENSE - FAPE,Nota Fiscal,"Gêneros Alimentícios ( Proteínas, Carboidratos, Hortaliças, Sódios e Lipídios) 
",45336,Efetivada,17071170000160,17071170,1,60,1,FAPE,4724500,"0119999,0122900,0159801,1031700,1042200,1051100,1052000,1064300,1065101,1065103,1071600,1091101,4623199,4631100,4633801,4637104,4721102,4789099,8211300",RUA,ROMEU MARTINS,446,,CENTRO,62700000,1355,17071170000160,1355,CANINDE,Canindé,Sertão de Canindé,CANINDE,COOPERATIVA SERTANEJA CEARENSE FAPE,Processo Enviado,OCB,22/07/2027,06/02/2025 15:13:33,23/05/2025 10:54:40,294.0,42.0,"97,62",COOPERATIVA SERTANEJA CEARENSE FAPE,Canindé,Processo Enviado,OCB,22/07/2027,06/02/2025 15:13:33,09/04/2025 15:02:14,294.0,42,"97,62",FAPE,4724500.0,"0119999,0122900,0159801,1031700,1042200,1051100,1052000,1064300,1065101,1065103,1071600,1091101,4623199,4631100,4633801,4637104,4721102,4789099,8211300",RUA,ROMEU MARTINS,446,,CENTRO,62700000.0,1355.0,"RUA ROMEU MARTINS, 446, CENTRO Canindé-CE","-4,3575962","-39,3146649"
428,1285431,"INSTITUTO DE ARTE, CULTURA, LAZER E EDUCAÇÃO","2,02402E+16",151605.0,"45331,80672",17071170000160,COOPERATIVA SERTANEJA CEARENSE - FAPE,Nota Fiscal,"Gêneros Alimentícios ( Proteínas, Carboidratos, Hortaliças, Sódios e Lipídios) 
",45336,Efetivada,17071170000160,17071170,1,60,1,FAPE,4724500,"0119999,0122900,0159801,1031700,1042200,1051100,1052000,1064300,1065101,1065103,1071600,1091101,4623199,4631100,4633801,4637104,4721102,4789099,8211300",RUA,ROMEU MARTINS,446,,CENTRO,62700000,1355,17071170000160,1355,CANINDE,Canindé,Sertão de Canindé,CANINDE,COOPERATIVA SERTANEJA CEARENSE FAPE,Processo Enviado,OCB,22/07/2027,06/02/2025 15:13:33,23/05/2025 10:54:40,294.0,42.0,"97,62",COOPERATIVA SERTANEJA CEARENSE FAPE,Canindé,Processo Enviado,OCB,22/07/2027,06/02/2025 15:13:33,09/04/2025 15:02:14,294.0,42,"97,62",FAPE,4724500.0,"0119999,0122900,0159801,1031700,1042200,1051100,1052000,1064300,1065101,1065103,1071600,1091101,4623199,4631100,4633801,4637104,4721102,4789099,8211300",RUA,ROMEU MARTINS,446,,CENTRO,62700000.0,1355.0,"RUA ROMEU MARTINS, 446, CENTRO Canindé-CE","-4,3575962","-39,3146649"
429,1285431,"INSTITUTO DE ARTE, CULTURA, LAZER E EDUCAÇÃO","2,02402E+16",33047.0,"45341,66003",17071170000160,COOPERATIVA SERTANEJA CEARENSE - FAPE,Nota Fiscal,"Gêneros Alimentícios ( Proteínas, Carboidratos, Hortaliças, Sódios e Lipídios) 
",45342,Efetivada,17071170000160,17071170,1,60,1,FAPE,4724500,"0119999,0122900,0159801,1031700,1042200,1051100,1052000,1064300,1065101,1065103,1071600,1091101,4623199,4631100,4633801,4637104,4721102,4789099,8211300",RUA,ROMEU MARTINS,446,,CENTRO,62700000,1355,17071170000160,1355,CANINDE,Canindé,Sertão de Canindé,CANINDE,COOPERATIVA SERTANEJA CEARENSE FAPE,Processo Enviado,OCB,22/07/2027,06/02/2025 15:13:33,23/05/2025 10:54:40,294.0,42.0,"97,62",COOPERATIVA SERTANEJA CEARENSE FAPE,Canindé,Processo Enviado,OCB,22/07/2027,06/02/2025 15:13:33,09/04/2025 15:02:14,294.0,42,"97,62",FAPE,4724500.0,"0119999,0122900,0159801,1031700,1042200,1051100,1052000,1064300,1065101,1065103,1071600,1091101,4623199,4631100,4633801,4637104,4721102,4789099,8211300",RUA,ROMEU MARTINS,446,,CENTRO,62700000.0,1355.0,"RUA ROMEU MARTINS, 446, CENTRO Canindé-CE","-4,3575962","-39,3146649"
430,1285431,"INSTITUTO DE ARTE, CULTURA, LAZER E EDUCAÇÃO","2,02402E+16",452025.0,"45341,65903",17071170000160,COOPERATIVA SERTANEJA CEARENSE - FAPE,Nota Fiscal,"Gêneros Alimentícios ( Proteínas, Carboidratos, Hortaliças, Sódios e Lipídios) 
",45342,Efetivada,17071170000160,17071170,1,60,1,FAPE,4724500,"0119999,0122900,0159801,1031700,1042200,1051100,1052000,1064300,1065101,1065103,1071600,1091101,4623199,4631100,4633801,4637104,4721102,4789099,8211300",RUA,ROMEU MARTINS,446,,CENTRO,62700000,1355,17071170000160,1355,CANINDE,Canindé,Sertão de Canindé,CANINDE,COOPERATIVA SERTANEJA CEARENSE FAPE,Processo Enviado,OCB,22/07/2027,06/02/2025 15:13:33,23/05/2025 10:54:40,294.0,42.0,"97,62",COOPERATIVA SERTANEJA CEARENSE FAPE,Canindé,Processo Enviado,OCB,22/07/2027,06/02/2025 15:13:33,09/04/2025 15:02:14,294.0,42,"97,62",FAPE,4724500.0,"0119999,0122900,0159801,1031700,1042200,1051100,1052000,1064300,1065101,1065103,1071600,1091101,4623199,4631100,4633801,4637104,4721102,4789099,8211300",RUA,ROMEU MARTINS,446,,CENTRO,62700000.0,1355.0,"RUA ROMEU MARTINS, 446, CENTRO Canindé-CE","-4,3575962","-39,3146649"
431,1285431,"INSTITUTO DE ARTE, CULTURA, LAZER E EDUCAÇÃO","2,02402E+16",903725.0,"45341,65828",17071170000160,COOPERATIVA SERTANEJA CEARENSE - FAPE,Nota Fiscal,"Gêneros Alimentícios ( Proteínas, Carboidratos, Hortaliças, Sódios e Lipídios) 
",45342,Efetivada,17071170000160,17071170,1,60,1,FAPE,4724500,"0119999,0122900,0159801,1031700,1042200,1051100,1052000,1064300,1065101,1065103,1071600,1091101,4623199,4631100,4633801,4637104,4721102,4789099,8211300",RUA,ROMEU MARTINS,446,,CENTRO,62700000,1355,17071170000160,1355,CANINDE,Canindé,Sertão de Canindé,CANINDE,COOPERATIVA SERTANEJA CEARENSE FAPE,Processo Enviado,OCB,22/07/2027,06/02/2025 15:13:33,23/05/2025 10:54:40,294.0,42.0,"97,62",COOPERATIVA SERTANEJA CEARENSE FAPE,Canindé,Processo Enviado,OCB,22/07/2027,06/02/2025 15:13:33,09/04/2025 15:02:14,294.0,42,"97,62",FAPE,4724500.0,"0119999,0122900,0159801,1031700,1042200,1051100,1052000,1064300,1065101,1065103,1071600,1091101,4623199,4631100,4633801,4637104,4721102,4789099,8211300",RUA,ROMEU MARTINS,446,,CENTRO,62700000.0,1355.0,"RUA ROMEU MARTINS, 446, CENTRO Canindé-CE","-4,3575962","-39,3146649"
432,1285431,"INSTITUTO DE ARTE, CULTURA, LAZER E EDUCAÇÃO","2,02402E+16",33887.0,"45341,66109",17071170000160,COOPERATIVA SERTANEJA CEARENSE - FAPE,Nota Fiscal,"Gêneros Alimentícios ( Proteínas, Carboidratos, Hortaliças, Sódios e Lipídios) 
",45342,Efetivada,17071170000160,17071170,1,60,1,FAPE,4724500,"0119999,0122900,0159801,1031700,1042200,1051100,1052000,1064300,1065101,1065103,1071600,1091101,4623199,4631100,4633801,4637104,4721102,4789099,8211300",RUA,ROMEU MARTINS,446,,CENTRO,62700000,1355,17071170000160,1355,CANINDE,Canindé,Sertão de Canindé,CANINDE,COOPERATIVA SERTANEJA CEARENSE FAPE,Processo Enviado,OCB,22/07/2027,06/02/2025 15:13:33,23/05/2025 10:54:40,294.0,42.0,"97,62",COOPERATIVA SERTANEJA CEARENSE FAPE,Canindé,Processo Enviado,OCB,22/07/2027,06/02/2025 15:13:33,09/04/2025 15:02:14,294.0,42,"97,62",FAPE,4724500.0,"0119999,0122900,0159801,1031700,1042200,1051100,1052000,1064300,1065101,1065103,1071600,1091101,4623199,4631100,4633801,4637104,4721102,4789099,8211300",RUA,ROMEU MARTINS,446,,CENTRO,62700000.0,1355.0,"RUA ROMEU MARTINS, 446, CENTRO Canindé-CE","-4,3575962","-39,3146649"
433,1285431,"INSTITUTO DE ARTE, CULTURA, LAZER E EDUCAÇÃO","2,02402E+16",45206.0,"45341,66189",17071170000160,COOPERATIVA SERTANEJA CEARENSE - FAPE,Nota Fiscal,"Gêneros Alimentícios ( Proteínas, Carboidratos, Hortaliças, Sódios e Lipídios) 
",45342,Efetivada,17071170000160,17071170,1,60,1,FAPE,4724500,"0119999,0122900,0159801,1031700,1042200,1051100,1052000,1064300,1065101,1065103,1071600,1091101,4623199,4631100,4633801,4637104,4721102,4789099,8211300",RUA,ROMEU MARTINS,446,,CENTRO,62700000,1355,17071170000160,1355,CANINDE,Canindé,Sertão de Canindé,CANINDE,COOPERATIVA SERTANEJA CEARENSE FAPE,Processo Enviado,OCB,22/07/2027,06/02/2025 15:13:33,23/05/2025 10:54:40,294.0,42.0,"97,62",COOPERATIVA SERTANEJA CEARENSE FAPE,Canindé,Processo Enviado,OCB,22/07/2027,06/02/2025 15:13:33,09/04/2025 15:02:14,294.0,42,"97,62",FAPE,4724500.0,"0119999,0122900,0159801,1031700,1042200,1051100,1052000,1064300,1065101,1065103,1071600,1091101,4623199,4631100,4633801,4637104,4721102,4789099,8211300",RUA,ROMEU MARTINS,446,,CENTRO,62700000.0,1355.0,"RUA ROMEU MARTINS, 446, CENTRO Canindé-CE","-4,3575962","-39,3146649"
434,1285431,"INSTITUTO DE ARTE, CULTURA, LAZER E EDUCAÇÃO","2,02402E+16",22358.0,"45341,66753",17071170000160,COOPERATIVA SERTANEJA CEARENSE - FAPE,Nota Fiscal,"Gêneros Alimentícios ( Proteínas, Carboidratos, Hortaliças, Sódios e Lipídios) 
",45342,Efetivada,17071170000160,17071170,1,60,1,FAPE,4724500,"0119999,0122900,0159801,1031700,1042200,1051100,1052000,1064300,1065101,1065103,1071600,1091101,4623199,4631100,4633801,4637104,4721102,4789099,8211300",RUA,ROMEU MARTINS,446,,CENTRO,62700000,1355,17071170000160,1355,CANINDE,Canindé,Sertão de Canindé,CANINDE,COOPERATIVA SERTANEJA CEARENSE FAPE,Processo Enviado,OCB,22/07/2027,06/02/2025 15:13:33,23/05/2025 10:54:40,294.0,42.0,"97,62",COOPERATIVA SERTANEJA CEARENSE FAPE,Canindé,Processo Enviado,OCB,22/07/2027,06/02/2025 15:13:33,09/04/2025 15:02:14,294.0,42,"97,62",FAPE,4724500.0,"0119999,0122900,0159801,1031700,1042200,1051100,1052000,1064300,1065101,1065103,1071600,1091101,4623199,4631100,4633801,4637104,4721102,4789099,8211300",RUA,ROMEU MARTINS,446,,CENTRO,62700000.0,1355.0,"RUA ROMEU MARTINS, 446, CENTRO Canindé-CE","-4,3575962","-39,3146649"
435,1285431,"INSTITUTO DE ARTE, CULTURA, LAZER E EDUCAÇÃO","2,02402E+16",1440843.0,"45345,77372",17071170000160,COOPERATIVA SERTANEJA CEARENSE - FAPE,Nota Fiscal,"Gêneros Alimentícios ( Proteínas, Carboidratos, Hortaliças, Sódios e Lipídios) 
",45348,Efetivada,17071170000160,17071170,1,60,1,FAPE,4724500,"0119999,0122900,0159801,1031700,1042200,1051100,1052000,1064300,1065101,1065103,1071600,1091101,4623199,4631100,4633801,4637104,4721102,4789099,8211300",RUA,ROMEU MARTINS,446,,CENTRO,62700000,1355,17071170000160,1355,CANINDE,Canindé,Sertão de Canindé,CANINDE,COOPERATIVA SERTANEJA CEARENSE FAPE,Processo Enviado,OCB,22/07/2027,06/02/2025 15:13:33,23/05/2025 10:54:40,294.0,42.0,"97,62",COOPERATIVA SERTANEJA CEARENSE FAPE,Canindé,Processo Enviado,OCB,22/07/2027,06/02/2025 15:13:33,09/04/2025 15:02:14,294.0,42,"97,62",FAPE,4724500.0,"0119999,0122900,0159801,1031700,1042200,1051100,1052000,1064300,1065101,1065103,1071600,1091101,4623199,4631100,4633801,4637104,4721102,4789099,8211300",RUA,ROMEU MARTINS,446,,CENTRO,62700000.0,1355.0,"RUA ROMEU MARTINS, 446, CENTRO Canindé-CE","-4,3575962","-39,3146649"
436,1285431,"INSTITUTO DE ARTE, CULTURA, LAZER E EDUCAÇÃO","2,02402E+16",1078865.0,"45345,77424",17071170000160,COOPERATIVA SERTANEJA CEARENSE - FAPE,Nota Fiscal,"Gêneros Alimentícios ( Proteínas, Carboidratos, Hortaliças, Sódios e Lipídios) 
",45348,Efetivada,17071170000160,17071170,1,60,1,FAPE,4724500,"0119999,0122900,0159801,1031700,1042200,1051100,1052000,1064300,1065101,1065103,1071600,1091101,4623199,4631100,4633801,4637104,4721102,4789099,8211300",RUA,ROMEU MARTINS,446,,CENTRO,62700000,1355,17071170000160,1355,CANINDE,Canindé,Sertão de Canindé,CANINDE,COOPERATIVA SERTANEJA CEARENSE FAPE,Processo Enviado,OCB,22/07/2027,06/02/2025 15:13:33,23/05/2025 10:54:40,294.0,42.0,"97,62",COOPERATIVA SERTANEJA CEARENSE FAPE,Canindé,Processo Enviado,OCB,22/07/2027,06/02/2025 15:13:33,09/04/2025 15:02:14,294.0,42,"97,62",FAPE,4724500.0,"0119999,0122900,0159801,1031700,1042200,1051100,1052000,1064300,1065101,1065103,1071600,1091101,4623199,4631100,4633801,4637104,4721102,4789099,8211300",RUA,ROMEU MARTINS,446,,CENTRO,62700000.0,1355.0,"RUA ROMEU MARTINS, 446, CENTRO Canindé-CE","-4,3575962","-39,3146649"
437,1285431,"INSTITUTO DE ARTE, CULTURA, LAZER E EDUCAÇÃO","2,02402E+16",1105263.0,"45345,7748",17071170000160,COOPERATIVA SERTANEJA CEARENSE - FAPE,Nota Fiscal,"Gêneros Alimentícios ( Proteínas, Carboidratos, Hortaliças, Sódios e Lipídios) 
",45348,Efetivada,17071170000160,17071170,1,60,1,FAPE,4724500,"0119999,0122900,0159801,1031700,1042200,1051100,1052000,1064300,1065101,1065103,1071600,1091101,4623199,4631100,4633801,4637104,4721102,4789099,8211300",RUA,ROMEU MARTINS,446,,CENTRO,62700000,1355,17071170000160,1355,CANINDE,Canindé,Sertão de Canindé,CANINDE,COOPERATIVA SERTANEJA CEARENSE FAPE,Processo Enviado,OCB,22/07/2027,06/02/2025 15:13:33,23/05/2025 10:54:40,294.0,42.0,"97,62",COOPERATIVA SERTANEJA CEARENSE FAPE,Canindé,Processo Enviado,OCB,22/07/2027,06/02/2025 15:13:33,09/04/2025 15:02:14,294.0,42,"97,62",FAPE,4724500.0,"0119999,0122900,0159801,1031700,1042200,1051100,1052000,1064300,1065101,1065103,1071600,1091101,4623199,4631100,4633801,4637104,4721102,4789099,8211300",RUA,ROMEU MARTINS,446,,CENTRO,62700000.0,1355.0,"RUA ROMEU MARTINS, 446, CENTRO Canindé-CE","-4,3575962","-39,3146649"
438,1285431,"INSTITUTO DE ARTE, CULTURA, LAZER E EDUCAÇÃO","2,02402E+16",66637.0,"45345,77534",17071170000160,COOPERATIVA SERTANEJA CEARENSE - FAPE,Nota Fiscal,"Gêneros Alimentícios ( Proteínas, Carboidratos, Hortaliças, Sódios e Lipídios) 
",45348,Efetivada,17071170000160,17071170,1,60,1,FAPE,4724500,"0119999,0122900,0159801,1031700,1042200,1051100,1052000,1064300,1065101,1065103,1071600,1091101,4623199,4631100,4633801,4637104,4721102,4789099,8211300",RUA,ROMEU MARTINS,446,,CENTRO,62700000,1355,17071170000160,1355,CANINDE,Canindé,Sertão de Canindé,CANINDE,COOPERATIVA SERTANEJA CEARENSE FAPE,Processo Enviado,OCB,22/07/2027,06/02/2025 15:13:33,23/05/2025 10:54:40,294.0,42.0,"97,62",COOPERATIVA SERTANEJA CEARENSE FAPE,Canindé,Processo Enviado,OCB,22/07/2027,06/02/2025 15:13:33,09/04/2025 15:02:14,294.0,42,"97,62",FAPE,4724500.0,"0119999,0122900,0159801,1031700,1042200,1051100,1052000,1064300,1065101,1065103,1071600,1091101,4623199,4631100,4633801,4637104,4721102,4789099,8211300",RUA,ROMEU MARTINS,446,,CENTRO,62700000.0,1355.0,"RUA ROMEU MARTINS, 446, CENTRO Canindé-CE","-4,3575962","-39,3146649"
439,1285431,"INSTITUTO DE ARTE, CULTURA, LAZER E EDUCAÇÃO","2,02402E+16",1440841.0,"45345,77579",17071170000160,COOPERATIVA SERTANEJA CEARENSE - FAPE,Nota Fiscal,"Gêneros Alimentícios ( Proteínas, Carboidratos, Hortaliças, Sódios e Lipídios) 
",45348,Efetivada,17071170000160,17071170,1,60,1,FAPE,4724500,"0119999,0122900,0159801,1031700,1042200,1051100,1052000,1064300,1065101,1065103,1071600,1091101,4623199,4631100,4633801,4637104,4721102,4789099,8211300",RUA,ROMEU MARTINS,446,,CENTRO,62700000,1355,17071170000160,1355,CANINDE,Canindé,Sertão de Canindé,CANINDE,COOPERATIVA SERTANEJA CEARENSE FAPE,Processo Enviado,OCB,22/07/2027,06/02/2025 15:13:33,23/05/2025 10:54:40,294.0,42.0,"97,62",COOPERATIVA SERTANEJA CEARENSE FAPE,Canindé,Processo Enviado,OCB,22/07/2027,06/02/2025 15:13:33,09/04/2025 15:02:14,294.0,42,"97,62",FAPE,4724500.0,"0119999,0122900,0159801,1031700,1042200,1051100,1052000,1064300,1065101,1065103,1071600,1091101,4623199,4631100,4633801,4637104,4721102,4789099,8211300",RUA,ROMEU MARTINS,446,,CENTRO,62700000.0,1355.0,"RUA ROMEU MARTINS, 446, CENTRO Canindé-CE","-4,3575962","-39,3146649"
440,1285431,"INSTITUTO DE ARTE, CULTURA, LAZER E EDUCAÇÃO","2,02402E+16",293376.0,"45345,77624",17071170000160,COOPERATIVA SERTANEJA CEARENSE - FAPE,Nota Fiscal,"Gêneros Alimentícios ( Proteínas, Carboidratos, Hortaliças, Sódios e Lipídios) 
",45348,Efetivada,17071170000160,17071170,1,60,1,FAPE,4724500,"0119999,0122900,0159801,1031700,1042200,1051100,1052000,1064300,1065101,1065103,1071600,1091101,4623199,4631100,4633801,4637104,4721102,4789099,8211300",RUA,ROMEU MARTINS,446,,CENTRO,62700000,1355,17071170000160,1355,CANINDE,Canindé,Sertão de Canindé,CANINDE,COOPERATIVA SERTANEJA CEARENSE FAPE,Processo Enviado,OCB,22/07/2027,06/02/2025 15:13:33,23/05/2025 10:54:40,294.0,42.0,"97,62",COOPERATIVA SERTANEJA CEARENSE FAPE,Canindé,Processo Enviado,OCB,22/07/2027,06/02/2025 15:13:33,09/04/2025 15:02:14,294.0,42,"97,62",FAPE,4724500.0,"0119999,0122900,0159801,1031700,1042200,1051100,1052000,1064300,1065101,1065103,1071600,1091101,4623199,4631100,4633801,4637104,4721102,4789099,8211300",RUA,ROMEU MARTINS,446,,CENTRO,62700000.0,1355.0,"RUA ROMEU MARTINS, 446, CENTRO Canindé-CE","-4,3575962","-39,3146649"
441,1285431,"INSTITUTO DE ARTE, CULTURA, LAZER E EDUCAÇÃO","2,02402E+16",836231.0,"45350,70083",17071170000160,COOPERATIVA SERTANEJA CEARENSE - FAPE,Nota Fiscal,"Gêneros Alimentícios ( Proteínas, Carboidratos, Hortaliças, Sódios e Lipídios) 
",45351,Efetivada,17071170000160,17071170,1,60,1,FAPE,4724500,"0119999,0122900,0159801,1031700,1042200,1051100,1052000,1064300,1065101,1065103,1071600,1091101,4623199,4631100,4633801,4637104,4721102,4789099,8211300",RUA,ROMEU MARTINS,446,,CENTRO,62700000,1355,17071170000160,1355,CANINDE,Canindé,Sertão de Canindé,CANINDE,COOPERATIVA SERTANEJA CEARENSE FAPE,Processo Enviado,OCB,22/07/2027,06/02/2025 15:13:33,23/05/2025 10:54:40,294.0,42.0,"97,62",COOPERATIVA SERTANEJA CEARENSE FAPE,Canindé,Processo Enviado,OCB,22/07/2027,06/02/2025 15:13:33,09/04/2025 15:02:14,294.0,42,"97,62",FAPE,4724500.0,"0119999,0122900,0159801,1031700,1042200,1051100,1052000,1064300,1065101,1065103,1071600,1091101,4623199,4631100,4633801,4637104,4721102,4789099,8211300",RUA,ROMEU MARTINS,446,,CENTRO,62700000.0,1355.0,"RUA ROMEU MARTINS, 446, CENTRO Canindé-CE","-4,3575962","-39,3146649"
442,1285431,"INSTITUTO DE ARTE, CULTURA, LAZER E EDUCAÇÃO","2,02402E+16",1641279.0,"45350,70147",17071170000160,COOPERATIVA SERTANEJA CEARENSE - FAPE,Nota Fiscal,"Gêneros Alimentícios ( Proteínas, Carboidratos, Hortaliças, Sódios e Lipídios) 
",45351,Efetivada,17071170000160,17071170,1,60,1,FAPE,4724500,"0119999,0122900,0159801,1031700,1042200,1051100,1052000,1064300,1065101,1065103,1071600,1091101,4623199,4631100,4633801,4637104,4721102,4789099,8211300",RUA,ROMEU MARTINS,446,,CENTRO,62700000,1355,17071170000160,1355,CANINDE,Canindé,Sertão de Canindé,CANINDE,COOPERATIVA SERTANEJA CEARENSE FAPE,Processo Enviado,OCB,22/07/2027,06/02/2025 15:13:33,23/05/2025 10:54:40,294.0,42.0,"97,62",COOPERATIVA SERTANEJA CEARENSE FAPE,Canindé,Processo Enviado,OCB,22/07/2027,06/02/2025 15:13:33,09/04/2025 15:02:14,294.0,42,"97,62",FAPE,4724500.0,"0119999,0122900,0159801,1031700,1042200,1051100,1052000,1064300,1065101,1065103,1071600,1091101,4623199,4631100,4633801,4637104,4721102,4789099,8211300",RUA,ROMEU MARTINS,446,,CENTRO,62700000.0,1355.0,"RUA ROMEU MARTINS, 446, CENTRO Canindé-CE","-4,3575962","-39,3146649"
443,1285431,"INSTITUTO DE ARTE, CULTURA, LAZER E EDUCAÇÃO","2,02402E+16",1084957.0,"45350,70207",17071170000160,COOPERATIVA SERTANEJA CEARENSE - FAPE,Nota Fiscal,"Gêneros Alimentícios ( Proteínas, Carboidratos, Hortaliças, Sódios e Lipídios) 
",45351,Efetivada,17071170000160,17071170,1,60,1,FAPE,4724500,"0119999,0122900,0159801,1031700,1042200,1051100,1052000,1064300,1065101,1065103,1071600,1091101,4623199,4631100,4633801,4637104,4721102,4789099,8211300",RUA,ROMEU MARTINS,446,,CENTRO,62700000,1355,17071170000160,1355,CANINDE,Canindé,Sertão de Canindé,CANINDE,COOPERATIVA SERTANEJA CEARENSE FAPE,Processo Enviado,OCB,22/07/2027,06/02/2025 15:13:33,23/05/2025 10:54:40,294.0,42.0,"97,62",COOPERATIVA SERTANEJA CEARENSE FAPE,Canindé,Processo Enviado,OCB,22/07/2027,06/02/2025 15:13:33,09/04/2025 15:02:14,294.0,42,"97,62",FAPE,4724500.0,"0119999,0122900,0159801,1031700,1042200,1051100,1052000,1064300,1065101,1065103,1071600,1091101,4623199,4631100,4633801,4637104,4721102,4789099,8211300",RUA,ROMEU MARTINS,446,,CENTRO,62700000.0,1355.0,"RUA ROMEU MARTINS, 446, CENTRO Canindé-CE","-4,3575962","-39,3146649"
444,1285431,"INSTITUTO DE ARTE, CULTURA, LAZER E EDUCAÇÃO","2,02402E+16",500006.0,"45350,7028",17071170000160,COOPERATIVA SERTANEJA CEARENSE - FAPE,Nota Fiscal,"Gêneros Alimentícios ( Proteínas, Carboidratos, Hortaliças, Sódios e Lipídios) 
",45351,Efetivada,17071170000160,17071170,1,60,1,FAPE,4724500,"0119999,0122900,0159801,1031700,1042200,1051100,1052000,1064300,1065101,1065103,1071600,1091101,4623199,4631100,4633801,4637104,4721102,4789099,8211300",RUA,ROMEU MARTINS,446,,CENTRO,62700000,1355,17071170000160,1355,CANINDE,Canindé,Sertão de Canindé,CANINDE,COOPERATIVA SERTANEJA CEARENSE FAPE,Processo Enviado,OCB,22/07/2027,06/02/2025 15:13:33,23/05/2025 10:54:40,294.0,42.0,"97,62",COOPERATIVA SERTANEJA CEARENSE FAPE,Canindé,Processo Enviado,OCB,22/07/2027,06/02/2025 15:13:33,09/04/2025 15:02:14,294.0,42,"97,62",FAPE,4724500.0,"0119999,0122900,0159801,1031700,1042200,1051100,1052000,1064300,1065101,1065103,1071600,1091101,4623199,4631100,4633801,4637104,4721102,4789099,8211300",RUA,ROMEU MARTINS,446,,CENTRO,62700000.0,1355.0,"RUA ROMEU MARTINS, 446, CENTRO Canindé-CE","-4,3575962","-39,3146649"
445,1285431,"INSTITUTO DE ARTE, CULTURA, LAZER E EDUCAÇÃO","2,02402E+16",1182555.0,"45350,70347",17071170000160,COOPERATIVA SERTANEJA CEARENSE - FAPE,Nota Fiscal,"Gêneros Alimentícios ( Proteínas, Carboidratos, Hortaliças, Sódios e Lipídios) 
",45351,Efetivada,17071170000160,17071170,1,60,1,FAPE,4724500,"0119999,0122900,0159801,1031700,1042200,1051100,1052000,1064300,1065101,1065103,1071600,1091101,4623199,4631100,4633801,4637104,4721102,4789099,8211300",RUA,ROMEU MARTINS,446,,CENTRO,62700000,1355,17071170000160,1355,CANINDE,Canindé,Sertão de Canindé,CANINDE,COOPERATIVA SERTANEJA CEARENSE FAPE,Processo Enviado,OCB,22/07/2027,06/02/2025 15:13:33,23/05/2025 10:54:40,294.0,42.0,"97,62",COOPERATIVA SERTANEJA CEARENSE FAPE,Canindé,Processo Enviado,OCB,22/07/2027,06/02/2025 15:13:33,09/04/2025 15:02:14,294.0,42,"97,62",FAPE,4724500.0,"0119999,0122900,0159801,1031700,1042200,1051100,1052000,1064300,1065101,1065103,1071600,1091101,4623199,4631100,4633801,4637104,4721102,4789099,8211300",RUA,ROMEU MARTINS,446,,CENTRO,62700000.0,1355.0,"RUA ROMEU MARTINS, 446, CENTRO Canindé-CE","-4,3575962","-39,3146649"
446,1285431,"INSTITUTO DE ARTE, CULTURA, LAZER E EDUCAÇÃO","2,02403E+16",399003.0,"45357,70028",17071170000160,COOPERATIVA SERTANEJA CEARENSE - FAPE,Nota Fiscal,"Gêneros Alimentícios ( Proteínas, Carboidratos, Hortaliças, Sódios e Lipídios) 
",45358,Efetivada,17071170000160,17071170,1,60,1,FAPE,4724500,"0119999,0122900,0159801,1031700,1042200,1051100,1052000,1064300,1065101,1065103,1071600,1091101,4623199,4631100,4633801,4637104,4721102,4789099,8211300",RUA,ROMEU MARTINS,446,,CENTRO,62700000,1355,17071170000160,1355,CANINDE,Canindé,Sertão de Canindé,CANINDE,COOPERATIVA SERTANEJA CEARENSE FAPE,Processo Enviado,OCB,22/07/2027,06/02/2025 15:13:33,23/05/2025 10:54:40,294.0,42.0,"97,62",COOPERATIVA SERTANEJA CEARENSE FAPE,Canindé,Processo Enviado,OCB,22/07/2027,06/02/2025 15:13:33,09/04/2025 15:02:14,294.0,42,"97,62",FAPE,4724500.0,"0119999,0122900,0159801,1031700,1042200,1051100,1052000,1064300,1065101,1065103,1071600,1091101,4623199,4631100,4633801,4637104,4721102,4789099,8211300",RUA,ROMEU MARTINS,446,,CENTRO,62700000.0,1355.0,"RUA ROMEU MARTINS, 446, CENTRO Canindé-CE","-4,3575962","-39,3146649"
447,1285431,"INSTITUTO DE ARTE, CULTURA, LAZER E EDUCAÇÃO","2,02403E+16",467201.0,"45357,7009",17071170000160,COOPERATIVA SERTANEJA CEARENSE - FAPE,Nota Fiscal,"Gêneros Alimentícios ( Proteínas, Carboidratos, Hortaliças, Sódios e Lipídios) 
",45358,Efetivada,17071170000160,17071170,1,60,1,FAPE,4724500,"0119999,0122900,0159801,1031700,1042200,1051100,1052000,1064300,1065101,1065103,1071600,1091101,4623199,4631100,4633801,4637104,4721102,4789099,8211300",RUA,ROMEU MARTINS,446,,CENTRO,62700000,1355,17071170000160,1355,CANINDE,Canindé,Sertão de Canindé,CANINDE,COOPERATIVA SERTANEJA CEARENSE FAPE,Processo Enviado,OCB,22/07/2027,06/02/2025 15:13:33,23/05/2025 10:54:40,294.0,42.0,"97,62",COOPERATIVA SERTANEJA CEARENSE FAPE,Canindé,Processo Enviado,OCB,22/07/2027,06/02/2025 15:13:33,09/04/2025 15:02:14,294.0,42,"97,62",FAPE,4724500.0,"0119999,0122900,0159801,1031700,1042200,1051100,1052000,1064300,1065101,1065103,1071600,1091101,4623199,4631100,4633801,4637104,4721102,4789099,8211300",RUA,ROMEU MARTINS,446,,CENTRO,62700000.0,1355.0,"RUA ROMEU MARTINS, 446, CENTRO Canindé-CE","-4,3575962","-39,3146649"
448,1285431,"INSTITUTO DE ARTE, CULTURA, LAZER E EDUCAÇÃO","2,02403E+16",34850.0,"45357,70145",17071170000160,COOPERATIVA SERTANEJA CEARENSE - FAPE,Nota Fiscal,"Gêneros Alimentícios ( Proteínas, Carboidratos, Hortaliças, Sódios e Lipídios) 
",45358,Efetivada,17071170000160,17071170,1,60,1,FAPE,4724500,"0119999,0122900,0159801,1031700,1042200,1051100,1052000,1064300,1065101,1065103,1071600,1091101,4623199,4631100,4633801,4637104,4721102,4789099,8211300",RUA,ROMEU MARTINS,446,,CENTRO,62700000,1355,17071170000160,1355,CANINDE,Canindé,Sertão de Canindé,CANINDE,COOPERATIVA SERTANEJA CEARENSE FAPE,Processo Enviado,OCB,22/07/2027,06/02/2025 15:13:33,23/05/2025 10:54:40,294.0,42.0,"97,62",COOPERATIVA SERTANEJA CEARENSE FAPE,Canindé,Processo Enviado,OCB,22/07/2027,06/02/2025 15:13:33,09/04/2025 15:02:14,294.0,42,"97,62",FAPE,4724500.0,"0119999,0122900,0159801,1031700,1042200,1051100,1052000,1064300,1065101,1065103,1071600,1091101,4623199,4631100,4633801,4637104,4721102,4789099,8211300",RUA,ROMEU MARTINS,446,,CENTRO,62700000.0,1355.0,"RUA ROMEU MARTINS, 446, CENTRO Canindé-CE","-4,3575962","-39,3146649"
449,1285431,"INSTITUTO DE ARTE, CULTURA, LAZER E EDUCAÇÃO","2,02403E+16",1174685.0,"45357,702",17071170000160,COOPERATIVA SERTANEJA CEARENSE - FAPE,Nota Fiscal,"Gêneros Alimentícios ( Proteínas, Carboidratos, Hortaliças, Sódios e Lipídios) 
",45358,Efetivada,17071170000160,17071170,1,60,1,FAPE,4724500,"0119999,0122900,0159801,1031700,1042200,1051100,1052000,1064300,1065101,1065103,1071600,1091101,4623199,4631100,4633801,4637104,4721102,4789099,8211300",RUA,ROMEU MARTINS,446,,CENTRO,62700000,1355,17071170000160,1355,CANINDE,Canindé,Sertão de Canindé,CANINDE,COOPERATIVA SERTANEJA CEARENSE FAPE,Processo Enviado,OCB,22/07/2027,06/02/2025 15:13:33,23/05/2025 10:54:40,294.0,42.0,"97,62",COOPERATIVA SERTANEJA CEARENSE FAPE,Canindé,Processo Enviado,OCB,22/07/2027,06/02/2025 15:13:33,09/04/2025 15:02:14,294.0,42,"97,62",FAPE,4724500.0,"0119999,0122900,0159801,1031700,1042200,1051100,1052000,1064300,1065101,1065103,1071600,1091101,4623199,4631100,4633801,4637104,4721102,4789099,8211300",RUA,ROMEU MARTINS,446,,CENTRO,62700000.0,1355.0,"RUA ROMEU MARTINS, 446, CENTRO Canindé-CE","-4,3575962","-39,3146649"
450,1285431,"INSTITUTO DE ARTE, CULTURA, LAZER E EDUCAÇÃO","2,02403E+16",559606.0,"45357,7025",17071170000160,COOPERATIVA SERTANEJA CEARENSE - FAPE,Nota Fiscal,"Gêneros Alimentícios ( Proteínas, Carboidratos, Hortaliças, Sódios e Lipídios) 
",45358,Efetivada,17071170000160,17071170,1,60,1,FAPE,4724500,"0119999,0122900,0159801,1031700,1042200,1051100,1052000,1064300,1065101,1065103,1071600,1091101,4623199,4631100,4633801,4637104,4721102,4789099,8211300",RUA,ROMEU MARTINS,446,,CENTRO,62700000,1355,17071170000160,1355,CANINDE,Canindé,Sertão de Canindé,CANINDE,COOPERATIVA SERTANEJA CEARENSE FAPE,Processo Enviado,OCB,22/07/2027,06/02/2025 15:13:33,23/05/2025 10:54:40,294.0,42.0,"97,62",COOPERATIVA SERTANEJA CEARENSE FAPE,Canindé,Processo Enviado,OCB,22/07/2027,06/02/2025 15:13:33,09/04/2025 15:02:14,294.0,42,"97,62",FAPE,4724500.0,"0119999,0122900,0159801,1031700,1042200,1051100,1052000,1064300,1065101,1065103,1071600,1091101,4623199,4631100,4633801,4637104,4721102,4789099,8211300",RUA,ROMEU MARTINS,446,,CENTRO,62700000.0,1355.0,"RUA ROMEU MARTINS, 446, CENTRO Canindé-CE","-4,3575962","-39,3146649"
451,1285431,"INSTITUTO DE ARTE, CULTURA, LAZER E EDUCAÇÃO","2,02403E+16",249901.0,"45357,70292",17071170000160,COOPERATIVA SERTANEJA CEARENSE - FAPE,Nota Fiscal,"Gêneros Alimentícios ( Proteínas, Carboidratos, Hortaliças, Sódios e Lipídios) 
",45358,Efetivada,17071170000160,17071170,1,60,1,FAPE,4724500,"0119999,0122900,0159801,1031700,1042200,1051100,1052000,1064300,1065101,1065103,1071600,1091101,4623199,4631100,4633801,4637104,4721102,4789099,8211300",RUA,ROMEU MARTINS,446,,CENTRO,62700000,1355,17071170000160,1355,CANINDE,Canindé,Sertão de Canindé,CANINDE,COOPERATIVA SERTANEJA CEARENSE FAPE,Processo Enviado,OCB,22/07/2027,06/02/2025 15:13:33,23/05/2025 10:54:40,294.0,42.0,"97,62",COOPERATIVA SERTANEJA CEARENSE FAPE,Canindé,Processo Enviado,OCB,22/07/2027,06/02/2025 15:13:33,09/04/2025 15:02:14,294.0,42,"97,62",FAPE,4724500.0,"0119999,0122900,0159801,1031700,1042200,1051100,1052000,1064300,1065101,1065103,1071600,1091101,4623199,4631100,4633801,4637104,4721102,4789099,8211300",RUA,ROMEU MARTINS,446,,CENTRO,62700000.0,1355.0,"RUA ROMEU MARTINS, 446, CENTRO Canindé-CE","-4,3575962","-39,3146649"
452,1285431,"INSTITUTO DE ARTE, CULTURA, LAZER E EDUCAÇÃO","2,02403E+16",972949.0,"45373,71236",17071170000160,COOPERATIVA SERTANEJA CEARENSE - FAPE,Nota Fiscal,"Gêneros Alimentícios ( Proteínas, Carboidratos, Hortaliças, Sódios e Lipídios) 
",45377,Efetivada,17071170000160,17071170,1,60,1,FAPE,4724500,"0119999,0122900,0159801,1031700,1042200,1051100,1052000,1064300,1065101,1065103,1071600,1091101,4623199,4631100,4633801,4637104,4721102,4789099,8211300",RUA,ROMEU MARTINS,446,,CENTRO,62700000,1355,17071170000160,1355,CANINDE,Canindé,Sertão de Canindé,CANINDE,COOPERATIVA SERTANEJA CEARENSE FAPE,Processo Enviado,OCB,22/07/2027,06/02/2025 15:13:33,23/05/2025 10:54:40,294.0,42.0,"97,62",COOPERATIVA SERTANEJA CEARENSE FAPE,Canindé,Processo Enviado,OCB,22/07/2027,06/02/2025 15:13:33,09/04/2025 15:02:14,294.0,42,"97,62",FAPE,4724500.0,"0119999,0122900,0159801,1031700,1042200,1051100,1052000,1064300,1065101,1065103,1071600,1091101,4623199,4631100,4633801,4637104,4721102,4789099,8211300",RUA,ROMEU MARTINS,446,,CENTRO,62700000.0,1355.0,"RUA ROMEU MARTINS, 446, CENTRO Canindé-CE","-4,3575962","-39,3146649"
453,1285431,"INSTITUTO DE ARTE, CULTURA, LAZER E EDUCAÇÃO","2,02404E+16",224025.0,"45392,70762",17071170000160,COOPERATIVA SERTANEJA CEARENSE - FAPE,Nota Fiscal,"Gêneros Alimentícios ( Proteínas, Carboidratos, Hortaliças, Sódios e Lipídios) 
",45393,Efetivada,17071170000160,17071170,1,60,1,FAPE,4724500,"0119999,0122900,0159801,1031700,1042200,1051100,1052000,1064300,1065101,1065103,1071600,1091101,4623199,4631100,4633801,4637104,4721102,4789099,8211300",RUA,ROMEU MARTINS,446,,CENTRO,62700000,1355,17071170000160,1355,CANINDE,Canindé,Sertão de Canindé,CANINDE,COOPERATIVA SERTANEJA CEARENSE FAPE,Processo Enviado,OCB,22/07/2027,06/02/2025 15:13:33,23/05/2025 10:54:40,294.0,42.0,"97,62",COOPERATIVA SERTANEJA CEARENSE FAPE,Canindé,Processo Enviado,OCB,22/07/2027,06/02/2025 15:13:33,09/04/2025 15:02:14,294.0,42,"97,62",FAPE,4724500.0,"0119999,0122900,0159801,1031700,1042200,1051100,1052000,1064300,1065101,1065103,1071600,1091101,4623199,4631100,4633801,4637104,4721102,4789099,8211300",RUA,ROMEU MARTINS,446,,CENTRO,62700000.0,1355.0,"RUA ROMEU MARTINS, 446, CENTRO Canindé-CE","-4,3575962","-39,3146649"
454,1285431,"INSTITUTO DE ARTE, CULTURA, LAZER E EDUCAÇÃO","2,02406E+16",47292.0,"45449,74416",17071170000160,COOPERATIVA SERTANEJA CEARENSE - FAPE,Nota Fiscal,"Gêneros Alimentícios ( Proteínas, Carboidratos, Hortaliças, Sódios e Lipídios) 
",45450,Efetivada,17071170000160,17071170,1,60,1,FAPE,4724500,"0119999,0122900,0159801,1031700,1042200,1051100,1052000,1064300,1065101,1065103,1071600,1091101,4623199,4631100,4633801,4637104,4721102,4789099,8211300",RUA,ROMEU MARTINS,446,,CENTRO,62700000,1355,17071170000160,1355,CANINDE,Canindé,Sertão de Canindé,CANINDE,COOPERATIVA SERTANEJA CEARENSE FAPE,Processo Enviado,OCB,22/07/2027,06/02/2025 15:13:33,23/05/2025 10:54:40,294.0,42.0,"97,62",COOPERATIVA SERTANEJA CEARENSE FAPE,Canindé,Processo Enviado,OCB,22/07/2027,06/02/2025 15:13:33,09/04/2025 15:02:14,294.0,42,"97,62",FAPE,4724500.0,"0119999,0122900,0159801,1031700,1042200,1051100,1052000,1064300,1065101,1065103,1071600,1091101,4623199,4631100,4633801,4637104,4721102,4789099,8211300",RUA,ROMEU MARTINS,446,,CENTRO,62700000.0,1355.0,"RUA ROMEU MARTINS, 446, CENTRO Canindé-CE","-4,3575962","-39,3146649"
455,1285431,"INSTITUTO DE ARTE, CULTURA, LAZER E EDUCAÇÃO","2,02406E+16",75136.0,"45449,74361",17071170000160,COOPERATIVA SERTANEJA CEARENSE - FAPE,Nota Fiscal,"Gêneros Alimentícios ( Proteínas, Carboidratos, Hortaliças, Sódios e Lipídios) 
",45450,Efetivada,17071170000160,17071170,1,60,1,FAPE,4724500,"0119999,0122900,0159801,1031700,1042200,1051100,1052000,1064300,1065101,1065103,1071600,1091101,4623199,4631100,4633801,4637104,4721102,4789099,8211300",RUA,ROMEU MARTINS,446,,CENTRO,62700000,1355,17071170000160,1355,CANINDE,Canindé,Sertão de Canindé,CANINDE,COOPERATIVA SERTANEJA CEARENSE FAPE,Processo Enviado,OCB,22/07/2027,06/02/2025 15:13:33,23/05/2025 10:54:40,294.0,42.0,"97,62",COOPERATIVA SERTANEJA CEARENSE FAPE,Canindé,Processo Enviado,OCB,22/07/2027,06/02/2025 15:13:33,09/04/2025 15:02:14,294.0,42,"97,62",FAPE,4724500.0,"0119999,0122900,0159801,1031700,1042200,1051100,1052000,1064300,1065101,1065103,1071600,1091101,4623199,4631100,4633801,4637104,4721102,4789099,8211300",RUA,ROMEU MARTINS,446,,CENTRO,62700000.0,1355.0,"RUA ROMEU MARTINS, 446, CENTRO Canindé-CE","-4,3575962","-39,3146649"
456,1285431,"INSTITUTO DE ARTE, CULTURA, LAZER E EDUCAÇÃO","2,02406E+16",126037.0,"45449,74252",17071170000160,COOPERATIVA SERTANEJA CEARENSE - FAPE,Nota Fiscal,"Gêneros Alimentícios ( Proteínas, Carboidratos, Hortaliças, Sódios e Lipídios) 
",45450,Efetivada,17071170000160,17071170,1,60,1,FAPE,4724500,"0119999,0122900,0159801,1031700,1042200,1051100,1052000,1064300,1065101,1065103,1071600,1091101,4623199,4631100,4633801,4637104,4721102,4789099,8211300",RUA,ROMEU MARTINS,446,,CENTRO,62700000,1355,17071170000160,1355,CANINDE,Canindé,Sertão de Canindé,CANINDE,COOPERATIVA SERTANEJA CEARENSE FAPE,Processo Enviado,OCB,22/07/2027,06/02/2025 15:13:33,23/05/2025 10:54:40,294.0,42.0,"97,62",COOPERATIVA SERTANEJA CEARENSE FAPE,Canindé,Processo Enviado,OCB,22/07/2027,06/02/2025 15:13:33,09/04/2025 15:02:14,294.0,42,"97,62",FAPE,4724500.0,"0119999,0122900,0159801,1031700,1042200,1051100,1052000,1064300,1065101,1065103,1071600,1091101,4623199,4631100,4633801,4637104,4721102,4789099,8211300",RUA,ROMEU MARTINS,446,,CENTRO,62700000.0,1355.0,"RUA ROMEU MARTINS, 446, CENTRO Canindé-CE","-4,3575962","-39,3146649"
457,1285431,"INSTITUTO DE ARTE, CULTURA, LAZER E EDUCAÇÃO","2,02406E+16",37568.0,"45449,74309",17071170000160,COOPERATIVA SERTANEJA CEARENSE - FAPE,Nota Fiscal,"Gêneros Alimentícios ( Proteínas, Carboidratos, Hortaliças, Sódios e Lipídios) 
",45450,Efetivada,17071170000160,17071170,1,60,1,FAPE,4724500,"0119999,0122900,0159801,1031700,1042200,1051100,1052000,1064300,1065101,1065103,1071600,1091101,4623199,4631100,4633801,4637104,4721102,4789099,8211300",RUA,ROMEU MARTINS,446,,CENTRO,62700000,1355,17071170000160,1355,CANINDE,Canindé,Sertão de Canindé,CANINDE,COOPERATIVA SERTANEJA CEARENSE FAPE,Processo Enviado,OCB,22/07/2027,06/02/2025 15:13:33,23/05/2025 10:54:40,294.0,42.0,"97,62",COOPERATIVA SERTANEJA CEARENSE FAPE,Canindé,Processo Enviado,OCB,22/07/2027,06/02/2025 15:13:33,09/04/2025 15:02:14,294.0,42,"97,62",FAPE,4724500.0,"0119999,0122900,0159801,1031700,1042200,1051100,1052000,1064300,1065101,1065103,1071600,1091101,4623199,4631100,4633801,4637104,4721102,4789099,8211300",RUA,ROMEU MARTINS,446,,CENTRO,62700000.0,1355.0,"RUA ROMEU MARTINS, 446, CENTRO Canindé-CE","-4,3575962","-39,3146649"
458,1285431,"INSTITUTO DE ARTE, CULTURA, LAZER E EDUCAÇÃO","2,02406E+16",47482.0,"45450,44708",17071170000160,COOPERATIVA SERTANEJA CEARENSE - FAPE,Nota Fiscal,"Gêneros Alimentícios ( Proteínas, Carboidratos, Hortaliças, Sódios e Lipídios) 
",45453,Efetivada,17071170000160,17071170,1,60,1,FAPE,4724500,"0119999,0122900,0159801,1031700,1042200,1051100,1052000,1064300,1065101,1065103,1071600,1091101,4623199,4631100,4633801,4637104,4721102,4789099,8211300",RUA,ROMEU MARTINS,446,,CENTRO,62700000,1355,17071170000160,1355,CANINDE,Canindé,Sertão de Canindé,CANINDE,COOPERATIVA SERTANEJA CEARENSE FAPE,Processo Enviado,OCB,22/07/2027,06/02/2025 15:13:33,23/05/2025 10:54:40,294.0,42.0,"97,62",COOPERATIVA SERTANEJA CEARENSE FAPE,Canindé,Processo Enviado,OCB,22/07/2027,06/02/2025 15:13:33,09/04/2025 15:02:14,294.0,42,"97,62",FAPE,4724500.0,"0119999,0122900,0159801,1031700,1042200,1051100,1052000,1064300,1065101,1065103,1071600,1091101,4623199,4631100,4633801,4637104,4721102,4789099,8211300",RUA,ROMEU MARTINS,446,,CENTRO,62700000.0,1355.0,"RUA ROMEU MARTINS, 446, CENTRO Canindé-CE","-4,3575962","-39,3146649"
459,1285431,"INSTITUTO DE ARTE, CULTURA, LAZER E EDUCAÇÃO","2,02406E+16",75136.0,"45450,44565",17071170000160,COOPERATIVA SERTANEJA CEARENSE - FAPE,Nota Fiscal,"Gêneros Alimentícios ( Proteínas, Carboidratos, Hortaliças, Sódios e Lipídios) 
",45453,Efetivada,17071170000160,17071170,1,60,1,FAPE,4724500,"0119999,0122900,0159801,1031700,1042200,1051100,1052000,1064300,1065101,1065103,1071600,1091101,4623199,4631100,4633801,4637104,4721102,4789099,8211300",RUA,ROMEU MARTINS,446,,CENTRO,62700000,1355,17071170000160,1355,CANINDE,Canindé,Sertão de Canindé,CANINDE,COOPERATIVA SERTANEJA CEARENSE FAPE,Processo Enviado,OCB,22/07/2027,06/02/2025 15:13:33,23/05/2025 10:54:40,294.0,42.0,"97,62",COOPERATIVA SERTANEJA CEARENSE FAPE,Canindé,Processo Enviado,OCB,22/07/2027,06/02/2025 15:13:33,09/04/2025 15:02:14,294.0,42,"97,62",FAPE,4724500.0,"0119999,0122900,0159801,1031700,1042200,1051100,1052000,1064300,1065101,1065103,1071600,1091101,4623199,4631100,4633801,4637104,4721102,4789099,8211300",RUA,ROMEU MARTINS,446,,CENTRO,62700000.0,1355.0,"RUA ROMEU MARTINS, 446, CENTRO Canindé-CE","-4,3575962","-39,3146649"
460,1285431,"INSTITUTO DE ARTE, CULTURA, LAZER E EDUCAÇÃO","2,02406E+16",42768.0,"45469,49306",17071170000160,COOPERATIVA SERTANEJA CEARENSE - FAPE,Nota Fiscal,"Gêneros Alimentícios ( Proteínas, Carboidratos, Hortaliças, Sódios e Lipídios) 
",45470,Efetivada,17071170000160,17071170,1,60,1,FAPE,4724500,"0119999,0122900,0159801,1031700,1042200,1051100,1052000,1064300,1065101,1065103,1071600,1091101,4623199,4631100,4633801,4637104,4721102,4789099,8211300",RUA,ROMEU MARTINS,446,,CENTRO,62700000,1355,17071170000160,1355,CANINDE,Canindé,Sertão de Canindé,CANINDE,COOPERATIVA SERTANEJA CEARENSE FAPE,Processo Enviado,OCB,22/07/2027,06/02/2025 15:13:33,23/05/2025 10:54:40,294.0,42.0,"97,62",COOPERATIVA SERTANEJA CEARENSE FAPE,Canindé,Processo Enviado,OCB,22/07/2027,06/02/2025 15:13:33,09/04/2025 15:02:14,294.0,42,"97,62",FAPE,4724500.0,"0119999,0122900,0159801,1031700,1042200,1051100,1052000,1064300,1065101,1065103,1071600,1091101,4623199,4631100,4633801,4637104,4721102,4789099,8211300",RUA,ROMEU MARTINS,446,,CENTRO,62700000.0,1355.0,"RUA ROMEU MARTINS, 446, CENTRO Canindé-CE","-4,3575962","-39,3146649"
461,1285431,"INSTITUTO DE ARTE, CULTURA, LAZER E EDUCAÇÃO","2,02406E+16",92224.0,"45469,49369",17071170000160,COOPERATIVA SERTANEJA CEARENSE - FAPE,Nota Fiscal,"Gêneros Alimentícios ( Proteínas, Carboidratos, Hortaliças, Sódios e Lipídios) 
",45470,Efetivada,17071170000160,17071170,1,60,1,FAPE,4724500,"0119999,0122900,0159801,1031700,1042200,1051100,1052000,1064300,1065101,1065103,1071600,1091101,4623199,4631100,4633801,4637104,4721102,4789099,8211300",RUA,ROMEU MARTINS,446,,CENTRO,62700000,1355,17071170000160,1355,CANINDE,Canindé,Sertão de Canindé,CANINDE,COOPERATIVA SERTANEJA CEARENSE FAPE,Processo Enviado,OCB,22/07/2027,06/02/2025 15:13:33,23/05/2025 10:54:40,294.0,42.0,"97,62",COOPERATIVA SERTANEJA CEARENSE FAPE,Canindé,Processo Enviado,OCB,22/07/2027,06/02/2025 15:13:33,09/04/2025 15:02:14,294.0,42,"97,62",FAPE,4724500.0,"0119999,0122900,0159801,1031700,1042200,1051100,1052000,1064300,1065101,1065103,1071600,1091101,4623199,4631100,4633801,4637104,4721102,4789099,8211300",RUA,ROMEU MARTINS,446,,CENTRO,62700000.0,1355.0,"RUA ROMEU MARTINS, 446, CENTRO Canindé-CE","-4,3575962","-39,3146649"
462,1285431,"INSTITUTO DE ARTE, CULTURA, LAZER E EDUCAÇÃO","2,02406E+16",17118.0,"45469,49433",17071170000160,COOPERATIVA SERTANEJA CEARENSE - FAPE,Nota Fiscal,"Gêneros Alimentícios ( Proteínas, Carboidratos, Hortaliças, Sódios e Lipídios) 
",45470,Efetivada,17071170000160,17071170,1,60,1,FAPE,4724500,"0119999,0122900,0159801,1031700,1042200,1051100,1052000,1064300,1065101,1065103,1071600,1091101,4623199,4631100,4633801,4637104,4721102,4789099,8211300",RUA,ROMEU MARTINS,446,,CENTRO,62700000,1355,17071170000160,1355,CANINDE,Canindé,Sertão de Canindé,CANINDE,COOPERATIVA SERTANEJA CEARENSE FAPE,Processo Enviado,OCB,22/07/2027,06/02/2025 15:13:33,23/05/2025 10:54:40,294.0,42.0,"97,62",COOPERATIVA SERTANEJA CEARENSE FAPE,Canindé,Processo Enviado,OCB,22/07/2027,06/02/2025 15:13:33,09/04/2025 15:02:14,294.0,42,"97,62",FAPE,4724500.0,"0119999,0122900,0159801,1031700,1042200,1051100,1052000,1064300,1065101,1065103,1071600,1091101,4623199,4631100,4633801,4637104,4721102,4789099,8211300",RUA,ROMEU MARTINS,446,,CENTRO,62700000.0,1355.0,"RUA ROMEU MARTINS, 446, CENTRO Canindé-CE","-4,3575962","-39,3146649"
463,1285431,"INSTITUTO DE ARTE, CULTURA, LAZER E EDUCAÇÃO","2,02406E+16",34236.0,"45469,4949",17071170000160,COOPERATIVA SERTANEJA CEARENSE - FAPE,Nota Fiscal,"Gêneros Alimentícios ( Proteínas, Carboidratos, Hortaliças, Sódios e Lipídios) 
",45470,Efetivada,17071170000160,17071170,1,60,1,FAPE,4724500,"0119999,0122900,0159801,1031700,1042200,1051100,1052000,1064300,1065101,1065103,1071600,1091101,4623199,4631100,4633801,4637104,4721102,4789099,8211300",RUA,ROMEU MARTINS,446,,CENTRO,62700000,1355,17071170000160,1355,CANINDE,Canindé,Sertão de Canindé,CANINDE,COOPERATIVA SERTANEJA CEARENSE FAPE,Processo Enviado,OCB,22/07/2027,06/02/2025 15:13:33,23/05/2025 10:54:40,294.0,42.0,"97,62",COOPERATIVA SERTANEJA CEARENSE FAPE,Canindé,Processo Enviado,OCB,22/07/2027,06/02/2025 15:13:33,09/04/2025 15:02:14,294.0,42,"97,62",FAPE,4724500.0,"0119999,0122900,0159801,1031700,1042200,1051100,1052000,1064300,1065101,1065103,1071600,1091101,4623199,4631100,4633801,4637104,4721102,4789099,8211300",RUA,ROMEU MARTINS,446,,CENTRO,62700000.0,1355.0,"RUA ROMEU MARTINS, 446, CENTRO Canindé-CE","-4,3575962","-39,3146649"
464,1285431,"INSTITUTO DE ARTE, CULTURA, LAZER E EDUCAÇÃO","2,02406E+16",34456.0,"45469,49538",17071170000160,COOPERATIVA SERTANEJA CEARENSE - FAPE,Nota Fiscal,"Gêneros Alimentícios ( Proteínas, Carboidratos, Hortaliças, Sódios e Lipídios) 
",45470,Efetivada,17071170000160,17071170,1,60,1,FAPE,4724500,"0119999,0122900,0159801,1031700,1042200,1051100,1052000,1064300,1065101,1065103,1071600,1091101,4623199,4631100,4633801,4637104,4721102,4789099,8211300",RUA,ROMEU MARTINS,446,,CENTRO,62700000,1355,17071170000160,1355,CANINDE,Canindé,Sertão de Canindé,CANINDE,COOPERATIVA SERTANEJA CEARENSE FAPE,Processo Enviado,OCB,22/07/2027,06/02/2025 15:13:33,23/05/2025 10:54:40,294.0,42.0,"97,62",COOPERATIVA SERTANEJA CEARENSE FAPE,Canindé,Processo Enviado,OCB,22/07/2027,06/02/2025 15:13:33,09/04/2025 15:02:14,294.0,42,"97,62",FAPE,4724500.0,"0119999,0122900,0159801,1031700,1042200,1051100,1052000,1064300,1065101,1065103,1071600,1091101,4623199,4631100,4633801,4637104,4721102,4789099,8211300",RUA,ROMEU MARTINS,446,,CENTRO,62700000.0,1355.0,"RUA ROMEU MARTINS, 446, CENTRO Canindé-CE","-4,3575962","-39,3146649"
465,1285431,"INSTITUTO DE ARTE, CULTURA, LAZER E EDUCAÇÃO","2,02406E+16",34428.0,"45469,49596",17071170000160,COOPERATIVA SERTANEJA CEARENSE - FAPE,Nota Fiscal,"Gêneros Alimentícios ( Proteínas, Carboidratos, Hortaliças, Sódios e Lipídios) 
",45470,Efetivada,17071170000160,17071170,1,60,1,FAPE,4724500,"0119999,0122900,0159801,1031700,1042200,1051100,1052000,1064300,1065101,1065103,1071600,1091101,4623199,4631100,4633801,4637104,4721102,4789099,8211300",RUA,ROMEU MARTINS,446,,CENTRO,62700000,1355,17071170000160,1355,CANINDE,Canindé,Sertão de Canindé,CANINDE,COOPERATIVA SERTANEJA CEARENSE FAPE,Processo Enviado,OCB,22/07/2027,06/02/2025 15:13:33,23/05/2025 10:54:40,294.0,42.0,"97,62",COOPERATIVA SERTANEJA CEARENSE FAPE,Canindé,Processo Enviado,OCB,22/07/2027,06/02/2025 15:13:33,09/04/2025 15:02:14,294.0,42,"97,62",FAPE,4724500.0,"0119999,0122900,0159801,1031700,1042200,1051100,1052000,1064300,1065101,1065103,1071600,1091101,4623199,4631100,4633801,4637104,4721102,4789099,8211300",RUA,ROMEU MARTINS,446,,CENTRO,62700000.0,1355.0,"RUA ROMEU MARTINS, 446, CENTRO Canindé-CE","-4,3575962","-39,3146649"
466,1285431,"INSTITUTO DE ARTE, CULTURA, LAZER E EDUCAÇÃO","2,02408E+16",316206.0,"45506,65738",17071170000160,COOPERATIVA SERTANEJA CEARENSE - FAPE,Nota Fiscal,"Gêneros Alimentícios ( Proteínas, Carboidratos, Hortaliças, Sódios e Lipídios) 
",45509,Efetivada,17071170000160,17071170,1,60,1,FAPE,4724500,"0119999,0122900,0159801,1031700,1042200,1051100,1052000,1064300,1065101,1065103,1071600,1091101,4623199,4631100,4633801,4637104,4721102,4789099,8211300",RUA,ROMEU MARTINS,446,,CENTRO,62700000,1355,17071170000160,1355,CANINDE,Canindé,Sertão de Canindé,CANINDE,COOPERATIVA SERTANEJA CEARENSE FAPE,Processo Enviado,OCB,22/07/2027,06/02/2025 15:13:33,23/05/2025 10:54:40,294.0,42.0,"97,62",COOPERATIVA SERTANEJA CEARENSE FAPE,Canindé,Processo Enviado,OCB,22/07/2027,06/02/2025 15:13:33,09/04/2025 15:02:14,294.0,42,"97,62",FAPE,4724500.0,"0119999,0122900,0159801,1031700,1042200,1051100,1052000,1064300,1065101,1065103,1071600,1091101,4623199,4631100,4633801,4637104,4721102,4789099,8211300",RUA,ROMEU MARTINS,446,,CENTRO,62700000.0,1355.0,"RUA ROMEU MARTINS, 446, CENTRO Canindé-CE","-4,3575962","-39,3146649"
467,1285431,"INSTITUTO DE ARTE, CULTURA, LAZER E EDUCAÇÃO","2,02408E+16",216683.0,"45506,65654",17071170000160,COOPERATIVA SERTANEJA CEARENSE - FAPE,Nota Fiscal,"Gêneros Alimentícios ( Proteínas, Carboidratos, Hortaliças, Sódios e Lipídios) 
",45509,Efetivada,17071170000160,17071170,1,60,1,FAPE,4724500,"0119999,0122900,0159801,1031700,1042200,1051100,1052000,1064300,1065101,1065103,1071600,1091101,4623199,4631100,4633801,4637104,4721102,4789099,8211300",RUA,ROMEU MARTINS,446,,CENTRO,62700000,1355,17071170000160,1355,CANINDE,Canindé,Sertão de Canindé,CANINDE,COOPERATIVA SERTANEJA CEARENSE FAPE,Processo Enviado,OCB,22/07/2027,06/02/2025 15:13:33,23/05/2025 10:54:40,294.0,42.0,"97,62",COOPERATIVA SERTANEJA CEARENSE FAPE,Canindé,Processo Enviado,OCB,22/07/2027,06/02/2025 15:13:33,09/04/2025 15:02:14,294.0,42,"97,62",FAPE,4724500.0,"0119999,0122900,0159801,1031700,1042200,1051100,1052000,1064300,1065101,1065103,1071600,1091101,4623199,4631100,4633801,4637104,4721102,4789099,8211300",RUA,ROMEU MARTINS,446,,CENTRO,62700000.0,1355.0,"RUA ROMEU MARTINS, 446, CENTRO Canindé-CE","-4,3575962","-39,3146649"
468,1285431,"INSTITUTO DE ARTE, CULTURA, LAZER E EDUCAÇÃO","2,02408E+16",64454.0,"45506,65998",17071170000160,COOPERATIVA SERTANEJA CEARENSE - FAPE,Nota Fiscal,"Gêneros Alimentícios ( Proteínas, Carboidratos, Hortaliças, Sódios e Lipídios) 
",45509,Efetivada,17071170000160,17071170,1,60,1,FAPE,4724500,"0119999,0122900,0159801,1031700,1042200,1051100,1052000,1064300,1065101,1065103,1071600,1091101,4623199,4631100,4633801,4637104,4721102,4789099,8211300",RUA,ROMEU MARTINS,446,,CENTRO,62700000,1355,17071170000160,1355,CANINDE,Canindé,Sertão de Canindé,CANINDE,COOPERATIVA SERTANEJA CEARENSE FAPE,Processo Enviado,OCB,22/07/2027,06/02/2025 15:13:33,23/05/2025 10:54:40,294.0,42.0,"97,62",COOPERATIVA SERTANEJA CEARENSE FAPE,Canindé,Processo Enviado,OCB,22/07/2027,06/02/2025 15:13:33,09/04/2025 15:02:14,294.0,42,"97,62",FAPE,4724500.0,"0119999,0122900,0159801,1031700,1042200,1051100,1052000,1064300,1065101,1065103,1071600,1091101,4623199,4631100,4633801,4637104,4721102,4789099,8211300",RUA,ROMEU MARTINS,446,,CENTRO,62700000.0,1355.0,"RUA ROMEU MARTINS, 446, CENTRO Canindé-CE","-4,3575962","-39,3146649"
469,1285431,"INSTITUTO DE ARTE, CULTURA, LAZER E EDUCAÇÃO","2,02408E+16",155641.0,"45506,65832",17071170000160,COOPERATIVA SERTANEJA CEARENSE - FAPE,Nota Fiscal,"Gêneros Alimentícios ( Proteínas, Carboidratos, Hortaliças, Sódios e Lipídios) 
",45509,Efetivada,17071170000160,17071170,1,60,1,FAPE,4724500,"0119999,0122900,0159801,1031700,1042200,1051100,1052000,1064300,1065101,1065103,1071600,1091101,4623199,4631100,4633801,4637104,4721102,4789099,8211300",RUA,ROMEU MARTINS,446,,CENTRO,62700000,1355,17071170000160,1355,CANINDE,Canindé,Sertão de Canindé,CANINDE,COOPERATIVA SERTANEJA CEARENSE FAPE,Processo Enviado,OCB,22/07/2027,06/02/2025 15:13:33,23/05/2025 10:54:40,294.0,42.0,"97,62",COOPERATIVA SERTANEJA CEARENSE FAPE,Canindé,Processo Enviado,OCB,22/07/2027,06/02/2025 15:13:33,09/04/2025 15:02:14,294.0,42,"97,62",FAPE,4724500.0,"0119999,0122900,0159801,1031700,1042200,1051100,1052000,1064300,1065101,1065103,1071600,1091101,4623199,4631100,4633801,4637104,4721102,4789099,8211300",RUA,ROMEU MARTINS,446,,CENTRO,62700000.0,1355.0,"RUA ROMEU MARTINS, 446, CENTRO Canindé-CE","-4,3575962","-39,3146649"
470,1285431,"INSTITUTO DE ARTE, CULTURA, LAZER E EDUCAÇÃO","2,02408E+16",96221.0,"45506,65913",17071170000160,COOPERATIVA SERTANEJA CEARENSE - FAPE,Nota Fiscal,"Gêneros Alimentícios ( Proteínas, Carboidratos, Hortaliças, Sódios e Lipídios) 
",45509,Efetivada,17071170000160,17071170,1,60,1,FAPE,4724500,"0119999,0122900,0159801,1031700,1042200,1051100,1052000,1064300,1065101,1065103,1071600,1091101,4623199,4631100,4633801,4637104,4721102,4789099,8211300",RUA,ROMEU MARTINS,446,,CENTRO,62700000,1355,17071170000160,1355,CANINDE,Canindé,Sertão de Canindé,CANINDE,COOPERATIVA SERTANEJA CEARENSE FAPE,Processo Enviado,OCB,22/07/2027,06/02/2025 15:13:33,23/05/2025 10:54:40,294.0,42.0,"97,62",COOPERATIVA SERTANEJA CEARENSE FAPE,Canindé,Processo Enviado,OCB,22/07/2027,06/02/2025 15:13:33,09/04/2025 15:02:14,294.0,42,"97,62",FAPE,4724500.0,"0119999,0122900,0159801,1031700,1042200,1051100,1052000,1064300,1065101,1065103,1071600,1091101,4623199,4631100,4633801,4637104,4721102,4789099,8211300",RUA,ROMEU MARTINS,446,,CENTRO,62700000.0,1355.0,"RUA ROMEU MARTINS, 446, CENTRO Canindé-CE","-4,3575962","-39,3146649"
471,1285431,"INSTITUTO DE ARTE, CULTURA, LAZER E EDUCAÇÃO","2,02408E+16",128908.0,"45506,6494",17071170000160,COOPERATIVA SERTANEJA CEARENSE - FAPE,Nota Fiscal,"Gêneros Alimentícios ( Proteínas, Carboidratos, Hortaliças, Sódios e Lipídios) 
",45509,Efetivada,17071170000160,17071170,1,60,1,FAPE,4724500,"0119999,0122900,0159801,1031700,1042200,1051100,1052000,1064300,1065101,1065103,1071600,1091101,4623199,4631100,4633801,4637104,4721102,4789099,8211300",RUA,ROMEU MARTINS,446,,CENTRO,62700000,1355,17071170000160,1355,CANINDE,Canindé,Sertão de Canindé,CANINDE,COOPERATIVA SERTANEJA CEARENSE FAPE,Processo Enviado,OCB,22/07/2027,06/02/2025 15:13:33,23/05/2025 10:54:40,294.0,42.0,"97,62",COOPERATIVA SERTANEJA CEARENSE FAPE,Canindé,Processo Enviado,OCB,22/07/2027,06/02/2025 15:13:33,09/04/2025 15:02:14,294.0,42,"97,62",FAPE,4724500.0,"0119999,0122900,0159801,1031700,1042200,1051100,1052000,1064300,1065101,1065103,1071600,1091101,4623199,4631100,4633801,4637104,4721102,4789099,8211300",RUA,ROMEU MARTINS,446,,CENTRO,62700000.0,1355.0,"RUA ROMEU MARTINS, 446, CENTRO Canindé-CE","-4,3575962","-39,3146649"
472,1285431,"INSTITUTO DE ARTE, CULTURA, LAZER E EDUCAÇÃO","2,02408E+16",121532.0,"45534,7236",17071170000160,COOPERATIVA SERTANEJA CEARENSE - FAPE,Nota Fiscal,"Gêneros Alimentícios ( Proteínas, Carboidratos, Hortaliças, Sódios e Lipídios) 
",45537,Efetivada,17071170000160,17071170,1,60,1,FAPE,4724500,"0119999,0122900,0159801,1031700,1042200,1051100,1052000,1064300,1065101,1065103,1071600,1091101,4623199,4631100,4633801,4637104,4721102,4789099,8211300",RUA,ROMEU MARTINS,446,,CENTRO,62700000,1355,17071170000160,1355,CANINDE,Canindé,Sertão de Canindé,CANINDE,COOPERATIVA SERTANEJA CEARENSE FAPE,Processo Enviado,OCB,22/07/2027,06/02/2025 15:13:33,23/05/2025 10:54:40,294.0,42.0,"97,62",COOPERATIVA SERTANEJA CEARENSE FAPE,Canindé,Processo Enviado,OCB,22/07/2027,06/02/2025 15:13:33,09/04/2025 15:02:14,294.0,42,"97,62",FAPE,4724500.0,"0119999,0122900,0159801,1031700,1042200,1051100,1052000,1064300,1065101,1065103,1071600,1091101,4623199,4631100,4633801,4637104,4721102,4789099,8211300",RUA,ROMEU MARTINS,446,,CENTRO,62700000.0,1355.0,"RUA ROMEU MARTINS, 446, CENTRO Canindé-CE","-4,3575962","-39,3146649"
473,1285431,"INSTITUTO DE ARTE, CULTURA, LAZER E EDUCAÇÃO","2,02408E+16",91314.0,"45534,72396",17071170000160,COOPERATIVA SERTANEJA CEARENSE - FAPE,Nota Fiscal,"Gêneros Alimentícios ( Proteínas, Carboidratos, Hortaliças, Sódios e Lipídios) 
",45537,Efetivada,17071170000160,17071170,1,60,1,FAPE,4724500,"0119999,0122900,0159801,1031700,1042200,1051100,1052000,1064300,1065101,1065103,1071600,1091101,4623199,4631100,4633801,4637104,4721102,4789099,8211300",RUA,ROMEU MARTINS,446,,CENTRO,62700000,1355,17071170000160,1355,CANINDE,Canindé,Sertão de Canindé,CANINDE,COOPERATIVA SERTANEJA CEARENSE FAPE,Processo Enviado,OCB,22/07/2027,06/02/2025 15:13:33,23/05/2025 10:54:40,294.0,42.0,"97,62",COOPERATIVA SERTANEJA CEARENSE FAPE,Canindé,Processo Enviado,OCB,22/07/2027,06/02/2025 15:13:33,09/04/2025 15:02:14,294.0,42,"97,62",FAPE,4724500.0,"0119999,0122900,0159801,1031700,1042200,1051100,1052000,1064300,1065101,1065103,1071600,1091101,4623199,4631100,4633801,4637104,4721102,4789099,8211300",RUA,ROMEU MARTINS,446,,CENTRO,62700000.0,1355.0,"RUA ROMEU MARTINS, 446, CENTRO Canindé-CE","-4,3575962","-39,3146649"
474,1285431,"INSTITUTO DE ARTE, CULTURA, LAZER E EDUCAÇÃO","2,02408E+16",60876.0,"45534,72453",17071170000160,COOPERATIVA SERTANEJA CEARENSE - FAPE,Nota Fiscal,"Gêneros Alimentícios ( Proteínas, Carboidratos, Hortaliças, Sódios e Lipídios) 
",45537,Efetivada,17071170000160,17071170,1,60,1,FAPE,4724500,"0119999,0122900,0159801,1031700,1042200,1051100,1052000,1064300,1065101,1065103,1071600,1091101,4623199,4631100,4633801,4637104,4721102,4789099,8211300",RUA,ROMEU MARTINS,446,,CENTRO,62700000,1355,17071170000160,1355,CANINDE,Canindé,Sertão de Canindé,CANINDE,COOPERATIVA SERTANEJA CEARENSE FAPE,Processo Enviado,OCB,22/07/2027,06/02/2025 15:13:33,23/05/2025 10:54:40,294.0,42.0,"97,62",COOPERATIVA SERTANEJA CEARENSE FAPE,Canindé,Processo Enviado,OCB,22/07/2027,06/02/2025 15:13:33,09/04/2025 15:02:14,294.0,42,"97,62",FAPE,4724500.0,"0119999,0122900,0159801,1031700,1042200,1051100,1052000,1064300,1065101,1065103,1071600,1091101,4623199,4631100,4633801,4637104,4721102,4789099,8211300",RUA,ROMEU MARTINS,446,,CENTRO,62700000.0,1355.0,"RUA ROMEU MARTINS, 446, CENTRO Canindé-CE","-4,3575962","-39,3146649"
475,1285431,"INSTITUTO DE ARTE, CULTURA, LAZER E EDUCAÇÃO","2,02409E+16",41170.0,"45540,67752",17071170000160,COOPERATIVA SERTANEJA CEARENSE - FAPE,Nota Fiscal,"Gêneros Alimentícios ( Proteínas, Carboidratos, Hortaliças, Sódios e Lipídios) 
",45541,Efetivada,17071170000160,17071170,1,60,1,FAPE,4724500,"0119999,0122900,0159801,1031700,1042200,1051100,1052000,1064300,1065101,1065103,1071600,1091101,4623199,4631100,4633801,4637104,4721102,4789099,8211300",RUA,ROMEU MARTINS,446,,CENTRO,62700000,1355,17071170000160,1355,CANINDE,Canindé,Sertão de Canindé,CANINDE,COOPERATIVA SERTANEJA CEARENSE FAPE,Processo Enviado,OCB,22/07/2027,06/02/2025 15:13:33,23/05/2025 10:54:40,294.0,42.0,"97,62",COOPERATIVA SERTANEJA CEARENSE FAPE,Canindé,Processo Enviado,OCB,22/07/2027,06/02/2025 15:13:33,09/04/2025 15:02:14,294.0,42,"97,62",FAPE,4724500.0,"0119999,0122900,0159801,1031700,1042200,1051100,1052000,1064300,1065101,1065103,1071600,1091101,4623199,4631100,4633801,4637104,4721102,4789099,8211300",RUA,ROMEU MARTINS,446,,CENTRO,62700000.0,1355.0,"RUA ROMEU MARTINS, 446, CENTRO Canindé-CE","-4,3575962","-39,3146649"
476,1285431,"INSTITUTO DE ARTE, CULTURA, LAZER E EDUCAÇÃO","2,02409E+16",174400.0,"45540,67794",17071170000160,COOPERATIVA SERTANEJA CEARENSE - FAPE,Nota Fiscal,"Gêneros Alimentícios ( Proteínas, Carboidratos, Hortaliças, Sódios e Lipídios) 
",45541,Efetivada,17071170000160,17071170,1,60,1,FAPE,4724500,"0119999,0122900,0159801,1031700,1042200,1051100,1052000,1064300,1065101,1065103,1071600,1091101,4623199,4631100,4633801,4637104,4721102,4789099,8211300",RUA,ROMEU MARTINS,446,,CENTRO,62700000,1355,17071170000160,1355,CANINDE,Canindé,Sertão de Canindé,CANINDE,COOPERATIVA SERTANEJA CEARENSE FAPE,Processo Enviado,OCB,22/07/2027,06/02/2025 15:13:33,23/05/2025 10:54:40,294.0,42.0,"97,62",COOPERATIVA SERTANEJA CEARENSE FAPE,Canindé,Processo Enviado,OCB,22/07/2027,06/02/2025 15:13:33,09/04/2025 15:02:14,294.0,42,"97,62",FAPE,4724500.0,"0119999,0122900,0159801,1031700,1042200,1051100,1052000,1064300,1065101,1065103,1071600,1091101,4623199,4631100,4633801,4637104,4721102,4789099,8211300",RUA,ROMEU MARTINS,446,,CENTRO,62700000.0,1355.0,"RUA ROMEU MARTINS, 446, CENTRO Canindé-CE","-4,3575962","-39,3146649"
477,1285431,"INSTITUTO DE ARTE, CULTURA, LAZER E EDUCAÇÃO","2,02409E+16",29700.0,"45540,67877",17071170000160,COOPERATIVA SERTANEJA CEARENSE - FAPE,Nota Fiscal,"Gêneros Alimentícios ( Proteínas, Carboidratos, Hortaliças, Sódios e Lipídios) 
",45541,Efetivada,17071170000160,17071170,1,60,1,FAPE,4724500,"0119999,0122900,0159801,1031700,1042200,1051100,1052000,1064300,1065101,1065103,1071600,1091101,4623199,4631100,4633801,4637104,4721102,4789099,8211300",RUA,ROMEU MARTINS,446,,CENTRO,62700000,1355,17071170000160,1355,CANINDE,Canindé,Sertão de Canindé,CANINDE,COOPERATIVA SERTANEJA CEARENSE FAPE,Processo Enviado,OCB,22/07/2027,06/02/2025 15:13:33,23/05/2025 10:54:40,294.0,42.0,"97,62",COOPERATIVA SERTANEJA CEARENSE FAPE,Canindé,Processo Enviado,OCB,22/07/2027,06/02/2025 15:13:33,09/04/2025 15:02:14,294.0,42,"97,62",FAPE,4724500.0,"0119999,0122900,0159801,1031700,1042200,1051100,1052000,1064300,1065101,1065103,1071600,1091101,4623199,4631100,4633801,4637104,4721102,4789099,8211300",RUA,ROMEU MARTINS,446,,CENTRO,62700000.0,1355.0,"RUA ROMEU MARTINS, 446, CENTRO Canindé-CE","-4,3575962","-39,3146649"
478,1285431,"INSTITUTO DE ARTE, CULTURA, LAZER E EDUCAÇÃO","2,0241E+16",129540.0,"45568,47612",17071170000160,COOPERATIVA SERTANEJA CEARENSE - FAPE,Nota Fiscal,"Gêneros Alimentícios ( Proteínas, Carboidratos, Hortaliças, Sódios e Lipídios) 
",45569,Efetivada,17071170000160,17071170,1,60,1,FAPE,4724500,"0119999,0122900,0159801,1031700,1042200,1051100,1052000,1064300,1065101,1065103,1071600,1091101,4623199,4631100,4633801,4637104,4721102,4789099,8211300",RUA,ROMEU MARTINS,446,,CENTRO,62700000,1355,17071170000160,1355,CANINDE,Canindé,Sertão de Canindé,CANINDE,COOPERATIVA SERTANEJA CEARENSE FAPE,Processo Enviado,OCB,22/07/2027,06/02/2025 15:13:33,23/05/2025 10:54:40,294.0,42.0,"97,62",COOPERATIVA SERTANEJA CEARENSE FAPE,Canindé,Processo Enviado,OCB,22/07/2027,06/02/2025 15:13:33,09/04/2025 15:02:14,294.0,42,"97,62",FAPE,4724500.0,"0119999,0122900,0159801,1031700,1042200,1051100,1052000,1064300,1065101,1065103,1071600,1091101,4623199,4631100,4633801,4637104,4721102,4789099,8211300",RUA,ROMEU MARTINS,446,,CENTRO,62700000.0,1355.0,"RUA ROMEU MARTINS, 446, CENTRO Canindé-CE","-4,3575962","-39,3146649"
479,1285431,"INSTITUTO DE ARTE, CULTURA, LAZER E EDUCAÇÃO","2,0241E+16",477305.0,"45569,47752",17071170000160,COOPERATIVA SERTANEJA CEARENSE - FAPE,Nota Fiscal,"Gêneros Alimentícios ( Proteínas, Carboidratos, Hortaliças, Sódios e Lipídios) 
",45572,Efetivada,17071170000160,17071170,1,60,1,FAPE,4724500,"0119999,0122900,0159801,1031700,1042200,1051100,1052000,1064300,1065101,1065103,1071600,1091101,4623199,4631100,4633801,4637104,4721102,4789099,8211300",RUA,ROMEU MARTINS,446,,CENTRO,62700000,1355,17071170000160,1355,CANINDE,Canindé,Sertão de Canindé,CANINDE,COOPERATIVA SERTANEJA CEARENSE FAPE,Processo Enviado,OCB,22/07/2027,06/02/2025 15:13:33,23/05/2025 10:54:40,294.0,42.0,"97,62",COOPERATIVA SERTANEJA CEARENSE FAPE,Canindé,Processo Enviado,OCB,22/07/2027,06/02/2025 15:13:33,09/04/2025 15:02:14,294.0,42,"97,62",FAPE,4724500.0,"0119999,0122900,0159801,1031700,1042200,1051100,1052000,1064300,1065101,1065103,1071600,1091101,4623199,4631100,4633801,4637104,4721102,4789099,8211300",RUA,ROMEU MARTINS,446,,CENTRO,62700000.0,1355.0,"RUA ROMEU MARTINS, 446, CENTRO Canindé-CE","-4,3575962","-39,3146649"
480,1285431,"INSTITUTO DE ARTE, CULTURA, LAZER E EDUCAÇÃO","2,0241E+16",990305.0,"45569,49485",17071170000160,COOPERATIVA SERTANEJA CEARENSE - FAPE,Nota Fiscal,"Gêneros Alimentícios ( Proteínas, Carboidratos, Hortaliças, Sódios e Lipídios) 
",45572,Efetivada,17071170000160,17071170,1,60,1,FAPE,4724500,"0119999,0122900,0159801,1031700,1042200,1051100,1052000,1064300,1065101,1065103,1071600,1091101,4623199,4631100,4633801,4637104,4721102,4789099,8211300",RUA,ROMEU MARTINS,446,,CENTRO,62700000,1355,17071170000160,1355,CANINDE,Canindé,Sertão de Canindé,CANINDE,COOPERATIVA SERTANEJA CEARENSE FAPE,Processo Enviado,OCB,22/07/2027,06/02/2025 15:13:33,23/05/2025 10:54:40,294.0,42.0,"97,62",COOPERATIVA SERTANEJA CEARENSE FAPE,Canindé,Processo Enviado,OCB,22/07/2027,06/02/2025 15:13:33,09/04/2025 15:02:14,294.0,42,"97,62",FAPE,4724500.0,"0119999,0122900,0159801,1031700,1042200,1051100,1052000,1064300,1065101,1065103,1071600,1091101,4623199,4631100,4633801,4637104,4721102,4789099,8211300",RUA,ROMEU MARTINS,446,,CENTRO,62700000.0,1355.0,"RUA ROMEU MARTINS, 446, CENTRO Canindé-CE","-4,3575962","-39,3146649"
481,1285431,"INSTITUTO DE ARTE, CULTURA, LAZER E EDUCAÇÃO","2,0241E+16",74855.0,"45569,49574",17071170000160,COOPERATIVA SERTANEJA CEARENSE - FAPE,Nota Fiscal,"Gêneros Alimentícios ( Proteínas, Carboidratos, Hortaliças, Sódios e Lipídios) 
",45572,Efetivada,17071170000160,17071170,1,60,1,FAPE,4724500,"0119999,0122900,0159801,1031700,1042200,1051100,1052000,1064300,1065101,1065103,1071600,1091101,4623199,4631100,4633801,4637104,4721102,4789099,8211300",RUA,ROMEU MARTINS,446,,CENTRO,62700000,1355,17071170000160,1355,CANINDE,Canindé,Sertão de Canindé,CANINDE,COOPERATIVA SERTANEJA CEARENSE FAPE,Processo Enviado,OCB,22/07/2027,06/02/2025 15:13:33,23/05/2025 10:54:40,294.0,42.0,"97,62",COOPERATIVA SERTANEJA CEARENSE FAPE,Canindé,Processo Enviado,OCB,22/07/2027,06/02/2025 15:13:33,09/04/2025 15:02:14,294.0,42,"97,62",FAPE,4724500.0,"0119999,0122900,0159801,1031700,1042200,1051100,1052000,1064300,1065101,1065103,1071600,1091101,4623199,4631100,4633801,4637104,4721102,4789099,8211300",RUA,ROMEU MARTINS,446,,CENTRO,62700000.0,1355.0,"RUA ROMEU MARTINS, 446, CENTRO Canindé-CE","-4,3575962","-39,3146649"
482,1285431,"INSTITUTO DE ARTE, CULTURA, LAZER E EDUCAÇÃO","2,0241E+16",49519.0,"45569,50052",17071170000160,COOPERATIVA SERTANEJA CEARENSE - FAPE,Nota Fiscal,"Gêneros Alimentícios ( Proteínas, Carboidratos, Hortaliças, Sódios e Lipídios) 
",45572,Efetivada,17071170000160,17071170,1,60,1,FAPE,4724500,"0119999,0122900,0159801,1031700,1042200,1051100,1052000,1064300,1065101,1065103,1071600,1091101,4623199,4631100,4633801,4637104,4721102,4789099,8211300",RUA,ROMEU MARTINS,446,,CENTRO,62700000,1355,17071170000160,1355,CANINDE,Canindé,Sertão de Canindé,CANINDE,COOPERATIVA SERTANEJA CEARENSE FAPE,Processo Enviado,OCB,22/07/2027,06/02/2025 15:13:33,23/05/2025 10:54:40,294.0,42.0,"97,62",COOPERATIVA SERTANEJA CEARENSE FAPE,Canindé,Processo Enviado,OCB,22/07/2027,06/02/2025 15:13:33,09/04/2025 15:02:14,294.0,42,"97,62",FAPE,4724500.0,"0119999,0122900,0159801,1031700,1042200,1051100,1052000,1064300,1065101,1065103,1071600,1091101,4623199,4631100,4633801,4637104,4721102,4789099,8211300",RUA,ROMEU MARTINS,446,,CENTRO,62700000.0,1355.0,"RUA ROMEU MARTINS, 446, CENTRO Canindé-CE","-4,3575962","-39,3146649"
483,1285431,"INSTITUTO DE ARTE, CULTURA, LAZER E EDUCAÇÃO","2,0241E+16",68899.0,"45569,50083",17071170000160,COOPERATIVA SERTANEJA CEARENSE - FAPE,Nota Fiscal,"Gêneros Alimentícios ( Proteínas, Carboidratos, Hortaliças, Sódios e Lipídios) 
",45572,Efetivada,17071170000160,17071170,1,60,1,FAPE,4724500,"0119999,0122900,0159801,1031700,1042200,1051100,1052000,1064300,1065101,1065103,1071600,1091101,4623199,4631100,4633801,4637104,4721102,4789099,8211300",RUA,ROMEU MARTINS,446,,CENTRO,62700000,1355,17071170000160,1355,CANINDE,Canindé,Sertão de Canindé,CANINDE,COOPERATIVA SERTANEJA CEARENSE FAPE,Processo Enviado,OCB,22/07/2027,06/02/2025 15:13:33,23/05/2025 10:54:40,294.0,42.0,"97,62",COOPERATIVA SERTANEJA CEARENSE FAPE,Canindé,Processo Enviado,OCB,22/07/2027,06/02/2025 15:13:33,09/04/2025 15:02:14,294.0,42,"97,62",FAPE,4724500.0,"0119999,0122900,0159801,1031700,1042200,1051100,1052000,1064300,1065101,1065103,1071600,1091101,4623199,4631100,4633801,4637104,4721102,4789099,8211300",RUA,ROMEU MARTINS,446,,CENTRO,62700000.0,1355.0,"RUA ROMEU MARTINS, 446, CENTRO Canindé-CE","-4,3575962","-39,3146649"
484,1285431,"INSTITUTO DE ARTE, CULTURA, LAZER E EDUCAÇÃO","2,0241E+16",918375.0,"45569,5033",17071170000160,COOPERATIVA SERTANEJA CEARENSE - FAPE,Nota Fiscal,"Gêneros Alimentícios ( Proteínas, Carboidratos, Hortaliças, Sódios e Lipídios) 
",45572,Efetivada,17071170000160,17071170,1,60,1,FAPE,4724500,"0119999,0122900,0159801,1031700,1042200,1051100,1052000,1064300,1065101,1065103,1071600,1091101,4623199,4631100,4633801,4637104,4721102,4789099,8211300",RUA,ROMEU MARTINS,446,,CENTRO,62700000,1355,17071170000160,1355,CANINDE,Canindé,Sertão de Canindé,CANINDE,COOPERATIVA SERTANEJA CEARENSE FAPE,Processo Enviado,OCB,22/07/2027,06/02/2025 15:13:33,23/05/2025 10:54:40,294.0,42.0,"97,62",COOPERATIVA SERTANEJA CEARENSE FAPE,Canindé,Processo Enviado,OCB,22/07/2027,06/02/2025 15:13:33,09/04/2025 15:02:14,294.0,42,"97,62",FAPE,4724500.0,"0119999,0122900,0159801,1031700,1042200,1051100,1052000,1064300,1065101,1065103,1071600,1091101,4623199,4631100,4633801,4637104,4721102,4789099,8211300",RUA,ROMEU MARTINS,446,,CENTRO,62700000.0,1355.0,"RUA ROMEU MARTINS, 446, CENTRO Canindé-CE","-4,3575962","-39,3146649"
485,1285431,"INSTITUTO DE ARTE, CULTURA, LAZER E EDUCAÇÃO","2,0241E+16",321974.0,"45595,67359",17071170000160,COOPERATIVA SERTANEJA CEARENSE - FAPE,Nota Fiscal,"Gêneros Alimentícios ( Proteínas, Carboidratos, Hortaliças, Sódios e Lipídios) 
",45596,Efetivada,17071170000160,17071170,1,60,1,FAPE,4724500,"0119999,0122900,0159801,1031700,1042200,1051100,1052000,1064300,1065101,1065103,1071600,1091101,4623199,4631100,4633801,4637104,4721102,4789099,8211300",RUA,ROMEU MARTINS,446,,CENTRO,62700000,1355,17071170000160,1355,CANINDE,Canindé,Sertão de Canindé,CANINDE,COOPERATIVA SERTANEJA CEARENSE FAPE,Processo Enviado,OCB,22/07/2027,06/02/2025 15:13:33,23/05/2025 10:54:40,294.0,42.0,"97,62",COOPERATIVA SERTANEJA CEARENSE FAPE,Canindé,Processo Enviado,OCB,22/07/2027,06/02/2025 15:13:33,09/04/2025 15:02:14,294.0,42,"97,62",FAPE,4724500.0,"0119999,0122900,0159801,1031700,1042200,1051100,1052000,1064300,1065101,1065103,1071600,1091101,4623199,4631100,4633801,4637104,4721102,4789099,8211300",RUA,ROMEU MARTINS,446,,CENTRO,62700000.0,1355.0,"RUA ROMEU MARTINS, 446, CENTRO Canindé-CE","-4,3575962","-39,3146649"
486,1285431,"INSTITUTO DE ARTE, CULTURA, LAZER E EDUCAÇÃO","2,0241E+16",435106.0,"45595,67861",17071170000160,COOPERATIVA SERTANEJA CEARENSE - FAPE,Nota Fiscal,"Gêneros Alimentícios ( Proteínas, Carboidratos, Hortaliças, Sódios e Lipídios) 
",45596,Efetivada,17071170000160,17071170,1,60,1,FAPE,4724500,"0119999,0122900,0159801,1031700,1042200,1051100,1052000,1064300,1065101,1065103,1071600,1091101,4623199,4631100,4633801,4637104,4721102,4789099,8211300",RUA,ROMEU MARTINS,446,,CENTRO,62700000,1355,17071170000160,1355,CANINDE,Canindé,Sertão de Canindé,CANINDE,COOPERATIVA SERTANEJA CEARENSE FAPE,Processo Enviado,OCB,22/07/2027,06/02/2025 15:13:33,23/05/2025 10:54:40,294.0,42.0,"97,62",COOPERATIVA SERTANEJA CEARENSE FAPE,Canindé,Processo Enviado,OCB,22/07/2027,06/02/2025 15:13:33,09/04/2025 15:02:14,294.0,42,"97,62",FAPE,4724500.0,"0119999,0122900,0159801,1031700,1042200,1051100,1052000,1064300,1065101,1065103,1071600,1091101,4623199,4631100,4633801,4637104,4721102,4789099,8211300",RUA,ROMEU MARTINS,446,,CENTRO,62700000.0,1355.0,"RUA ROMEU MARTINS, 446, CENTRO Canindé-CE","-4,3575962","-39,3146649"
487,1285431,"INSTITUTO DE ARTE, CULTURA, LAZER E EDUCAÇÃO","2,0241E+16",194538.0,"45595,6877",17071170000160,COOPERATIVA SERTANEJA CEARENSE - FAPE,Nota Fiscal,"Gêneros Alimentícios ( Proteínas, Carboidratos, Hortaliças, Sódios e Lipídios) 
",45596,Efetivada,17071170000160,17071170,1,60,1,FAPE,4724500,"0119999,0122900,0159801,1031700,1042200,1051100,1052000,1064300,1065101,1065103,1071600,1091101,4623199,4631100,4633801,4637104,4721102,4789099,8211300",RUA,ROMEU MARTINS,446,,CENTRO,62700000,1355,17071170000160,1355,CANINDE,Canindé,Sertão de Canindé,CANINDE,COOPERATIVA SERTANEJA CEARENSE FAPE,Processo Enviado,OCB,22/07/2027,06/02/2025 15:13:33,23/05/2025 10:54:40,294.0,42.0,"97,62",COOPERATIVA SERTANEJA CEARENSE FAPE,Canindé,Processo Enviado,OCB,22/07/2027,06/02/2025 15:13:33,09/04/2025 15:02:14,294.0,42,"97,62",FAPE,4724500.0,"0119999,0122900,0159801,1031700,1042200,1051100,1052000,1064300,1065101,1065103,1071600,1091101,4623199,4631100,4633801,4637104,4721102,4789099,8211300",RUA,ROMEU MARTINS,446,,CENTRO,62700000.0,1355.0,"RUA ROMEU MARTINS, 446, CENTRO Canindé-CE","-4,3575962","-39,3146649"
488,1285431,"INSTITUTO DE ARTE, CULTURA, LAZER E EDUCAÇÃO","2,0241E+16",246436.0,"45595,6884",17071170000160,COOPERATIVA SERTANEJA CEARENSE - FAPE,Nota Fiscal,"Gêneros Alimentícios ( Proteínas, Carboidratos, Hortaliças, Sódios e Lipídios) 
",45596,Efetivada,17071170000160,17071170,1,60,1,FAPE,4724500,"0119999,0122900,0159801,1031700,1042200,1051100,1052000,1064300,1065101,1065103,1071600,1091101,4623199,4631100,4633801,4637104,4721102,4789099,8211300",RUA,ROMEU MARTINS,446,,CENTRO,62700000,1355,17071170000160,1355,CANINDE,Canindé,Sertão de Canindé,CANINDE,COOPERATIVA SERTANEJA CEARENSE FAPE,Processo Enviado,OCB,22/07/2027,06/02/2025 15:13:33,23/05/2025 10:54:40,294.0,42.0,"97,62",COOPERATIVA SERTANEJA CEARENSE FAPE,Canindé,Processo Enviado,OCB,22/07/2027,06/02/2025 15:13:33,09/04/2025 15:02:14,294.0,42,"97,62",FAPE,4724500.0,"0119999,0122900,0159801,1031700,1042200,1051100,1052000,1064300,1065101,1065103,1071600,1091101,4623199,4631100,4633801,4637104,4721102,4789099,8211300",RUA,ROMEU MARTINS,446,,CENTRO,62700000.0,1355.0,"RUA ROMEU MARTINS, 446, CENTRO Canindé-CE","-4,3575962","-39,3146649"
489,1285431,"INSTITUTO DE ARTE, CULTURA, LAZER E EDUCAÇÃO","2,0241E+16",640204.0,"45595,69113",17071170000160,COOPERATIVA SERTANEJA CEARENSE - FAPE,Nota Fiscal,"Gêneros Alimentícios ( Proteínas, Carboidratos, Hortaliças, Sódios e Lipídios) 
",45596,Efetivada,17071170000160,17071170,1,60,1,FAPE,4724500,"0119999,0122900,0159801,1031700,1042200,1051100,1052000,1064300,1065101,1065103,1071600,1091101,4623199,4631100,4633801,4637104,4721102,4789099,8211300",RUA,ROMEU MARTINS,446,,CENTRO,62700000,1355,17071170000160,1355,CANINDE,Canindé,Sertão de Canindé,CANINDE,COOPERATIVA SERTANEJA CEARENSE FAPE,Processo Enviado,OCB,22/07/2027,06/02/2025 15:13:33,23/05/2025 10:54:40,294.0,42.0,"97,62",COOPERATIVA SERTANEJA CEARENSE FAPE,Canindé,Processo Enviado,OCB,22/07/2027,06/02/2025 15:13:33,09/04/2025 15:02:14,294.0,42,"97,62",FAPE,4724500.0,"0119999,0122900,0159801,1031700,1042200,1051100,1052000,1064300,1065101,1065103,1071600,1091101,4623199,4631100,4633801,4637104,4721102,4789099,8211300",RUA,ROMEU MARTINS,446,,CENTRO,62700000.0,1355.0,"RUA ROMEU MARTINS, 446, CENTRO Canindé-CE","-4,3575962","-39,3146649"
490,1285431,"INSTITUTO DE ARTE, CULTURA, LAZER E EDUCAÇÃO","2,0241E+16",130460.0,"45595,69236",17071170000160,COOPERATIVA SERTANEJA CEARENSE - FAPE,Nota Fiscal,"Gêneros Alimentícios ( Proteínas, Carboidratos, Hortaliças, Sódios e Lipídios) 
",45596,Efetivada,17071170000160,17071170,1,60,1,FAPE,4724500,"0119999,0122900,0159801,1031700,1042200,1051100,1052000,1064300,1065101,1065103,1071600,1091101,4623199,4631100,4633801,4637104,4721102,4789099,8211300",RUA,ROMEU MARTINS,446,,CENTRO,62700000,1355,17071170000160,1355,CANINDE,Canindé,Sertão de Canindé,CANINDE,COOPERATIVA SERTANEJA CEARENSE FAPE,Processo Enviado,OCB,22/07/2027,06/02/2025 15:13:33,23/05/2025 10:54:40,294.0,42.0,"97,62",COOPERATIVA SERTANEJA CEARENSE FAPE,Canindé,Processo Enviado,OCB,22/07/2027,06/02/2025 15:13:33,09/04/2025 15:02:14,294.0,42,"97,62",FAPE,4724500.0,"0119999,0122900,0159801,1031700,1042200,1051100,1052000,1064300,1065101,1065103,1071600,1091101,4623199,4631100,4633801,4637104,4721102,4789099,8211300",RUA,ROMEU MARTINS,446,,CENTRO,62700000.0,1355.0,"RUA ROMEU MARTINS, 446, CENTRO Canindé-CE","-4,3575962","-39,3146649"
491,1285431,"INSTITUTO DE ARTE, CULTURA, LAZER E EDUCAÇÃO","2,02411E+16",31614.0,"45610,38168",17071170000160,COOPERATIVA SERTANEJA CEARENSE - FAPE,Nota Fiscal,"Gêneros Alimentícios ( Proteínas, Carboidratos, Hortaliças, Sódios e Lipídios) 
",45614,Efetivada,17071170000160,17071170,1,60,1,FAPE,4724500,"0119999,0122900,0159801,1031700,1042200,1051100,1052000,1064300,1065101,1065103,1071600,1091101,4623199,4631100,4633801,4637104,4721102,4789099,8211300",RUA,ROMEU MARTINS,446,,CENTRO,62700000,1355,17071170000160,1355,CANINDE,Canindé,Sertão de Canindé,CANINDE,COOPERATIVA SERTANEJA CEARENSE FAPE,Processo Enviado,OCB,22/07/2027,06/02/2025 15:13:33,23/05/2025 10:54:40,294.0,42.0,"97,62",COOPERATIVA SERTANEJA CEARENSE FAPE,Canindé,Processo Enviado,OCB,22/07/2027,06/02/2025 15:13:33,09/04/2025 15:02:14,294.0,42,"97,62",FAPE,4724500.0,"0119999,0122900,0159801,1031700,1042200,1051100,1052000,1064300,1065101,1065103,1071600,1091101,4623199,4631100,4633801,4637104,4721102,4789099,8211300",RUA,ROMEU MARTINS,446,,CENTRO,62700000.0,1355.0,"RUA ROMEU MARTINS, 446, CENTRO Canindé-CE","-4,3575962","-39,3146649"
492,1285431,"INSTITUTO DE ARTE, CULTURA, LAZER E EDUCAÇÃO","2,02411E+16",110215.0,"45610,38041",17071170000160,COOPERATIVA SERTANEJA CEARENSE - FAPE,Nota Fiscal,"Gêneros Alimentícios ( Proteínas, Carboidratos, Hortaliças, Sódios e Lipídios) 
",45614,Efetivada,17071170000160,17071170,1,60,1,FAPE,4724500,"0119999,0122900,0159801,1031700,1042200,1051100,1052000,1064300,1065101,1065103,1071600,1091101,4623199,4631100,4633801,4637104,4721102,4789099,8211300",RUA,ROMEU MARTINS,446,,CENTRO,62700000,1355,17071170000160,1355,CANINDE,Canindé,Sertão de Canindé,CANINDE,COOPERATIVA SERTANEJA CEARENSE FAPE,Processo Enviado,OCB,22/07/2027,06/02/2025 15:13:33,23/05/2025 10:54:40,294.0,42.0,"97,62",COOPERATIVA SERTANEJA CEARENSE FAPE,Canindé,Processo Enviado,OCB,22/07/2027,06/02/2025 15:13:33,09/04/2025 15:02:14,294.0,42,"97,62",FAPE,4724500.0,"0119999,0122900,0159801,1031700,1042200,1051100,1052000,1064300,1065101,1065103,1071600,1091101,4623199,4631100,4633801,4637104,4721102,4789099,8211300",RUA,ROMEU MARTINS,446,,CENTRO,62700000.0,1355.0,"RUA ROMEU MARTINS, 446, CENTRO Canindé-CE","-4,3575962","-39,3146649"
493,1285431,"INSTITUTO DE ARTE, CULTURA, LAZER E EDUCAÇÃO","2,02411E+16",78027.0,"45610,38417",17071170000160,COOPERATIVA SERTANEJA CEARENSE - FAPE,Nota Fiscal,"Gêneros Alimentícios ( Proteínas, Carboidratos, Hortaliças, Sódios e Lipídios) 
",45614,Efetivada,17071170000160,17071170,1,60,1,FAPE,4724500,"0119999,0122900,0159801,1031700,1042200,1051100,1052000,1064300,1065101,1065103,1071600,1091101,4623199,4631100,4633801,4637104,4721102,4789099,8211300",RUA,ROMEU MARTINS,446,,CENTRO,62700000,1355,17071170000160,1355,CANINDE,Canindé,Sertão de Canindé,CANINDE,COOPERATIVA SERTANEJA CEARENSE FAPE,Processo Enviado,OCB,22/07/2027,06/02/2025 15:13:33,23/05/2025 10:54:40,294.0,42.0,"97,62",COOPERATIVA SERTANEJA CEARENSE FAPE,Canindé,Processo Enviado,OCB,22/07/2027,06/02/2025 15:13:33,09/04/2025 15:02:14,294.0,42,"97,62",FAPE,4724500.0,"0119999,0122900,0159801,1031700,1042200,1051100,1052000,1064300,1065101,1065103,1071600,1091101,4623199,4631100,4633801,4637104,4721102,4789099,8211300",RUA,ROMEU MARTINS,446,,CENTRO,62700000.0,1355.0,"RUA ROMEU MARTINS, 446, CENTRO Canindé-CE","-4,3575962","-39,3146649"
494,1285431,"INSTITUTO DE ARTE, CULTURA, LAZER E EDUCAÇÃO","2,02411E+16",62556.0,"45610,37473",17071170000160,COOPERATIVA SERTANEJA CEARENSE - FAPE,Nota Fiscal,"Gêneros Alimentícios ( Proteínas, Carboidratos, Hortaliças, Sódios e Lipídios) 
",45614,Efetivada,17071170000160,17071170,1,60,1,FAPE,4724500,"0119999,0122900,0159801,1031700,1042200,1051100,1052000,1064300,1065101,1065103,1071600,1091101,4623199,4631100,4633801,4637104,4721102,4789099,8211300",RUA,ROMEU MARTINS,446,,CENTRO,62700000,1355,17071170000160,1355,CANINDE,Canindé,Sertão de Canindé,CANINDE,COOPERATIVA SERTANEJA CEARENSE FAPE,Processo Enviado,OCB,22/07/2027,06/02/2025 15:13:33,23/05/2025 10:54:40,294.0,42.0,"97,62",COOPERATIVA SERTANEJA CEARENSE FAPE,Canindé,Processo Enviado,OCB,22/07/2027,06/02/2025 15:13:33,09/04/2025 15:02:14,294.0,42,"97,62",FAPE,4724500.0,"0119999,0122900,0159801,1031700,1042200,1051100,1052000,1064300,1065101,1065103,1071600,1091101,4623199,4631100,4633801,4637104,4721102,4789099,8211300",RUA,ROMEU MARTINS,446,,CENTRO,62700000.0,1355.0,"RUA ROMEU MARTINS, 446, CENTRO Canindé-CE","-4,3575962","-39,3146649"
495,1285431,"INSTITUTO DE ARTE, CULTURA, LAZER E EDUCAÇÃO","2,02411E+16",155382.0,"45610,37608",17071170000160,COOPERATIVA SERTANEJA CEARENSE - FAPE,Nota Fiscal,"Gêneros Alimentícios ( Proteínas, Carboidratos, Hortaliças, Sódios e Lipídios) 
",45614,Efetivada,17071170000160,17071170,1,60,1,FAPE,4724500,"0119999,0122900,0159801,1031700,1042200,1051100,1052000,1064300,1065101,1065103,1071600,1091101,4623199,4631100,4633801,4637104,4721102,4789099,8211300",RUA,ROMEU MARTINS,446,,CENTRO,62700000,1355,17071170000160,1355,CANINDE,Canindé,Sertão de Canindé,CANINDE,COOPERATIVA SERTANEJA CEARENSE FAPE,Processo Enviado,OCB,22/07/2027,06/02/2025 15:13:33,23/05/2025 10:54:40,294.0,42.0,"97,62",COOPERATIVA SERTANEJA CEARENSE FAPE,Canindé,Processo Enviado,OCB,22/07/2027,06/02/2025 15:13:33,09/04/2025 15:02:14,294.0,42,"97,62",FAPE,4724500.0,"0119999,0122900,0159801,1031700,1042200,1051100,1052000,1064300,1065101,1065103,1071600,1091101,4623199,4631100,4633801,4637104,4721102,4789099,8211300",RUA,ROMEU MARTINS,446,,CENTRO,62700000.0,1355.0,"RUA ROMEU MARTINS, 446, CENTRO Canindé-CE","-4,3575962","-39,3146649"
496,1285431,"INSTITUTO DE ARTE, CULTURA, LAZER E EDUCAÇÃO","2,02411E+16",47085.0,"45610,37696",17071170000160,COOPERATIVA SERTANEJA CEARENSE - FAPE,Nota Fiscal,"Gêneros Alimentícios ( Proteínas, Carboidratos, Hortaliças, Sódios e Lipídios) 
",45614,Efetivada,17071170000160,17071170,1,60,1,FAPE,4724500,"0119999,0122900,0159801,1031700,1042200,1051100,1052000,1064300,1065101,1065103,1071600,1091101,4623199,4631100,4633801,4637104,4721102,4789099,8211300",RUA,ROMEU MARTINS,446,,CENTRO,62700000,1355,17071170000160,1355,CANINDE,Canindé,Sertão de Canindé,CANINDE,COOPERATIVA SERTANEJA CEARENSE FAPE,Processo Enviado,OCB,22/07/2027,06/02/2025 15:13:33,23/05/2025 10:54:40,294.0,42.0,"97,62",COOPERATIVA SERTANEJA CEARENSE FAPE,Canindé,Processo Enviado,OCB,22/07/2027,06/02/2025 15:13:33,09/04/2025 15:02:14,294.0,42,"97,62",FAPE,4724500.0,"0119999,0122900,0159801,1031700,1042200,1051100,1052000,1064300,1065101,1065103,1071600,1091101,4623199,4631100,4633801,4637104,4721102,4789099,8211300",RUA,ROMEU MARTINS,446,,CENTRO,62700000.0,1355.0,"RUA ROMEU MARTINS, 446, CENTRO Canindé-CE","-4,3575962","-39,3146649"
497,1285431,"INSTITUTO DE ARTE, CULTURA, LAZER E EDUCAÇÃO","2,02411E+16",162250.0,"45618,66207",17071170000160,COOPERATIVA SERTANEJA CEARENSE - FAPE,Nota Fiscal,"Gêneros Alimentícios ( Proteínas, Carboidratos, Hortaliças, Sódios e Lipídios) 
",45621,Efetivada,17071170000160,17071170,1,60,1,FAPE,4724500,"0119999,0122900,0159801,1031700,1042200,1051100,1052000,1064300,1065101,1065103,1071600,1091101,4623199,4631100,4633801,4637104,4721102,4789099,8211300",RUA,ROMEU MARTINS,446,,CENTRO,62700000,1355,17071170000160,1355,CANINDE,Canindé,Sertão de Canindé,CANINDE,COOPERATIVA SERTANEJA CEARENSE FAPE,Processo Enviado,OCB,22/07/2027,06/02/2025 15:13:33,23/05/2025 10:54:40,294.0,42.0,"97,62",COOPERATIVA SERTANEJA CEARENSE FAPE,Canindé,Processo Enviado,OCB,22/07/2027,06/02/2025 15:13:33,09/04/2025 15:02:14,294.0,42,"97,62",FAPE,4724500.0,"0119999,0122900,0159801,1031700,1042200,1051100,1052000,1064300,1065101,1065103,1071600,1091101,4623199,4631100,4633801,4637104,4721102,4789099,8211300",RUA,ROMEU MARTINS,446,,CENTRO,62700000.0,1355.0,"RUA ROMEU MARTINS, 446, CENTRO Canindé-CE","-4,3575962","-39,3146649"
498,1285431,"INSTITUTO DE ARTE, CULTURA, LAZER E EDUCAÇÃO","2,02411E+16",64900.0,"45618,66334",17071170000160,COOPERATIVA SERTANEJA CEARENSE - FAPE,Nota Fiscal,"Gêneros Alimentícios ( Proteínas, Carboidratos, Hortaliças, Sódios e Lipídios) 
",45621,Efetivada,17071170000160,17071170,1,60,1,FAPE,4724500,"0119999,0122900,0159801,1031700,1042200,1051100,1052000,1064300,1065101,1065103,1071600,1091101,4623199,4631100,4633801,4637104,4721102,4789099,8211300",RUA,ROMEU MARTINS,446,,CENTRO,62700000,1355,17071170000160,1355,CANINDE,Canindé,Sertão de Canindé,CANINDE,COOPERATIVA SERTANEJA CEARENSE FAPE,Processo Enviado,OCB,22/07/2027,06/02/2025 15:13:33,23/05/2025 10:54:40,294.0,42.0,"97,62",COOPERATIVA SERTANEJA CEARENSE FAPE,Canindé,Processo Enviado,OCB,22/07/2027,06/02/2025 15:13:33,09/04/2025 15:02:14,294.0,42,"97,62",FAPE,4724500.0,"0119999,0122900,0159801,1031700,1042200,1051100,1052000,1064300,1065101,1065103,1071600,1091101,4623199,4631100,4633801,4637104,4721102,4789099,8211300",RUA,ROMEU MARTINS,446,,CENTRO,62700000.0,1355.0,"RUA ROMEU MARTINS, 446, CENTRO Canindé-CE","-4,3575962","-39,3146649"
499,1285431,"INSTITUTO DE ARTE, CULTURA, LAZER E EDUCAÇÃO","2,02411E+16",81125.0,"45618,66465",17071170000160,COOPERATIVA SERTANEJA CEARENSE - FAPE,Nota Fiscal,"Gêneros Alimentícios ( Proteínas, Carboidratos, Hortaliças, Sódios e Lipídios) 
",45621,Efetivada,17071170000160,17071170,1,60,1,FAPE,4724500,"0119999,0122900,0159801,1031700,1042200,1051100,1052000,1064300,1065101,1065103,1071600,1091101,4623199,4631100,4633801,4637104,4721102,4789099,8211300",RUA,ROMEU MARTINS,446,,CENTRO,62700000,1355,17071170000160,1355,CANINDE,Canindé,Sertão de Canindé,CANINDE,COOPERATIVA SERTANEJA CEARENSE FAPE,Processo Enviado,OCB,22/07/2027,06/02/2025 15:13:33,23/05/2025 10:54:40,294.0,42.0,"97,62",COOPERATIVA SERTANEJA CEARENSE FAPE,Canindé,Processo Enviado,OCB,22/07/2027,06/02/2025 15:13:33,09/04/2025 15:02:14,294.0,42,"97,62",FAPE,4724500.0,"0119999,0122900,0159801,1031700,1042200,1051100,1052000,1064300,1065101,1065103,1071600,1091101,4623199,4631100,4633801,4637104,4721102,4789099,8211300",RUA,ROMEU MARTINS,446,,CENTRO,62700000.0,1355.0,"RUA ROMEU MARTINS, 446, CENTRO Canindé-CE","-4,3575962","-39,3146649"
500,1285431,"INSTITUTO DE ARTE, CULTURA, LAZER E EDUCAÇÃO","2,02411E+16",32450.0,"45618,66713",17071170000160,COOPERATIVA SERTANEJA CEARENSE - FAPE,Nota Fiscal,"Gêneros Alimentícios ( Proteínas, Carboidratos, Hortaliças, Sódios e Lipídios) 
",45621,Efetivada,17071170000160,17071170,1,60,1,FAPE,4724500,"0119999,0122900,0159801,1031700,1042200,1051100,1052000,1064300,1065101,1065103,1071600,1091101,4623199,4631100,4633801,4637104,4721102,4789099,8211300",RUA,ROMEU MARTINS,446,,CENTRO,62700000,1355,17071170000160,1355,CANINDE,Canindé,Sertão de Canindé,CANINDE,COOPERATIVA SERTANEJA CEARENSE FAPE,Processo Enviado,OCB,22/07/2027,06/02/2025 15:13:33,23/05/2025 10:54:40,294.0,42.0,"97,62",COOPERATIVA SERTANEJA CEARENSE FAPE,Canindé,Processo Enviado,OCB,22/07/2027,06/02/2025 15:13:33,09/04/2025 15:02:14,294.0,42,"97,62",FAPE,4724500.0,"0119999,0122900,0159801,1031700,1042200,1051100,1052000,1064300,1065101,1065103,1071600,1091101,4623199,4631100,4633801,4637104,4721102,4789099,8211300",RUA,ROMEU MARTINS,446,,CENTRO,62700000.0,1355.0,"RUA ROMEU MARTINS, 446, CENTRO Canindé-CE","-4,3575962","-39,3146649"
501,1285431,"INSTITUTO DE ARTE, CULTURA, LAZER E EDUCAÇÃO","2,02411E+16",48675.0,"45618,66799",17071170000160,COOPERATIVA SERTANEJA CEARENSE - FAPE,Nota Fiscal,"Gêneros Alimentícios ( Proteínas, Carboidratos, Hortaliças, Sódios e Lipídios) 
",45621,Efetivada,17071170000160,17071170,1,60,1,FAPE,4724500,"0119999,0122900,0159801,1031700,1042200,1051100,1052000,1064300,1065101,1065103,1071600,1091101,4623199,4631100,4633801,4637104,4721102,4789099,8211300",RUA,ROMEU MARTINS,446,,CENTRO,62700000,1355,17071170000160,1355,CANINDE,Canindé,Sertão de Canindé,CANINDE,COOPERATIVA SERTANEJA CEARENSE FAPE,Processo Enviado,OCB,22/07/2027,06/02/2025 15:13:33,23/05/2025 10:54:40,294.0,42.0,"97,62",COOPERATIVA SERTANEJA CEARENSE FAPE,Canindé,Processo Enviado,OCB,22/07/2027,06/02/2025 15:13:33,09/04/2025 15:02:14,294.0,42,"97,62",FAPE,4724500.0,"0119999,0122900,0159801,1031700,1042200,1051100,1052000,1064300,1065101,1065103,1071600,1091101,4623199,4631100,4633801,4637104,4721102,4789099,8211300",RUA,ROMEU MARTINS,446,,CENTRO,62700000.0,1355.0,"RUA ROMEU MARTINS, 446, CENTRO Canindé-CE","-4,3575962","-39,3146649"
502,1285431,"INSTITUTO DE ARTE, CULTURA, LAZER E EDUCAÇÃO","2,02411E+16",110215.0,"45618,66623",17071170000160,COOPERATIVA SERTANEJA CEARENSE - FAPE,Nota Fiscal,"Gêneros Alimentícios ( Proteínas, Carboidratos, Hortaliças, Sódios e Lipídios) 
",45621,Efetivada,17071170000160,17071170,1,60,1,FAPE,4724500,"0119999,0122900,0159801,1031700,1042200,1051100,1052000,1064300,1065101,1065103,1071600,1091101,4623199,4631100,4633801,4637104,4721102,4789099,8211300",RUA,ROMEU MARTINS,446,,CENTRO,62700000,1355,17071170000160,1355,CANINDE,Canindé,Sertão de Canindé,CANINDE,COOPERATIVA SERTANEJA CEARENSE FAPE,Processo Enviado,OCB,22/07/2027,06/02/2025 15:13:33,23/05/2025 10:54:40,294.0,42.0,"97,62",COOPERATIVA SERTANEJA CEARENSE FAPE,Canindé,Processo Enviado,OCB,22/07/2027,06/02/2025 15:13:33,09/04/2025 15:02:14,294.0,42,"97,62",FAPE,4724500.0,"0119999,0122900,0159801,1031700,1042200,1051100,1052000,1064300,1065101,1065103,1071600,1091101,4623199,4631100,4633801,4637104,4721102,4789099,8211300",RUA,ROMEU MARTINS,446,,CENTRO,62700000.0,1355.0,"RUA ROMEU MARTINS, 446, CENTRO Canindé-CE","-4,3575962","-39,3146649"
503,1285431,"INSTITUTO DE ARTE, CULTURA, LAZER E EDUCAÇÃO","2,02412E+16",30690.0,"45631,46557",17071170000160,COOPERATIVA SERTANEJA CEARENSE - FAPE,Nota Fiscal,"Gêneros Alimentícios ( Proteínas, Carboidratos, Hortaliças, Sódios e Lipídios) 
",45632,Efetivada,17071170000160,17071170,1,60,1,FAPE,4724500,"0119999,0122900,0159801,1031700,1042200,1051100,1052000,1064300,1065101,1065103,1071600,1091101,4623199,4631100,4633801,4637104,4721102,4789099,8211300",RUA,ROMEU MARTINS,446,,CENTRO,62700000,1355,17071170000160,1355,CANINDE,Canindé,Sertão de Canindé,CANINDE,COOPERATIVA SERTANEJA CEARENSE FAPE,Processo Enviado,OCB,22/07/2027,06/02/2025 15:13:33,23/05/2025 10:54:40,294.0,42.0,"97,62",COOPERATIVA SERTANEJA CEARENSE FAPE,Canindé,Processo Enviado,OCB,22/07/2027,06/02/2025 15:13:33,09/04/2025 15:02:14,294.0,42,"97,62",FAPE,4724500.0,"0119999,0122900,0159801,1031700,1042200,1051100,1052000,1064300,1065101,1065103,1071600,1091101,4623199,4631100,4633801,4637104,4721102,4789099,8211300",RUA,ROMEU MARTINS,446,,CENTRO,62700000.0,1355.0,"RUA ROMEU MARTINS, 446, CENTRO Canindé-CE","-4,3575962","-39,3146649"
504,1285431,"INSTITUTO DE ARTE, CULTURA, LAZER E EDUCAÇÃO","2,02412E+16",104055.0,"45631,46637",17071170000160,COOPERATIVA SERTANEJA CEARENSE - FAPE,Nota Fiscal,"Gêneros Alimentícios ( Proteínas, Carboidratos, Hortaliças, Sódios e Lipídios) 
",45632,Efetivada,17071170000160,17071170,1,60,1,FAPE,4724500,"0119999,0122900,0159801,1031700,1042200,1051100,1052000,1064300,1065101,1065103,1071600,1091101,4623199,4631100,4633801,4637104,4721102,4789099,8211300",RUA,ROMEU MARTINS,446,,CENTRO,62700000,1355,17071170000160,1355,CANINDE,Canindé,Sertão de Canindé,CANINDE,COOPERATIVA SERTANEJA CEARENSE FAPE,Processo Enviado,OCB,22/07/2027,06/02/2025 15:13:33,23/05/2025 10:54:40,294.0,42.0,"97,62",COOPERATIVA SERTANEJA CEARENSE FAPE,Canindé,Processo Enviado,OCB,22/07/2027,06/02/2025 15:13:33,09/04/2025 15:02:14,294.0,42,"97,62",FAPE,4724500.0,"0119999,0122900,0159801,1031700,1042200,1051100,1052000,1064300,1065101,1065103,1071600,1091101,4623199,4631100,4633801,4637104,4721102,4789099,8211300",RUA,ROMEU MARTINS,446,,CENTRO,62700000.0,1355.0,"RUA ROMEU MARTINS, 446, CENTRO Canindé-CE","-4,3575962","-39,3146649"
505,1285431,"INSTITUTO DE ARTE, CULTURA, LAZER E EDUCAÇÃO","2,02412E+16",61380.0,"45631,46713",17071170000160,COOPERATIVA SERTANEJA CEARENSE - FAPE,Nota Fiscal,"Gêneros Alimentícios ( Proteínas, Carboidratos, Hortaliças, Sódios e Lipídios) 
",45632,Efetivada,17071170000160,17071170,1,60,1,FAPE,4724500,"0119999,0122900,0159801,1031700,1042200,1051100,1052000,1064300,1065101,1065103,1071600,1091101,4623199,4631100,4633801,4637104,4721102,4789099,8211300",RUA,ROMEU MARTINS,446,,CENTRO,62700000,1355,17071170000160,1355,CANINDE,Canindé,Sertão de Canindé,CANINDE,COOPERATIVA SERTANEJA CEARENSE FAPE,Processo Enviado,OCB,22/07/2027,06/02/2025 15:13:33,23/05/2025 10:54:40,294.0,42.0,"97,62",COOPERATIVA SERTANEJA CEARENSE FAPE,Canindé,Processo Enviado,OCB,22/07/2027,06/02/2025 15:13:33,09/04/2025 15:02:14,294.0,42,"97,62",FAPE,4724500.0,"0119999,0122900,0159801,1031700,1042200,1051100,1052000,1064300,1065101,1065103,1071600,1091101,4623199,4631100,4633801,4637104,4721102,4789099,8211300",RUA,ROMEU MARTINS,446,,CENTRO,62700000.0,1355.0,"RUA ROMEU MARTINS, 446, CENTRO Canindé-CE","-4,3575962","-39,3146649"
506,1285431,"INSTITUTO DE ARTE, CULTURA, LAZER E EDUCAÇÃO","2,02412E+16",46035.0,"45631,46822",17071170000160,COOPERATIVA SERTANEJA CEARENSE - FAPE,Nota Fiscal,"Gêneros Alimentícios ( Proteínas, Carboidratos, Hortaliças, Sódios e Lipídios) 
",45632,Efetivada,17071170000160,17071170,1,60,1,FAPE,4724500,"0119999,0122900,0159801,1031700,1042200,1051100,1052000,1064300,1065101,1065103,1071600,1091101,4623199,4631100,4633801,4637104,4721102,4789099,8211300",RUA,ROMEU MARTINS,446,,CENTRO,62700000,1355,17071170000160,1355,CANINDE,Canindé,Sertão de Canindé,CANINDE,COOPERATIVA SERTANEJA CEARENSE FAPE,Processo Enviado,OCB,22/07/2027,06/02/2025 15:13:33,23/05/2025 10:54:40,294.0,42.0,"97,62",COOPERATIVA SERTANEJA CEARENSE FAPE,Canindé,Processo Enviado,OCB,22/07/2027,06/02/2025 15:13:33,09/04/2025 15:02:14,294.0,42,"97,62",FAPE,4724500.0,"0119999,0122900,0159801,1031700,1042200,1051100,1052000,1064300,1065101,1065103,1071600,1091101,4623199,4631100,4633801,4637104,4721102,4789099,8211300",RUA,ROMEU MARTINS,446,,CENTRO,62700000.0,1355.0,"RUA ROMEU MARTINS, 446, CENTRO Canindé-CE","-4,3575962","-39,3146649"
507,1285431,"INSTITUTO DE ARTE, CULTURA, LAZER E EDUCAÇÃO","2,02412E+16",76725.0,"45631,46977",17071170000160,COOPERATIVA SERTANEJA CEARENSE - FAPE,Nota Fiscal,"Gêneros Alimentícios ( Proteínas, Carboidratos, Hortaliças, Sódios e Lipídios) 
",45632,Efetivada,17071170000160,17071170,1,60,1,FAPE,4724500,"0119999,0122900,0159801,1031700,1042200,1051100,1052000,1064300,1065101,1065103,1071600,1091101,4623199,4631100,4633801,4637104,4721102,4789099,8211300",RUA,ROMEU MARTINS,446,,CENTRO,62700000,1355,17071170000160,1355,CANINDE,Canindé,Sertão de Canindé,CANINDE,COOPERATIVA SERTANEJA CEARENSE FAPE,Processo Enviado,OCB,22/07/2027,06/02/2025 15:13:33,23/05/2025 10:54:40,294.0,42.0,"97,62",COOPERATIVA SERTANEJA CEARENSE FAPE,Canindé,Processo Enviado,OCB,22/07/2027,06/02/2025 15:13:33,09/04/2025 15:02:14,294.0,42,"97,62",FAPE,4724500.0,"0119999,0122900,0159801,1031700,1042200,1051100,1052000,1064300,1065101,1065103,1071600,1091101,4623199,4631100,4633801,4637104,4721102,4789099,8211300",RUA,ROMEU MARTINS,446,,CENTRO,62700000.0,1355.0,"RUA ROMEU MARTINS, 446, CENTRO Canindé-CE","-4,3575962","-39,3146649"
508,1285431,"INSTITUTO DE ARTE, CULTURA, LAZER E EDUCAÇÃO","2,02412E+16",153450.0,"45631,47052",17071170000160,COOPERATIVA SERTANEJA CEARENSE - FAPE,Nota Fiscal,"Gêneros Alimentícios ( Proteínas, Carboidratos, Hortaliças, Sódios e Lipídios) 
",45632,Efetivada,17071170000160,17071170,1,60,1,FAPE,4724500,"0119999,0122900,0159801,1031700,1042200,1051100,1052000,1064300,1065101,1065103,1071600,1091101,4623199,4631100,4633801,4637104,4721102,4789099,8211300",RUA,ROMEU MARTINS,446,,CENTRO,62700000,1355,17071170000160,1355,CANINDE,Canindé,Sertão de Canindé,CANINDE,COOPERATIVA SERTANEJA CEARENSE FAPE,Processo Enviado,OCB,22/07/2027,06/02/2025 15:13:33,23/05/2025 10:54:40,294.0,42.0,"97,62",COOPERATIVA SERTANEJA CEARENSE FAPE,Canindé,Processo Enviado,OCB,22/07/2027,06/02/2025 15:13:33,09/04/2025 15:02:14,294.0,42,"97,62",FAPE,4724500.0,"0119999,0122900,0159801,1031700,1042200,1051100,1052000,1064300,1065101,1065103,1071600,1091101,4623199,4631100,4633801,4637104,4721102,4789099,8211300",RUA,ROMEU MARTINS,446,,CENTRO,62700000.0,1355.0,"RUA ROMEU MARTINS, 446, CENTRO Canindé-CE","-4,3575962","-39,3146649"
509,1285431,"INSTITUTO DE ARTE, CULTURA, LAZER E EDUCAÇÃO","2,02412E+16",98617.0,"45644,72863",17071170000160,COOPERATIVA SERTANEJA CEARENSE - FAPE,Nota Fiscal,"Gêneros Alimentícios ( Proteínas, Carboidratos, Hortaliças, Sódios e Lipídios) 
",45645,Efetivada,17071170000160,17071170,1,60,1,FAPE,4724500,"0119999,0122900,0159801,1031700,1042200,1051100,1052000,1064300,1065101,1065103,1071600,1091101,4623199,4631100,4633801,4637104,4721102,4789099,8211300",RUA,ROMEU MARTINS,446,,CENTRO,62700000,1355,17071170000160,1355,CANINDE,Canindé,Sertão de Canindé,CANINDE,COOPERATIVA SERTANEJA CEARENSE FAPE,Processo Enviado,OCB,22/07/2027,06/02/2025 15:13:33,23/05/2025 10:54:40,294.0,42.0,"97,62",COOPERATIVA SERTANEJA CEARENSE FAPE,Canindé,Processo Enviado,OCB,22/07/2027,06/02/2025 15:13:33,09/04/2025 15:02:14,294.0,42,"97,62",FAPE,4724500.0,"0119999,0122900,0159801,1031700,1042200,1051100,1052000,1064300,1065101,1065103,1071600,1091101,4623199,4631100,4633801,4637104,4721102,4789099,8211300",RUA,ROMEU MARTINS,446,,CENTRO,62700000.0,1355.0,"RUA ROMEU MARTINS, 446, CENTRO Canindé-CE","-4,3575962","-39,3146649"
510,1285431,"INSTITUTO DE ARTE, CULTURA, LAZER E EDUCAÇÃO","2,02412E+16",39730.0,"45644,72794",17071170000160,COOPERATIVA SERTANEJA CEARENSE - FAPE,Nota Fiscal,"Gêneros Alimentícios ( Proteínas, Carboidratos, Hortaliças, Sódios e Lipídios) 
",45645,Efetivada,17071170000160,17071170,1,60,1,FAPE,4724500,"0119999,0122900,0159801,1031700,1042200,1051100,1052000,1064300,1065101,1065103,1071600,1091101,4623199,4631100,4633801,4637104,4721102,4789099,8211300",RUA,ROMEU MARTINS,446,,CENTRO,62700000,1355,17071170000160,1355,CANINDE,Canindé,Sertão de Canindé,CANINDE,COOPERATIVA SERTANEJA CEARENSE FAPE,Processo Enviado,OCB,22/07/2027,06/02/2025 15:13:33,23/05/2025 10:54:40,294.0,42.0,"97,62",COOPERATIVA SERTANEJA CEARENSE FAPE,Canindé,Processo Enviado,OCB,22/07/2027,06/02/2025 15:13:33,09/04/2025 15:02:14,294.0,42,"97,62",FAPE,4724500.0,"0119999,0122900,0159801,1031700,1042200,1051100,1052000,1064300,1065101,1065103,1071600,1091101,4623199,4631100,4633801,4637104,4721102,4789099,8211300",RUA,ROMEU MARTINS,446,,CENTRO,62700000.0,1355.0,"RUA ROMEU MARTINS, 446, CENTRO Canindé-CE","-4,3575962","-39,3146649"
511,1285431,"INSTITUTO DE ARTE, CULTURA, LAZER E EDUCAÇÃO","2,02412E+16",79460.0,"45644,72703",17071170000160,COOPERATIVA SERTANEJA CEARENSE - FAPE,Nota Fiscal,"Gêneros Alimentícios ( Proteínas, Carboidratos, Hortaliças, Sódios e Lipídios) 
",45645,Efetivada,17071170000160,17071170,1,60,1,FAPE,4724500,"0119999,0122900,0159801,1031700,1042200,1051100,1052000,1064300,1065101,1065103,1071600,1091101,4623199,4631100,4633801,4637104,4721102,4789099,8211300",RUA,ROMEU MARTINS,446,,CENTRO,62700000,1355,17071170000160,1355,CANINDE,Canindé,Sertão de Canindé,CANINDE,COOPERATIVA SERTANEJA CEARENSE FAPE,Processo Enviado,OCB,22/07/2027,06/02/2025 15:13:33,23/05/2025 10:54:40,294.0,42.0,"97,62",COOPERATIVA SERTANEJA CEARENSE FAPE,Canindé,Processo Enviado,OCB,22/07/2027,06/02/2025 15:13:33,09/04/2025 15:02:14,294.0,42,"97,62",FAPE,4724500.0,"0119999,0122900,0159801,1031700,1042200,1051100,1052000,1064300,1065101,1065103,1071600,1091101,4623199,4631100,4633801,4637104,4721102,4789099,8211300",RUA,ROMEU MARTINS,446,,CENTRO,62700000.0,1355.0,"RUA ROMEU MARTINS, 446, CENTRO Canindé-CE","-4,3575962","-39,3146649"
512,1285431,"INSTITUTO DE ARTE, CULTURA, LAZER E EDUCAÇÃO","2,02412E+16",198560.0,"45644,72648",17071170000160,COOPERATIVA SERTANEJA CEARENSE - FAPE,Nota Fiscal,"Gêneros Alimentícios ( Proteínas, Carboidratos, Hortaliças, Sódios e Lipídios) 
",45645,Efetivada,17071170000160,17071170,1,60,1,FAPE,4724500,"0119999,0122900,0159801,1031700,1042200,1051100,1052000,1064300,1065101,1065103,1071600,1091101,4623199,4631100,4633801,4637104,4721102,4789099,8211300",RUA,ROMEU MARTINS,446,,CENTRO,62700000,1355,17071170000160,1355,CANINDE,Canindé,Sertão de Canindé,CANINDE,COOPERATIVA SERTANEJA CEARENSE FAPE,Processo Enviado,OCB,22/07/2027,06/02/2025 15:13:33,23/05/2025 10:54:40,294.0,42.0,"97,62",COOPERATIVA SERTANEJA CEARENSE FAPE,Canindé,Processo Enviado,OCB,22/07/2027,06/02/2025 15:13:33,09/04/2025 15:02:14,294.0,42,"97,62",FAPE,4724500.0,"0119999,0122900,0159801,1031700,1042200,1051100,1052000,1064300,1065101,1065103,1071600,1091101,4623199,4631100,4633801,4637104,4721102,4789099,8211300",RUA,ROMEU MARTINS,446,,CENTRO,62700000.0,1355.0,"RUA ROMEU MARTINS, 446, CENTRO Canindé-CE","-4,3575962","-39,3146649"
513,1285431,"INSTITUTO DE ARTE, CULTURA, LAZER E EDUCAÇÃO","2,02412E+16",59595.0,"45644,72576",17071170000160,COOPERATIVA SERTANEJA CEARENSE - FAPE,Nota Fiscal,"Gêneros Alimentícios ( Proteínas, Carboidratos, Hortaliças, Sódios e Lipídios) 
",45645,Efetivada,17071170000160,17071170,1,60,1,FAPE,4724500,"0119999,0122900,0159801,1031700,1042200,1051100,1052000,1064300,1065101,1065103,1071600,1091101,4623199,4631100,4633801,4637104,4721102,4789099,8211300",RUA,ROMEU MARTINS,446,,CENTRO,62700000,1355,17071170000160,1355,CANINDE,Canindé,Sertão de Canindé,CANINDE,COOPERATIVA SERTANEJA CEARENSE FAPE,Processo Enviado,OCB,22/07/2027,06/02/2025 15:13:33,23/05/2025 10:54:40,294.0,42.0,"97,62",COOPERATIVA SERTANEJA CEARENSE FAPE,Canindé,Processo Enviado,OCB,22/07/2027,06/02/2025 15:13:33,09/04/2025 15:02:14,294.0,42,"97,62",FAPE,4724500.0,"0119999,0122900,0159801,1031700,1042200,1051100,1052000,1064300,1065101,1065103,1071600,1091101,4623199,4631100,4633801,4637104,4721102,4789099,8211300",RUA,ROMEU MARTINS,446,,CENTRO,62700000.0,1355.0,"RUA ROMEU MARTINS, 446, CENTRO Canindé-CE","-4,3575962","-39,3146649"
514,1285431,"INSTITUTO DE ARTE, CULTURA, LAZER E EDUCAÇÃO","2,02412E+16",135695.0,"45644,73086",17071170000160,COOPERATIVA SERTANEJA CEARENSE - FAPE,Nota Fiscal,"Gêneros Alimentícios ( Proteínas, Carboidratos, Hortaliças, Sódios e Lipídios) 
",45645,Efetivada,17071170000160,17071170,1,60,1,FAPE,4724500,"0119999,0122900,0159801,1031700,1042200,1051100,1052000,1064300,1065101,1065103,1071600,1091101,4623199,4631100,4633801,4637104,4721102,4789099,8211300",RUA,ROMEU MARTINS,446,,CENTRO,62700000,1355,17071170000160,1355,CANINDE,Canindé,Sertão de Canindé,CANINDE,COOPERATIVA SERTANEJA CEARENSE FAPE,Processo Enviado,OCB,22/07/2027,06/02/2025 15:13:33,23/05/2025 10:54:40,294.0,42.0,"97,62",COOPERATIVA SERTANEJA CEARENSE FAPE,Canindé,Processo Enviado,OCB,22/07/2027,06/02/2025 15:13:33,09/04/2025 15:02:14,294.0,42,"97,62",FAPE,4724500.0,"0119999,0122900,0159801,1031700,1042200,1051100,1052000,1064300,1065101,1065103,1071600,1091101,4623199,4631100,4633801,4637104,4721102,4789099,8211300",RUA,ROMEU MARTINS,446,,CENTRO,62700000.0,1355.0,"RUA ROMEU MARTINS, 446, CENTRO Canindé-CE","-4,3575962","-39,3146649"
515,1285431,"INSTITUTO DE ARTE, CULTURA, LAZER E EDUCAÇÃO","2,02501E+16",48675.0,"45687,44586",17071170000160,COOPERATIVA SERTANEJA CEARENSE - FAPE,Nota Fiscal,"Gêneros Alimentícios ( Proteínas, Carboidratos, Hortaliças, Sódios e Lipídios) 
",45688,Efetivada,17071170000160,17071170,1,60,1,FAPE,4724500,"0119999,0122900,0159801,1031700,1042200,1051100,1052000,1064300,1065101,1065103,1071600,1091101,4623199,4631100,4633801,4637104,4721102,4789099,8211300",RUA,ROMEU MARTINS,446,,CENTRO,62700000,1355,17071170000160,1355,CANINDE,Canindé,Sertão de Canindé,CANINDE,COOPERATIVA SERTANEJA CEARENSE FAPE,Processo Enviado,OCB,22/07/2027,06/02/2025 15:13:33,23/05/2025 10:54:40,294.0,42.0,"97,62",COOPERATIVA SERTANEJA CEARENSE FAPE,Canindé,Processo Enviado,OCB,22/07/2027,06/02/2025 15:13:33,09/04/2025 15:02:14,294.0,42,"97,62",FAPE,4724500.0,"0119999,0122900,0159801,1031700,1042200,1051100,1052000,1064300,1065101,1065103,1071600,1091101,4623199,4631100,4633801,4637104,4721102,4789099,8211300",RUA,ROMEU MARTINS,446,,CENTRO,62700000.0,1355.0,"RUA ROMEU MARTINS, 446, CENTRO Canindé-CE","-4,3575962","-39,3146649"
516,1285431,"INSTITUTO DE ARTE, CULTURA, LAZER E EDUCAÇÃO","2,02501E+16",162250.0,"45687,44133",17071170000160,COOPERATIVA SERTANEJA CEARENSE - FAPE,Nota Fiscal,"Gêneros Alimentícios ( Proteínas, Carboidratos, Hortaliças, Sódios e Lipídios) 
",45688,Efetivada,17071170000160,17071170,1,60,1,FAPE,4724500,"0119999,0122900,0159801,1031700,1042200,1051100,1052000,1064300,1065101,1065103,1071600,1091101,4623199,4631100,4633801,4637104,4721102,4789099,8211300",RUA,ROMEU MARTINS,446,,CENTRO,62700000,1355,17071170000160,1355,CANINDE,Canindé,Sertão de Canindé,CANINDE,COOPERATIVA SERTANEJA CEARENSE FAPE,Processo Enviado,OCB,22/07/2027,06/02/2025 15:13:33,23/05/2025 10:54:40,294.0,42.0,"97,62",COOPERATIVA SERTANEJA CEARENSE FAPE,Canindé,Processo Enviado,OCB,22/07/2027,06/02/2025 15:13:33,09/04/2025 15:02:14,294.0,42,"97,62",FAPE,4724500.0,"0119999,0122900,0159801,1031700,1042200,1051100,1052000,1064300,1065101,1065103,1071600,1091101,4623199,4631100,4633801,4637104,4721102,4789099,8211300",RUA,ROMEU MARTINS,446,,CENTRO,62700000.0,1355.0,"RUA ROMEU MARTINS, 446, CENTRO Canindé-CE","-4,3575962","-39,3146649"
517,1285431,"INSTITUTO DE ARTE, CULTURA, LAZER E EDUCAÇÃO","2,02501E+16",64900.0,"45684,63461",17071170000160,COOPERATIVA SERTANEJA CEARENSE - FAPE,Nota Fiscal,"Gêneros Alimentícios ( Proteínas, Carboidratos, Hortaliças, Sódios e Lipídios) 
",45685,Efetivada,17071170000160,17071170,1,60,1,FAPE,4724500,"0119999,0122900,0159801,1031700,1042200,1051100,1052000,1064300,1065101,1065103,1071600,1091101,4623199,4631100,4633801,4637104,4721102,4789099,8211300",RUA,ROMEU MARTINS,446,,CENTRO,62700000,1355,17071170000160,1355,CANINDE,Canindé,Sertão de Canindé,CANINDE,COOPERATIVA SERTANEJA CEARENSE FAPE,Processo Enviado,OCB,22/07/2027,06/02/2025 15:13:33,23/05/2025 10:54:40,294.0,42.0,"97,62",COOPERATIVA SERTANEJA CEARENSE FAPE,Canindé,Processo Enviado,OCB,22/07/2027,06/02/2025 15:13:33,09/04/2025 15:02:14,294.0,42,"97,62",FAPE,4724500.0,"0119999,0122900,0159801,1031700,1042200,1051100,1052000,1064300,1065101,1065103,1071600,1091101,4623199,4631100,4633801,4637104,4721102,4789099,8211300",RUA,ROMEU MARTINS,446,,CENTRO,62700000.0,1355.0,"RUA ROMEU MARTINS, 446, CENTRO Canindé-CE","-4,3575962","-39,3146649"
518,1285431,"INSTITUTO DE ARTE, CULTURA, LAZER E EDUCAÇÃO","2,02501E+16",81125.0,"45684,63924",17071170000160,COOPERATIVA SERTANEJA CEARENSE - FAPE,Nota Fiscal,"Gêneros Alimentícios ( Proteínas, Carboidratos, Hortaliças, Sódios e Lipídios) 
",45685,Efetivada,17071170000160,17071170,1,60,1,FAPE,4724500,"0119999,0122900,0159801,1031700,1042200,1051100,1052000,1064300,1065101,1065103,1071600,1091101,4623199,4631100,4633801,4637104,4721102,4789099,8211300",RUA,ROMEU MARTINS,446,,CENTRO,62700000,1355,17071170000160,1355,CANINDE,Canindé,Sertão de Canindé,CANINDE,COOPERATIVA SERTANEJA CEARENSE FAPE,Processo Enviado,OCB,22/07/2027,06/02/2025 15:13:33,23/05/2025 10:54:40,294.0,42.0,"97,62",COOPERATIVA SERTANEJA CEARENSE FAPE,Canindé,Processo Enviado,OCB,22/07/2027,06/02/2025 15:13:33,09/04/2025 15:02:14,294.0,42,"97,62",FAPE,4724500.0,"0119999,0122900,0159801,1031700,1042200,1051100,1052000,1064300,1065101,1065103,1071600,1091101,4623199,4631100,4633801,4637104,4721102,4789099,8211300",RUA,ROMEU MARTINS,446,,CENTRO,62700000.0,1355.0,"RUA ROMEU MARTINS, 446, CENTRO Canindé-CE","-4,3575962","-39,3146649"
519,1285431,"INSTITUTO DE ARTE, CULTURA, LAZER E EDUCAÇÃO","2,02501E+16",110215.0,"45687,44028",17071170000160,COOPERATIVA SERTANEJA CEARENSE - FAPE,Nota Fiscal,"Gêneros Alimentícios ( Proteínas, Carboidratos, Hortaliças, Sódios e Lipídios) 
",45688,Efetivada,17071170000160,17071170,1,60,1,FAPE,4724500,"0119999,0122900,0159801,1031700,1042200,1051100,1052000,1064300,1065101,1065103,1071600,1091101,4623199,4631100,4633801,4637104,4721102,4789099,8211300",RUA,ROMEU MARTINS,446,,CENTRO,62700000,1355,17071170000160,1355,CANINDE,Canindé,Sertão de Canindé,CANINDE,COOPERATIVA SERTANEJA CEARENSE FAPE,Processo Enviado,OCB,22/07/2027,06/02/2025 15:13:33,23/05/2025 10:54:40,294.0,42.0,"97,62",COOPERATIVA SERTANEJA CEARENSE FAPE,Canindé,Processo Enviado,OCB,22/07/2027,06/02/2025 15:13:33,09/04/2025 15:02:14,294.0,42,"97,62",FAPE,4724500.0,"0119999,0122900,0159801,1031700,1042200,1051100,1052000,1064300,1065101,1065103,1071600,1091101,4623199,4631100,4633801,4637104,4721102,4789099,8211300",RUA,ROMEU MARTINS,446,,CENTRO,62700000.0,1355.0,"RUA ROMEU MARTINS, 446, CENTRO Canindé-CE","-4,3575962","-39,3146649"
520,1285431,"INSTITUTO DE ARTE, CULTURA, LAZER E EDUCAÇÃO","2,02501E+16",32450.0,"45684,65147",17071170000160,COOPERATIVA SERTANEJA CEARENSE - FAPE,Nota Fiscal,"Gêneros Alimentícios ( Proteínas, Carboidratos, Hortaliças, Sódios e Lipídios) 
",45685,Efetivada,17071170000160,17071170,1,60,1,FAPE,4724500,"0119999,0122900,0159801,1031700,1042200,1051100,1052000,1064300,1065101,1065103,1071600,1091101,4623199,4631100,4633801,4637104,4721102,4789099,8211300",RUA,ROMEU MARTINS,446,,CENTRO,62700000,1355,17071170000160,1355,CANINDE,Canindé,Sertão de Canindé,CANINDE,COOPERATIVA SERTANEJA CEARENSE FAPE,Processo Enviado,OCB,22/07/2027,06/02/2025 15:13:33,23/05/2025 10:54:40,294.0,42.0,"97,62",COOPERATIVA SERTANEJA CEARENSE FAPE,Canindé,Processo Enviado,OCB,22/07/2027,06/02/2025 15:13:33,09/04/2025 15:02:14,294.0,42,"97,62",FAPE,4724500.0,"0119999,0122900,0159801,1031700,1042200,1051100,1052000,1064300,1065101,1065103,1071600,1091101,4623199,4631100,4633801,4637104,4721102,4789099,8211300",RUA,ROMEU MARTINS,446,,CENTRO,62700000.0,1355.0,"RUA ROMEU MARTINS, 446, CENTRO Canindé-CE","-4,3575962","-39,3146649"
521,1285431,"INSTITUTO DE ARTE, CULTURA, LAZER E EDUCAÇÃO","2,02501E+16",32450.0,"45687,43869",17071170000160,COOPERATIVA SERTANEJA CEARENSE - FAPE,Nota Fiscal,"Gêneros Alimentícios ( Proteínas, Carboidratos, Hortaliças, Sódios e Lipídios) 
",45688,Efetivada,17071170000160,17071170,1,60,1,FAPE,4724500,"0119999,0122900,0159801,1031700,1042200,1051100,1052000,1064300,1065101,1065103,1071600,1091101,4623199,4631100,4633801,4637104,4721102,4789099,8211300",RUA,ROMEU MARTINS,446,,CENTRO,62700000,1355,17071170000160,1355,CANINDE,Canindé,Sertão de Canindé,CANINDE,COOPERATIVA SERTANEJA CEARENSE FAPE,Processo Enviado,OCB,22/07/2027,06/02/2025 15:13:33,23/05/2025 10:54:40,294.0,42.0,"97,62",COOPERATIVA SERTANEJA CEARENSE FAPE,Canindé,Processo Enviado,OCB,22/07/2027,06/02/2025 15:13:33,09/04/2025 15:02:14,294.0,42,"97,62",FAPE,4724500.0,"0119999,0122900,0159801,1031700,1042200,1051100,1052000,1064300,1065101,1065103,1071600,1091101,4623199,4631100,4633801,4637104,4721102,4789099,8211300",RUA,ROMEU MARTINS,446,,CENTRO,62700000.0,1355.0,"RUA ROMEU MARTINS, 446, CENTRO Canindé-CE","-4,3575962","-39,3146649"
522,1285431,"INSTITUTO DE ARTE, CULTURA, LAZER E EDUCAÇÃO","2,02501E+16",162250.0,"45684,66131",17071170000160,COOPERATIVA SERTANEJA CEARENSE - FAPE,Nota Fiscal,"Gêneros Alimentícios ( Proteínas, Carboidratos, Hortaliças, Sódios e Lipídios) 
",45685,Efetivada,17071170000160,17071170,1,60,1,FAPE,4724500,"0119999,0122900,0159801,1031700,1042200,1051100,1052000,1064300,1065101,1065103,1071600,1091101,4623199,4631100,4633801,4637104,4721102,4789099,8211300",RUA,ROMEU MARTINS,446,,CENTRO,62700000,1355,17071170000160,1355,CANINDE,Canindé,Sertão de Canindé,CANINDE,COOPERATIVA SERTANEJA CEARENSE FAPE,Processo Enviado,OCB,22/07/2027,06/02/2025 15:13:33,23/05/2025 10:54:40,294.0,42.0,"97,62",COOPERATIVA SERTANEJA CEARENSE FAPE,Canindé,Processo Enviado,OCB,22/07/2027,06/02/2025 15:13:33,09/04/2025 15:02:14,294.0,42,"97,62",FAPE,4724500.0,"0119999,0122900,0159801,1031700,1042200,1051100,1052000,1064300,1065101,1065103,1071600,1091101,4623199,4631100,4633801,4637104,4721102,4789099,8211300",RUA,ROMEU MARTINS,446,,CENTRO,62700000.0,1355.0,"RUA ROMEU MARTINS, 446, CENTRO Canindé-CE","-4,3575962","-39,3146649"
523,1285431,"INSTITUTO DE ARTE, CULTURA, LAZER E EDUCAÇÃO","2,02501E+16",48675.0,"45684,66245",17071170000160,COOPERATIVA SERTANEJA CEARENSE - FAPE,Nota Fiscal,"Gêneros Alimentícios ( Proteínas, Carboidratos, Hortaliças, Sódios e Lipídios) 
",45685,Efetivada,17071170000160,17071170,1,60,1,FAPE,4724500,"0119999,0122900,0159801,1031700,1042200,1051100,1052000,1064300,1065101,1065103,1071600,1091101,4623199,4631100,4633801,4637104,4721102,4789099,8211300",RUA,ROMEU MARTINS,446,,CENTRO,62700000,1355,17071170000160,1355,CANINDE,Canindé,Sertão de Canindé,CANINDE,COOPERATIVA SERTANEJA CEARENSE FAPE,Processo Enviado,OCB,22/07/2027,06/02/2025 15:13:33,23/05/2025 10:54:40,294.0,42.0,"97,62",COOPERATIVA SERTANEJA CEARENSE FAPE,Canindé,Processo Enviado,OCB,22/07/2027,06/02/2025 15:13:33,09/04/2025 15:02:14,294.0,42,"97,62",FAPE,4724500.0,"0119999,0122900,0159801,1031700,1042200,1051100,1052000,1064300,1065101,1065103,1071600,1091101,4623199,4631100,4633801,4637104,4721102,4789099,8211300",RUA,ROMEU MARTINS,446,,CENTRO,62700000.0,1355.0,"RUA ROMEU MARTINS, 446, CENTRO Canindé-CE","-4,3575962","-39,3146649"
524,1285431,"INSTITUTO DE ARTE, CULTURA, LAZER E EDUCAÇÃO","2,02501E+16",110215.0,"45684,66348",17071170000160,COOPERATIVA SERTANEJA CEARENSE - FAPE,Nota Fiscal,"Gêneros Alimentícios ( Proteínas, Carboidratos, Hortaliças, Sódios e Lipídios) 
",45685,Efetivada,17071170000160,17071170,1,60,1,FAPE,4724500,"0119999,0122900,0159801,1031700,1042200,1051100,1052000,1064300,1065101,1065103,1071600,1091101,4623199,4631100,4633801,4637104,4721102,4789099,8211300",RUA,ROMEU MARTINS,446,,CENTRO,62700000,1355,17071170000160,1355,CANINDE,Canindé,Sertão de Canindé,CANINDE,COOPERATIVA SERTANEJA CEARENSE FAPE,Processo Enviado,OCB,22/07/2027,06/02/2025 15:13:33,23/05/2025 10:54:40,294.0,42.0,"97,62",COOPERATIVA SERTANEJA CEARENSE FAPE,Canindé,Processo Enviado,OCB,22/07/2027,06/02/2025 15:13:33,09/04/2025 15:02:14,294.0,42,"97,62",FAPE,4724500.0,"0119999,0122900,0159801,1031700,1042200,1051100,1052000,1064300,1065101,1065103,1071600,1091101,4623199,4631100,4633801,4637104,4721102,4789099,8211300",RUA,ROMEU MARTINS,446,,CENTRO,62700000.0,1355.0,"RUA ROMEU MARTINS, 446, CENTRO Canindé-CE","-4,3575962","-39,3146649"
525,1285431,"INSTITUTO DE ARTE, CULTURA, LAZER E EDUCAÇÃO","2,02501E+16",81125.0,"45687,42677",17071170000160,COOPERATIVA SERTANEJA CEARENSE - FAPE,Nota Fiscal,"Gêneros Alimentícios ( Proteínas, Carboidratos, Hortaliças, Sódios e Lipídios) 
",45688,Efetivada,17071170000160,17071170,1,60,1,FAPE,4724500,"0119999,0122900,0159801,1031700,1042200,1051100,1052000,1064300,1065101,1065103,1071600,1091101,4623199,4631100,4633801,4637104,4721102,4789099,8211300",RUA,ROMEU MARTINS,446,,CENTRO,62700000,1355,17071170000160,1355,CANINDE,Canindé,Sertão de Canindé,CANINDE,COOPERATIVA SERTANEJA CEARENSE FAPE,Processo Enviado,OCB,22/07/2027,06/02/2025 15:13:33,23/05/2025 10:54:40,294.0,42.0,"97,62",COOPERATIVA SERTANEJA CEARENSE FAPE,Canindé,Processo Enviado,OCB,22/07/2027,06/02/2025 15:13:33,09/04/2025 15:02:14,294.0,42,"97,62",FAPE,4724500.0,"0119999,0122900,0159801,1031700,1042200,1051100,1052000,1064300,1065101,1065103,1071600,1091101,4623199,4631100,4633801,4637104,4721102,4789099,8211300",RUA,ROMEU MARTINS,446,,CENTRO,62700000.0,1355.0,"RUA ROMEU MARTINS, 446, CENTRO Canindé-CE","-4,3575962","-39,3146649"
526,1285431,"INSTITUTO DE ARTE, CULTURA, LAZER E EDUCAÇÃO","2,02502E+16",32450.0,"45700,85346",17071170000160,COOPERATIVA SERTANEJA CEARENSE - FAPE,Nota Fiscal,"Gêneros Alimentícios ( Proteínas, Carboidratos, Hortaliças, Sódios e Lipídios) 
",45701,Efetivada,17071170000160,17071170,1,60,1,FAPE,4724500,"0119999,0122900,0159801,1031700,1042200,1051100,1052000,1064300,1065101,1065103,1071600,1091101,4623199,4631100,4633801,4637104,4721102,4789099,8211300",RUA,ROMEU MARTINS,446,,CENTRO,62700000,1355,17071170000160,1355,CANINDE,Canindé,Sertão de Canindé,CANINDE,COOPERATIVA SERTANEJA CEARENSE FAPE,Processo Enviado,OCB,22/07/2027,06/02/2025 15:13:33,23/05/2025 10:54:40,294.0,42.0,"97,62",COOPERATIVA SERTANEJA CEARENSE FAPE,Canindé,Processo Enviado,OCB,22/07/2027,06/02/2025 15:13:33,09/04/2025 15:02:14,294.0,42,"97,62",FAPE,4724500.0,"0119999,0122900,0159801,1031700,1042200,1051100,1052000,1064300,1065101,1065103,1071600,1091101,4623199,4631100,4633801,4637104,4721102,4789099,8211300",RUA,ROMEU MARTINS,446,,CENTRO,62700000.0,1355.0,"RUA ROMEU MARTINS, 446, CENTRO Canindé-CE","-4,3575962","-39,3146649"
527,1285431,"INSTITUTO DE ARTE, CULTURA, LAZER E EDUCAÇÃO","2,02502E+16",81125.0,"45700,85086",17071170000160,COOPERATIVA SERTANEJA CEARENSE - FAPE,Nota Fiscal,"Gêneros Alimentícios ( Proteínas, Carboidratos, Hortaliças, Sódios e Lipídios) 
",45701,Efetivada,17071170000160,17071170,1,60,1,FAPE,4724500,"0119999,0122900,0159801,1031700,1042200,1051100,1052000,1064300,1065101,1065103,1071600,1091101,4623199,4631100,4633801,4637104,4721102,4789099,8211300",RUA,ROMEU MARTINS,446,,CENTRO,62700000,1355,17071170000160,1355,CANINDE,Canindé,Sertão de Canindé,CANINDE,COOPERATIVA SERTANEJA CEARENSE FAPE,Processo Enviado,OCB,22/07/2027,06/02/2025 15:13:33,23/05/2025 10:54:40,294.0,42.0,"97,62",COOPERATIVA SERTANEJA CEARENSE FAPE,Canindé,Processo Enviado,OCB,22/07/2027,06/02/2025 15:13:33,09/04/2025 15:02:14,294.0,42,"97,62",FAPE,4724500.0,"0119999,0122900,0159801,1031700,1042200,1051100,1052000,1064300,1065101,1065103,1071600,1091101,4623199,4631100,4633801,4637104,4721102,4789099,8211300",RUA,ROMEU MARTINS,446,,CENTRO,62700000.0,1355.0,"RUA ROMEU MARTINS, 446, CENTRO Canindé-CE","-4,3575962","-39,3146649"
528,1285431,"INSTITUTO DE ARTE, CULTURA, LAZER E EDUCAÇÃO","2,02502E+16",110215.0,"45700,85226",17071170000160,COOPERATIVA SERTANEJA CEARENSE - FAPE,Nota Fiscal,"Gêneros Alimentícios ( Proteínas, Carboidratos, Hortaliças, Sódios e Lipídios) 
",45701,Efetivada,17071170000160,17071170,1,60,1,FAPE,4724500,"0119999,0122900,0159801,1031700,1042200,1051100,1052000,1064300,1065101,1065103,1071600,1091101,4623199,4631100,4633801,4637104,4721102,4789099,8211300",RUA,ROMEU MARTINS,446,,CENTRO,62700000,1355,17071170000160,1355,CANINDE,Canindé,Sertão de Canindé,CANINDE,COOPERATIVA SERTANEJA CEARENSE FAPE,Processo Enviado,OCB,22/07/2027,06/02/2025 15:13:33,23/05/2025 10:54:40,294.0,42.0,"97,62",COOPERATIVA SERTANEJA CEARENSE FAPE,Canindé,Processo Enviado,OCB,22/07/2027,06/02/2025 15:13:33,09/04/2025 15:02:14,294.0,42,"97,62",FAPE,4724500.0,"0119999,0122900,0159801,1031700,1042200,1051100,1052000,1064300,1065101,1065103,1071600,1091101,4623199,4631100,4633801,4637104,4721102,4789099,8211300",RUA,ROMEU MARTINS,446,,CENTRO,62700000.0,1355.0,"RUA ROMEU MARTINS, 446, CENTRO Canindé-CE","-4,3575962","-39,3146649"
529,1285431,"INSTITUTO DE ARTE, CULTURA, LAZER E EDUCAÇÃO","2,02502E+16",48675.0,"45700,84785",17071170000160,COOPERATIVA SERTANEJA CEARENSE - FAPE,Nota Fiscal,"Gêneros Alimentícios ( Proteínas, Carboidratos, Hortaliças, Sódios e Lipídios) 
",45701,Efetivada,17071170000160,17071170,1,60,1,FAPE,4724500,"0119999,0122900,0159801,1031700,1042200,1051100,1052000,1064300,1065101,1065103,1071600,1091101,4623199,4631100,4633801,4637104,4721102,4789099,8211300",RUA,ROMEU MARTINS,446,,CENTRO,62700000,1355,17071170000160,1355,CANINDE,Canindé,Sertão de Canindé,CANINDE,COOPERATIVA SERTANEJA CEARENSE FAPE,Processo Enviado,OCB,22/07/2027,06/02/2025 15:13:33,23/05/2025 10:54:40,294.0,42.0,"97,62",COOPERATIVA SERTANEJA CEARENSE FAPE,Canindé,Processo Enviado,OCB,22/07/2027,06/02/2025 15:13:33,09/04/2025 15:02:14,294.0,42,"97,62",FAPE,4724500.0,"0119999,0122900,0159801,1031700,1042200,1051100,1052000,1064300,1065101,1065103,1071600,1091101,4623199,4631100,4633801,4637104,4721102,4789099,8211300",RUA,ROMEU MARTINS,446,,CENTRO,62700000.0,1355.0,"RUA ROMEU MARTINS, 446, CENTRO Canindé-CE","-4,3575962","-39,3146649"
530,1285431,"INSTITUTO DE ARTE, CULTURA, LAZER E EDUCAÇÃO","2,02502E+16",162250.0,"45700,849",17071170000160,COOPERATIVA SERTANEJA CEARENSE - FAPE,Nota Fiscal,"Gêneros Alimentícios ( Proteínas, Carboidratos, Hortaliças, Sódios e Lipídios) 
",45701,Efetivada,17071170000160,17071170,1,60,1,FAPE,4724500,"0119999,0122900,0159801,1031700,1042200,1051100,1052000,1064300,1065101,1065103,1071600,1091101,4623199,4631100,4633801,4637104,4721102,4789099,8211300",RUA,ROMEU MARTINS,446,,CENTRO,62700000,1355,17071170000160,1355,CANINDE,Canindé,Sertão de Canindé,CANINDE,COOPERATIVA SERTANEJA CEARENSE FAPE,Processo Enviado,OCB,22/07/2027,06/02/2025 15:13:33,23/05/2025 10:54:40,294.0,42.0,"97,62",COOPERATIVA SERTANEJA CEARENSE FAPE,Canindé,Processo Enviado,OCB,22/07/2027,06/02/2025 15:13:33,09/04/2025 15:02:14,294.0,42,"97,62",FAPE,4724500.0,"0119999,0122900,0159801,1031700,1042200,1051100,1052000,1064300,1065101,1065103,1071600,1091101,4623199,4631100,4633801,4637104,4721102,4789099,8211300",RUA,ROMEU MARTINS,446,,CENTRO,62700000.0,1355.0,"RUA ROMEU MARTINS, 446, CENTRO Canindé-CE","-4,3575962","-39,3146649"
531,1285431,"INSTITUTO DE ARTE, CULTURA, LAZER E EDUCAÇÃO","2,02502E+16",64900.0,"45700,84992",17071170000160,COOPERATIVA SERTANEJA CEARENSE - FAPE,Nota Fiscal,"Gêneros Alimentícios ( Proteínas, Carboidratos, Hortaliças, Sódios e Lipídios) 
",45701,Efetivada,17071170000160,17071170,1,60,1,FAPE,4724500,"0119999,0122900,0159801,1031700,1042200,1051100,1052000,1064300,1065101,1065103,1071600,1091101,4623199,4631100,4633801,4637104,4721102,4789099,8211300",RUA,ROMEU MARTINS,446,,CENTRO,62700000,1355,17071170000160,1355,CANINDE,Canindé,Sertão de Canindé,CANINDE,COOPERATIVA SERTANEJA CEARENSE FAPE,Processo Enviado,OCB,22/07/2027,06/02/2025 15:13:33,23/05/2025 10:54:40,294.0,42.0,"97,62",COOPERATIVA SERTANEJA CEARENSE FAPE,Canindé,Processo Enviado,OCB,22/07/2027,06/02/2025 15:13:33,09/04/2025 15:02:14,294.0,42,"97,62",FAPE,4724500.0,"0119999,0122900,0159801,1031700,1042200,1051100,1052000,1064300,1065101,1065103,1071600,1091101,4623199,4631100,4633801,4637104,4721102,4789099,8211300",RUA,ROMEU MARTINS,446,,CENTRO,62700000.0,1355.0,"RUA ROMEU MARTINS, 446, CENTRO Canindé-CE","-4,3575962","-39,3146649"
532,1285431,"INSTITUTO DE ARTE, CULTURA, LAZER E EDUCAÇÃO","2,02502E+16",64900.0,"45709,86521",17071170000160,COOPERATIVA SERTANEJA CEARENSE - FAPE,Nota Fiscal,"Gêneros Alimentícios ( Proteínas, Carboidratos, Hortaliças, Sódios e Lipídios) 
",45712,Efetivada,17071170000160,17071170,1,60,1,FAPE,4724500,"0119999,0122900,0159801,1031700,1042200,1051100,1052000,1064300,1065101,1065103,1071600,1091101,4623199,4631100,4633801,4637104,4721102,4789099,8211300",RUA,ROMEU MARTINS,446,,CENTRO,62700000,1355,17071170000160,1355,CANINDE,Canindé,Sertão de Canindé,CANINDE,COOPERATIVA SERTANEJA CEARENSE FAPE,Processo Enviado,OCB,22/07/2027,06/02/2025 15:13:33,23/05/2025 10:54:40,294.0,42.0,"97,62",COOPERATIVA SERTANEJA CEARENSE FAPE,Canindé,Processo Enviado,OCB,22/07/2027,06/02/2025 15:13:33,09/04/2025 15:02:14,294.0,42,"97,62",FAPE,4724500.0,"0119999,0122900,0159801,1031700,1042200,1051100,1052000,1064300,1065101,1065103,1071600,1091101,4623199,4631100,4633801,4637104,4721102,4789099,8211300",RUA,ROMEU MARTINS,446,,CENTRO,62700000.0,1355.0,"RUA ROMEU MARTINS, 446, CENTRO Canindé-CE","-4,3575962","-39,3146649"
533,1285431,"INSTITUTO DE ARTE, CULTURA, LAZER E EDUCAÇÃO","2,02502E+16",162250.0,"45709,86602",17071170000160,COOPERATIVA SERTANEJA CEARENSE - FAPE,Nota Fiscal,"Gêneros Alimentícios ( Proteínas, Carboidratos, Hortaliças, Sódios e Lipídios) 
",45712,Efetivada,17071170000160,17071170,1,60,1,FAPE,4724500,"0119999,0122900,0159801,1031700,1042200,1051100,1052000,1064300,1065101,1065103,1071600,1091101,4623199,4631100,4633801,4637104,4721102,4789099,8211300",RUA,ROMEU MARTINS,446,,CENTRO,62700000,1355,17071170000160,1355,CANINDE,Canindé,Sertão de Canindé,CANINDE,COOPERATIVA SERTANEJA CEARENSE FAPE,Processo Enviado,OCB,22/07/2027,06/02/2025 15:13:33,23/05/2025 10:54:40,294.0,42.0,"97,62",COOPERATIVA SERTANEJA CEARENSE FAPE,Canindé,Processo Enviado,OCB,22/07/2027,06/02/2025 15:13:33,09/04/2025 15:02:14,294.0,42,"97,62",FAPE,4724500.0,"0119999,0122900,0159801,1031700,1042200,1051100,1052000,1064300,1065101,1065103,1071600,1091101,4623199,4631100,4633801,4637104,4721102,4789099,8211300",RUA,ROMEU MARTINS,446,,CENTRO,62700000.0,1355.0,"RUA ROMEU MARTINS, 446, CENTRO Canindé-CE","-4,3575962","-39,3146649"
534,1285431,"INSTITUTO DE ARTE, CULTURA, LAZER E EDUCAÇÃO","2,02502E+16",50595.0,"45709,86718",17071170000160,COOPERATIVA SERTANEJA CEARENSE - FAPE,Nota Fiscal,"Gêneros Alimentícios ( Proteínas, Carboidratos, Hortaliças, Sódios e Lipídios) 
",45712,Efetivada,17071170000160,17071170,1,60,1,FAPE,4724500,"0119999,0122900,0159801,1031700,1042200,1051100,1052000,1064300,1065101,1065103,1071600,1091101,4623199,4631100,4633801,4637104,4721102,4789099,8211300",RUA,ROMEU MARTINS,446,,CENTRO,62700000,1355,17071170000160,1355,CANINDE,Canindé,Sertão de Canindé,CANINDE,COOPERATIVA SERTANEJA CEARENSE FAPE,Processo Enviado,OCB,22/07/2027,06/02/2025 15:13:33,23/05/2025 10:54:40,294.0,42.0,"97,62",COOPERATIVA SERTANEJA CEARENSE FAPE,Canindé,Processo Enviado,OCB,22/07/2027,06/02/2025 15:13:33,09/04/2025 15:02:14,294.0,42,"97,62",FAPE,4724500.0,"0119999,0122900,0159801,1031700,1042200,1051100,1052000,1064300,1065101,1065103,1071600,1091101,4623199,4631100,4633801,4637104,4721102,4789099,8211300",RUA,ROMEU MARTINS,446,,CENTRO,62700000.0,1355.0,"RUA ROMEU MARTINS, 446, CENTRO Canindé-CE","-4,3575962","-39,3146649"
535,1285431,"INSTITUTO DE ARTE, CULTURA, LAZER E EDUCAÇÃO","2,02502E+16",64900.0,"45711,92095",17071170000160,COOPERATIVA SERTANEJA CEARENSE - FAPE,Nota Fiscal,"Gêneros Alimentícios ( Proteínas, Carboidratos, Hortaliças, Sódios e Lipídios) 
",45713,Efetivada,17071170000160,17071170,1,60,1,FAPE,4724500,"0119999,0122900,0159801,1031700,1042200,1051100,1052000,1064300,1065101,1065103,1071600,1091101,4623199,4631100,4633801,4637104,4721102,4789099,8211300",RUA,ROMEU MARTINS,446,,CENTRO,62700000,1355,17071170000160,1355,CANINDE,Canindé,Sertão de Canindé,CANINDE,COOPERATIVA SERTANEJA CEARENSE FAPE,Processo Enviado,OCB,22/07/2027,06/02/2025 15:13:33,23/05/2025 10:54:40,294.0,42.0,"97,62",COOPERATIVA SERTANEJA CEARENSE FAPE,Canindé,Processo Enviado,OCB,22/07/2027,06/02/2025 15:13:33,09/04/2025 15:02:14,294.0,42,"97,62",FAPE,4724500.0,"0119999,0122900,0159801,1031700,1042200,1051100,1052000,1064300,1065101,1065103,1071600,1091101,4623199,4631100,4633801,4637104,4721102,4789099,8211300",RUA,ROMEU MARTINS,446,,CENTRO,62700000.0,1355.0,"RUA ROMEU MARTINS, 446, CENTRO Canindé-CE","-4,3575962","-39,3146649"
536,1285431,"INSTITUTO DE ARTE, CULTURA, LAZER E EDUCAÇÃO","2,02502E+16",110215.0,"45709,86836",17071170000160,COOPERATIVA SERTANEJA CEARENSE - FAPE,Nota Fiscal,"Gêneros Alimentícios ( Proteínas, Carboidratos, Hortaliças, Sódios e Lipídios) 
",45712,Efetivada,17071170000160,17071170,1,60,1,FAPE,4724500,"0119999,0122900,0159801,1031700,1042200,1051100,1052000,1064300,1065101,1065103,1071600,1091101,4623199,4631100,4633801,4637104,4721102,4789099,8211300",RUA,ROMEU MARTINS,446,,CENTRO,62700000,1355,17071170000160,1355,CANINDE,Canindé,Sertão de Canindé,CANINDE,COOPERATIVA SERTANEJA CEARENSE FAPE,Processo Enviado,OCB,22/07/2027,06/02/2025 15:13:33,23/05/2025 10:54:40,294.0,42.0,"97,62",COOPERATIVA SERTANEJA CEARENSE FAPE,Canindé,Processo Enviado,OCB,22/07/2027,06/02/2025 15:13:33,09/04/2025 15:02:14,294.0,42,"97,62",FAPE,4724500.0,"0119999,0122900,0159801,1031700,1042200,1051100,1052000,1064300,1065101,1065103,1071600,1091101,4623199,4631100,4633801,4637104,4721102,4789099,8211300",RUA,ROMEU MARTINS,446,,CENTRO,62700000.0,1355.0,"RUA ROMEU MARTINS, 446, CENTRO Canindé-CE","-4,3575962","-39,3146649"
537,1285431,"INSTITUTO DE ARTE, CULTURA, LAZER E EDUCAÇÃO","2,02502E+16",33730.0,"45709,86941",17071170000160,COOPERATIVA SERTANEJA CEARENSE - FAPE,Nota Fiscal,"Gêneros Alimentícios ( Proteínas, Carboidratos, Hortaliças, Sódios e Lipídios) 
",45712,Efetivada,17071170000160,17071170,1,60,1,FAPE,4724500,"0119999,0122900,0159801,1031700,1042200,1051100,1052000,1064300,1065101,1065103,1071600,1091101,4623199,4631100,4633801,4637104,4721102,4789099,8211300",RUA,ROMEU MARTINS,446,,CENTRO,62700000,1355,17071170000160,1355,CANINDE,Canindé,Sertão de Canindé,CANINDE,COOPERATIVA SERTANEJA CEARENSE FAPE,Processo Enviado,OCB,22/07/2027,06/02/2025 15:13:33,23/05/2025 10:54:40,294.0,42.0,"97,62",COOPERATIVA SERTANEJA CEARENSE FAPE,Canindé,Processo Enviado,OCB,22/07/2027,06/02/2025 15:13:33,09/04/2025 15:02:14,294.0,42,"97,62",FAPE,4724500.0,"0119999,0122900,0159801,1031700,1042200,1051100,1052000,1064300,1065101,1065103,1071600,1091101,4623199,4631100,4633801,4637104,4721102,4789099,8211300",RUA,ROMEU MARTINS,446,,CENTRO,62700000.0,1355.0,"RUA ROMEU MARTINS, 446, CENTRO Canindé-CE","-4,3575962","-39,3146649"
538,1285431,"INSTITUTO DE ARTE, CULTURA, LAZER E EDUCAÇÃO","2,02502E+16",81285.0,"45709,87038",17071170000160,COOPERATIVA SERTANEJA CEARENSE - FAPE,Nota Fiscal,"Gêneros Alimentícios ( Proteínas, Carboidratos, Hortaliças, Sódios e Lipídios) 
",45712,Efetivada,17071170000160,17071170,1,60,1,FAPE,4724500,"0119999,0122900,0159801,1031700,1042200,1051100,1052000,1064300,1065101,1065103,1071600,1091101,4623199,4631100,4633801,4637104,4721102,4789099,8211300",RUA,ROMEU MARTINS,446,,CENTRO,62700000,1355,17071170000160,1355,CANINDE,Canindé,Sertão de Canindé,CANINDE,COOPERATIVA SERTANEJA CEARENSE FAPE,Processo Enviado,OCB,22/07/2027,06/02/2025 15:13:33,23/05/2025 10:54:40,294.0,42.0,"97,62",COOPERATIVA SERTANEJA CEARENSE FAPE,Canindé,Processo Enviado,OCB,22/07/2027,06/02/2025 15:13:33,09/04/2025 15:02:14,294.0,42,"97,62",FAPE,4724500.0,"0119999,0122900,0159801,1031700,1042200,1051100,1052000,1064300,1065101,1065103,1071600,1091101,4623199,4631100,4633801,4637104,4721102,4789099,8211300",RUA,ROMEU MARTINS,446,,CENTRO,62700000.0,1355.0,"RUA ROMEU MARTINS, 446, CENTRO Canindé-CE","-4,3575962","-39,3146649"
539,1285431,"INSTITUTO DE ARTE, CULTURA, LAZER E EDUCAÇÃO","2,02503E+16",52204.0,"45729,48818",17071170000160,COOPERATIVA SERTANEJA CEARENSE - FAPE,Nota Fiscal,"Gêneros Alimentícios ( Proteínas, Carboidratos, Hortaliças, Sódios e Lipídios) 
",45730,Efetivada,17071170000160,17071170,1,60,1,FAPE,4724500,"0119999,0122900,0159801,1031700,1042200,1051100,1052000,1064300,1065101,1065103,1071600,1091101,4623199,4631100,4633801,4637104,4721102,4789099,8211300",RUA,ROMEU MARTINS,446,,CENTRO,62700000,1355,17071170000160,1355,CANINDE,Canindé,Sertão de Canindé,CANINDE,COOPERATIVA SERTANEJA CEARENSE FAPE,Processo Enviado,OCB,22/07/2027,06/02/2025 15:13:33,23/05/2025 10:54:40,294.0,42.0,"97,62",COOPERATIVA SERTANEJA CEARENSE FAPE,Canindé,Processo Enviado,OCB,22/07/2027,06/02/2025 15:13:33,09/04/2025 15:02:14,294.0,42,"97,62",FAPE,4724500.0,"0119999,0122900,0159801,1031700,1042200,1051100,1052000,1064300,1065101,1065103,1071600,1091101,4623199,4631100,4633801,4637104,4721102,4789099,8211300",RUA,ROMEU MARTINS,446,,CENTRO,62700000.0,1355.0,"RUA ROMEU MARTINS, 446, CENTRO Canindé-CE","-4,3575962","-39,3146649"
540,1285431,"INSTITUTO DE ARTE, CULTURA, LAZER E EDUCAÇÃO","2,02503E+16",128110.0,"45743,38933",17071170000160,COOPERATIVA SERTANEJA CEARENSE - FAPE,Nota Fiscal,"Gêneros Alimentícios ( Proteínas, Carboidratos, Hortaliças, Sódios e Lipídios) 
",45744,Efetivada,17071170000160,17071170,1,60,1,FAPE,4724500,"0119999,0122900,0159801,1031700,1042200,1051100,1052000,1064300,1065101,1065103,1071600,1091101,4623199,4631100,4633801,4637104,4721102,4789099,8211300",RUA,ROMEU MARTINS,446,,CENTRO,62700000,1355,17071170000160,1355,CANINDE,Canindé,Sertão de Canindé,CANINDE,COOPERATIVA SERTANEJA CEARENSE FAPE,Processo Enviado,OCB,22/07/2027,06/02/2025 15:13:33,23/05/2025 10:54:40,294.0,42.0,"97,62",COOPERATIVA SERTANEJA CEARENSE FAPE,Canindé,Processo Enviado,OCB,22/07/2027,06/02/2025 15:13:33,09/04/2025 15:02:14,294.0,42,"97,62",FAPE,4724500.0,"0119999,0122900,0159801,1031700,1042200,1051100,1052000,1064300,1065101,1065103,1071600,1091101,4623199,4631100,4633801,4637104,4721102,4789099,8211300",RUA,ROMEU MARTINS,446,,CENTRO,62700000.0,1355.0,"RUA ROMEU MARTINS, 446, CENTRO Canindé-CE","-4,3575962","-39,3146649"
541,1285431,"INSTITUTO DE ARTE, CULTURA, LAZER E EDUCAÇÃO","2,02503E+16",38913.0,"45743,3913",17071170000160,COOPERATIVA SERTANEJA CEARENSE - FAPE,Nota Fiscal,"Gêneros Alimentícios ( Proteínas, Carboidratos, Hortaliças, Sódios e Lipídios) 
",45744,Efetivada,17071170000160,17071170,1,60,1,FAPE,4724500,"0119999,0122900,0159801,1031700,1042200,1051100,1052000,1064300,1065101,1065103,1071600,1091101,4623199,4631100,4633801,4637104,4721102,4789099,8211300",RUA,ROMEU MARTINS,446,,CENTRO,62700000,1355,17071170000160,1355,CANINDE,Canindé,Sertão de Canindé,CANINDE,COOPERATIVA SERTANEJA CEARENSE FAPE,Processo Enviado,OCB,22/07/2027,06/02/2025 15:13:33,23/05/2025 10:54:40,294.0,42.0,"97,62",COOPERATIVA SERTANEJA CEARENSE FAPE,Canindé,Processo Enviado,OCB,22/07/2027,06/02/2025 15:13:33,09/04/2025 15:02:14,294.0,42,"97,62",FAPE,4724500.0,"0119999,0122900,0159801,1031700,1042200,1051100,1052000,1064300,1065101,1065103,1071600,1091101,4623199,4631100,4633801,4637104,4721102,4789099,8211300",RUA,ROMEU MARTINS,446,,CENTRO,62700000.0,1355.0,"RUA ROMEU MARTINS, 446, CENTRO Canindé-CE","-4,3575962","-39,3146649"
542,1285431,"INSTITUTO DE ARTE, CULTURA, LAZER E EDUCAÇÃO","2,02503E+16",64215.0,"45743,39303",17071170000160,COOPERATIVA SERTANEJA CEARENSE - FAPE,Nota Fiscal,"Gêneros Alimentícios ( Proteínas, Carboidratos, Hortaliças, Sódios e Lipídios) 
",45744,Efetivada,17071170000160,17071170,1,60,1,FAPE,4724500,"0119999,0122900,0159801,1031700,1042200,1051100,1052000,1064300,1065101,1065103,1071600,1091101,4623199,4631100,4633801,4637104,4721102,4789099,8211300",RUA,ROMEU MARTINS,446,,CENTRO,62700000,1355,17071170000160,1355,CANINDE,Canindé,Sertão de Canindé,CANINDE,COOPERATIVA SERTANEJA CEARENSE FAPE,Processo Enviado,OCB,22/07/2027,06/02/2025 15:13:33,23/05/2025 10:54:40,294.0,42.0,"97,62",COOPERATIVA SERTANEJA CEARENSE FAPE,Canindé,Processo Enviado,OCB,22/07/2027,06/02/2025 15:13:33,09/04/2025 15:02:14,294.0,42,"97,62",FAPE,4724500.0,"0119999,0122900,0159801,1031700,1042200,1051100,1052000,1064300,1065101,1065103,1071600,1091101,4623199,4631100,4633801,4637104,4721102,4789099,8211300",RUA,ROMEU MARTINS,446,,CENTRO,62700000.0,1355.0,"RUA ROMEU MARTINS, 446, CENTRO Canindé-CE","-4,3575962","-39,3146649"
543,1285431,"INSTITUTO DE ARTE, CULTURA, LAZER E EDUCAÇÃO","2,02503E+16",86317.0,"45743,39446",17071170000160,COOPERATIVA SERTANEJA CEARENSE - FAPE,Nota Fiscal,"Gêneros Alimentícios ( Proteínas, Carboidratos, Hortaliças, Sódios e Lipídios) 
",45744,Efetivada,17071170000160,17071170,1,60,1,FAPE,4724500,"0119999,0122900,0159801,1031700,1042200,1051100,1052000,1064300,1065101,1065103,1071600,1091101,4623199,4631100,4633801,4637104,4721102,4789099,8211300",RUA,ROMEU MARTINS,446,,CENTRO,62700000,1355,17071170000160,1355,CANINDE,Canindé,Sertão de Canindé,CANINDE,COOPERATIVA SERTANEJA CEARENSE FAPE,Processo Enviado,OCB,22/07/2027,06/02/2025 15:13:33,23/05/2025 10:54:40,294.0,42.0,"97,62",COOPERATIVA SERTANEJA CEARENSE FAPE,Canindé,Processo Enviado,OCB,22/07/2027,06/02/2025 15:13:33,09/04/2025 15:02:14,294.0,42,"97,62",FAPE,4724500.0,"0119999,0122900,0159801,1031700,1042200,1051100,1052000,1064300,1065101,1065103,1071600,1091101,4623199,4631100,4633801,4637104,4721102,4789099,8211300",RUA,ROMEU MARTINS,446,,CENTRO,62700000.0,1355.0,"RUA ROMEU MARTINS, 446, CENTRO Canindé-CE","-4,3575962","-39,3146649"
544,1285431,"INSTITUTO DE ARTE, CULTURA, LAZER E EDUCAÇÃO","2,02503E+16",27382.0,"45743,39677",17071170000160,COOPERATIVA SERTANEJA CEARENSE - FAPE,Nota Fiscal,"Gêneros Alimentícios ( Proteínas, Carboidratos, Hortaliças, Sódios e Lipídios) 
",45744,Efetivada,17071170000160,17071170,1,60,1,FAPE,4724500,"0119999,0122900,0159801,1031700,1042200,1051100,1052000,1064300,1065101,1065103,1071600,1091101,4623199,4631100,4633801,4637104,4721102,4789099,8211300",RUA,ROMEU MARTINS,446,,CENTRO,62700000,1355,17071170000160,1355,CANINDE,Canindé,Sertão de Canindé,CANINDE,COOPERATIVA SERTANEJA CEARENSE FAPE,Processo Enviado,OCB,22/07/2027,06/02/2025 15:13:33,23/05/2025 10:54:40,294.0,42.0,"97,62",COOPERATIVA SERTANEJA CEARENSE FAPE,Canindé,Processo Enviado,OCB,22/07/2027,06/02/2025 15:13:33,09/04/2025 15:02:14,294.0,42,"97,62",FAPE,4724500.0,"0119999,0122900,0159801,1031700,1042200,1051100,1052000,1064300,1065101,1065103,1071600,1091101,4623199,4631100,4633801,4637104,4721102,4789099,8211300",RUA,ROMEU MARTINS,446,,CENTRO,62700000.0,1355.0,"RUA ROMEU MARTINS, 446, CENTRO Canindé-CE","-4,3575962","-39,3146649"
545,1285431,"INSTITUTO DE ARTE, CULTURA, LAZER E EDUCAÇÃO","2,02504E+16",28410.0,"45748,70684",17071170000160,COOPERATIVA SERTANEJA CEARENSE - FAPE,Nota Fiscal,"Gêneros Alimentícios ( Proteínas, Carboidratos, Hortaliças, Sódios e Lipídios) 
",45749,Efetivada,17071170000160,17071170,1,60,1,FAPE,4724500,"0119999,0122900,0159801,1031700,1042200,1051100,1052000,1064300,1065101,1065103,1071600,1091101,4623199,4631100,4633801,4637104,4721102,4789099,8211300",RUA,ROMEU MARTINS,446,,CENTRO,62700000,1355,17071170000160,1355,CANINDE,Canindé,Sertão de Canindé,CANINDE,COOPERATIVA SERTANEJA CEARENSE FAPE,Processo Enviado,OCB,22/07/2027,06/02/2025 15:13:33,23/05/2025 10:54:40,294.0,42.0,"97,62",COOPERATIVA SERTANEJA CEARENSE FAPE,Canindé,Processo Enviado,OCB,22/07/2027,06/02/2025 15:13:33,09/04/2025 15:02:14,294.0,42,"97,62",FAPE,4724500.0,"0119999,0122900,0159801,1031700,1042200,1051100,1052000,1064300,1065101,1065103,1071600,1091101,4623199,4631100,4633801,4637104,4721102,4789099,8211300",RUA,ROMEU MARTINS,446,,CENTRO,62700000.0,1355.0,"RUA ROMEU MARTINS, 446, CENTRO Canindé-CE","-4,3575962","-39,3146649"
546,1285431,"INSTITUTO DE ARTE, CULTURA, LAZER E EDUCAÇÃO","2,02504E+16",31210.0,"45748,7059",17071170000160,COOPERATIVA SERTANEJA CEARENSE - FAPE,Nota Fiscal,"Gêneros Alimentícios ( Proteínas, Carboidratos, Hortaliças, Sódios e Lipídios) 
",45749,Efetivada,17071170000160,17071170,1,60,1,FAPE,4724500,"0119999,0122900,0159801,1031700,1042200,1051100,1052000,1064300,1065101,1065103,1071600,1091101,4623199,4631100,4633801,4637104,4721102,4789099,8211300",RUA,ROMEU MARTINS,446,,CENTRO,62700000,1355,17071170000160,1355,CANINDE,Canindé,Sertão de Canindé,CANINDE,COOPERATIVA SERTANEJA CEARENSE FAPE,Processo Enviado,OCB,22/07/2027,06/02/2025 15:13:33,23/05/2025 10:54:40,294.0,42.0,"97,62",COOPERATIVA SERTANEJA CEARENSE FAPE,Canindé,Processo Enviado,OCB,22/07/2027,06/02/2025 15:13:33,09/04/2025 15:02:14,294.0,42,"97,62",FAPE,4724500.0,"0119999,0122900,0159801,1031700,1042200,1051100,1052000,1064300,1065101,1065103,1071600,1091101,4623199,4631100,4633801,4637104,4721102,4789099,8211300",RUA,ROMEU MARTINS,446,,CENTRO,62700000.0,1355.0,"RUA ROMEU MARTINS, 446, CENTRO Canindé-CE","-4,3575962","-39,3146649"
547,1285431,"INSTITUTO DE ARTE, CULTURA, LAZER E EDUCAÇÃO","2,02504E+16",103635.0,"45748,69938",17071170000160,COOPERATIVA SERTANEJA CEARENSE - FAPE,Nota Fiscal,"Gêneros Alimentícios ( Proteínas, Carboidratos, Hortaliças, Sódios e Lipídios) 
",45749,Efetivada,17071170000160,17071170,1,60,1,FAPE,4724500,"0119999,0122900,0159801,1031700,1042200,1051100,1052000,1064300,1065101,1065103,1071600,1091101,4623199,4631100,4633801,4637104,4721102,4789099,8211300",RUA,ROMEU MARTINS,446,,CENTRO,62700000,1355,17071170000160,1355,CANINDE,Canindé,Sertão de Canindé,CANINDE,COOPERATIVA SERTANEJA CEARENSE FAPE,Processo Enviado,OCB,22/07/2027,06/02/2025 15:13:33,23/05/2025 10:54:40,294.0,42.0,"97,62",COOPERATIVA SERTANEJA CEARENSE FAPE,Canindé,Processo Enviado,OCB,22/07/2027,06/02/2025 15:13:33,09/04/2025 15:02:14,294.0,42,"97,62",FAPE,4724500.0,"0119999,0122900,0159801,1031700,1042200,1051100,1052000,1064300,1065101,1065103,1071600,1091101,4623199,4631100,4633801,4637104,4721102,4789099,8211300",RUA,ROMEU MARTINS,446,,CENTRO,62700000.0,1355.0,"RUA ROMEU MARTINS, 446, CENTRO Canindé-CE","-4,3575962","-39,3146649"
548,1285431,"INSTITUTO DE ARTE, CULTURA, LAZER E EDUCAÇÃO","2,02504E+16",93835.0,"45748,69714",17071170000160,COOPERATIVA SERTANEJA CEARENSE - FAPE,Nota Fiscal,"Gêneros Alimentícios ( Proteínas, Carboidratos, Hortaliças, Sódios e Lipídios) 
",45749,Efetivada,17071170000160,17071170,1,60,1,FAPE,4724500,"0119999,0122900,0159801,1031700,1042200,1051100,1052000,1064300,1065101,1065103,1071600,1091101,4623199,4631100,4633801,4637104,4721102,4789099,8211300",RUA,ROMEU MARTINS,446,,CENTRO,62700000,1355,17071170000160,1355,CANINDE,Canindé,Sertão de Canindé,CANINDE,COOPERATIVA SERTANEJA CEARENSE FAPE,Processo Enviado,OCB,22/07/2027,06/02/2025 15:13:33,23/05/2025 10:54:40,294.0,42.0,"97,62",COOPERATIVA SERTANEJA CEARENSE FAPE,Canindé,Processo Enviado,OCB,22/07/2027,06/02/2025 15:13:33,09/04/2025 15:02:14,294.0,42,"97,62",FAPE,4724500.0,"0119999,0122900,0159801,1031700,1042200,1051100,1052000,1064300,1065101,1065103,1071600,1091101,4623199,4631100,4633801,4637104,4721102,4789099,8211300",RUA,ROMEU MARTINS,446,,CENTRO,62700000.0,1355.0,"RUA ROMEU MARTINS, 446, CENTRO Canindé-CE","-4,3575962","-39,3146649"
549,1285431,"INSTITUTO DE ARTE, CULTURA, LAZER E EDUCAÇÃO","2,02504E+16",77225.0,"45748,69484",17071170000160,COOPERATIVA SERTANEJA CEARENSE - FAPE,Nota Fiscal,"Gêneros Alimentícios ( Proteínas, Carboidratos, Hortaliças, Sódios e Lipídios) 
",45749,Efetivada,17071170000160,17071170,1,60,1,FAPE,4724500,"0119999,0122900,0159801,1031700,1042200,1051100,1052000,1064300,1065101,1065103,1071600,1091101,4623199,4631100,4633801,4637104,4721102,4789099,8211300",RUA,ROMEU MARTINS,446,,CENTRO,62700000,1355,17071170000160,1355,CANINDE,Canindé,Sertão de Canindé,CANINDE,COOPERATIVA SERTANEJA CEARENSE FAPE,Processo Enviado,OCB,22/07/2027,06/02/2025 15:13:33,23/05/2025 10:54:40,294.0,42.0,"97,62",COOPERATIVA SERTANEJA CEARENSE FAPE,Canindé,Processo Enviado,OCB,22/07/2027,06/02/2025 15:13:33,09/04/2025 15:02:14,294.0,42,"97,62",FAPE,4724500.0,"0119999,0122900,0159801,1031700,1042200,1051100,1052000,1064300,1065101,1065103,1071600,1091101,4623199,4631100,4633801,4637104,4721102,4789099,8211300",RUA,ROMEU MARTINS,446,,CENTRO,62700000.0,1355.0,"RUA ROMEU MARTINS, 446, CENTRO Canindé-CE","-4,3575962","-39,3146649"
550,1285431,"INSTITUTO DE ARTE, CULTURA, LAZER E EDUCAÇÃO","2,02504E+16",70225.0,"45748,69403",17071170000160,COOPERATIVA SERTANEJA CEARENSE - FAPE,Nota Fiscal,"Gêneros Alimentícios ( Proteínas, Carboidratos, Hortaliças, Sódios e Lipídios) 
",45749,Efetivada,17071170000160,17071170,1,60,1,FAPE,4724500,"0119999,0122900,0159801,1031700,1042200,1051100,1052000,1064300,1065101,1065103,1071600,1091101,4623199,4631100,4633801,4637104,4721102,4789099,8211300",RUA,ROMEU MARTINS,446,,CENTRO,62700000,1355,17071170000160,1355,CANINDE,Canindé,Sertão de Canindé,CANINDE,COOPERATIVA SERTANEJA CEARENSE FAPE,Processo Enviado,OCB,22/07/2027,06/02/2025 15:13:33,23/05/2025 10:54:40,294.0,42.0,"97,62",COOPERATIVA SERTANEJA CEARENSE FAPE,Canindé,Processo Enviado,OCB,22/07/2027,06/02/2025 15:13:33,09/04/2025 15:02:14,294.0,42,"97,62",FAPE,4724500.0,"0119999,0122900,0159801,1031700,1042200,1051100,1052000,1064300,1065101,1065103,1071600,1091101,4623199,4631100,4633801,4637104,4721102,4789099,8211300",RUA,ROMEU MARTINS,446,,CENTRO,62700000.0,1355.0,"RUA ROMEU MARTINS, 446, CENTRO Canindé-CE","-4,3575962","-39,3146649"
551,1285431,"INSTITUTO DE ARTE, CULTURA, LAZER E EDUCAÇÃO","2,02504E+16",56180.0,"45748,70497",17071170000160,COOPERATIVA SERTANEJA CEARENSE - FAPE,Nota Fiscal,"Gêneros Alimentícios ( Proteínas, Carboidratos, Hortaliças, Sódios e Lipídios) 
",45749,Efetivada,17071170000160,17071170,1,60,1,FAPE,4724500,"0119999,0122900,0159801,1031700,1042200,1051100,1052000,1064300,1065101,1065103,1071600,1091101,4623199,4631100,4633801,4637104,4721102,4789099,8211300",RUA,ROMEU MARTINS,446,,CENTRO,62700000,1355,17071170000160,1355,CANINDE,Canindé,Sertão de Canindé,CANINDE,COOPERATIVA SERTANEJA CEARENSE FAPE,Processo Enviado,OCB,22/07/2027,06/02/2025 15:13:33,23/05/2025 10:54:40,294.0,42.0,"97,62",COOPERATIVA SERTANEJA CEARENSE FAPE,Canindé,Processo Enviado,OCB,22/07/2027,06/02/2025 15:13:33,09/04/2025 15:02:14,294.0,42,"97,62",FAPE,4724500.0,"0119999,0122900,0159801,1031700,1042200,1051100,1052000,1064300,1065101,1065103,1071600,1091101,4623199,4631100,4633801,4637104,4721102,4789099,8211300",RUA,ROMEU MARTINS,446,,CENTRO,62700000.0,1355.0,"RUA ROMEU MARTINS, 446, CENTRO Canindé-CE","-4,3575962","-39,3146649"
552,1285431,"INSTITUTO DE ARTE, CULTURA, LAZER E EDUCAÇÃO","2,02504E+16",61780.0,"45748,70351",17071170000160,COOPERATIVA SERTANEJA CEARENSE - FAPE,Nota Fiscal,"Gêneros Alimentícios ( Proteínas, Carboidratos, Hortaliças, Sódios e Lipídios) 
",45749,Efetivada,17071170000160,17071170,1,60,1,FAPE,4724500,"0119999,0122900,0159801,1031700,1042200,1051100,1052000,1064300,1065101,1065103,1071600,1091101,4623199,4631100,4633801,4637104,4721102,4789099,8211300",RUA,ROMEU MARTINS,446,,CENTRO,62700000,1355,17071170000160,1355,CANINDE,Canindé,Sertão de Canindé,CANINDE,COOPERATIVA SERTANEJA CEARENSE FAPE,Processo Enviado,OCB,22/07/2027,06/02/2025 15:13:33,23/05/2025 10:54:40,294.0,42.0,"97,62",COOPERATIVA SERTANEJA CEARENSE FAPE,Canindé,Processo Enviado,OCB,22/07/2027,06/02/2025 15:13:33,09/04/2025 15:02:14,294.0,42,"97,62",FAPE,4724500.0,"0119999,0122900,0159801,1031700,1042200,1051100,1052000,1064300,1065101,1065103,1071600,1091101,4623199,4631100,4633801,4637104,4721102,4789099,8211300",RUA,ROMEU MARTINS,446,,CENTRO,62700000.0,1355.0,"RUA ROMEU MARTINS, 446, CENTRO Canindé-CE","-4,3575962","-39,3146649"
553,1285431,"INSTITUTO DE ARTE, CULTURA, LAZER E EDUCAÇÃO","2,02504E+16",139490.0,"45748,69215",17071170000160,COOPERATIVA SERTANEJA CEARENSE - FAPE,Nota Fiscal,"Gêneros Alimentícios ( Proteínas, Carboidratos, Hortaliças, Sódios e Lipídios) 
",45749,Efetivada,17071170000160,17071170,1,60,1,FAPE,4724500,"0119999,0122900,0159801,1031700,1042200,1051100,1052000,1064300,1065101,1065103,1071600,1091101,4623199,4631100,4633801,4637104,4721102,4789099,8211300",RUA,ROMEU MARTINS,446,,CENTRO,62700000,1355,17071170000160,1355,CANINDE,Canindé,Sertão de Canindé,CANINDE,COOPERATIVA SERTANEJA CEARENSE FAPE,Processo Enviado,OCB,22/07/2027,06/02/2025 15:13:33,23/05/2025 10:54:40,294.0,42.0,"97,62",COOPERATIVA SERTANEJA CEARENSE FAPE,Canindé,Processo Enviado,OCB,22/07/2027,06/02/2025 15:13:33,09/04/2025 15:02:14,294.0,42,"97,62",FAPE,4724500.0,"0119999,0122900,0159801,1031700,1042200,1051100,1052000,1064300,1065101,1065103,1071600,1091101,4623199,4631100,4633801,4637104,4721102,4789099,8211300",RUA,ROMEU MARTINS,446,,CENTRO,62700000.0,1355.0,"RUA ROMEU MARTINS, 446, CENTRO Canindé-CE","-4,3575962","-39,3146649"
554,1285431,"INSTITUTO DE ARTE, CULTURA, LAZER E EDUCAÇÃO","2,02504E+16",153490.0,"45748,69321",17071170000160,COOPERATIVA SERTANEJA CEARENSE - FAPE,Nota Fiscal,"Gêneros Alimentícios ( Proteínas, Carboidratos, Hortaliças, Sódios e Lipídios) 
",45749,Efetivada,17071170000160,17071170,1,60,1,FAPE,4724500,"0119999,0122900,0159801,1031700,1042200,1051100,1052000,1064300,1065101,1065103,1071600,1091101,4623199,4631100,4633801,4637104,4721102,4789099,8211300",RUA,ROMEU MARTINS,446,,CENTRO,62700000,1355,17071170000160,1355,CANINDE,Canindé,Sertão de Canindé,CANINDE,COOPERATIVA SERTANEJA CEARENSE FAPE,Processo Enviado,OCB,22/07/2027,06/02/2025 15:13:33,23/05/2025 10:54:40,294.0,42.0,"97,62",COOPERATIVA SERTANEJA CEARENSE FAPE,Canindé,Processo Enviado,OCB,22/07/2027,06/02/2025 15:13:33,09/04/2025 15:02:14,294.0,42,"97,62",FAPE,4724500.0,"0119999,0122900,0159801,1031700,1042200,1051100,1052000,1064300,1065101,1065103,1071600,1091101,4623199,4631100,4633801,4637104,4721102,4789099,8211300",RUA,ROMEU MARTINS,446,,CENTRO,62700000.0,1355.0,"RUA ROMEU MARTINS, 446, CENTRO Canindé-CE","-4,3575962","-39,3146649"
555,1285431,"INSTITUTO DE ARTE, CULTURA, LAZER E EDUCAÇÃO","2,02504E+16",42295.0,"45748,70204",17071170000160,COOPERATIVA SERTANEJA CEARENSE - FAPE,Nota Fiscal,"Gêneros Alimentícios ( Proteínas, Carboidratos, Hortaliças, Sódios e Lipídios) 
",45749,Efetivada,17071170000160,17071170,1,60,1,FAPE,4724500,"0119999,0122900,0159801,1031700,1042200,1051100,1052000,1064300,1065101,1065103,1071600,1091101,4623199,4631100,4633801,4637104,4721102,4789099,8211300",RUA,ROMEU MARTINS,446,,CENTRO,62700000,1355,17071170000160,1355,CANINDE,Canindé,Sertão de Canindé,CANINDE,COOPERATIVA SERTANEJA CEARENSE FAPE,Processo Enviado,OCB,22/07/2027,06/02/2025 15:13:33,23/05/2025 10:54:40,294.0,42.0,"97,62",COOPERATIVA SERTANEJA CEARENSE FAPE,Canindé,Processo Enviado,OCB,22/07/2027,06/02/2025 15:13:33,09/04/2025 15:02:14,294.0,42,"97,62",FAPE,4724500.0,"0119999,0122900,0159801,1031700,1042200,1051100,1052000,1064300,1065101,1065103,1071600,1091101,4623199,4631100,4633801,4637104,4721102,4789099,8211300",RUA,ROMEU MARTINS,446,,CENTRO,62700000.0,1355.0,"RUA ROMEU MARTINS, 446, CENTRO Canindé-CE","-4,3575962","-39,3146649"
556,1285431,"INSTITUTO DE ARTE, CULTURA, LAZER E EDUCAÇÃO","2,02504E+16",46495.0,"45748,70079",17071170000160,COOPERATIVA SERTANEJA CEARENSE - FAPE,Nota Fiscal,"Gêneros Alimentícios ( Proteínas, Carboidratos, Hortaliças, Sódios e Lipídios) 
",45749,Efetivada,17071170000160,17071170,1,60,1,FAPE,4724500,"0119999,0122900,0159801,1031700,1042200,1051100,1052000,1064300,1065101,1065103,1071600,1091101,4623199,4631100,4633801,4637104,4721102,4789099,8211300",RUA,ROMEU MARTINS,446,,CENTRO,62700000,1355,17071170000160,1355,CANINDE,Canindé,Sertão de Canindé,CANINDE,COOPERATIVA SERTANEJA CEARENSE FAPE,Processo Enviado,OCB,22/07/2027,06/02/2025 15:13:33,23/05/2025 10:54:40,294.0,42.0,"97,62",COOPERATIVA SERTANEJA CEARENSE FAPE,Canindé,Processo Enviado,OCB,22/07/2027,06/02/2025 15:13:33,09/04/2025 15:02:14,294.0,42,"97,62",FAPE,4724500.0,"0119999,0122900,0159801,1031700,1042200,1051100,1052000,1064300,1065101,1065103,1071600,1091101,4623199,4631100,4633801,4637104,4721102,4789099,8211300",RUA,ROMEU MARTINS,446,,CENTRO,62700000.0,1355.0,"RUA ROMEU MARTINS, 446, CENTRO Canindé-CE","-4,3575962","-39,3146649"
557,1285431,"INSTITUTO DE ARTE, CULTURA, LAZER E EDUCAÇÃO","2,02504E+16",485028.0,"45749,66587",17071170000160,COOPERATIVA SERTANEJA CEARENSE - FAPE,Nota Fiscal,"Gêneros Alimentícios ( Proteínas, Carboidratos, Hortaliças, Sódios e Lipídios) 
",45750,Efetivada,17071170000160,17071170,1,60,1,FAPE,4724500,"0119999,0122900,0159801,1031700,1042200,1051100,1052000,1064300,1065101,1065103,1071600,1091101,4623199,4631100,4633801,4637104,4721102,4789099,8211300",RUA,ROMEU MARTINS,446,,CENTRO,62700000,1355,17071170000160,1355,CANINDE,Canindé,Sertão de Canindé,CANINDE,COOPERATIVA SERTANEJA CEARENSE FAPE,Processo Enviado,OCB,22/07/2027,06/02/2025 15:13:33,23/05/2025 10:54:40,294.0,42.0,"97,62",COOPERATIVA SERTANEJA CEARENSE FAPE,Canindé,Processo Enviado,OCB,22/07/2027,06/02/2025 15:13:33,09/04/2025 15:02:14,294.0,42,"97,62",FAPE,4724500.0,"0119999,0122900,0159801,1031700,1042200,1051100,1052000,1064300,1065101,1065103,1071600,1091101,4623199,4631100,4633801,4637104,4721102,4789099,8211300",RUA,ROMEU MARTINS,446,,CENTRO,62700000.0,1355.0,"RUA ROMEU MARTINS, 446, CENTRO Canindé-CE","-4,3575962","-39,3146649"
558,1285431,"INSTITUTO DE ARTE, CULTURA, LAZER E EDUCAÇÃO","2,02504E+16",26274.0,"45777,49854",17071170000160,COOPERATIVA SERTANEJA CEARENSE - FAPE,Nota Fiscal,"Gêneros Alimentícios ( Proteínas, Carboidratos, Hortaliças, Sódios e Lipídios) 
",45779,Efetivada,17071170000160,17071170,1,60,1,FAPE,4724500,"0119999,0122900,0159801,1031700,1042200,1051100,1052000,1064300,1065101,1065103,1071600,1091101,4623199,4631100,4633801,4637104,4721102,4789099,8211300",RUA,ROMEU MARTINS,446,,CENTRO,62700000,1355,17071170000160,1355,CANINDE,Canindé,Sertão de Canindé,CANINDE,COOPERATIVA SERTANEJA CEARENSE FAPE,Processo Enviado,OCB,22/07/2027,06/02/2025 15:13:33,23/05/2025 10:54:40,294.0,42.0,"97,62",COOPERATIVA SERTANEJA CEARENSE FAPE,Canindé,Processo Enviado,OCB,22/07/2027,06/02/2025 15:13:33,09/04/2025 15:02:14,294.0,42,"97,62",FAPE,4724500.0,"0119999,0122900,0159801,1031700,1042200,1051100,1052000,1064300,1065101,1065103,1071600,1091101,4623199,4631100,4633801,4637104,4721102,4789099,8211300",RUA,ROMEU MARTINS,446,,CENTRO,62700000.0,1355.0,"RUA ROMEU MARTINS, 446, CENTRO Canindé-CE","-4,3575962","-39,3146649"
559,1285431,"INSTITUTO DE ARTE, CULTURA, LAZER E EDUCAÇÃO","2,02504E+16",39091.0,"45777,49767",17071170000160,COOPERATIVA SERTANEJA CEARENSE - FAPE,Nota Fiscal,"Gêneros Alimentícios ( Proteínas, Carboidratos, Hortaliças, Sódios e Lipídios) 
",45779,Efetivada,17071170000160,17071170,1,60,1,FAPE,4724500,"0119999,0122900,0159801,1031700,1042200,1051100,1052000,1064300,1065101,1065103,1071600,1091101,4623199,4631100,4633801,4637104,4721102,4789099,8211300",RUA,ROMEU MARTINS,446,,CENTRO,62700000,1355,17071170000160,1355,CANINDE,Canindé,Sertão de Canindé,CANINDE,COOPERATIVA SERTANEJA CEARENSE FAPE,Processo Enviado,OCB,22/07/2027,06/02/2025 15:13:33,23/05/2025 10:54:40,294.0,42.0,"97,62",COOPERATIVA SERTANEJA CEARENSE FAPE,Canindé,Processo Enviado,OCB,22/07/2027,06/02/2025 15:13:33,09/04/2025 15:02:14,294.0,42,"97,62",FAPE,4724500.0,"0119999,0122900,0159801,1031700,1042200,1051100,1052000,1064300,1065101,1065103,1071600,1091101,4623199,4631100,4633801,4637104,4721102,4789099,8211300",RUA,ROMEU MARTINS,446,,CENTRO,62700000.0,1355.0,"RUA ROMEU MARTINS, 446, CENTRO Canindé-CE","-4,3575962","-39,3146649"
560,1285431,"INSTITUTO DE ARTE, CULTURA, LAZER E EDUCAÇÃO","2,02504E+16",64885.0,"45777,49704",17071170000160,COOPERATIVA SERTANEJA CEARENSE - FAPE,Nota Fiscal,"Gêneros Alimentícios ( Proteínas, Carboidratos, Hortaliças, Sódios e Lipídios) 
",45779,Efetivada,17071170000160,17071170,1,60,1,FAPE,4724500,"0119999,0122900,0159801,1031700,1042200,1051100,1052000,1064300,1065101,1065103,1071600,1091101,4623199,4631100,4633801,4637104,4721102,4789099,8211300",RUA,ROMEU MARTINS,446,,CENTRO,62700000,1355,17071170000160,1355,CANINDE,Canindé,Sertão de Canindé,CANINDE,COOPERATIVA SERTANEJA CEARENSE FAPE,Processo Enviado,OCB,22/07/2027,06/02/2025 15:13:33,23/05/2025 10:54:40,294.0,42.0,"97,62",COOPERATIVA SERTANEJA CEARENSE FAPE,Canindé,Processo Enviado,OCB,22/07/2027,06/02/2025 15:13:33,09/04/2025 15:02:14,294.0,42,"97,62",FAPE,4724500.0,"0119999,0122900,0159801,1031700,1042200,1051100,1052000,1064300,1065101,1065103,1071600,1091101,4623199,4631100,4633801,4637104,4721102,4789099,8211300",RUA,ROMEU MARTINS,446,,CENTRO,62700000.0,1355.0,"RUA ROMEU MARTINS, 446, CENTRO Canindé-CE","-4,3575962","-39,3146649"
561,1285431,"INSTITUTO DE ARTE, CULTURA, LAZER E EDUCAÇÃO","2,02505E+16",128810.0,"45779,72363",17071170000160,COOPERATIVA SERTANEJA CEARENSE - FAPE,Nota Fiscal,"Gêneros Alimentícios ( Proteínas, Carboidratos, Hortaliças, Sódios e Lipídios) 
",45782,Efetivada,17071170000160,17071170,1,60,1,FAPE,4724500,"0119999,0122900,0159801,1031700,1042200,1051100,1052000,1064300,1065101,1065103,1071600,1091101,4623199,4631100,4633801,4637104,4721102,4789099,8211300",RUA,ROMEU MARTINS,446,,CENTRO,62700000,1355,17071170000160,1355,CANINDE,Canindé,Sertão de Canindé,CANINDE,COOPERATIVA SERTANEJA CEARENSE FAPE,Processo Enviado,OCB,22/07/2027,06/02/2025 15:13:33,23/05/2025 10:54:40,294.0,42.0,"97,62",COOPERATIVA SERTANEJA CEARENSE FAPE,Canindé,Processo Enviado,OCB,22/07/2027,06/02/2025 15:13:33,09/04/2025 15:02:14,294.0,42,"97,62",FAPE,4724500.0,"0119999,0122900,0159801,1031700,1042200,1051100,1052000,1064300,1065101,1065103,1071600,1091101,4623199,4631100,4633801,4637104,4721102,4789099,8211300",RUA,ROMEU MARTINS,446,,CENTRO,62700000.0,1355.0,"RUA ROMEU MARTINS, 446, CENTRO Canindé-CE","-4,3575962","-39,3146649"
562,1285431,"INSTITUTO DE ARTE, CULTURA, LAZER E EDUCAÇÃO","2,02505E+16",86350.0,"45779,72403",17071170000160,COOPERATIVA SERTANEJA CEARENSE - FAPE,Nota Fiscal,"Gêneros Alimentícios ( Proteínas, Carboidratos, Hortaliças, Sódios e Lipídios) 
",45782,Efetivada,17071170000160,17071170,1,60,1,FAPE,4724500,"0119999,0122900,0159801,1031700,1042200,1051100,1052000,1064300,1065101,1065103,1071600,1091101,4623199,4631100,4633801,4637104,4721102,4789099,8211300",RUA,ROMEU MARTINS,446,,CENTRO,62700000,1355,17071170000160,1355,CANINDE,Canindé,Sertão de Canindé,CANINDE,COOPERATIVA SERTANEJA CEARENSE FAPE,Processo Enviado,OCB,22/07/2027,06/02/2025 15:13:33,23/05/2025 10:54:40,294.0,42.0,"97,62",COOPERATIVA SERTANEJA CEARENSE FAPE,Canindé,Processo Enviado,OCB,22/07/2027,06/02/2025 15:13:33,09/04/2025 15:02:14,294.0,42,"97,62",FAPE,4724500.0,"0119999,0122900,0159801,1031700,1042200,1051100,1052000,1064300,1065101,1065103,1071600,1091101,4623199,4631100,4633801,4637104,4721102,4789099,8211300",RUA,ROMEU MARTINS,446,,CENTRO,62700000.0,1355.0,"RUA ROMEU MARTINS, 446, CENTRO Canindé-CE","-4,3575962","-39,3146649"
563,1285431,"INSTITUTO DE ARTE, CULTURA, LAZER E EDUCAÇÃO","2,02505E+16",51908.0,"45779,72453",17071170000160,COOPERATIVA SERTANEJA CEARENSE - FAPE,Nota Fiscal,"Gêneros Alimentícios ( Proteínas, Carboidratos, Hortaliças, Sódios e Lipídios) 
",45782,Efetivada,17071170000160,17071170,1,60,1,FAPE,4724500,"0119999,0122900,0159801,1031700,1042200,1051100,1052000,1064300,1065101,1065103,1071600,1091101,4623199,4631100,4633801,4637104,4721102,4789099,8211300",RUA,ROMEU MARTINS,446,,CENTRO,62700000,1355,17071170000160,1355,CANINDE,Canindé,Sertão de Canindé,CANINDE,COOPERATIVA SERTANEJA CEARENSE FAPE,Processo Enviado,OCB,22/07/2027,06/02/2025 15:13:33,23/05/2025 10:54:40,294.0,42.0,"97,62",COOPERATIVA SERTANEJA CEARENSE FAPE,Canindé,Processo Enviado,OCB,22/07/2027,06/02/2025 15:13:33,09/04/2025 15:02:14,294.0,42,"97,62",FAPE,4724500.0,"0119999,0122900,0159801,1031700,1042200,1051100,1052000,1064300,1065101,1065103,1071600,1091101,4623199,4631100,4633801,4637104,4721102,4789099,8211300",RUA,ROMEU MARTINS,446,,CENTRO,62700000.0,1355.0,"RUA ROMEU MARTINS, 446, CENTRO Canindé-CE","-4,3575962","-39,3146649"
564,1285431,"INSTITUTO DE ARTE, CULTURA, LAZER E EDUCAÇÃO","2,02505E+16",79355.0,"45779,72006",17071170000160,COOPERATIVA SERTANEJA CEARENSE - FAPE,Nota Fiscal,"Gêneros Alimentícios ( Proteínas, Carboidratos, Hortaliças, Sódios e Lipídios) 
",45782,Efetivada,17071170000160,17071170,1,60,1,FAPE,4724500,"0119999,0122900,0159801,1031700,1042200,1051100,1052000,1064300,1065101,1065103,1071600,1091101,4623199,4631100,4633801,4637104,4721102,4789099,8211300",RUA,ROMEU MARTINS,446,,CENTRO,62700000,1355,17071170000160,1355,CANINDE,Canindé,Sertão de Canindé,CANINDE,COOPERATIVA SERTANEJA CEARENSE FAPE,Processo Enviado,OCB,22/07/2027,06/02/2025 15:13:33,23/05/2025 10:54:40,294.0,42.0,"97,62",COOPERATIVA SERTANEJA CEARENSE FAPE,Canindé,Processo Enviado,OCB,22/07/2027,06/02/2025 15:13:33,09/04/2025 15:02:14,294.0,42,"97,62",FAPE,4724500.0,"0119999,0122900,0159801,1031700,1042200,1051100,1052000,1064300,1065101,1065103,1071600,1091101,4623199,4631100,4633801,4637104,4721102,4789099,8211300",RUA,ROMEU MARTINS,446,,CENTRO,62700000.0,1355.0,"RUA ROMEU MARTINS, 446, CENTRO Canindé-CE","-4,3575962","-39,3146649"
565,1285431,"INSTITUTO DE ARTE, CULTURA, LAZER E EDUCAÇÃO","2,02505E+16",107737.0,"45779,72115",17071170000160,COOPERATIVA SERTANEJA CEARENSE - FAPE,Nota Fiscal,"Gêneros Alimentícios ( Proteínas, Carboidratos, Hortaliças, Sódios e Lipídios) 
",45782,Efetivada,17071170000160,17071170,1,60,1,FAPE,4724500,"0119999,0122900,0159801,1031700,1042200,1051100,1052000,1064300,1065101,1065103,1071600,1091101,4623199,4631100,4633801,4637104,4721102,4789099,8211300",RUA,ROMEU MARTINS,446,,CENTRO,62700000,1355,17071170000160,1355,CANINDE,Canindé,Sertão de Canindé,CANINDE,COOPERATIVA SERTANEJA CEARENSE FAPE,Processo Enviado,OCB,22/07/2027,06/02/2025 15:13:33,23/05/2025 10:54:40,294.0,42.0,"97,62",COOPERATIVA SERTANEJA CEARENSE FAPE,Canindé,Processo Enviado,OCB,22/07/2027,06/02/2025 15:13:33,09/04/2025 15:02:14,294.0,42,"97,62",FAPE,4724500.0,"0119999,0122900,0159801,1031700,1042200,1051100,1052000,1064300,1065101,1065103,1071600,1091101,4623199,4631100,4633801,4637104,4721102,4789099,8211300",RUA,ROMEU MARTINS,446,,CENTRO,62700000.0,1355.0,"RUA ROMEU MARTINS, 446, CENTRO Canindé-CE","-4,3575962","-39,3146649"
566,1285431,"INSTITUTO DE ARTE, CULTURA, LAZER E EDUCAÇÃO","2,02505E+16",160310.0,"45779,72661",17071170000160,COOPERATIVA SERTANEJA CEARENSE - FAPE,Nota Fiscal,"Gêneros Alimentícios ( Proteínas, Carboidratos, Hortaliças, Sódios e Lipídios) 
",45782,Efetivada,17071170000160,17071170,1,60,1,FAPE,4724500,"0119999,0122900,0159801,1031700,1042200,1051100,1052000,1064300,1065101,1065103,1071600,1091101,4623199,4631100,4633801,4637104,4721102,4789099,8211300",RUA,ROMEU MARTINS,446,,CENTRO,62700000,1355,17071170000160,1355,CANINDE,Canindé,Sertão de Canindé,CANINDE,COOPERATIVA SERTANEJA CEARENSE FAPE,Processo Enviado,OCB,22/07/2027,06/02/2025 15:13:33,23/05/2025 10:54:40,294.0,42.0,"97,62",COOPERATIVA SERTANEJA CEARENSE FAPE,Canindé,Processo Enviado,OCB,22/07/2027,06/02/2025 15:13:33,09/04/2025 15:02:14,294.0,42,"97,62",FAPE,4724500.0,"0119999,0122900,0159801,1031700,1042200,1051100,1052000,1064300,1065101,1065103,1071600,1091101,4623199,4631100,4633801,4637104,4721102,4789099,8211300",RUA,ROMEU MARTINS,446,,CENTRO,62700000.0,1355.0,"RUA ROMEU MARTINS, 446, CENTRO Canindé-CE","-4,3575962","-39,3146649"
567,1285431,"INSTITUTO DE ARTE, CULTURA, LAZER E EDUCAÇÃO","2,02505E+16",48093.0,"45779,72198",17071170000160,COOPERATIVA SERTANEJA CEARENSE - FAPE,Nota Fiscal,"Gêneros Alimentícios ( Proteínas, Carboidratos, Hortaliças, Sódios e Lipídios) 
",45782,Efetivada,17071170000160,17071170,1,60,1,FAPE,4724500,"0119999,0122900,0159801,1031700,1042200,1051100,1052000,1064300,1065101,1065103,1071600,1091101,4623199,4631100,4633801,4637104,4721102,4789099,8211300",RUA,ROMEU MARTINS,446,,CENTRO,62700000,1355,17071170000160,1355,CANINDE,Canindé,Sertão de Canindé,CANINDE,COOPERATIVA SERTANEJA CEARENSE FAPE,Processo Enviado,OCB,22/07/2027,06/02/2025 15:13:33,23/05/2025 10:54:40,294.0,42.0,"97,62",COOPERATIVA SERTANEJA CEARENSE FAPE,Canindé,Processo Enviado,OCB,22/07/2027,06/02/2025 15:13:33,09/04/2025 15:02:14,294.0,42,"97,62",FAPE,4724500.0,"0119999,0122900,0159801,1031700,1042200,1051100,1052000,1064300,1065101,1065103,1071600,1091101,4623199,4631100,4633801,4637104,4721102,4789099,8211300",RUA,ROMEU MARTINS,446,,CENTRO,62700000.0,1355.0,"RUA ROMEU MARTINS, 446, CENTRO Canindé-CE","-4,3575962","-39,3146649"
568,1285431,"INSTITUTO DE ARTE, CULTURA, LAZER E EDUCAÇÃO","2,02505E+16",64124.0,"45779,72284",17071170000160,COOPERATIVA SERTANEJA CEARENSE - FAPE,Nota Fiscal,"Gêneros Alimentícios ( Proteínas, Carboidratos, Hortaliças, Sódios e Lipídios) 
",45782,Efetivada,17071170000160,17071170,1,60,1,FAPE,4724500,"0119999,0122900,0159801,1031700,1042200,1051100,1052000,1064300,1065101,1065103,1071600,1091101,4623199,4631100,4633801,4637104,4721102,4789099,8211300",RUA,ROMEU MARTINS,446,,CENTRO,62700000,1355,17071170000160,1355,CANINDE,Canindé,Sertão de Canindé,CANINDE,COOPERATIVA SERTANEJA CEARENSE FAPE,Processo Enviado,OCB,22/07/2027,06/02/2025 15:13:33,23/05/2025 10:54:40,294.0,42.0,"97,62",COOPERATIVA SERTANEJA CEARENSE FAPE,Canindé,Processo Enviado,OCB,22/07/2027,06/02/2025 15:13:33,09/04/2025 15:02:14,294.0,42,"97,62",FAPE,4724500.0,"0119999,0122900,0159801,1031700,1042200,1051100,1052000,1064300,1065101,1065103,1071600,1091101,4623199,4631100,4633801,4637104,4721102,4789099,8211300",RUA,ROMEU MARTINS,446,,CENTRO,62700000.0,1355.0,"RUA ROMEU MARTINS, 446, CENTRO Canindé-CE","-4,3575962","-39,3146649"
569,1285431,"INSTITUTO DE ARTE, CULTURA, LAZER E EDUCAÇÃO","2,02505E+16",32382.0,"45779,72319",17071170000160,COOPERATIVA SERTANEJA CEARENSE - FAPE,Nota Fiscal,"Gêneros Alimentícios ( Proteínas, Carboidratos, Hortaliças, Sódios e Lipídios) 
",45782,Efetivada,17071170000160,17071170,1,60,1,FAPE,4724500,"0119999,0122900,0159801,1031700,1042200,1051100,1052000,1064300,1065101,1065103,1071600,1091101,4623199,4631100,4633801,4637104,4721102,4789099,8211300",RUA,ROMEU MARTINS,446,,CENTRO,62700000,1355,17071170000160,1355,CANINDE,Canindé,Sertão de Canindé,CANINDE,COOPERATIVA SERTANEJA CEARENSE FAPE,Processo Enviado,OCB,22/07/2027,06/02/2025 15:13:33,23/05/2025 10:54:40,294.0,42.0,"97,62",COOPERATIVA SERTANEJA CEARENSE FAPE,Canindé,Processo Enviado,OCB,22/07/2027,06/02/2025 15:13:33,09/04/2025 15:02:14,294.0,42,"97,62",FAPE,4724500.0,"0119999,0122900,0159801,1031700,1042200,1051100,1052000,1064300,1065101,1065103,1071600,1091101,4623199,4631100,4633801,4637104,4721102,4789099,8211300",RUA,ROMEU MARTINS,446,,CENTRO,62700000.0,1355.0,"RUA ROMEU MARTINS, 446, CENTRO Canindé-CE","-4,3575962","-39,3146649"
570,1285431,"INSTITUTO DE ARTE, CULTURA, LAZER E EDUCAÇÃO","2,02505E+16",32450.0,"45790,68042",17071170000160,COOPERATIVA SERTANEJA CEARENSE - FAPE,Nota Fiscal,"Gêneros Alimentícios ( Proteínas, Carboidratos, Hortaliças, Sódios e Lipídios) 
",45791,Efetivada,17071170000160,17071170,1,60,1,FAPE,4724500,"0119999,0122900,0159801,1031700,1042200,1051100,1052000,1064300,1065101,1065103,1071600,1091101,4623199,4631100,4633801,4637104,4721102,4789099,8211300",RUA,ROMEU MARTINS,446,,CENTRO,62700000,1355,17071170000160,1355,CANINDE,Canindé,Sertão de Canindé,CANINDE,COOPERATIVA SERTANEJA CEARENSE FAPE,Processo Enviado,OCB,22/07/2027,06/02/2025 15:13:33,23/05/2025 10:54:40,294.0,42.0,"97,62",COOPERATIVA SERTANEJA CEARENSE FAPE,Canindé,Processo Enviado,OCB,22/07/2027,06/02/2025 15:13:33,09/04/2025 15:02:14,294.0,42,"97,62",FAPE,4724500.0,"0119999,0122900,0159801,1031700,1042200,1051100,1052000,1064300,1065101,1065103,1071600,1091101,4623199,4631100,4633801,4637104,4721102,4789099,8211300",RUA,ROMEU MARTINS,446,,CENTRO,62700000.0,1355.0,"RUA ROMEU MARTINS, 446, CENTRO Canindé-CE","-4,3575962","-39,3146649"
571,1285431,"INSTITUTO DE ARTE, CULTURA, LAZER E EDUCAÇÃO","2,02505E+16",110215.0,"45790,68163",17071170000160,COOPERATIVA SERTANEJA CEARENSE - FAPE,Nota Fiscal,"Gêneros Alimentícios ( Proteínas, Carboidratos, Hortaliças, Sódios e Lipídios) 
",45791,Efetivada,17071170000160,17071170,1,60,1,FAPE,4724500,"0119999,0122900,0159801,1031700,1042200,1051100,1052000,1064300,1065101,1065103,1071600,1091101,4623199,4631100,4633801,4637104,4721102,4789099,8211300",RUA,ROMEU MARTINS,446,,CENTRO,62700000,1355,17071170000160,1355,CANINDE,Canindé,Sertão de Canindé,CANINDE,COOPERATIVA SERTANEJA CEARENSE FAPE,Processo Enviado,OCB,22/07/2027,06/02/2025 15:13:33,23/05/2025 10:54:40,294.0,42.0,"97,62",COOPERATIVA SERTANEJA CEARENSE FAPE,Canindé,Processo Enviado,OCB,22/07/2027,06/02/2025 15:13:33,09/04/2025 15:02:14,294.0,42,"97,62",FAPE,4724500.0,"0119999,0122900,0159801,1031700,1042200,1051100,1052000,1064300,1065101,1065103,1071600,1091101,4623199,4631100,4633801,4637104,4721102,4789099,8211300",RUA,ROMEU MARTINS,446,,CENTRO,62700000.0,1355.0,"RUA ROMEU MARTINS, 446, CENTRO Canindé-CE","-4,3575962","-39,3146649"
572,1285431,"INSTITUTO DE ARTE, CULTURA, LAZER E EDUCAÇÃO","2,02505E+16",49155.0,"45790,68277",17071170000160,COOPERATIVA SERTANEJA CEARENSE - FAPE,Nota Fiscal,"Gêneros Alimentícios ( Proteínas, Carboidratos, Hortaliças, Sódios e Lipídios) 
",45791,Efetivada,17071170000160,17071170,1,60,1,FAPE,4724500,"0119999,0122900,0159801,1031700,1042200,1051100,1052000,1064300,1065101,1065103,1071600,1091101,4623199,4631100,4633801,4637104,4721102,4789099,8211300",RUA,ROMEU MARTINS,446,,CENTRO,62700000,1355,17071170000160,1355,CANINDE,Canindé,Sertão de Canindé,CANINDE,COOPERATIVA SERTANEJA CEARENSE FAPE,Processo Enviado,OCB,22/07/2027,06/02/2025 15:13:33,23/05/2025 10:54:40,294.0,42.0,"97,62",COOPERATIVA SERTANEJA CEARENSE FAPE,Canindé,Processo Enviado,OCB,22/07/2027,06/02/2025 15:13:33,09/04/2025 15:02:14,294.0,42,"97,62",FAPE,4724500.0,"0119999,0122900,0159801,1031700,1042200,1051100,1052000,1064300,1065101,1065103,1071600,1091101,4623199,4631100,4633801,4637104,4721102,4789099,8211300",RUA,ROMEU MARTINS,446,,CENTRO,62700000.0,1355.0,"RUA ROMEU MARTINS, 446, CENTRO Canindé-CE","-4,3575962","-39,3146649"
573,1285431,"INSTITUTO DE ARTE, CULTURA, LAZER E EDUCAÇÃO","2,02505E+16",83925.0,"45800,45674",17071170000160,COOPERATIVA SERTANEJA CEARENSE - FAPE,Nota Fiscal,"Gêneros Alimentícios ( Proteínas, Carboidratos, Hortaliças, Sódios e Lipídios) 
",45803,Efetivada,17071170000160,17071170,1,60,1,FAPE,4724500,"0119999,0122900,0159801,1031700,1042200,1051100,1052000,1064300,1065101,1065103,1071600,1091101,4623199,4631100,4633801,4637104,4721102,4789099,8211300",RUA,ROMEU MARTINS,446,,CENTRO,62700000,1355,17071170000160,1355,CANINDE,Canindé,Sertão de Canindé,CANINDE,COOPERATIVA SERTANEJA CEARENSE FAPE,Processo Enviado,OCB,22/07/2027,06/02/2025 15:13:33,23/05/2025 10:54:40,294.0,42.0,"97,62",COOPERATIVA SERTANEJA CEARENSE FAPE,Canindé,Processo Enviado,OCB,22/07/2027,06/02/2025 15:13:33,09/04/2025 15:02:14,294.0,42,"97,62",FAPE,4724500.0,"0119999,0122900,0159801,1031700,1042200,1051100,1052000,1064300,1065101,1065103,1071600,1091101,4623199,4631100,4633801,4637104,4721102,4789099,8211300",RUA,ROMEU MARTINS,446,,CENTRO,62700000.0,1355.0,"RUA ROMEU MARTINS, 446, CENTRO Canindé-CE","-4,3575962","-39,3146649"
574,1285431,"INSTITUTO DE ARTE, CULTURA, LAZER E EDUCAÇÃO","2,02505E+16",163850.0,"45806,41065",17071170000160,COOPERATIVA SERTANEJA CEARENSE - FAPE,Nota Fiscal,"Gêneros Alimentícios ( Proteínas, Carboidratos, Hortaliças, Sódios e Lipídios) 
",45807,Efetivada,17071170000160,17071170,1,60,1,FAPE,4724500,"0119999,0122900,0159801,1031700,1042200,1051100,1052000,1064300,1065101,1065103,1071600,1091101,4623199,4631100,4633801,4637104,4721102,4789099,8211300",RUA,ROMEU MARTINS,446,,CENTRO,62700000,1355,17071170000160,1355,CANINDE,Canindé,Sertão de Canindé,CANINDE,COOPERATIVA SERTANEJA CEARENSE FAPE,Processo Enviado,OCB,22/07/2027,06/02/2025 15:13:33,23/05/2025 10:54:40,294.0,42.0,"97,62",COOPERATIVA SERTANEJA CEARENSE FAPE,Canindé,Processo Enviado,OCB,22/07/2027,06/02/2025 15:13:33,09/04/2025 15:02:14,294.0,42,"97,62",FAPE,4724500.0,"0119999,0122900,0159801,1031700,1042200,1051100,1052000,1064300,1065101,1065103,1071600,1091101,4623199,4631100,4633801,4637104,4721102,4789099,8211300",RUA,ROMEU MARTINS,446,,CENTRO,62700000.0,1355.0,"RUA ROMEU MARTINS, 446, CENTRO Canindé-CE","-4,3575962","-39,3146649"
575,1285431,"INSTITUTO DE ARTE, CULTURA, LAZER E EDUCAÇÃO","2,02505E+16",65380.0,"45806,41203",17071170000160,COOPERATIVA SERTANEJA CEARENSE - FAPE,Nota Fiscal,"Gêneros Alimentícios ( Proteínas, Carboidratos, Hortaliças, Sódios e Lipídios) 
",45807,Efetivada,17071170000160,17071170,1,60,1,FAPE,4724500,"0119999,0122900,0159801,1031700,1042200,1051100,1052000,1064300,1065101,1065103,1071600,1091101,4623199,4631100,4633801,4637104,4721102,4789099,8211300",RUA,ROMEU MARTINS,446,,CENTRO,62700000,1355,17071170000160,1355,CANINDE,Canindé,Sertão de Canindé,CANINDE,COOPERATIVA SERTANEJA CEARENSE FAPE,Processo Enviado,OCB,22/07/2027,06/02/2025 15:13:33,23/05/2025 10:54:40,294.0,42.0,"97,62",COOPERATIVA SERTANEJA CEARENSE FAPE,Canindé,Processo Enviado,OCB,22/07/2027,06/02/2025 15:13:33,09/04/2025 15:02:14,294.0,42,"97,62",FAPE,4724500.0,"0119999,0122900,0159801,1031700,1042200,1051100,1052000,1064300,1065101,1065103,1071600,1091101,4623199,4631100,4633801,4637104,4721102,4789099,8211300",RUA,ROMEU MARTINS,446,,CENTRO,62700000.0,1355.0,"RUA ROMEU MARTINS, 446, CENTRO Canindé-CE","-4,3575962","-39,3146649"
576,1285431,"INSTITUTO DE ARTE, CULTURA, LAZER E EDUCAÇÃO","2,02505E+16",32450.0,"45804,74939",17071170000160,COOPERATIVA SERTANEJA CEARENSE - FAPE,Nota Fiscal,"Gêneros Alimentícios ( Proteínas, Carboidratos, Hortaliças, Sódios e Lipídios) 
",45805,Efetivada,17071170000160,17071170,1,60,1,FAPE,4724500,"0119999,0122900,0159801,1031700,1042200,1051100,1052000,1064300,1065101,1065103,1071600,1091101,4623199,4631100,4633801,4637104,4721102,4789099,8211300",RUA,ROMEU MARTINS,446,,CENTRO,62700000,1355,17071170000160,1355,CANINDE,Canindé,Sertão de Canindé,CANINDE,COOPERATIVA SERTANEJA CEARENSE FAPE,Processo Enviado,OCB,22/07/2027,06/02/2025 15:13:33,23/05/2025 10:54:40,294.0,42.0,"97,62",COOPERATIVA SERTANEJA CEARENSE FAPE,Canindé,Processo Enviado,OCB,22/07/2027,06/02/2025 15:13:33,09/04/2025 15:02:14,294.0,42,"97,62",FAPE,4724500.0,"0119999,0122900,0159801,1031700,1042200,1051100,1052000,1064300,1065101,1065103,1071600,1091101,4623199,4631100,4633801,4637104,4721102,4789099,8211300",RUA,ROMEU MARTINS,446,,CENTRO,62700000.0,1355.0,"RUA ROMEU MARTINS, 446, CENTRO Canindé-CE","-4,3575962","-39,3146649"
577,1285431,"INSTITUTO DE ARTE, CULTURA, LAZER E EDUCAÇÃO","2,02505E+16",110215.0,"45804,75019",17071170000160,COOPERATIVA SERTANEJA CEARENSE - FAPE,Nota Fiscal,"Gêneros Alimentícios ( Proteínas, Carboidratos, Hortaliças, Sódios e Lipídios) 
",45805,Efetivada,17071170000160,17071170,1,60,1,FAPE,4724500,"0119999,0122900,0159801,1031700,1042200,1051100,1052000,1064300,1065101,1065103,1071600,1091101,4623199,4631100,4633801,4637104,4721102,4789099,8211300",RUA,ROMEU MARTINS,446,,CENTRO,62700000,1355,17071170000160,1355,CANINDE,Canindé,Sertão de Canindé,CANINDE,COOPERATIVA SERTANEJA CEARENSE FAPE,Processo Enviado,OCB,22/07/2027,06/02/2025 15:13:33,23/05/2025 10:54:40,294.0,42.0,"97,62",COOPERATIVA SERTANEJA CEARENSE FAPE,Canindé,Processo Enviado,OCB,22/07/2027,06/02/2025 15:13:33,09/04/2025 15:02:14,294.0,42,"97,62",FAPE,4724500.0,"0119999,0122900,0159801,1031700,1042200,1051100,1052000,1064300,1065101,1065103,1071600,1091101,4623199,4631100,4633801,4637104,4721102,4789099,8211300",RUA,ROMEU MARTINS,446,,CENTRO,62700000.0,1355.0,"RUA ROMEU MARTINS, 446, CENTRO Canindé-CE","-4,3575962","-39,3146649"
578,1285431,"INSTITUTO DE ARTE, CULTURA, LAZER E EDUCAÇÃO","2,02505E+16",81925.0,"45804,75086",17071170000160,COOPERATIVA SERTANEJA CEARENSE - FAPE,Nota Fiscal,"Gêneros Alimentícios ( Proteínas, Carboidratos, Hortaliças, Sódios e Lipídios) 
",45805,Efetivada,17071170000160,17071170,1,60,1,FAPE,4724500,"0119999,0122900,0159801,1031700,1042200,1051100,1052000,1064300,1065101,1065103,1071600,1091101,4623199,4631100,4633801,4637104,4721102,4789099,8211300",RUA,ROMEU MARTINS,446,,CENTRO,62700000,1355,17071170000160,1355,CANINDE,Canindé,Sertão de Canindé,CANINDE,COOPERATIVA SERTANEJA CEARENSE FAPE,Processo Enviado,OCB,22/07/2027,06/02/2025 15:13:33,23/05/2025 10:54:40,294.0,42.0,"97,62",COOPERATIVA SERTANEJA CEARENSE FAPE,Canindé,Processo Enviado,OCB,22/07/2027,06/02/2025 15:13:33,09/04/2025 15:02:14,294.0,42,"97,62",FAPE,4724500.0,"0119999,0122900,0159801,1031700,1042200,1051100,1052000,1064300,1065101,1065103,1071600,1091101,4623199,4631100,4633801,4637104,4721102,4789099,8211300",RUA,ROMEU MARTINS,446,,CENTRO,62700000.0,1355.0,"RUA ROMEU MARTINS, 446, CENTRO Canindé-CE","-4,3575962","-39,3146649"
579,1285431,"INSTITUTO DE ARTE, CULTURA, LAZER E EDUCAÇÃO","2,02505E+16",65380.0,"45804,75152",17071170000160,COOPERATIVA SERTANEJA CEARENSE - FAPE,Nota Fiscal,"Gêneros Alimentícios ( Proteínas, Carboidratos, Hortaliças, Sódios e Lipídios) 
",45805,Efetivada,17071170000160,17071170,1,60,1,FAPE,4724500,"0119999,0122900,0159801,1031700,1042200,1051100,1052000,1064300,1065101,1065103,1071600,1091101,4623199,4631100,4633801,4637104,4721102,4789099,8211300",RUA,ROMEU MARTINS,446,,CENTRO,62700000,1355,17071170000160,1355,CANINDE,Canindé,Sertão de Canindé,CANINDE,COOPERATIVA SERTANEJA CEARENSE FAPE,Processo Enviado,OCB,22/07/2027,06/02/2025 15:13:33,23/05/2025 10:54:40,294.0,42.0,"97,62",COOPERATIVA SERTANEJA CEARENSE FAPE,Canindé,Processo Enviado,OCB,22/07/2027,06/02/2025 15:13:33,09/04/2025 15:02:14,294.0,42,"97,62",FAPE,4724500.0,"0119999,0122900,0159801,1031700,1042200,1051100,1052000,1064300,1065101,1065103,1071600,1091101,4623199,4631100,4633801,4637104,4721102,4789099,8211300",RUA,ROMEU MARTINS,446,,CENTRO,62700000.0,1355.0,"RUA ROMEU MARTINS, 446, CENTRO Canindé-CE","-4,3575962","-39,3146649"
580,1285431,"INSTITUTO DE ARTE, CULTURA, LAZER E EDUCAÇÃO","2,02505E+16",163850.0,"45804,7523",17071170000160,COOPERATIVA SERTANEJA CEARENSE - FAPE,Nota Fiscal,"Gêneros Alimentícios ( Proteínas, Carboidratos, Hortaliças, Sódios e Lipídios) 
",45805,Efetivada,17071170000160,17071170,1,60,1,FAPE,4724500,"0119999,0122900,0159801,1031700,1042200,1051100,1052000,1064300,1065101,1065103,1071600,1091101,4623199,4631100,4633801,4637104,4721102,4789099,8211300",RUA,ROMEU MARTINS,446,,CENTRO,62700000,1355,17071170000160,1355,CANINDE,Canindé,Sertão de Canindé,CANINDE,COOPERATIVA SERTANEJA CEARENSE FAPE,Processo Enviado,OCB,22/07/2027,06/02/2025 15:13:33,23/05/2025 10:54:40,294.0,42.0,"97,62",COOPERATIVA SERTANEJA CEARENSE FAPE,Canindé,Processo Enviado,OCB,22/07/2027,06/02/2025 15:13:33,09/04/2025 15:02:14,294.0,42,"97,62",FAPE,4724500.0,"0119999,0122900,0159801,1031700,1042200,1051100,1052000,1064300,1065101,1065103,1071600,1091101,4623199,4631100,4633801,4637104,4721102,4789099,8211300",RUA,ROMEU MARTINS,446,,CENTRO,62700000.0,1355.0,"RUA ROMEU MARTINS, 446, CENTRO Canindé-CE","-4,3575962","-39,3146649"
581,1285431,"INSTITUTO DE ARTE, CULTURA, LAZER E EDUCAÇÃO","2,02505E+16",49155.0,"45804,75299",17071170000160,COOPERATIVA SERTANEJA CEARENSE - FAPE,Nota Fiscal,"Gêneros Alimentícios ( Proteínas, Carboidratos, Hortaliças, Sódios e Lipídios) 
",45805,Efetivada,17071170000160,17071170,1,60,1,FAPE,4724500,"0119999,0122900,0159801,1031700,1042200,1051100,1052000,1064300,1065101,1065103,1071600,1091101,4623199,4631100,4633801,4637104,4721102,4789099,8211300",RUA,ROMEU MARTINS,446,,CENTRO,62700000,1355,17071170000160,1355,CANINDE,Canindé,Sertão de Canindé,CANINDE,COOPERATIVA SERTANEJA CEARENSE FAPE,Processo Enviado,OCB,22/07/2027,06/02/2025 15:13:33,23/05/2025 10:54:40,294.0,42.0,"97,62",COOPERATIVA SERTANEJA CEARENSE FAPE,Canindé,Processo Enviado,OCB,22/07/2027,06/02/2025 15:13:33,09/04/2025 15:02:14,294.0,42,"97,62",FAPE,4724500.0,"0119999,0122900,0159801,1031700,1042200,1051100,1052000,1064300,1065101,1065103,1071600,1091101,4623199,4631100,4633801,4637104,4721102,4789099,8211300",RUA,ROMEU MARTINS,446,,CENTRO,62700000.0,1355.0,"RUA ROMEU MARTINS, 446, CENTRO Canindé-CE","-4,3575962","-39,3146649"
582,1285431,"INSTITUTO DE ARTE, CULTURA, LAZER E EDUCAÇÃO","2,02506E+16",75943.0,"45819,77098",17071170000160,COOPERATIVA SERTANEJA CEARENSE - FAPE,Nota Fiscal,"Gêneros Alimentícios ( Proteínas, Carboidratos, Hortaliças, Sódios e Lipídios) 
",45820,Efetivada,17071170000160,17071170,1,60,1,FAPE,4724500,"0119999,0122900,0159801,1031700,1042200,1051100,1052000,1064300,1065101,1065103,1071600,1091101,4623199,4631100,4633801,4637104,4721102,4789099,8211300",RUA,ROMEU MARTINS,446,,CENTRO,62700000,1355,17071170000160,1355,CANINDE,Canindé,Sertão de Canindé,CANINDE,COOPERATIVA SERTANEJA CEARENSE FAPE,Processo Enviado,OCB,22/07/2027,06/02/2025 15:13:33,23/05/2025 10:54:40,294.0,42.0,"97,62",COOPERATIVA SERTANEJA CEARENSE FAPE,Canindé,Processo Enviado,OCB,22/07/2027,06/02/2025 15:13:33,09/04/2025 15:02:14,294.0,42,"97,62",FAPE,4724500.0,"0119999,0122900,0159801,1031700,1042200,1051100,1052000,1064300,1065101,1065103,1071600,1091101,4623199,4631100,4633801,4637104,4721102,4789099,8211300",RUA,ROMEU MARTINS,446,,CENTRO,62700000.0,1355.0,"RUA ROMEU MARTINS, 446, CENTRO Canindé-CE","-4,3575962","-39,3146649"
583,1285431,"INSTITUTO DE ARTE, CULTURA, LAZER E EDUCAÇÃO","2,02506E+16",61230.0,"45819,77157",17071170000160,COOPERATIVA SERTANEJA CEARENSE - FAPE,Nota Fiscal,"Gêneros Alimentícios ( Proteínas, Carboidratos, Hortaliças, Sódios e Lipídios) 
",45820,Efetivada,17071170000160,17071170,1,60,1,FAPE,4724500,"0119999,0122900,0159801,1031700,1042200,1051100,1052000,1064300,1065101,1065103,1071600,1091101,4623199,4631100,4633801,4637104,4721102,4789099,8211300",RUA,ROMEU MARTINS,446,,CENTRO,62700000,1355,17071170000160,1355,CANINDE,Canindé,Sertão de Canindé,CANINDE,COOPERATIVA SERTANEJA CEARENSE FAPE,Processo Enviado,OCB,22/07/2027,06/02/2025 15:13:33,23/05/2025 10:54:40,294.0,42.0,"97,62",COOPERATIVA SERTANEJA CEARENSE FAPE,Canindé,Processo Enviado,OCB,22/07/2027,06/02/2025 15:13:33,09/04/2025 15:02:14,294.0,42,"97,62",FAPE,4724500.0,"0119999,0122900,0159801,1031700,1042200,1051100,1052000,1064300,1065101,1065103,1071600,1091101,4623199,4631100,4633801,4637104,4721102,4789099,8211300",RUA,ROMEU MARTINS,446,,CENTRO,62700000.0,1355.0,"RUA ROMEU MARTINS, 446, CENTRO Canindé-CE","-4,3575962","-39,3146649"
584,1285431,"INSTITUTO DE ARTE, CULTURA, LAZER E EDUCAÇÃO","2,02506E+16",49368.0,"45819,77214",17071170000160,COOPERATIVA SERTANEJA CEARENSE - FAPE,Nota Fiscal,"Gêneros Alimentícios ( Proteínas, Carboidratos, Hortaliças, Sódios e Lipídios) 
",45820,Efetivada,17071170000160,17071170,1,60,1,FAPE,4724500,"0119999,0122900,0159801,1031700,1042200,1051100,1052000,1064300,1065101,1065103,1071600,1091101,4623199,4631100,4633801,4637104,4721102,4789099,8211300",RUA,ROMEU MARTINS,446,,CENTRO,62700000,1355,17071170000160,1355,CANINDE,Canindé,Sertão de Canindé,CANINDE,COOPERATIVA SERTANEJA CEARENSE FAPE,Processo Enviado,OCB,22/07/2027,06/02/2025 15:13:33,23/05/2025 10:54:40,294.0,42.0,"97,62",COOPERATIVA SERTANEJA CEARENSE FAPE,Canindé,Processo Enviado,OCB,22/07/2027,06/02/2025 15:13:33,09/04/2025 15:02:14,294.0,42,"97,62",FAPE,4724500.0,"0119999,0122900,0159801,1031700,1042200,1051100,1052000,1064300,1065101,1065103,1071600,1091101,4623199,4631100,4633801,4637104,4721102,4789099,8211300",RUA,ROMEU MARTINS,446,,CENTRO,62700000.0,1355.0,"RUA ROMEU MARTINS, 446, CENTRO Canindé-CE","-4,3575962","-39,3146649"
585,1285431,"INSTITUTO DE ARTE, CULTURA, LAZER E EDUCAÇÃO","2,02506E+16",119740.0,"45819,77279",17071170000160,COOPERATIVA SERTANEJA CEARENSE - FAPE,Nota Fiscal,"Gêneros Alimentícios ( Proteínas, Carboidratos, Hortaliças, Sódios e Lipídios) 
",45820,Efetivada,17071170000160,17071170,1,60,1,FAPE,4724500,"0119999,0122900,0159801,1031700,1042200,1051100,1052000,1064300,1065101,1065103,1071600,1091101,4623199,4631100,4633801,4637104,4721102,4789099,8211300",RUA,ROMEU MARTINS,446,,CENTRO,62700000,1355,17071170000160,1355,CANINDE,Canindé,Sertão de Canindé,CANINDE,COOPERATIVA SERTANEJA CEARENSE FAPE,Processo Enviado,OCB,22/07/2027,06/02/2025 15:13:33,23/05/2025 10:54:40,294.0,42.0,"97,62",COOPERATIVA SERTANEJA CEARENSE FAPE,Canindé,Processo Enviado,OCB,22/07/2027,06/02/2025 15:13:33,09/04/2025 15:02:14,294.0,42,"97,62",FAPE,4724500.0,"0119999,0122900,0159801,1031700,1042200,1051100,1052000,1064300,1065101,1065103,1071600,1091101,4623199,4631100,4633801,4637104,4721102,4789099,8211300",RUA,ROMEU MARTINS,446,,CENTRO,62700000.0,1355.0,"RUA ROMEU MARTINS, 446, CENTRO Canindé-CE","-4,3575962","-39,3146649"
586,1285431,"INSTITUTO DE ARTE, CULTURA, LAZER E EDUCAÇÃO","2,02506E+16",35107.0,"45819,7734",17071170000160,COOPERATIVA SERTANEJA CEARENSE - FAPE,Nota Fiscal,"Gêneros Alimentícios ( Proteínas, Carboidratos, Hortaliças, Sódios e Lipídios) 
",45820,Efetivada,17071170000160,17071170,1,60,1,FAPE,4724500,"0119999,0122900,0159801,1031700,1042200,1051100,1052000,1064300,1065101,1065103,1071600,1091101,4623199,4631100,4633801,4637104,4721102,4789099,8211300",RUA,ROMEU MARTINS,446,,CENTRO,62700000,1355,17071170000160,1355,CANINDE,Canindé,Sertão de Canindé,CANINDE,COOPERATIVA SERTANEJA CEARENSE FAPE,Processo Enviado,OCB,22/07/2027,06/02/2025 15:13:33,23/05/2025 10:54:40,294.0,42.0,"97,62",COOPERATIVA SERTANEJA CEARENSE FAPE,Canindé,Processo Enviado,OCB,22/07/2027,06/02/2025 15:13:33,09/04/2025 15:02:14,294.0,42,"97,62",FAPE,4724500.0,"0119999,0122900,0159801,1031700,1042200,1051100,1052000,1064300,1065101,1065103,1071600,1091101,4623199,4631100,4633801,4637104,4721102,4789099,8211300",RUA,ROMEU MARTINS,446,,CENTRO,62700000.0,1355.0,"RUA ROMEU MARTINS, 446, CENTRO Canindé-CE","-4,3575962","-39,3146649"
587,1285431,"INSTITUTO DE ARTE, CULTURA, LAZER E EDUCAÇÃO","2,02506E+16",26124.0,"45819,77394",17071170000160,COOPERATIVA SERTANEJA CEARENSE - FAPE,Nota Fiscal,"Gêneros Alimentícios ( Proteínas, Carboidratos, Hortaliças, Sódios e Lipídios) 
",45820,Efetivada,17071170000160,17071170,1,60,1,FAPE,4724500,"0119999,0122900,0159801,1031700,1042200,1051100,1052000,1064300,1065101,1065103,1071600,1091101,4623199,4631100,4633801,4637104,4721102,4789099,8211300",RUA,ROMEU MARTINS,446,,CENTRO,62700000,1355,17071170000160,1355,CANINDE,Canindé,Sertão de Canindé,CANINDE,COOPERATIVA SERTANEJA CEARENSE FAPE,Processo Enviado,OCB,22/07/2027,06/02/2025 15:13:33,23/05/2025 10:54:40,294.0,42.0,"97,62",COOPERATIVA SERTANEJA CEARENSE FAPE,Canindé,Processo Enviado,OCB,22/07/2027,06/02/2025 15:13:33,09/04/2025 15:02:14,294.0,42,"97,62",FAPE,4724500.0,"0119999,0122900,0159801,1031700,1042200,1051100,1052000,1064300,1065101,1065103,1071600,1091101,4623199,4631100,4633801,4637104,4721102,4789099,8211300",RUA,ROMEU MARTINS,446,,CENTRO,62700000.0,1355.0,"RUA ROMEU MARTINS, 446, CENTRO Canindé-CE","-4,3575962","-39,3146649"
588,1284429,ASSOCIAÇÃO BENEFICENTE DO CENTRINHO DA UV10,"2,02311E+16",202378.0,"45235,66023",2981979000151,COOPERATIVA DE PRODUÇÃO AGROPECUÁRIA E SERVIÇOS SANTA BARBARA,Nota Fiscal,"Gêneros Alimentícios ( Proteínas, Carboidratos, Hortaliças, Sódios e Lipídios)
",45236,Efetivada,2981979000151,2981979,1,51,1,COPASB,4633801,"0161099,0162899,1031700,1033301,1033302,4631100,4632002,4634602,4634603,4637104,4637199,4639701,9499500",RUA,WE-04 (LOT ESPLANADA DOS COQUEIROS),72,,PAUMIRIM,61611090,1373,2981979000151,1373,CAUCAIA,Caucaia,Grande Fortaleza,CAUCAIA,COOPERATIVA DE PRODUCAO AGROPECUARIA E SERVICOS SANTA BARBARA - COPASB,CAF Emitido,UNICAFES,14/02/2026,24/03/2022 11:23:17,27/05/2025 13:14:47,309.0,154.0,"98,71",COOPERATIVA DE PRODUCAO AGROPECUARIA E SERVICOS SANTA BARBARA - COPASB,Caucaia,CAF Emitido,UNICAFES,14/02/2026,24/03/2022 11:23:17,23/04/2025 10:43:32,309.0,144,"97,73",COPASB,4633801.0,"0161099,0162899,1031700,1033301,1033302,4631100,4632002,4634602,4634603,4637104,4637199,4639701,9499500",RUA,WE-04 (LOT ESPLANADA DOS COQUEIROS),72,,PAUMIRIM,61611090.0,1373.0,"RUA WE-04 (LOT ESPLANADA DOS COQUEIROS), 72, PAUMIRIM Caucaia-CE","-3,7374879","-38,6751301"
589,1284429,ASSOCIAÇÃO BENEFICENTE DO CENTRINHO DA UV10,"2,02311E+16",136658.0,"45254,85168",2981979000151,COOPERATIVA DE PRODUÇÃO AGROPECUÁRIA E SERVIÇOS SANTA BARBARA,Nota Fiscal,"Gêneros Alimentícios ( Proteínas, Carboidratos, Hortaliças, Sódios e Lipídios)
",45257,Efetivada,2981979000151,2981979,1,51,1,COPASB,4633801,"0161099,0162899,1031700,1033301,1033302,4631100,4632002,4634602,4634603,4637104,4637199,4639701,9499500",RUA,WE-04 (LOT ESPLANADA DOS COQUEIROS),72,,PAUMIRIM,61611090,1373,2981979000151,1373,CAUCAIA,Caucaia,Grande Fortaleza,CAUCAIA,COOPERATIVA DE PRODUCAO AGROPECUARIA E SERVICOS SANTA BARBARA - COPASB,CAF Emitido,UNICAFES,14/02/2026,24/03/2022 11:23:17,27/05/2025 13:14:47,309.0,154.0,"98,71",COOPERATIVA DE PRODUCAO AGROPECUARIA E SERVICOS SANTA BARBARA - COPASB,Caucaia,CAF Emitido,UNICAFES,14/02/2026,24/03/2022 11:23:17,23/04/2025 10:43:32,309.0,144,"97,73",COPASB,4633801.0,"0161099,0162899,1031700,1033301,1033302,4631100,4632002,4634602,4634603,4637104,4637199,4639701,9499500",RUA,WE-04 (LOT ESPLANADA DOS COQUEIROS),72,,PAUMIRIM,61611090.0,1373.0,"RUA WE-04 (LOT ESPLANADA DOS COQUEIROS), 72, PAUMIRIM Caucaia-CE","-3,7374879","-38,6751301"
590,1284429,ASSOCIAÇÃO BENEFICENTE DO CENTRINHO DA UV10,"2,02312E+16",4116084.0,"45272,89242",32524122000173,COOPADES - COOPERATIVA DA AGRICULTURA FAMILIAR E DO DESENVOLVIMENTO SOLIDARIO,Nota Fiscal,"Gêneros Alimentícios ( Proteínas, Carboidratos, Hortaliças, Sódios e Lipídios)
",45273,Efetivada,32524122000173,32524122,1,73,1,COOPADES,161099,"0111302,0119901,0119905,0119906,0133402,0133408,0133410,0133499,0151201,0151202,0153901,0154700,0155501,0155502,0155503,0155504,0155505,0321301,0322101,1011203",AVENIDA,DA ASSOCIACAO,000,,MATA FRESCA,62808000,1321,32524122000173,1321,ARACATI,Aracati,Litoral Leste,ARACATI,COOPADES - COOPERATIVA DA AGRICULTURA FAMILIAR E DESENVOLVIMENTO SOLIDARIO,Finalizado,OCB,11/05/2025,19/09/2022 09:50:22,08/07/2025 17:28:14,232.0,60.0,"98,71",COOPADES - COOPERATIVA DA AGRICULTURA FAMILIAR E DESENVOLVIMENTO SOLIDARIO,Aracati,Processo Enviado,OCB,11/05/2025,19/09/2022 09:50:22,25/04/2025 11:14:11,220.0,103,"98,64",COOPADES,161099.0,"0111302,0119901,0119905,0119906,0133402,0133408,0133410,0133499,0151201,0151202,0153901,0154700,0155501,0155502,0155503,0155504,0155505,0321301,0322101,1011203",AVENIDA,DA ASSOCIACAO,0,,MATA FRESCA,62808000.0,1321.0,"AVENIDA DA ASSOCIACAO, 000, MATA FRESCA Aracati-CE","-4,8301017","-37,4135523"
591,1284429,ASSOCIAÇÃO BENEFICENTE DO CENTRINHO DA UV10,"2,02312E+16",5488587.0,"45285,67486",32524122000173,COOPADES - COOPERATIVA DA AGRICULTURA FAMILIAR E DO DESENVOLVIMENTO SOLIDARIO,Nota Fiscal,"Gêneros Alimentícios ( Proteínas, Carboidratos, Hortaliças, Sódios e Lipídios)
",45286,Efetivada,32524122000173,32524122,1,73,1,COOPADES,161099,"0111302,0119901,0119905,0119906,0133402,0133408,0133410,0133499,0151201,0151202,0153901,0154700,0155501,0155502,0155503,0155504,0155505,0321301,0322101,1011203",AVENIDA,DA ASSOCIACAO,000,,MATA FRESCA,62808000,1321,32524122000173,1321,ARACATI,Aracati,Litoral Leste,ARACATI,COOPADES - COOPERATIVA DA AGRICULTURA FAMILIAR E DESENVOLVIMENTO SOLIDARIO,Finalizado,OCB,11/05/2025,19/09/2022 09:50:22,08/07/2025 17:28:14,232.0,60.0,"98,71",COOPADES - COOPERATIVA DA AGRICULTURA FAMILIAR E DESENVOLVIMENTO SOLIDARIO,Aracati,Processo Enviado,OCB,11/05/2025,19/09/2022 09:50:22,25/04/2025 11:14:11,220.0,103,"98,64",COOPADES,161099.0,"0111302,0119901,0119905,0119906,0133402,0133408,0133410,0133499,0151201,0151202,0153901,0154700,0155501,0155502,0155503,0155504,0155505,0321301,0322101,1011203",AVENIDA,DA ASSOCIACAO,0,,MATA FRESCA,62808000.0,1321.0,"AVENIDA DA ASSOCIACAO, 000, MATA FRESCA Aracati-CE","-4,8301017","-37,4135523"
592,1284429,ASSOCIAÇÃO BENEFICENTE DO CENTRINHO DA UV10,"2,02312E+16",359033.0,"45287,8731",32524122000173,COOPADES - COOPERATIVA DA AGRICULTURA FAMILIAR E DO DESENVOLVIMENTO SOLIDARIO,Nota Fiscal,"Gêneros Alimentícios ( Proteínas, Carboidratos, Hortaliças, Sódios e Lipídios)
",45288,Efetivada,32524122000173,32524122,1,73,1,COOPADES,161099,"0111302,0119901,0119905,0119906,0133402,0133408,0133410,0133499,0151201,0151202,0153901,0154700,0155501,0155502,0155503,0155504,0155505,0321301,0322101,1011203",AVENIDA,DA ASSOCIACAO,000,,MATA FRESCA,62808000,1321,32524122000173,1321,ARACATI,Aracati,Litoral Leste,ARACATI,COOPADES - COOPERATIVA DA AGRICULTURA FAMILIAR E DESENVOLVIMENTO SOLIDARIO,Finalizado,OCB,11/05/2025,19/09/2022 09:50:22,08/07/2025 17:28:14,232.0,60.0,"98,71",COOPADES - COOPERATIVA DA AGRICULTURA FAMILIAR E DESENVOLVIMENTO SOLIDARIO,Aracati,Processo Enviado,OCB,11/05/2025,19/09/2022 09:50:22,25/04/2025 11:14:11,220.0,103,"98,64",COOPADES,161099.0,"0111302,0119901,0119905,0119906,0133402,0133408,0133410,0133499,0151201,0151202,0153901,0154700,0155501,0155502,0155503,0155504,0155505,0321301,0322101,1011203",AVENIDA,DA ASSOCIACAO,0,,MATA FRESCA,62808000.0,1321.0,"AVENIDA DA ASSOCIACAO, 000, MATA FRESCA Aracati-CE","-4,8301017","-37,4135523"
593,1284429,ASSOCIAÇÃO BENEFICENTE DO CENTRINHO DA UV10,"2,02401E+16",2859841.0,"45297,80983",32524122000173,COOPADES - COOPERATIVA DA AGRICULTURA FAMILIAR E DO DESENVOLVIMENTO SOLIDARIO,Nota Fiscal,"Gêneros Alimentícios ( Proteínas, Carboidratos, Hortaliças, Sódios e Lipídios)
",45299,Efetivada,32524122000173,32524122,1,73,1,COOPADES,161099,"0111302,0119901,0119905,0119906,0133402,0133408,0133410,0133499,0151201,0151202,0153901,0154700,0155501,0155502,0155503,0155504,0155505,0321301,0322101,1011203",AVENIDA,DA ASSOCIACAO,000,,MATA FRESCA,62808000,1321,32524122000173,1321,ARACATI,Aracati,Litoral Leste,ARACATI,COOPADES - COOPERATIVA DA AGRICULTURA FAMILIAR E DESENVOLVIMENTO SOLIDARIO,Finalizado,OCB,11/05/2025,19/09/2022 09:50:22,08/07/2025 17:28:14,232.0,60.0,"98,71",COOPADES - COOPERATIVA DA AGRICULTURA FAMILIAR E DESENVOLVIMENTO SOLIDARIO,Aracati,Processo Enviado,OCB,11/05/2025,19/09/2022 09:50:22,25/04/2025 11:14:11,220.0,103,"98,64",COOPADES,161099.0,"0111302,0119901,0119905,0119906,0133402,0133408,0133410,0133499,0151201,0151202,0153901,0154700,0155501,0155502,0155503,0155504,0155505,0321301,0322101,1011203",AVENIDA,DA ASSOCIACAO,0,,MATA FRESCA,62808000.0,1321.0,"AVENIDA DA ASSOCIACAO, 000, MATA FRESCA Aracati-CE","-4,8301017","-37,4135523"
594,1284429,ASSOCIAÇÃO BENEFICENTE DO CENTRINHO DA UV10,"2,02402E+16",3018261.0,"45326,67409",32524122000173,COOPADES - COOPERATIVA DA AGRICULTURA FAMILIAR E DO DESENVOLVIMENTO SOLIDARIO,Nota Fiscal,"Gêneros Alimentícios ( Proteínas, Carboidratos, Hortaliças, Sódios e Lipídios)
",45327,Efetivada,32524122000173,32524122,1,73,1,COOPADES,161099,"0111302,0119901,0119905,0119906,0133402,0133408,0133410,0133499,0151201,0151202,0153901,0154700,0155501,0155502,0155503,0155504,0155505,0321301,0322101,1011203",AVENIDA,DA ASSOCIACAO,000,,MATA FRESCA,62808000,1321,32524122000173,1321,ARACATI,Aracati,Litoral Leste,ARACATI,COOPADES - COOPERATIVA DA AGRICULTURA FAMILIAR E DESENVOLVIMENTO SOLIDARIO,Finalizado,OCB,11/05/2025,19/09/2022 09:50:22,08/07/2025 17:28:14,232.0,60.0,"98,71",COOPADES - COOPERATIVA DA AGRICULTURA FAMILIAR E DESENVOLVIMENTO SOLIDARIO,Aracati,Processo Enviado,OCB,11/05/2025,19/09/2022 09:50:22,25/04/2025 11:14:11,220.0,103,"98,64",COOPADES,161099.0,"0111302,0119901,0119905,0119906,0133402,0133408,0133410,0133499,0151201,0151202,0153901,0154700,0155501,0155502,0155503,0155504,0155505,0321301,0322101,1011203",AVENIDA,DA ASSOCIACAO,0,,MATA FRESCA,62808000.0,1321.0,"AVENIDA DA ASSOCIACAO, 000, MATA FRESCA Aracati-CE","-4,8301017","-37,4135523"
595,1284429,ASSOCIAÇÃO BENEFICENTE DO CENTRINHO DA UV10,"2,02402E+16",3774666.0,"45344,89567",32524122000173,COOPADES - COOPERATIVA DA AGRICULTURA FAMILIAR E DO DESENVOLVIMENTO SOLIDARIO,Nota Fiscal,"Gêneros Alimentícios ( Proteínas, Carboidratos, Hortaliças, Sódios e Lipídios)
",45345,Efetivada,32524122000173,32524122,1,73,1,COOPADES,161099,"0111302,0119901,0119905,0119906,0133402,0133408,0133410,0133499,0151201,0151202,0153901,0154700,0155501,0155502,0155503,0155504,0155505,0321301,0322101,1011203",AVENIDA,DA ASSOCIACAO,000,,MATA FRESCA,62808000,1321,32524122000173,1321,ARACATI,Aracati,Litoral Leste,ARACATI,COOPADES - COOPERATIVA DA AGRICULTURA FAMILIAR E DESENVOLVIMENTO SOLIDARIO,Finalizado,OCB,11/05/2025,19/09/2022 09:50:22,08/07/2025 17:28:14,232.0,60.0,"98,71",COOPADES - COOPERATIVA DA AGRICULTURA FAMILIAR E DESENVOLVIMENTO SOLIDARIO,Aracati,Processo Enviado,OCB,11/05/2025,19/09/2022 09:50:22,25/04/2025 11:14:11,220.0,103,"98,64",COOPADES,161099.0,"0111302,0119901,0119905,0119906,0133402,0133408,0133410,0133499,0151201,0151202,0153901,0154700,0155501,0155502,0155503,0155504,0155505,0321301,0322101,1011203",AVENIDA,DA ASSOCIACAO,0,,MATA FRESCA,62808000.0,1321.0,"AVENIDA DA ASSOCIACAO, 000, MATA FRESCA Aracati-CE","-4,8301017","-37,4135523"
596,1284429,ASSOCIAÇÃO BENEFICENTE DO CENTRINHO DA UV10,"2,02403E+16",3626349.0,"45364,84432",32524122000173,COOPADES - COOPERATIVA DA AGRICULTURA FAMILIAR E DO DESENVOLVIMENTO SOLIDARIO,Nota Fiscal,"Gêneros Alimentícios ( Proteínas, Carboidratos, Hortaliças, Sódios e Lipídios)
",45365,Efetivada,32524122000173,32524122,1,73,1,COOPADES,161099,"0111302,0119901,0119905,0119906,0133402,0133408,0133410,0133499,0151201,0151202,0153901,0154700,0155501,0155502,0155503,0155504,0155505,0321301,0322101,1011203",AVENIDA,DA ASSOCIACAO,000,,MATA FRESCA,62808000,1321,32524122000173,1321,ARACATI,Aracati,Litoral Leste,ARACATI,COOPADES - COOPERATIVA DA AGRICULTURA FAMILIAR E DESENVOLVIMENTO SOLIDARIO,Finalizado,OCB,11/05/2025,19/09/2022 09:50:22,08/07/2025 17:28:14,232.0,60.0,"98,71",COOPADES - COOPERATIVA DA AGRICULTURA FAMILIAR E DESENVOLVIMENTO SOLIDARIO,Aracati,Processo Enviado,OCB,11/05/2025,19/09/2022 09:50:22,25/04/2025 11:14:11,220.0,103,"98,64",COOPADES,161099.0,"0111302,0119901,0119905,0119906,0133402,0133408,0133410,0133499,0151201,0151202,0153901,0154700,0155501,0155502,0155503,0155504,0155505,0321301,0322101,1011203",AVENIDA,DA ASSOCIACAO,0,,MATA FRESCA,62808000.0,1321.0,"AVENIDA DA ASSOCIACAO, 000, MATA FRESCA Aracati-CE","-4,8301017","-37,4135523"
597,1284429,ASSOCIAÇÃO BENEFICENTE DO CENTRINHO DA UV10,"2,02403E+16",3363252.0,"45376,8602",32524122000173,COOPADES - COOPERATIVA DA AGRICULTURA FAMILIAR E DO DESENVOLVIMENTO SOLIDARIO,Nota Fiscal,"Gêneros Alimentícios ( Proteínas, Carboidratos, Hortaliças, Sódios e Lipídios)
",45377,Efetivada,32524122000173,32524122,1,73,1,COOPADES,161099,"0111302,0119901,0119905,0119906,0133402,0133408,0133410,0133499,0151201,0151202,0153901,0154700,0155501,0155502,0155503,0155504,0155505,0321301,0322101,1011203",AVENIDA,DA ASSOCIACAO,000,,MATA FRESCA,62808000,1321,32524122000173,1321,ARACATI,Aracati,Litoral Leste,ARACATI,COOPADES - COOPERATIVA DA AGRICULTURA FAMILIAR E DESENVOLVIMENTO SOLIDARIO,Finalizado,OCB,11/05/2025,19/09/2022 09:50:22,08/07/2025 17:28:14,232.0,60.0,"98,71",COOPADES - COOPERATIVA DA AGRICULTURA FAMILIAR E DESENVOLVIMENTO SOLIDARIO,Aracati,Processo Enviado,OCB,11/05/2025,19/09/2022 09:50:22,25/04/2025 11:14:11,220.0,103,"98,64",COOPADES,161099.0,"0111302,0119901,0119905,0119906,0133402,0133408,0133410,0133499,0151201,0151202,0153901,0154700,0155501,0155502,0155503,0155504,0155505,0321301,0322101,1011203",AVENIDA,DA ASSOCIACAO,0,,MATA FRESCA,62808000.0,1321.0,"AVENIDA DA ASSOCIACAO, 000, MATA FRESCA Aracati-CE","-4,8301017","-37,4135523"
598,1284429,ASSOCIAÇÃO BENEFICENTE DO CENTRINHO DA UV10,"2,02404E+16",1013680.0,"45411,85334",32524122000173,COOPADES - COOPERATIVA DA AGRICULTURA FAMILIAR E DO DESENVOLVIMENTO SOLIDARIO,Nota Fiscal,"Gêneros Alimentícios ( Proteínas, Carboidratos, Hortaliças, Sódios e Lipídios)
",45412,Efetivada,32524122000173,32524122,1,73,1,COOPADES,161099,"0111302,0119901,0119905,0119906,0133402,0133408,0133410,0133499,0151201,0151202,0153901,0154700,0155501,0155502,0155503,0155504,0155505,0321301,0322101,1011203",AVENIDA,DA ASSOCIACAO,000,,MATA FRESCA,62808000,1321,32524122000173,1321,ARACATI,Aracati,Litoral Leste,ARACATI,COOPADES - COOPERATIVA DA AGRICULTURA FAMILIAR E DESENVOLVIMENTO SOLIDARIO,Finalizado,OCB,11/05/2025,19/09/2022 09:50:22,08/07/2025 17:28:14,232.0,60.0,"98,71",COOPADES - COOPERATIVA DA AGRICULTURA FAMILIAR E DESENVOLVIMENTO SOLIDARIO,Aracati,Processo Enviado,OCB,11/05/2025,19/09/2022 09:50:22,25/04/2025 11:14:11,220.0,103,"98,64",COOPADES,161099.0,"0111302,0119901,0119905,0119906,0133402,0133408,0133410,0133499,0151201,0151202,0153901,0154700,0155501,0155502,0155503,0155504,0155505,0321301,0322101,1011203",AVENIDA,DA ASSOCIACAO,0,,MATA FRESCA,62808000.0,1321.0,"AVENIDA DA ASSOCIACAO, 000, MATA FRESCA Aracati-CE","-4,8301017","-37,4135523"
599,1284429,ASSOCIAÇÃO BENEFICENTE DO CENTRINHO DA UV10,"2,02406E+16",669026.0,"45446,86362",32524122000173,COOPADES - COOPERATIVA DA AGRICULTURA FAMILIAR E DO DESENVOLVIMENTO SOLIDARIO,Nota Fiscal,"Gêneros Alimentícios ( Proteínas, Carboidratos, Hortaliças, Sódios e Lipídios)
",45447,Efetivada,32524122000173,32524122,1,73,1,COOPADES,161099,"0111302,0119901,0119905,0119906,0133402,0133408,0133410,0133499,0151201,0151202,0153901,0154700,0155501,0155502,0155503,0155504,0155505,0321301,0322101,1011203",AVENIDA,DA ASSOCIACAO,000,,MATA FRESCA,62808000,1321,32524122000173,1321,ARACATI,Aracati,Litoral Leste,ARACATI,COOPADES - COOPERATIVA DA AGRICULTURA FAMILIAR E DESENVOLVIMENTO SOLIDARIO,Finalizado,OCB,11/05/2025,19/09/2022 09:50:22,08/07/2025 17:28:14,232.0,60.0,"98,71",COOPADES - COOPERATIVA DA AGRICULTURA FAMILIAR E DESENVOLVIMENTO SOLIDARIO,Aracati,Processo Enviado,OCB,11/05/2025,19/09/2022 09:50:22,25/04/2025 11:14:11,220.0,103,"98,64",COOPADES,161099.0,"0111302,0119901,0119905,0119906,0133402,0133408,0133410,0133499,0151201,0151202,0153901,0154700,0155501,0155502,0155503,0155504,0155505,0321301,0322101,1011203",AVENIDA,DA ASSOCIACAO,0,,MATA FRESCA,62808000.0,1321.0,"AVENIDA DA ASSOCIACAO, 000, MATA FRESCA Aracati-CE","-4,8301017","-37,4135523"
600,1284429,ASSOCIAÇÃO BENEFICENTE DO CENTRINHO DA UV10,"2,02406E+16",3199809.0,"45455,83284",32524122000173,COOPADES - COOPERATIVA DA AGRICULTURA FAMILIAR E DO DESENVOLVIMENTO SOLIDARIO,Nota Fiscal,"Gêneros Alimentícios ( Proteínas, Carboidratos, Hortaliças, Sódios e Lipídios)
",45456,Efetivada,32524122000173,32524122,1,73,1,COOPADES,161099,"0111302,0119901,0119905,0119906,0133402,0133408,0133410,0133499,0151201,0151202,0153901,0154700,0155501,0155502,0155503,0155504,0155505,0321301,0322101,1011203",AVENIDA,DA ASSOCIACAO,000,,MATA FRESCA,62808000,1321,32524122000173,1321,ARACATI,Aracati,Litoral Leste,ARACATI,COOPADES - COOPERATIVA DA AGRICULTURA FAMILIAR E DESENVOLVIMENTO SOLIDARIO,Finalizado,OCB,11/05/2025,19/09/2022 09:50:22,08/07/2025 17:28:14,232.0,60.0,"98,71",COOPADES - COOPERATIVA DA AGRICULTURA FAMILIAR E DESENVOLVIMENTO SOLIDARIO,Aracati,Processo Enviado,OCB,11/05/2025,19/09/2022 09:50:22,25/04/2025 11:14:11,220.0,103,"98,64",COOPADES,161099.0,"0111302,0119901,0119905,0119906,0133402,0133408,0133410,0133499,0151201,0151202,0153901,0154700,0155501,0155502,0155503,0155504,0155505,0321301,0322101,1011203",AVENIDA,DA ASSOCIACAO,0,,MATA FRESCA,62808000.0,1321.0,"AVENIDA DA ASSOCIACAO, 000, MATA FRESCA Aracati-CE","-4,8301017","-37,4135523"
601,1284429,ASSOCIAÇÃO BENEFICENTE DO CENTRINHO DA UV10,"2,02406E+16",3480793.0,"45469,89649",32524122000173,COOPADES - COOPERATIVA DA AGRICULTURA FAMILIAR E DO DESENVOLVIMENTO SOLIDARIO,Nota Fiscal,"Gêneros Alimentícios ( Proteínas, Carboidratos, Hortaliças, Sódios e Lipídios)
",45470,Efetivada,32524122000173,32524122,1,73,1,COOPADES,161099,"0111302,0119901,0119905,0119906,0133402,0133408,0133410,0133499,0151201,0151202,0153901,0154700,0155501,0155502,0155503,0155504,0155505,0321301,0322101,1011203",AVENIDA,DA ASSOCIACAO,000,,MATA FRESCA,62808000,1321,32524122000173,1321,ARACATI,Aracati,Litoral Leste,ARACATI,COOPADES - COOPERATIVA DA AGRICULTURA FAMILIAR E DESENVOLVIMENTO SOLIDARIO,Finalizado,OCB,11/05/2025,19/09/2022 09:50:22,08/07/2025 17:28:14,232.0,60.0,"98,71",COOPADES - COOPERATIVA DA AGRICULTURA FAMILIAR E DESENVOLVIMENTO SOLIDARIO,Aracati,Processo Enviado,OCB,11/05/2025,19/09/2022 09:50:22,25/04/2025 11:14:11,220.0,103,"98,64",COOPADES,161099.0,"0111302,0119901,0119905,0119906,0133402,0133408,0133410,0133499,0151201,0151202,0153901,0154700,0155501,0155502,0155503,0155504,0155505,0321301,0322101,1011203",AVENIDA,DA ASSOCIACAO,0,,MATA FRESCA,62808000.0,1321.0,"AVENIDA DA ASSOCIACAO, 000, MATA FRESCA Aracati-CE","-4,8301017","-37,4135523"
602,1284429,ASSOCIAÇÃO BENEFICENTE DO CENTRINHO DA UV10,"2,02407E+16",7476452.0,"45490,83186",32524122000173,COOPADES - COOPERATIVA DA AGRICULTURA FAMILIAR E DO DESENVOLVIMENTO SOLIDARIO,Nota Fiscal,"Gêneros Alimentícios ( Proteínas, Carboidratos, Hortaliças, Sódios e Lipídios)
",45491,Efetivada,32524122000173,32524122,1,73,1,COOPADES,161099,"0111302,0119901,0119905,0119906,0133402,0133408,0133410,0133499,0151201,0151202,0153901,0154700,0155501,0155502,0155503,0155504,0155505,0321301,0322101,1011203",AVENIDA,DA ASSOCIACAO,000,,MATA FRESCA,62808000,1321,32524122000173,1321,ARACATI,Aracati,Litoral Leste,ARACATI,COOPADES - COOPERATIVA DA AGRICULTURA FAMILIAR E DESENVOLVIMENTO SOLIDARIO,Finalizado,OCB,11/05/2025,19/09/2022 09:50:22,08/07/2025 17:28:14,232.0,60.0,"98,71",COOPADES - COOPERATIVA DA AGRICULTURA FAMILIAR E DESENVOLVIMENTO SOLIDARIO,Aracati,Processo Enviado,OCB,11/05/2025,19/09/2022 09:50:22,25/04/2025 11:14:11,220.0,103,"98,64",COOPADES,161099.0,"0111302,0119901,0119905,0119906,0133402,0133408,0133410,0133499,0151201,0151202,0153901,0154700,0155501,0155502,0155503,0155504,0155505,0321301,0322101,1011203",AVENIDA,DA ASSOCIACAO,0,,MATA FRESCA,62808000.0,1321.0,"AVENIDA DA ASSOCIACAO, 000, MATA FRESCA Aracati-CE","-4,8301017","-37,4135523"
603,1284429,ASSOCIAÇÃO BENEFICENTE DO CENTRINHO DA UV10,"2,02408E+16",77025.0,"45508,76021",32524122000173,COOPADES - COOPERATIVA DA AGRICULTURA FAMILIAR E DO DESENVOLVIMENTO SOLIDARIO,Nota Fiscal,"Gêneros Alimentícios ( Proteínas, Carboidratos, Hortaliças, Sódios e Lipídios)
",45509,Efetivada,32524122000173,32524122,1,73,1,COOPADES,161099,"0111302,0119901,0119905,0119906,0133402,0133408,0133410,0133499,0151201,0151202,0153901,0154700,0155501,0155502,0155503,0155504,0155505,0321301,0322101,1011203",AVENIDA,DA ASSOCIACAO,000,,MATA FRESCA,62808000,1321,32524122000173,1321,ARACATI,Aracati,Litoral Leste,ARACATI,COOPADES - COOPERATIVA DA AGRICULTURA FAMILIAR E DESENVOLVIMENTO SOLIDARIO,Finalizado,OCB,11/05/2025,19/09/2022 09:50:22,08/07/2025 17:28:14,232.0,60.0,"98,71",COOPADES - COOPERATIVA DA AGRICULTURA FAMILIAR E DESENVOLVIMENTO SOLIDARIO,Aracati,Processo Enviado,OCB,11/05/2025,19/09/2022 09:50:22,25/04/2025 11:14:11,220.0,103,"98,64",COOPADES,161099.0,"0111302,0119901,0119905,0119906,0133402,0133408,0133410,0133499,0151201,0151202,0153901,0154700,0155501,0155502,0155503,0155504,0155505,0321301,0322101,1011203",AVENIDA,DA ASSOCIACAO,0,,MATA FRESCA,62808000.0,1321.0,"AVENIDA DA ASSOCIACAO, 000, MATA FRESCA Aracati-CE","-4,8301017","-37,4135523"
604,1284429,ASSOCIAÇÃO BENEFICENTE DO CENTRINHO DA UV10,"2,02408E+16",8311581.0,"45530,89347",32524122000173,COOPADES - COOPERATIVA DA AGRICULTURA FAMILIAR E DO DESENVOLVIMENTO SOLIDARIO,Nota Fiscal,"Gêneros Alimentícios ( Proteínas, Carboidratos, Hortaliças, Sódios e Lipídios)
",45531,Efetivada,32524122000173,32524122,1,73,1,COOPADES,161099,"0111302,0119901,0119905,0119906,0133402,0133408,0133410,0133499,0151201,0151202,0153901,0154700,0155501,0155502,0155503,0155504,0155505,0321301,0322101,1011203",AVENIDA,DA ASSOCIACAO,000,,MATA FRESCA,62808000,1321,32524122000173,1321,ARACATI,Aracati,Litoral Leste,ARACATI,COOPADES - COOPERATIVA DA AGRICULTURA FAMILIAR E DESENVOLVIMENTO SOLIDARIO,Finalizado,OCB,11/05/2025,19/09/2022 09:50:22,08/07/2025 17:28:14,232.0,60.0,"98,71",COOPADES - COOPERATIVA DA AGRICULTURA FAMILIAR E DESENVOLVIMENTO SOLIDARIO,Aracati,Processo Enviado,OCB,11/05/2025,19/09/2022 09:50:22,25/04/2025 11:14:11,220.0,103,"98,64",COOPADES,161099.0,"0111302,0119901,0119905,0119906,0133402,0133408,0133410,0133499,0151201,0151202,0153901,0154700,0155501,0155502,0155503,0155504,0155505,0321301,0322101,1011203",AVENIDA,DA ASSOCIACAO,0,,MATA FRESCA,62808000.0,1321.0,"AVENIDA DA ASSOCIACAO, 000, MATA FRESCA Aracati-CE","-4,8301017","-37,4135523"
605,1284429,ASSOCIAÇÃO BENEFICENTE DO CENTRINHO DA UV10,"2,02409E+16",9120917.0,"45558,89809",32524122000173,COOPADES - COOPERATIVA DA AGRICULTURA FAMILIAR E DO DESENVOLVIMENTO SOLIDARIO,Nota Fiscal,"Gêneros Alimentícios ( Proteínas, Carboidratos, Hortaliças, Sódios e Lipídios)
",45559,Efetivada,32524122000173,32524122,1,73,1,COOPADES,161099,"0111302,0119901,0119905,0119906,0133402,0133408,0133410,0133499,0151201,0151202,0153901,0154700,0155501,0155502,0155503,0155504,0155505,0321301,0322101,1011203",AVENIDA,DA ASSOCIACAO,000,,MATA FRESCA,62808000,1321,32524122000173,1321,ARACATI,Aracati,Litoral Leste,ARACATI,COOPADES - COOPERATIVA DA AGRICULTURA FAMILIAR E DESENVOLVIMENTO SOLIDARIO,Finalizado,OCB,11/05/2025,19/09/2022 09:50:22,08/07/2025 17:28:14,232.0,60.0,"98,71",COOPADES - COOPERATIVA DA AGRICULTURA FAMILIAR E DESENVOLVIMENTO SOLIDARIO,Aracati,Processo Enviado,OCB,11/05/2025,19/09/2022 09:50:22,25/04/2025 11:14:11,220.0,103,"98,64",COOPADES,161099.0,"0111302,0119901,0119905,0119906,0133402,0133408,0133410,0133499,0151201,0151202,0153901,0154700,0155501,0155502,0155503,0155504,0155505,0321301,0322101,1011203",AVENIDA,DA ASSOCIACAO,0,,MATA FRESCA,62808000.0,1321.0,"AVENIDA DA ASSOCIACAO, 000, MATA FRESCA Aracati-CE","-4,8301017","-37,4135523"
606,1284429,ASSOCIAÇÃO BENEFICENTE DO CENTRINHO DA UV10,"2,0241E+16",10713519.0,"45588,88936",32524122000173,COOPADES - COOPERATIVA DA AGRICULTURA FAMILIAR E DO DESENVOLVIMENTO SOLIDARIO,Nota Fiscal,"Gêneros Alimentícios ( Proteínas, Carboidratos, Hortaliças, Sódios e Lipídios)
",45589,Efetivada,32524122000173,32524122,1,73,1,COOPADES,161099,"0111302,0119901,0119905,0119906,0133402,0133408,0133410,0133499,0151201,0151202,0153901,0154700,0155501,0155502,0155503,0155504,0155505,0321301,0322101,1011203",AVENIDA,DA ASSOCIACAO,000,,MATA FRESCA,62808000,1321,32524122000173,1321,ARACATI,Aracati,Litoral Leste,ARACATI,COOPADES - COOPERATIVA DA AGRICULTURA FAMILIAR E DESENVOLVIMENTO SOLIDARIO,Finalizado,OCB,11/05/2025,19/09/2022 09:50:22,08/07/2025 17:28:14,232.0,60.0,"98,71",COOPADES - COOPERATIVA DA AGRICULTURA FAMILIAR E DESENVOLVIMENTO SOLIDARIO,Aracati,Processo Enviado,OCB,11/05/2025,19/09/2022 09:50:22,25/04/2025 11:14:11,220.0,103,"98,64",COOPADES,161099.0,"0111302,0119901,0119905,0119906,0133402,0133408,0133410,0133499,0151201,0151202,0153901,0154700,0155501,0155502,0155503,0155504,0155505,0321301,0322101,1011203",AVENIDA,DA ASSOCIACAO,0,,MATA FRESCA,62808000.0,1321.0,"AVENIDA DA ASSOCIACAO, 000, MATA FRESCA Aracati-CE","-4,8301017","-37,4135523"
607,1284429,ASSOCIAÇÃO BENEFICENTE DO CENTRINHO DA UV10,"2,02411E+16",1848113.0,"45624,88885",32524122000173,COOPADES - COOPERATIVA DA AGRICULTURA FAMILIAR E DO DESENVOLVIMENTO SOLIDARIO,Nota Fiscal,"Gêneros Alimentícios ( Proteínas, Carboidratos, Hortaliças, Sódios e Lipídios)
",45625,Efetivada,32524122000173,32524122,1,73,1,COOPADES,161099,"0111302,0119901,0119905,0119906,0133402,0133408,0133410,0133499,0151201,0151202,0153901,0154700,0155501,0155502,0155503,0155504,0155505,0321301,0322101,1011203",AVENIDA,DA ASSOCIACAO,000,,MATA FRESCA,62808000,1321,32524122000173,1321,ARACATI,Aracati,Litoral Leste,ARACATI,COOPADES - COOPERATIVA DA AGRICULTURA FAMILIAR E DESENVOLVIMENTO SOLIDARIO,Finalizado,OCB,11/05/2025,19/09/2022 09:50:22,08/07/2025 17:28:14,232.0,60.0,"98,71",COOPADES - COOPERATIVA DA AGRICULTURA FAMILIAR E DESENVOLVIMENTO SOLIDARIO,Aracati,Processo Enviado,OCB,11/05/2025,19/09/2022 09:50:22,25/04/2025 11:14:11,220.0,103,"98,64",COOPADES,161099.0,"0111302,0119901,0119905,0119906,0133402,0133408,0133410,0133499,0151201,0151202,0153901,0154700,0155501,0155502,0155503,0155504,0155505,0321301,0322101,1011203",AVENIDA,DA ASSOCIACAO,0,,MATA FRESCA,62808000.0,1321.0,"AVENIDA DA ASSOCIACAO, 000, MATA FRESCA Aracati-CE","-4,8301017","-37,4135523"
608,1284429,ASSOCIAÇÃO BENEFICENTE DO CENTRINHO DA UV10,"2,02412E+16",1352905.0,"45655,86291",32524122000173,COOPADES - COOPERATIVA DA AGRICULTURA FAMILIAR E DO DESENVOLVIMENTO SOLIDARIO,Nota Fiscal,"Gêneros Alimentícios ( Proteínas, Carboidratos, Hortaliças, Sódios e Lipídios)
",45656,Efetivada,32524122000173,32524122,1,73,1,COOPADES,161099,"0111302,0119901,0119905,0119906,0133402,0133408,0133410,0133499,0151201,0151202,0153901,0154700,0155501,0155502,0155503,0155504,0155505,0321301,0322101,1011203",AVENIDA,DA ASSOCIACAO,000,,MATA FRESCA,62808000,1321,32524122000173,1321,ARACATI,Aracati,Litoral Leste,ARACATI,COOPADES - COOPERATIVA DA AGRICULTURA FAMILIAR E DESENVOLVIMENTO SOLIDARIO,Finalizado,OCB,11/05/2025,19/09/2022 09:50:22,08/07/2025 17:28:14,232.0,60.0,"98,71",COOPADES - COOPERATIVA DA AGRICULTURA FAMILIAR E DESENVOLVIMENTO SOLIDARIO,Aracati,Processo Enviado,OCB,11/05/2025,19/09/2022 09:50:22,25/04/2025 11:14:11,220.0,103,"98,64",COOPADES,161099.0,"0111302,0119901,0119905,0119906,0133402,0133408,0133410,0133499,0151201,0151202,0153901,0154700,0155501,0155502,0155503,0155504,0155505,0321301,0322101,1011203",AVENIDA,DA ASSOCIACAO,0,,MATA FRESCA,62808000.0,1321.0,"AVENIDA DA ASSOCIACAO, 000, MATA FRESCA Aracati-CE","-4,8301017","-37,4135523"
609,1284429,ASSOCIAÇÃO BENEFICENTE DO CENTRINHO DA UV10,"2,02501E+16",11887028.0,"45676,90709",32524122000173,COOPADES - COOPERATIVA DA AGRICULTURA FAMILIAR E DO DESENVOLVIMENTO SOLIDARIO,Nota Fiscal,"Gêneros Alimentícios ( Proteínas, Carboidratos, Hortaliças, Sódios e Lipídios)
",45677,Efetivada,32524122000173,32524122,1,73,1,COOPADES,161099,"0111302,0119901,0119905,0119906,0133402,0133408,0133410,0133499,0151201,0151202,0153901,0154700,0155501,0155502,0155503,0155504,0155505,0321301,0322101,1011203",AVENIDA,DA ASSOCIACAO,000,,MATA FRESCA,62808000,1321,32524122000173,1321,ARACATI,Aracati,Litoral Leste,ARACATI,COOPADES - COOPERATIVA DA AGRICULTURA FAMILIAR E DESENVOLVIMENTO SOLIDARIO,Finalizado,OCB,11/05/2025,19/09/2022 09:50:22,08/07/2025 17:28:14,232.0,60.0,"98,71",COOPADES - COOPERATIVA DA AGRICULTURA FAMILIAR E DESENVOLVIMENTO SOLIDARIO,Aracati,Processo Enviado,OCB,11/05/2025,19/09/2022 09:50:22,25/04/2025 11:14:11,220.0,103,"98,64",COOPADES,161099.0,"0111302,0119901,0119905,0119906,0133402,0133408,0133410,0133499,0151201,0151202,0153901,0154700,0155501,0155502,0155503,0155504,0155505,0321301,0322101,1011203",AVENIDA,DA ASSOCIACAO,0,,MATA FRESCA,62808000.0,1321.0,"AVENIDA DA ASSOCIACAO, 000, MATA FRESCA Aracati-CE","-4,8301017","-37,4135523"
610,1284429,ASSOCIAÇÃO BENEFICENTE DO CENTRINHO DA UV10,"2,02503E+16",10092737.0,"45736,79594",32524122000173,COOPADES - COOPERATIVA DA AGRICULTURA FAMILIAR E DO DESENVOLVIMENTO SOLIDARIO,Nota Fiscal,"Gêneros Alimentícios ( Proteínas, Carboidratos, Hortaliças, Sódios e Lipídios)
",45737,Efetivada,32524122000173,32524122,1,73,1,COOPADES,161099,"0111302,0119901,0119905,0119906,0133402,0133408,0133410,0133499,0151201,0151202,0153901,0154700,0155501,0155502,0155503,0155504,0155505,0321301,0322101,1011203",AVENIDA,DA ASSOCIACAO,000,,MATA FRESCA,62808000,1321,32524122000173,1321,ARACATI,Aracati,Litoral Leste,ARACATI,COOPADES - COOPERATIVA DA AGRICULTURA FAMILIAR E DESENVOLVIMENTO SOLIDARIO,Finalizado,OCB,11/05/2025,19/09/2022 09:50:22,08/07/2025 17:28:14,232.0,60.0,"98,71",COOPADES - COOPERATIVA DA AGRICULTURA FAMILIAR E DESENVOLVIMENTO SOLIDARIO,Aracati,Processo Enviado,OCB,11/05/2025,19/09/2022 09:50:22,25/04/2025 11:14:11,220.0,103,"98,64",COOPADES,161099.0,"0111302,0119901,0119905,0119906,0133402,0133408,0133410,0133499,0151201,0151202,0153901,0154700,0155501,0155502,0155503,0155504,0155505,0321301,0322101,1011203",AVENIDA,DA ASSOCIACAO,0,,MATA FRESCA,62808000.0,1321.0,"AVENIDA DA ASSOCIACAO, 000, MATA FRESCA Aracati-CE","-4,8301017","-37,4135523"
611,1284429,ASSOCIAÇÃO BENEFICENTE DO CENTRINHO DA UV10,"2,02503E+16",10092757.0,"45736,79704",32524122000173,COOPADES - COOPERATIVA DA AGRICULTURA FAMILIAR E DO DESENVOLVIMENTO SOLIDARIO,Nota Fiscal,"Gêneros Alimentícios ( Proteínas, Carboidratos, Hortaliças, Sódios e Lipídios)
",45737,Efetivada,32524122000173,32524122,1,73,1,COOPADES,161099,"0111302,0119901,0119905,0119906,0133402,0133408,0133410,0133499,0151201,0151202,0153901,0154700,0155501,0155502,0155503,0155504,0155505,0321301,0322101,1011203",AVENIDA,DA ASSOCIACAO,000,,MATA FRESCA,62808000,1321,32524122000173,1321,ARACATI,Aracati,Litoral Leste,ARACATI,COOPADES - COOPERATIVA DA AGRICULTURA FAMILIAR E DESENVOLVIMENTO SOLIDARIO,Finalizado,OCB,11/05/2025,19/09/2022 09:50:22,08/07/2025 17:28:14,232.0,60.0,"98,71",COOPADES - COOPERATIVA DA AGRICULTURA FAMILIAR E DESENVOLVIMENTO SOLIDARIO,Aracati,Processo Enviado,OCB,11/05/2025,19/09/2022 09:50:22,25/04/2025 11:14:11,220.0,103,"98,64",COOPADES,161099.0,"0111302,0119901,0119905,0119906,0133402,0133408,0133410,0133499,0151201,0151202,0153901,0154700,0155501,0155502,0155503,0155504,0155505,0321301,0322101,1011203",AVENIDA,DA ASSOCIACAO,0,,MATA FRESCA,62808000.0,1321.0,"AVENIDA DA ASSOCIACAO, 000, MATA FRESCA Aracati-CE","-4,8301017","-37,4135523"
612,1284429,ASSOCIAÇÃO BENEFICENTE DO CENTRINHO DA UV10,"2,02504E+16",9160608.0,"45770,80231",32524122000173,COOPADES - COOPERATIVA DA AGRICULTURA FAMILIAR E DO DESENVOLVIMENTO SOLIDARIO,Nota Fiscal,"Gêneros Alimentícios ( Proteínas, Carboidratos, Hortaliças, Sódios e Lipídios)
",45771,Efetivada,32524122000173,32524122,1,73,1,COOPADES,161099,"0111302,0119901,0119905,0119906,0133402,0133408,0133410,0133499,0151201,0151202,0153901,0154700,0155501,0155502,0155503,0155504,0155505,0321301,0322101,1011203",AVENIDA,DA ASSOCIACAO,000,,MATA FRESCA,62808000,1321,32524122000173,1321,ARACATI,Aracati,Litoral Leste,ARACATI,COOPADES - COOPERATIVA DA AGRICULTURA FAMILIAR E DESENVOLVIMENTO SOLIDARIO,Finalizado,OCB,11/05/2025,19/09/2022 09:50:22,08/07/2025 17:28:14,232.0,60.0,"98,71",COOPADES - COOPERATIVA DA AGRICULTURA FAMILIAR E DESENVOLVIMENTO SOLIDARIO,Aracati,Processo Enviado,OCB,11/05/2025,19/09/2022 09:50:22,25/04/2025 11:14:11,220.0,103,"98,64",COOPADES,161099.0,"0111302,0119901,0119905,0119906,0133402,0133408,0133410,0133499,0151201,0151202,0153901,0154700,0155501,0155502,0155503,0155504,0155505,0321301,0322101,1011203",AVENIDA,DA ASSOCIACAO,0,,MATA FRESCA,62808000.0,1321.0,"AVENIDA DA ASSOCIACAO, 000, MATA FRESCA Aracati-CE","-4,8301017","-37,4135523"
613,1284429,ASSOCIAÇÃO BENEFICENTE DO CENTRINHO DA UV10,"2,02505E+16",9504668.0,"45797,6898",32524122000173,COOPADES - COOPERATIVA DA AGRICULTURA FAMILIAR E DO DESENVOLVIMENTO SOLIDARIO,Nota Fiscal,"Gêneros Alimentícios ( Proteínas, Carboidratos, Hortaliças, Sódios e Lipídios)
",45798,Efetivada,32524122000173,32524122,1,73,1,COOPADES,161099,"0111302,0119901,0119905,0119906,0133402,0133408,0133410,0133499,0151201,0151202,0153901,0154700,0155501,0155502,0155503,0155504,0155505,0321301,0322101,1011203",AVENIDA,DA ASSOCIACAO,000,,MATA FRESCA,62808000,1321,32524122000173,1321,ARACATI,Aracati,Litoral Leste,ARACATI,COOPADES - COOPERATIVA DA AGRICULTURA FAMILIAR E DESENVOLVIMENTO SOLIDARIO,Finalizado,OCB,11/05/2025,19/09/2022 09:50:22,08/07/2025 17:28:14,232.0,60.0,"98,71",COOPADES - COOPERATIVA DA AGRICULTURA FAMILIAR E DESENVOLVIMENTO SOLIDARIO,Aracati,Processo Enviado,OCB,11/05/2025,19/09/2022 09:50:22,25/04/2025 11:14:11,220.0,103,"98,64",COOPADES,161099.0,"0111302,0119901,0119905,0119906,0133402,0133408,0133410,0133499,0151201,0151202,0153901,0154700,0155501,0155502,0155503,0155504,0155505,0321301,0322101,1011203",AVENIDA,DA ASSOCIACAO,0,,MATA FRESCA,62808000.0,1321.0,"AVENIDA DA ASSOCIACAO, 000, MATA FRESCA Aracati-CE","-4,8301017","-37,4135523"
