;Orgão;Instrumento;Nº OBT;Valor OBT;Data Emissão;CPF/CNPJ;Fornecedor;Tipo DL;Código Item;IPT;Valor DL;Nº DL;Valor Item;Data Pagamento;Dia;Quinzena;Mês;Ano;Situação OBT;CNPJ 14FILL;CNPJ BÁSICO;CNPJ ORDEM;CNPJ DV;IDENTIFICADOR MATRIZ/FILIAL;NOME FANTASIA;SITUAÇÃO CADASTRAL;DATA SITUAÇÃO CADASTRAL;MOTIVO SITUAÇÃO CADASTRAL;CNAE FISCAL PRINCIPAL;CNAE FISCAL SECUNDÁRIA;TIPO DE LOGRADOURO;LOGRADOURO;NÚMERO;COMPLEMENTO;BAIRRO;CEP;SITUAÇÃO ESPECIAL;DATA DA SITUAÇÃO ESPECIAL;CNPJ_x;codigo;Código do município (IBGE);Nome do município;mun_upp;Região de Planejamento;REGIÃO DE PLANEJAMENTO;Nº LOTE;UNIDADE GERENCIADORA;Município;NÚMERO DE COZINHAS POR MUNICÍPIO;N° COZINHAS TOTAL /LOTE;N° COZINHAS FUNCIONANDO;FUNCIONANDO (TOTAL/LOTE);AGUARDANDO AUTORIZAÇÃO PARA ABRIR  (SALDO 2023-2024);AGUARDANDO AUTORIZAÇÃO PARA ABRIR  (SALDO 2023-2024) TOTAL;NOVAS COZINHAS (2025);TOTAL DE COZINHA PARA ABRIR;TOTAL GERAL COZINHAS/LOTE;REFEIÇÕES /DIA;Nome;CNPJ_y;Situação;Filiação;Data de Validade;Data Cadastro;Data Alteracao;Nº de Socios;Nº de Sócios Válidos;Sócios com CAF(%);CNPJ_str
544;ORGANIZAÇÃO BARREIRA AMIGOS SOLIDARIOS;1284515;20240613001248700;3048.5;2024-06-13;15565679000133;COOPERATIVA DA AGRICULTURA FAMILIAR DE CAPISTRANO LTDA;Nota Fiscal;211;Gêneros Alimentícios ( Proteínas, Carboidratos, Hortaliças, Sódios e Lipídios);3048.5;3655;268.8;2024-06-14;14;1ªQuinzena;jun.;2024;Efetivada;15565679000133;15565679;0001;33;1;COOPAC;02;20120420;00;4633801;4722901,4634601,1031700,1032599,1033301,1033302,4631100,4632003,4639701,4729699,9430800,9499500,4930202,7490103;COMUNIDADE;CARQUEIJA II;S/N;;ZONA RURAL;62748000;;;15565679000133;1357;2302909.0;Capistrano;CAPISTRANO;Maciço de Baturité;Maciço de Baturité;LOTE 28;OBAS;Capistrano;1.0;38.0;1.0;36.0;0.0;2.0;4.0;6.0;42.0;4.2;COOPERATIVA DA AGRICULTURA FAMILIAR DE CAPISTRANO;15565679000133.0;Aberto apenas para Atualização de Informações;OCB;;21/06/2014 12:35:55;13/03/2025 09:06:29;135.0;63.0;97,78;15565679000133
545;ORGANIZAÇÃO BARREIRA AMIGOS SOLIDARIOS;1284515;20240613001248700;1219.4;2024-06-13;15565679000133;COOPERATIVA DA AGRICULTURA FAMILIAR DE CAPISTRANO LTDA;Nota Fiscal;211;Gêneros Alimentícios ( Proteínas, Carboidratos, Hortaliças, Sódios e Lipídios);1219.4;3658;107.52;2024-06-14;14;1ªQuinzena;jun.;2024;Efetivada;15565679000133;15565679;0001;33;1;COOPAC;02;20120420;00;4633801;4722901,4634601,1031700,1032599,1033301,1033302,4631100,4632003,4639701,4729699,9430800,9499500,4930202,7490103;COMUNIDADE;CARQUEIJA II;S/N;;ZONA RURAL;62748000;;;15565679000133;1357;2302909.0;Capistrano;CAPISTRANO;Maciço de Baturité;Maciço de Baturité;LOTE 28;OBAS;Capistrano;1.0;38.0;1.0;36.0;0.0;2.0;4.0;6.0;42.0;4.2;COOPERATIVA DA AGRICULTURA FAMILIAR DE CAPISTRANO;15565679000133.0;Aberto apenas para Atualização de Informações;OCB;;21/06/2014 12:35:55;13/03/2025 09:06:29;135.0;63.0;97,78;15565679000133
546;ORGANIZAÇÃO BARREIRA AMIGOS SOLIDARIOS;1284515;20240613001248800;609.7;2024-06-13;15565679000133;COOPERATIVA DA AGRICULTURA FAMILIAR DE CAPISTRANO LTDA;Nota Fiscal;211;Gêneros Alimentícios ( Proteínas, Carboidratos, Hortaliças, Sódios e Lipídios);609.7;3661;53.76;2024-06-14;14;1ªQuinzena;jun.;2024;Efetivada;15565679000133;15565679;0001;33;1;COOPAC;02;20120420;00;4633801;4722901,4634601,1031700,1032599,1033301,1033302,4631100,4632003,4639701,4729699,9430800,9499500,4930202,7490103;COMUNIDADE;CARQUEIJA II;S/N;;ZONA RURAL;62748000;;;15565679000133;1357;2302909.0;Capistrano;CAPISTRANO;Maciço de Baturité;Maciço de Baturité;LOTE 28;OBAS;Capistrano;1.0;38.0;1.0;36.0;0.0;2.0;4.0;6.0;42.0;4.2;COOPERATIVA DA AGRICULTURA FAMILIAR DE CAPISTRANO;15565679000133.0;Aberto apenas para Atualização de Informações;OCB;;21/06/2014 12:35:55;13/03/2025 09:06:29;135.0;63.0;97,78;15565679000133
547;ORGANIZAÇÃO BARREIRA AMIGOS SOLIDARIOS;1284515;20240614001248800;3048.5;2024-06-14;15565679000133;COOPERATIVA DA AGRICULTURA FAMILIAR DE CAPISTRANO LTDA;Nota Fiscal;211;Gêneros Alimentícios ( Proteínas, Carboidratos, Hortaliças, Sódios e Lipídios);3048.5;3657;268.8;2024-06-17;17;2ªQuinzena;jun.;2024;Efetivada;15565679000133;15565679;0001;33;1;COOPAC;02;20120420;00;4633801;4722901,4634601,1031700,1032599,1033301,1033302,4631100,4632003,4639701,4729699,9430800,9499500,4930202,7490103;COMUNIDADE;CARQUEIJA II;S/N;;ZONA RURAL;62748000;;;15565679000133;1357;2302909.0;Capistrano;CAPISTRANO;Maciço de Baturité;Maciço de Baturité;LOTE 28;OBAS;Capistrano;1.0;38.0;1.0;36.0;0.0;2.0;4.0;6.0;42.0;4.2;COOPERATIVA DA AGRICULTURA FAMILIAR DE CAPISTRANO;15565679000133.0;Aberto apenas para Atualização de Informações;OCB;;21/06/2014 12:35:55;13/03/2025 09:06:29;135.0;63.0;97,78;15565679000133
548;ORGANIZAÇÃO BARREIRA AMIGOS SOLIDARIOS;1284515;20240614001248800;609.7;2024-06-14;15565679000133;COOPERATIVA DA AGRICULTURA FAMILIAR DE CAPISTRANO LTDA;Nota Fiscal;211;Gêneros Alimentícios ( Proteínas, Carboidratos, Hortaliças, Sódios e Lipídios);609.7;3659;53.76;2024-06-17;17;2ªQuinzena;jun.;2024;Efetivada;15565679000133;15565679;0001;33;1;COOPAC;02;20120420;00;4633801;4722901,4634601,1031700,1032599,1033301,1033302,4631100,4632003,4639701,4729699,9430800,9499500,4930202,7490103;COMUNIDADE;CARQUEIJA II;S/N;;ZONA RURAL;62748000;;;15565679000133;1357;2302909.0;Capistrano;CAPISTRANO;Maciço de Baturité;Maciço de Baturité;LOTE 28;OBAS;Capistrano;1.0;38.0;1.0;36.0;0.0;2.0;4.0;6.0;42.0;4.2;COOPERATIVA DA AGRICULTURA FAMILIAR DE CAPISTRANO;15565679000133.0;Aberto apenas para Atualização de Informações;OCB;;21/06/2014 12:35:55;13/03/2025 09:06:29;135.0;63.0;97,78;15565679000133
550;ORGANIZAÇÃO BARREIRA AMIGOS SOLIDARIOS;1284515;20240617001249500;609.7;2024-06-17;15565679000133;COOPERATIVA DA AGRICULTURA FAMILIAR DE CAPISTRANO LTDA;Nota Fiscal;211;Gêneros Alimentícios ( Proteínas, Carboidratos, Hortaliças, Sódios e Lipídios);609.7;3662;53.76;2024-06-18;18;2ªQuinzena;jun.;2024;Efetivada;15565679000133;15565679;0001;33;1;COOPAC;02;20120420;00;4633801;4722901,4634601,1031700,1032599,1033301,1033302,4631100,4632003,4639701,4729699,9430800,9499500,4930202,7490103;COMUNIDADE;CARQUEIJA II;S/N;;ZONA RURAL;62748000;;;15565679000133;1357;2302909.0;Capistrano;CAPISTRANO;Maciço de Baturité;Maciço de Baturité;LOTE 28;OBAS;Capistrano;1.0;38.0;1.0;36.0;0.0;2.0;4.0;6.0;42.0;4.2;COOPERATIVA DA AGRICULTURA FAMILIAR DE CAPISTRANO;15565679000133.0;Aberto apenas para Atualização de Informações;OCB;;21/06/2014 12:35:55;13/03/2025 09:06:29;135.0;63.0;97,78;15565679000133
565;ORGANIZAÇÃO BARREIRA AMIGOS SOLIDARIOS;1284515;20240711001262700;3048.5;2024-07-11;15565679000133;COOPERATIVA DA AGRICULTURA FAMILIAR DE CAPISTRANO LTDA;Nota Fiscal;211;Gêneros Alimentícios ( Proteínas, Carboidratos, Hortaliças, Sódios e Lipídios);3048.5;3702;268.8;2024-07-12;12;1ªQuinzena;jul.;2024;Efetivada;15565679000133;15565679;0001;33;1;COOPAC;02;20120420;00;4633801;4722901,4634601,1031700,1032599,1033301,1033302,4631100,4632003,4639701,4729699,9430800,9499500,4930202,7490103;COMUNIDADE;CARQUEIJA II;S/N;;ZONA RURAL;62748000;;;15565679000133;1357;2302909.0;Capistrano;CAPISTRANO;Maciço de Baturité;Maciço de Baturité;LOTE 28;OBAS;Capistrano;1.0;38.0;1.0;36.0;0.0;2.0;4.0;6.0;42.0;4.2;COOPERATIVA DA AGRICULTURA FAMILIAR DE CAPISTRANO;15565679000133.0;Aberto apenas para Atualização de Informações;OCB;;21/06/2014 12:35:55;13/03/2025 09:06:29;135.0;63.0;97,78;15565679000133
566;ORGANIZAÇÃO BARREIRA AMIGOS SOLIDARIOS;1284515;20240711001262700;609.7;2024-07-11;15565679000133;COOPERATIVA DA AGRICULTURA FAMILIAR DE CAPISTRANO LTDA;Nota Fiscal;211;Gêneros Alimentícios ( Proteínas, Carboidratos, Hortaliças, Sódios e Lipídios);609.7;3704;53.76;2024-07-12;12;1ªQuinzena;jul.;2024;Efetivada;15565679000133;15565679;0001;33;1;COOPAC;02;20120420;00;4633801;4722901,4634601,1031700,1032599,1033301,1033302,4631100,4632003,4639701,4729699,9430800,9499500,4930202,7490103;COMUNIDADE;CARQUEIJA II;S/N;;ZONA RURAL;62748000;;;15565679000133;1357;2302909.0;Capistrano;CAPISTRANO;Maciço de Baturité;Maciço de Baturité;LOTE 28;OBAS;Capistrano;1.0;38.0;1.0;36.0;0.0;2.0;4.0;6.0;42.0;4.2;COOPERATIVA DA AGRICULTURA FAMILIAR DE CAPISTRANO;15565679000133.0;Aberto apenas para Atualização de Informações;OCB;;21/06/2014 12:35:55;13/03/2025 09:06:29;135.0;63.0;97,78;15565679000133
567;ORGANIZAÇÃO BARREIRA AMIGOS SOLIDARIOS;1284515;20240711001262700;1219.4;2024-07-11;15565679000133;COOPERATIVA DA AGRICULTURA FAMILIAR DE CAPISTRANO LTDA;Nota Fiscal;211;Gêneros Alimentícios ( Proteínas, Carboidratos, Hortaliças, Sódios e Lipídios);1219.4;3707;107.52;2024-07-12;12;1ªQuinzena;jul.;2024;Efetivada;15565679000133;15565679;0001;33;1;COOPAC;02;20120420;00;4633801;4722901,4634601,1031700,1032599,1033301,1033302,4631100,4632003,4639701,4729699,9430800,9499500,4930202,7490103;COMUNIDADE;CARQUEIJA II;S/N;;ZONA RURAL;62748000;;;15565679000133;1357;2302909.0;Capistrano;CAPISTRANO;Maciço de Baturité;Maciço de Baturité;LOTE 28;OBAS;Capistrano;1.0;38.0;1.0;36.0;0.0;2.0;4.0;6.0;42.0;4.2;COOPERATIVA DA AGRICULTURA FAMILIAR DE CAPISTRANO;15565679000133.0;Aberto apenas para Atualização de Informações;OCB;;21/06/2014 12:35:55;13/03/2025 09:06:29;135.0;63.0;97,78;15565679000133
568;ORGANIZAÇÃO BARREIRA AMIGOS SOLIDARIOS;1284515;20240715001264000;3048.5;2024-07-15;15565679000133;COOPERATIVA DA AGRICULTURA FAMILIAR DE CAPISTRANO LTDA;Nota Fiscal;211;Gêneros Alimentícios ( Proteínas, Carboidratos, Hortaliças, Sódios e Lipídios);3048.5;3703;268.8;2024-07-16;16;2ªQuinzena;jul.;2024;Efetivada;15565679000133;15565679;0001;33;1;COOPAC;02;20120420;00;4633801;4722901,4634601,1031700,1032599,1033301,1033302,4631100,4632003,4639701,4729699,9430800,9499500,4930202,7490103;COMUNIDADE;CARQUEIJA II;S/N;;ZONA RURAL;62748000;;;15565679000133;1357;2302909.0;Capistrano;CAPISTRANO;Maciço de Baturité;Maciço de Baturité;LOTE 28;OBAS;Capistrano;1.0;38.0;1.0;36.0;0.0;2.0;4.0;6.0;42.0;4.2;COOPERATIVA DA AGRICULTURA FAMILIAR DE CAPISTRANO;15565679000133.0;Aberto apenas para Atualização de Informações;OCB;;21/06/2014 12:35:55;13/03/2025 09:06:29;135.0;63.0;97,78;15565679000133
569;ORGANIZAÇÃO BARREIRA AMIGOS SOLIDARIOS;1284515;20240715001264000;609.7;2024-07-15;15565679000133;COOPERATIVA DA AGRICULTURA FAMILIAR DE CAPISTRANO LTDA;Nota Fiscal;211;Gêneros Alimentícios ( Proteínas, Carboidratos, Hortaliças, Sódios e Lipídios);609.7;3706;53.76;2024-07-16;16;2ªQuinzena;jul.;2024;Efetivada;15565679000133;15565679;0001;33;1;COOPAC;02;20120420;00;4633801;4722901,4634601,1031700,1032599,1033301,1033302,4631100,4632003,4639701,4729699,9430800,9499500,4930202,7490103;COMUNIDADE;CARQUEIJA II;S/N;;ZONA RURAL;62748000;;;15565679000133;1357;2302909.0;Capistrano;CAPISTRANO;Maciço de Baturité;Maciço de Baturité;LOTE 28;OBAS;Capistrano;1.0;38.0;1.0;36.0;0.0;2.0;4.0;6.0;42.0;4.2;COOPERATIVA DA AGRICULTURA FAMILIAR DE CAPISTRANO;15565679000133.0;Aberto apenas para Atualização de Informações;OCB;;21/06/2014 12:35:55;13/03/2025 09:06:29;135.0;63.0;97,78;15565679000133
571;ORGANIZAÇÃO BARREIRA AMIGOS SOLIDARIOS;1284515;20240717001265000;609.7;2024-07-17;15565679000133;COOPERATIVA DA AGRICULTURA FAMILIAR DE CAPISTRANO LTDA;Nota Fiscal;211;Gêneros Alimentícios ( Proteínas, Carboidratos, Hortaliças, Sódios e Lipídios);609.7;3705;53.76;2024-07-18;18;2ªQuinzena;jul.;2024;Efetivada;15565679000133;15565679;0001;33;1;COOPAC;02;20120420;00;4633801;4722901,4634601,1031700,1032599,1033301,1033302,4631100,4632003,4639701,4729699,9430800,9499500,4930202,7490103;COMUNIDADE;CARQUEIJA II;S/N;;ZONA RURAL;62748000;;;15565679000133;1357;2302909.0;Capistrano;CAPISTRANO;Maciço de Baturité;Maciço de Baturité;LOTE 28;OBAS;Capistrano;1.0;38.0;1.0;36.0;0.0;2.0;4.0;6.0;42.0;4.2;COOPERATIVA DA AGRICULTURA FAMILIAR DE CAPISTRANO;15565679000133.0;Aberto apenas para Atualização de Informações;OCB;;21/06/2014 12:35:55;13/03/2025 09:06:29;135.0;63.0;97,78;15565679000133
587;ORGANIZAÇÃO BARREIRA AMIGOS SOLIDARIOS;1284515;20240805001276300;3048.5;2024-08-05;15565679000133;COOPERATIVA DA AGRICULTURA FAMILIAR DE CAPISTRANO LTDA;Nota Fiscal;211;Gêneros Alimentícios ( Proteínas, Carboidratos, Hortaliças, Sódios e Lipídios);3048.5;3723;268.8;2024-08-06;6;1ªQuinzena;ago.;2024;Efetivada;15565679000133;15565679;0001;33;1;COOPAC;02;20120420;00;4633801;4722901,4634601,1031700,1032599,1033301,1033302,4631100,4632003,4639701,4729699,9430800,9499500,4930202,7490103;COMUNIDADE;CARQUEIJA II;S/N;;ZONA RURAL;62748000;;;15565679000133;1357;2302909.0;Capistrano;CAPISTRANO;Maciço de Baturité;Maciço de Baturité;LOTE 28;OBAS;Capistrano;1.0;38.0;1.0;36.0;0.0;2.0;4.0;6.0;42.0;4.2;COOPERATIVA DA AGRICULTURA FAMILIAR DE CAPISTRANO;15565679000133.0;Aberto apenas para Atualização de Informações;OCB;;21/06/2014 12:35:55;13/03/2025 09:06:29;135.0;63.0;97,78;15565679000133
588;ORGANIZAÇÃO BARREIRA AMIGOS SOLIDARIOS;1284515;20240805001276300;1219.4;2024-08-05;15565679000133;COOPERATIVA DA AGRICULTURA FAMILIAR DE CAPISTRANO LTDA;Nota Fiscal;211;Gêneros Alimentícios ( Proteínas, Carboidratos, Hortaliças, Sódios e Lipídios);1219.4;3724;107.52;2024-08-06;6;1ªQuinzena;ago.;2024;Efetivada;15565679000133;15565679;0001;33;1;COOPAC;02;20120420;00;4633801;4722901,4634601,1031700,1032599,1033301,1033302,4631100,4632003,4639701,4729699,9430800,9499500,4930202,7490103;COMUNIDADE;CARQUEIJA II;S/N;;ZONA RURAL;62748000;;;15565679000133;1357;2302909.0;Capistrano;CAPISTRANO;Maciço de Baturité;Maciço de Baturité;LOTE 28;OBAS;Capistrano;1.0;38.0;1.0;36.0;0.0;2.0;4.0;6.0;42.0;4.2;COOPERATIVA DA AGRICULTURA FAMILIAR DE CAPISTRANO;15565679000133.0;Aberto apenas para Atualização de Informações;OCB;;21/06/2014 12:35:55;13/03/2025 09:06:29;135.0;63.0;97,78;15565679000133
589;ORGANIZAÇÃO BARREIRA AMIGOS SOLIDARIOS;1284515;20240805001276300;609.7;2024-08-05;15565679000133;COOPERATIVA DA AGRICULTURA FAMILIAR DE CAPISTRANO LTDA;Nota Fiscal;211;Gêneros Alimentícios ( Proteínas, Carboidratos, Hortaliças, Sódios e Lipídios);609.7;3725;53.76;2024-08-06;6;1ªQuinzena;ago.;2024;Efetivada;15565679000133;15565679;0001;33;1;COOPAC;02;20120420;00;4633801;4722901,4634601,1031700,1032599,1033301,1033302,4631100,4632003,4639701,4729699,9430800,9499500,4930202,7490103;COMUNIDADE;CARQUEIJA II;S/N;;ZONA RURAL;62748000;;;15565679000133;1357;2302909.0;Capistrano;CAPISTRANO;Maciço de Baturité;Maciço de Baturité;LOTE 28;OBAS;Capistrano;1.0;38.0;1.0;36.0;0.0;2.0;4.0;6.0;42.0;4.2;COOPERATIVA DA AGRICULTURA FAMILIAR DE CAPISTRANO;15565679000133.0;Aberto apenas para Atualização de Informações;OCB;;21/06/2014 12:35:55;13/03/2025 09:06:29;135.0;63.0;97,78;15565679000133
596;ORGANIZAÇÃO BARREIRA AMIGOS SOLIDARIOS;1284515;20240807001277900;3048.5;2024-08-07;15565679000133;COOPERATIVA DA AGRICULTURA FAMILIAR DE CAPISTRANO LTDA;Nota Fiscal;211;Gêneros Alimentícios ( Proteínas, Carboidratos, Hortaliças, Sódios e Lipídios);3048.5;3722;268.8;2024-08-08;8;1ªQuinzena;ago.;2024;Efetivada;15565679000133;15565679;0001;33;1;COOPAC;02;20120420;00;4633801;4722901,4634601,1031700,1032599,1033301,1033302,4631100,4632003,4639701,4729699,9430800,9499500,4930202,7490103;COMUNIDADE;CARQUEIJA II;S/N;;ZONA RURAL;62748000;;;15565679000133;1357;2302909.0;Capistrano;CAPISTRANO;Maciço de Baturité;Maciço de Baturité;LOTE 28;OBAS;Capistrano;1.0;38.0;1.0;36.0;0.0;2.0;4.0;6.0;42.0;4.2;COOPERATIVA DA AGRICULTURA FAMILIAR DE CAPISTRANO;15565679000133.0;Aberto apenas para Atualização de Informações;OCB;;21/06/2014 12:35:55;13/03/2025 09:06:29;135.0;63.0;97,78;15565679000133
597;ORGANIZAÇÃO BARREIRA AMIGOS SOLIDARIOS;1284515;20240807001277900;609.7;2024-08-07;15565679000133;COOPERATIVA DA AGRICULTURA FAMILIAR DE CAPISTRANO LTDA;Nota Fiscal;211;Gêneros Alimentícios ( Proteínas, Carboidratos, Hortaliças, Sódios e Lipídios);609.7;3726;53.76;2024-08-08;8;1ªQuinzena;ago.;2024;Efetivada;15565679000133;15565679;0001;33;1;COOPAC;02;20120420;00;4633801;4722901,4634601,1031700,1032599,1033301,1033302,4631100,4632003,4639701,4729699,9430800,9499500,4930202,7490103;COMUNIDADE;CARQUEIJA II;S/N;;ZONA RURAL;62748000;;;15565679000133;1357;2302909.0;Capistrano;CAPISTRANO;Maciço de Baturité;Maciço de Baturité;LOTE 28;OBAS;Capistrano;1.0;38.0;1.0;36.0;0.0;2.0;4.0;6.0;42.0;4.2;COOPERATIVA DA AGRICULTURA FAMILIAR DE CAPISTRANO;15565679000133.0;Aberto apenas para Atualização de Informações;OCB;;21/06/2014 12:35:55;13/03/2025 09:06:29;135.0;63.0;97,78;15565679000133
604;ORGANIZAÇÃO BARREIRA AMIGOS SOLIDARIOS;1284515;20240814001280800;609.7;2024-08-14;15565679000133;COOPERATIVA DA AGRICULTURA FAMILIAR DE CAPISTRANO LTDA;Nota Fiscal;211;Gêneros Alimentícios ( Proteínas, Carboidratos, Hortaliças, Sódios e Lipídios);609.7;3727;53.76;2024-08-16;16;2ªQuinzena;ago.;2024;Efetivada;15565679000133;15565679;0001;33;1;COOPAC;02;20120420;00;4633801;4722901,4634601,1031700,1032599,1033301,1033302,4631100,4632003,4639701,4729699,9430800,9499500,4930202,7490103;COMUNIDADE;CARQUEIJA II;S/N;;ZONA RURAL;62748000;;;15565679000133;1357;2302909.0;Capistrano;CAPISTRANO;Maciço de Baturité;Maciço de Baturité;LOTE 28;OBAS;Capistrano;1.0;38.0;1.0;36.0;0.0;2.0;4.0;6.0;42.0;4.2;COOPERATIVA DA AGRICULTURA FAMILIAR DE CAPISTRANO;15565679000133.0;Aberto apenas para Atualização de Informações;OCB;;21/06/2014 12:35:55;13/03/2025 09:06:29;135.0;63.0;97,78;15565679000133
619;ORGANIZAÇÃO BARREIRA AMIGOS SOLIDARIOS;1284515;20240905001293000;578.65;2024-09-05;15565679000133;COOPERATIVA DA AGRICULTURA FAMILIAR DE CAPISTRANO LTDA;Nota Fiscal;211;Gêneros Alimentícios ( Proteínas, Carboidratos, Hortaliças, Sódios e Lipídios);578.65;3772;64.0;2024-09-06;6;1ªQuinzena;set.;2024;Efetivada;15565679000133;15565679;0001;33;1;COOPAC;02;20120420;00;4633801;4722901,4634601,1031700,1032599,1033301,1033302,4631100,4632003,4639701,4729699,9430800,9499500,4930202,7490103;COMUNIDADE;CARQUEIJA II;S/N;;ZONA RURAL;62748000;;;15565679000133;1357;2302909.0;Capistrano;CAPISTRANO;Maciço de Baturité;Maciço de Baturité;LOTE 28;OBAS;Capistrano;1.0;38.0;1.0;36.0;0.0;2.0;4.0;6.0;42.0;4.2;COOPERATIVA DA AGRICULTURA FAMILIAR DE CAPISTRANO;15565679000133.0;Aberto apenas para Atualização de Informações;OCB;;21/06/2014 12:35:55;13/03/2025 09:06:29;135.0;63.0;97,78;15565679000133
620;ORGANIZAÇÃO BARREIRA AMIGOS SOLIDARIOS;1284515;20240905001293000;679.6;2024-09-05;15565679000133;COOPERATIVA DA AGRICULTURA FAMILIAR DE CAPISTRANO LTDA;Nota Fiscal;211;Gêneros Alimentícios ( Proteínas, Carboidratos, Hortaliças, Sódios e Lipídios);679.6;3774;72.0;2024-09-06;6;1ªQuinzena;set.;2024;Efetivada;15565679000133;15565679;0001;33;1;COOPAC;02;20120420;00;4633801;4722901,4634601,1031700,1032599,1033301,1033302,4631100,4632003,4639701,4729699,9430800,9499500,4930202,7490103;COMUNIDADE;CARQUEIJA II;S/N;;ZONA RURAL;62748000;;;15565679000133;1357;2302909.0;Capistrano;CAPISTRANO;Maciço de Baturité;Maciço de Baturité;LOTE 28;OBAS;Capistrano;1.0;38.0;1.0;36.0;0.0;2.0;4.0;6.0;42.0;4.2;COOPERATIVA DA AGRICULTURA FAMILIAR DE CAPISTRANO;15565679000133.0;Aberto apenas para Atualização de Informações;OCB;;21/06/2014 12:35:55;13/03/2025 09:06:29;135.0;63.0;97,78;15565679000133
621;ORGANIZAÇÃO BARREIRA AMIGOS SOLIDARIOS;1284515;20240905001293100;2893.25;2024-09-05;15565679000133;COOPERATIVA DA AGRICULTURA FAMILIAR DE CAPISTRANO LTDA;Nota Fiscal;211;Gêneros Alimentícios ( Proteínas, Carboidratos, Hortaliças, Sódios e Lipídios);2893.25;3776;320.0;2024-09-06;6;1ªQuinzena;set.;2024;Efetivada;15565679000133;15565679;0001;33;1;COOPAC;02;20120420;00;4633801;4722901,4634601,1031700,1032599,1033301,1033302,4631100,4632003,4639701,4729699,9430800,9499500,4930202,7490103;COMUNIDADE;CARQUEIJA II;S/N;;ZONA RURAL;62748000;;;15565679000133;1357;2302909.0;Capistrano;CAPISTRANO;Maciço de Baturité;Maciço de Baturité;LOTE 28;OBAS;Capistrano;1.0;38.0;1.0;36.0;0.0;2.0;4.0;6.0;42.0;4.2;COOPERATIVA DA AGRICULTURA FAMILIAR DE CAPISTRANO;15565679000133.0;Aberto apenas para Atualização de Informações;OCB;;21/06/2014 12:35:55;13/03/2025 09:06:29;135.0;63.0;97,78;15565679000133
622;ORGANIZAÇÃO BARREIRA AMIGOS SOLIDARIOS;1284515;20240905001293100;1157.3;2024-09-05;15565679000133;COOPERATIVA DA AGRICULTURA FAMILIAR DE CAPISTRANO LTDA;Nota Fiscal;211;Gêneros Alimentícios ( Proteínas, Carboidratos, Hortaliças, Sódios e Lipídios);1157.3;3777;128.0;2024-09-06;6;1ªQuinzena;set.;2024;Efetivada;15565679000133;15565679;0001;33;1;COOPAC;02;20120420;00;4633801;4722901,4634601,1031700,1032599,1033301,1033302,4631100,4632003,4639701,4729699,9430800,9499500,4930202,7490103;COMUNIDADE;CARQUEIJA II;S/N;;ZONA RURAL;62748000;;;15565679000133;1357;2302909.0;Capistrano;CAPISTRANO;Maciço de Baturité;Maciço de Baturité;LOTE 28;OBAS;Capistrano;1.0;38.0;1.0;36.0;0.0;2.0;4.0;6.0;42.0;4.2;COOPERATIVA DA AGRICULTURA FAMILIAR DE CAPISTRANO;15565679000133.0;Aberto apenas para Atualização de Informações;OCB;;21/06/2014 12:35:55;13/03/2025 09:06:29;135.0;63.0;97,78;15565679000133
633;ORGANIZAÇÃO BARREIRA AMIGOS SOLIDARIOS;1284515;20240919001298800;578.65;2024-09-19;15565679000133;COOPERATIVA DA AGRICULTURA FAMILIAR DE CAPISTRANO LTDA;Nota Fiscal;211;Gêneros Alimentícios ( Proteínas, Carboidratos, Hortaliças, Sódios e Lipídios);578.65;3778;64.0;2024-09-20;20;2ªQuinzena;set.;2024;Efetivada;15565679000133;15565679;0001;33;1;COOPAC;02;20120420;00;4633801;4722901,4634601,1031700,1032599,1033301,1033302,4631100,4632003,4639701,4729699,9430800,9499500,4930202,7490103;COMUNIDADE;CARQUEIJA II;S/N;;ZONA RURAL;62748000;;;15565679000133;1357;2302909.0;Capistrano;CAPISTRANO;Maciço de Baturité;Maciço de Baturité;LOTE 28;OBAS;Capistrano;1.0;38.0;1.0;36.0;0.0;2.0;4.0;6.0;42.0;4.2;COOPERATIVA DA AGRICULTURA FAMILIAR DE CAPISTRANO;15565679000133.0;Aberto apenas para Atualização de Informações;OCB;;21/06/2014 12:35:55;13/03/2025 09:06:29;135.0;63.0;97,78;15565679000133
635;ORGANIZAÇÃO BARREIRA AMIGOS SOLIDARIOS;1284515;20240926001301200;578.65;2024-09-26;15565679000133;COOPERATIVA DA AGRICULTURA FAMILIAR DE CAPISTRANO LTDA;Nota Fiscal;211;Gêneros Alimentícios ( Proteínas, Carboidratos, Hortaliças, Sódios e Lipídios);578.65;3773;64.0;2024-09-27;27;2ªQuinzena;set.;2024;Efetivada;15565679000133;15565679;0001;33;1;COOPAC;02;20120420;00;4633801;4722901,4634601,1031700,1032599,1033301,1033302,4631100,4632003,4639701,4729699,9430800,9499500,4930202,7490103;COMUNIDADE;CARQUEIJA II;S/N;;ZONA RURAL;62748000;;;15565679000133;1357;2302909.0;Capistrano;CAPISTRANO;Maciço de Baturité;Maciço de Baturité;LOTE 28;OBAS;Capistrano;1.0;38.0;1.0;36.0;0.0;2.0;4.0;6.0;42.0;4.2;COOPERATIVA DA AGRICULTURA FAMILIAR DE CAPISTRANO;15565679000133.0;Aberto apenas para Atualização de Informações;OCB;;21/06/2014 12:35:55;13/03/2025 09:06:29;135.0;63.0;97,78;15565679000133
637;ORGANIZAÇÃO BARREIRA AMIGOS SOLIDARIOS;1284515;20240926001301400;3572.85;2024-09-26;15565679000133;COOPERATIVA DA AGRICULTURA FAMILIAR DE CAPISTRANO LTDA;Nota Fiscal;211;Gêneros Alimentícios ( Proteínas, Carboidratos, Hortaliças, Sódios e Lipídios);3572.85;3775;392.0;2024-09-27;27;2ªQuinzena;set.;2024;Efetivada;15565679000133;15565679;0001;33;1;COOPAC;02;20120420;00;4633801;4722901,4634601,1031700,1032599,1033301,1033302,4631100,4632003,4639701,4729699,9430800,9499500,4930202,7490103;COMUNIDADE;CARQUEIJA II;S/N;;ZONA RURAL;62748000;;;15565679000133;1357;2302909.0;Capistrano;CAPISTRANO;Maciço de Baturité;Maciço de Baturité;LOTE 28;OBAS;Capistrano;1.0;38.0;1.0;36.0;0.0;2.0;4.0;6.0;42.0;4.2;COOPERATIVA DA AGRICULTURA FAMILIAR DE CAPISTRANO;15565679000133.0;Aberto apenas para Atualização de Informações;OCB;;21/06/2014 12:35:55;13/03/2025 09:06:29;135.0;63.0;97,78;15565679000133
661;ORGANIZAÇÃO BARREIRA AMIGOS SOLIDARIOS;1284515;20241022001315200;1566.2;2024-10-22;15565679000133;COOPERATIVA DA AGRICULTURA FAMILIAR DE CAPISTRANO LTDA;Nota Fiscal;211;Gêneros Alimentícios ( Proteínas, Carboidratos, Hortaliças, Sódios e Lipídios);1566.2;3814;144.0;2024-10-23;23;2ªQuinzena;out.;2024;Efetivada;15565679000133;15565679;0001;33;1;COOPAC;02;20120420;00;4633801;4722901,4634601,1031700,1032599,1033301,1033302,4631100,4632003,4639701,4729699,9430800,9499500,4930202,7490103;COMUNIDADE;CARQUEIJA II;S/N;;ZONA RURAL;62748000;;;15565679000133;1357;2302909.0;Capistrano;CAPISTRANO;Maciço de Baturité;Maciço de Baturité;LOTE 28;OBAS;Capistrano;1.0;38.0;1.0;36.0;0.0;2.0;4.0;6.0;42.0;4.2;COOPERATIVA DA AGRICULTURA FAMILIAR DE CAPISTRANO;15565679000133.0;Aberto apenas para Atualização de Informações;OCB;;21/06/2014 12:35:55;13/03/2025 09:06:29;135.0;63.0;97,78;15565679000133
662;ORGANIZAÇÃO BARREIRA AMIGOS SOLIDARIOS;1284515;20241022001315200;1219.4;2024-10-22;15565679000133;COOPERATIVA DA AGRICULTURA FAMILIAR DE CAPISTRANO LTDA;Nota Fiscal;211;Gêneros Alimentícios ( Proteínas, Carboidratos, Hortaliças, Sódios e Lipídios);1219.4;3818;128.0;2024-10-23;23;2ªQuinzena;out.;2024;Efetivada;15565679000133;15565679;0001;33;1;COOPAC;02;20120420;00;4633801;4722901,4634601,1031700,1032599,1033301,1033302,4631100,4632003,4639701,4729699,9430800,9499500,4930202,7490103;COMUNIDADE;CARQUEIJA II;S/N;;ZONA RURAL;62748000;;;15565679000133;1357;2302909.0;Capistrano;CAPISTRANO;Maciço de Baturité;Maciço de Baturité;LOTE 28;OBAS;Capistrano;1.0;38.0;1.0;36.0;0.0;2.0;4.0;6.0;42.0;4.2;COOPERATIVA DA AGRICULTURA FAMILIAR DE CAPISTRANO;15565679000133.0;Aberto apenas para Atualização de Informações;OCB;;21/06/2014 12:35:55;13/03/2025 09:06:29;135.0;63.0;97,78;15565679000133
663;ORGANIZAÇÃO BARREIRA AMIGOS SOLIDARIOS;1284515;20241022001315200;609.7;2024-10-22;15565679000133;COOPERATIVA DA AGRICULTURA FAMILIAR DE CAPISTRANO LTDA;Nota Fiscal;211;Gêneros Alimentícios ( Proteínas, Carboidratos, Hortaliças, Sódios e Lipídios);609.7;3816;64.0;2024-10-23;23;2ªQuinzena;out.;2024;Efetivada;15565679000133;15565679;0001;33;1;COOPAC;02;20120420;00;4633801;4722901,4634601,1031700,1032599,1033301,1033302,4631100,4632003,4639701,4729699,9430800,9499500,4930202,7490103;COMUNIDADE;CARQUEIJA II;S/N;;ZONA RURAL;62748000;;;15565679000133;1357;2302909.0;Capistrano;CAPISTRANO;Maciço de Baturité;Maciço de Baturité;LOTE 28;OBAS;Capistrano;1.0;38.0;1.0;36.0;0.0;2.0;4.0;6.0;42.0;4.2;COOPERATIVA DA AGRICULTURA FAMILIAR DE CAPISTRANO;15565679000133.0;Aberto apenas para Atualização de Informações;OCB;;21/06/2014 12:35:55;13/03/2025 09:06:29;135.0;63.0;97,78;15565679000133
667;ORGANIZAÇÃO BARREIRA AMIGOS SOLIDARIOS;1284515;20241023001315300;609.7;2024-10-23;15565679000133;COOPERATIVA DA AGRICULTURA FAMILIAR DE CAPISTRANO LTDA;Nota Fiscal;211;Gêneros Alimentícios ( Proteínas, Carboidratos, Hortaliças, Sódios e Lipídios);609.7;3815;64.0;2024-10-24;24;2ªQuinzena;out.;2024;Efetivada;15565679000133;15565679;0001;33;1;COOPAC;02;20120420;00;4633801;4722901,4634601,1031700,1032599,1033301,1033302,4631100,4632003,4639701,4729699,9430800,9499500,4930202,7490103;COMUNIDADE;CARQUEIJA II;S/N;;ZONA RURAL;62748000;;;15565679000133;1357;2302909.0;Capistrano;CAPISTRANO;Maciço de Baturité;Maciço de Baturité;LOTE 28;OBAS;Capistrano;1.0;38.0;1.0;36.0;0.0;2.0;4.0;6.0;42.0;4.2;COOPERATIVA DA AGRICULTURA FAMILIAR DE CAPISTRANO;15565679000133.0;Aberto apenas para Atualização de Informações;OCB;;21/06/2014 12:35:55;13/03/2025 09:06:29;135.0;63.0;97,78;15565679000133
668;ORGANIZAÇÃO BARREIRA AMIGOS SOLIDARIOS;1284515;20241024001316100;609.7;2024-10-24;15565679000133;COOPERATIVA DA AGRICULTURA FAMILIAR DE CAPISTRANO LTDA;Nota Fiscal;211;Gêneros Alimentícios ( Proteínas, Carboidratos, Hortaliças, Sódios e Lipídios);609.7;3817;64.0;2024-10-25;25;2ªQuinzena;out.;2024;Efetivada;15565679000133;15565679;0001;33;1;COOPAC;02;20120420;00;4633801;4722901,4634601,1031700,1032599,1033301,1033302,4631100,4632003,4639701,4729699,9430800,9499500,4930202,7490103;COMUNIDADE;CARQUEIJA II;S/N;;ZONA RURAL;62748000;;;15565679000133;1357;2302909.0;Capistrano;CAPISTRANO;Maciço de Baturité;Maciço de Baturité;LOTE 28;OBAS;Capistrano;1.0;38.0;1.0;36.0;0.0;2.0;4.0;6.0;42.0;4.2;COOPERATIVA DA AGRICULTURA FAMILIAR DE CAPISTRANO;15565679000133.0;Aberto apenas para Atualização de Informações;OCB;;21/06/2014 12:35:55;13/03/2025 09:06:29;135.0;63.0;97,78;15565679000133
669;ORGANIZAÇÃO BARREIRA AMIGOS SOLIDARIOS;1284515;20241030001319700;31.05;2024-10-30;15565679000133;COOPERATIVA DA AGRICULTURA FAMILIAR DE CAPISTRANO LTDA;Nota Fiscal;211;Gêneros Alimentícios ( Proteínas, Carboidratos, Hortaliças, Sódios e Lipídios);31.05;3879;31.05;2024-10-31;31;2ªQuinzena;out.;2024;Efetivada;15565679000133;15565679;0001;33;1;COOPAC;02;20120420;00;4633801;4722901,4634601,1031700,1032599,1033301,1033302,4631100,4632003,4639701,4729699,9430800,9499500,4930202,7490103;COMUNIDADE;CARQUEIJA II;S/N;;ZONA RURAL;62748000;;;15565679000133;1357;2302909.0;Capistrano;CAPISTRANO;Maciço de Baturité;Maciço de Baturité;LOTE 28;OBAS;Capistrano;1.0;38.0;1.0;36.0;0.0;2.0;4.0;6.0;42.0;4.2;COOPERATIVA DA AGRICULTURA FAMILIAR DE CAPISTRANO;15565679000133.0;Aberto apenas para Atualização de Informações;OCB;;21/06/2014 12:35:55;13/03/2025 09:06:29;135.0;63.0;97,78;15565679000133
670;ORGANIZAÇÃO BARREIRA AMIGOS SOLIDARIOS;1284515;20241030001319800;2679.4;2024-10-30;15565679000133;COOPERATIVA DA AGRICULTURA FAMILIAR DE CAPISTRANO LTDA;Nota Fiscal;211;Gêneros Alimentícios ( Proteínas, Carboidratos, Hortaliças, Sódios e Lipídios);2679.4;3880;248.0;2024-10-31;31;2ªQuinzena;out.;2024;Efetivada;15565679000133;15565679;0001;33;1;COOPAC;02;20120420;00;4633801;4722901,4634601,1031700,1032599,1033301,1033302,4631100,4632003,4639701,4729699,9430800,9499500,4930202,7490103;COMUNIDADE;CARQUEIJA II;S/N;;ZONA RURAL;62748000;;;15565679000133;1357;2302909.0;Capistrano;CAPISTRANO;Maciço de Baturité;Maciço de Baturité;LOTE 28;OBAS;Capistrano;1.0;38.0;1.0;36.0;0.0;2.0;4.0;6.0;42.0;4.2;COOPERATIVA DA AGRICULTURA FAMILIAR DE CAPISTRANO;15565679000133.0;Aberto apenas para Atualização de Informações;OCB;;21/06/2014 12:35:55;13/03/2025 09:06:29;135.0;63.0;97,78;15565679000133
671;ORGANIZAÇÃO BARREIRA AMIGOS SOLIDARIOS;1284515;20241030001319800;2106.0;2024-10-30;15565679000133;COOPERATIVA DA AGRICULTURA FAMILIAR DE CAPISTRANO LTDA;Nota Fiscal;211;Gêneros Alimentícios ( Proteínas, Carboidratos, Hortaliças, Sódios e Lipídios);2106.0;3881;200.0;2024-10-31;31;2ªQuinzena;out.;2024;Efetivada;15565679000133;15565679;0001;33;1;COOPAC;02;20120420;00;4633801;4722901,4634601,1031700,1032599,1033301,1033302,4631100,4632003,4639701,4729699,9430800,9499500,4930202,7490103;COMUNIDADE;CARQUEIJA II;S/N;;ZONA RURAL;62748000;;;15565679000133;1357;2302909.0;Capistrano;CAPISTRANO;Maciço de Baturité;Maciço de Baturité;LOTE 28;OBAS;Capistrano;1.0;38.0;1.0;36.0;0.0;2.0;4.0;6.0;42.0;4.2;COOPERATIVA DA AGRICULTURA FAMILIAR DE CAPISTRANO;15565679000133.0;Aberto apenas para Atualização de Informações;OCB;;21/06/2014 12:35:55;13/03/2025 09:06:29;135.0;63.0;97,78;15565679000133
672;ORGANIZAÇÃO BARREIRA AMIGOS SOLIDARIOS;1284515;20241030001319800;1281.5;2024-10-30;15565679000133;COOPERATIVA DA AGRICULTURA FAMILIAR DE CAPISTRANO LTDA;Nota Fiscal;211;Gêneros Alimentícios ( Proteínas, Carboidratos, Hortaliças, Sódios e Lipídios);1281.5;3882;128.0;2024-10-31;31;2ªQuinzena;out.;2024;Efetivada;15565679000133;15565679;0001;33;1;COOPAC;02;20120420;00;4633801;4722901,4634601,1031700,1032599,1033301,1033302,4631100,4632003,4639701,4729699,9430800,9499500,4930202,7490103;COMUNIDADE;CARQUEIJA II;S/N;;ZONA RURAL;62748000;;;15565679000133;1357;2302909.0;Capistrano;CAPISTRANO;Maciço de Baturité;Maciço de Baturité;LOTE 28;OBAS;Capistrano;1.0;38.0;1.0;36.0;0.0;2.0;4.0;6.0;42.0;4.2;COOPERATIVA DA AGRICULTURA FAMILIAR DE CAPISTRANO;15565679000133.0;Aberto apenas para Atualização de Informações;OCB;;21/06/2014 12:35:55;13/03/2025 09:06:29;135.0;63.0;97,78;15565679000133
673;ORGANIZAÇÃO BARREIRA AMIGOS SOLIDARIOS;1284515;20241030001319800;640.75;2024-10-30;15565679000133;COOPERATIVA DA AGRICULTURA FAMILIAR DE CAPISTRANO LTDA;Nota Fiscal;211;Gêneros Alimentícios ( Proteínas, Carboidratos, Hortaliças, Sódios e Lipídios);640.75;3883;64.0;2024-10-31;31;2ªQuinzena;out.;2024;Efetivada;15565679000133;15565679;0001;33;1;COOPAC;02;20120420;00;4633801;4722901,4634601,1031700,1032599,1033301,1033302,4631100,4632003,4639701,4729699,9430800,9499500,4930202,7490103;COMUNIDADE;CARQUEIJA II;S/N;;ZONA RURAL;62748000;;;15565679000133;1357;2302909.0;Capistrano;CAPISTRANO;Maciço de Baturité;Maciço de Baturité;LOTE 28;OBAS;Capistrano;1.0;38.0;1.0;36.0;0.0;2.0;4.0;6.0;42.0;4.2;COOPERATIVA DA AGRICULTURA FAMILIAR DE CAPISTRANO;15565679000133.0;Aberto apenas para Atualização de Informações;OCB;;21/06/2014 12:35:55;13/03/2025 09:06:29;135.0;63.0;97,78;15565679000133
677;ORGANIZAÇÃO BARREIRA AMIGOS SOLIDARIOS;1284515;20241031001321200;31.05;2024-10-31;15565679000133;COOPERATIVA DA AGRICULTURA FAMILIAR DE CAPISTRANO LTDA;Nota Fiscal;211;Gêneros Alimentícios ( Proteínas, Carboidratos, Hortaliças, Sódios e Lipídios);31.05;3884;31.05;2024-11-01;1;1ªQuinzena;nov.;2024;Efetivada;15565679000133;15565679;0001;33;1;COOPAC;02;20120420;00;4633801;4722901,4634601,1031700,1032599,1033301,1033302,4631100,4632003,4639701,4729699,9430800,9499500,4930202,7490103;COMUNIDADE;CARQUEIJA II;S/N;;ZONA RURAL;62748000;;;15565679000133;1357;2302909.0;Capistrano;CAPISTRANO;Maciço de Baturité;Maciço de Baturité;LOTE 28;OBAS;Capistrano;1.0;38.0;1.0;36.0;0.0;2.0;4.0;6.0;42.0;4.2;COOPERATIVA DA AGRICULTURA FAMILIAR DE CAPISTRANO;15565679000133.0;Aberto apenas para Atualização de Informações;OCB;;21/06/2014 12:35:55;13/03/2025 09:06:29;135.0;63.0;97,78;15565679000133
719;ORGANIZAÇÃO BARREIRA AMIGOS SOLIDARIOS;1284515;20241224001355500;32797.2;2024-12-24;15565679000133;COOPERATIVA DA AGRICULTURA FAMILIAR DE CAPISTRANO LTDA;Nota Fiscal;211;Gêneros Alimentícios ( Proteínas, Carboidratos, Hortaliças, Sódios e Lipídios);32797.2;3979;3744.0;2024-12-26;26;2ªQuinzena;dez.;2024;Efetivada;15565679000133;15565679;0001;33;1;COOPAC;02;20120420;00;4633801;4722901,4634601,1031700,1032599,1033301,1033302,4631100,4632003,4639701,4729699,9430800,9499500,4930202,7490103;COMUNIDADE;CARQUEIJA II;S/N;;ZONA RURAL;62748000;;;15565679000133;1357;2302909.0;Capistrano;CAPISTRANO;Maciço de Baturité;Maciço de Baturité;LOTE 28;OBAS;Capistrano;1.0;38.0;1.0;36.0;0.0;2.0;4.0;6.0;42.0;4.2;COOPERATIVA DA AGRICULTURA FAMILIAR DE CAPISTRANO;15565679000133.0;Aberto apenas para Atualização de Informações;OCB;;21/06/2014 12:35:55;13/03/2025 09:06:29;135.0;63.0;97,78;15565679000133
727;ORGANIZAÇÃO BARREIRA AMIGOS SOLIDARIOS;1284515;20250127001368600;10384.8;2025-01-27;15565679000133;COOPERATIVA DA AGRICULTURA FAMILIAR DE CAPISTRANO LTDA;Nota Fiscal;211;Gêneros Alimentícios ( Proteínas, Carboidratos, Hortaliças, Sódios e Lipídios);10384.8;3998;1184.0;2025-01-28;28;2ªQuinzena;jan.;2025;Efetivada;15565679000133;15565679;0001;33;1;COOPAC;02;20120420;00;4633801;4722901,4634601,1031700,1032599,1033301,1033302,4631100,4632003,4639701,4729699,9430800,9499500,4930202,7490103;COMUNIDADE;CARQUEIJA II;S/N;;ZONA RURAL;62748000;;;15565679000133;1357;2302909.0;Capistrano;CAPISTRANO;Maciço de Baturité;Maciço de Baturité;LOTE 28;OBAS;Capistrano;1.0;38.0;1.0;36.0;0.0;2.0;4.0;6.0;42.0;4.2;COOPERATIVA DA AGRICULTURA FAMILIAR DE CAPISTRANO;15565679000133.0;Aberto apenas para Atualização de Informações;OCB;;21/06/2014 12:35:55;13/03/2025 09:06:29;135.0;63.0;97,78;15565679000133
749;ORGANIZAÇÃO BARREIRA AMIGOS SOLIDARIOS;1284515;20250219001378600;12639.42;2025-02-19;15565679000133;COOPERATIVA DA AGRICULTURA FAMILIAR DE CAPISTRANO LTDA;Nota Fiscal;211;Gêneros Alimentícios ( Proteínas, Carboidratos, Hortaliças, Sódios e Lipídios);12639.42;4017;1456.0;2025-02-20;20;2ªQuinzena;fev.;2025;Efetivada;15565679000133;15565679;0001;33;1;COOPAC;02;20120420;00;4633801;4722901,4634601,1031700,1032599,1033301,1033302,4631100,4632003,4639701,4729699,9430800,9499500,4930202,7490103;COMUNIDADE;CARQUEIJA II;S/N;;ZONA RURAL;62748000;;;15565679000133;1357;2302909.0;Capistrano;CAPISTRANO;Maciço de Baturité;Maciço de Baturité;LOTE 28;OBAS;Capistrano;1.0;38.0;1.0;36.0;0.0;2.0;4.0;6.0;42.0;4.2;COOPERATIVA DA AGRICULTURA FAMILIAR DE CAPISTRANO;15565679000133.0;Aberto apenas para Atualização de Informações;OCB;;21/06/2014 12:35:55;13/03/2025 09:06:29;135.0;63.0;97,78;15565679000133
781;ORGANIZAÇÃO BARREIRA AMIGOS SOLIDARIOS;1284515;20250404001398700;9948.58;2025-04-04;15565679000133;COOPERATIVA DA AGRICULTURA FAMILIAR DE CAPISTRANO LTDA;Nota Fiscal;211;Gêneros Alimentícios ( Proteínas, Carboidratos, Hortaliças, Sódios e Lipídios);9948.58;4080;1216.0;2025-04-07;7;1ªQuinzena;abr.;2025;Efetivada;15565679000133;15565679;0001;33;1;COOPAC;02;20120420;00;4633801;4722901,4634601,1031700,1032599,1033301,1033302,4631100,4632003,4639701,4729699,9430800,9499500,4930202,7490103;COMUNIDADE;CARQUEIJA II;S/N;;ZONA RURAL;62748000;;;15565679000133;1357;2302909.0;Capistrano;CAPISTRANO;Maciço de Baturité;Maciço de Baturité;LOTE 28;OBAS;Capistrano;1.0;38.0;1.0;36.0;0.0;2.0;4.0;6.0;42.0;4.2;COOPERATIVA DA AGRICULTURA FAMILIAR DE CAPISTRANO;15565679000133.0;Aberto apenas para Atualização de Informações;OCB;;21/06/2014 12:35:55;13/03/2025 09:06:29;135.0;63.0;97,78;15565679000133
814;ORGANIZAÇÃO BARREIRA AMIGOS SOLIDARIOS;1284515;20250506001410800;12232.8;2025-05-06;15565679000133;COOPERATIVA DA AGRICULTURA FAMILIAR DE CAPISTRANO LTDA;Nota Fiscal;211;Gêneros Alimentícios ( Proteínas, Carboidratos, Hortaliças, Sódios e Lipídios);12232.8;4148;1296.0;2025-05-07;7;1ªQuinzena;mai.;2025;Efetivada;15565679000133;15565679;0001;33;1;COOPAC;02;20120420;00;4633801;4722901,4634601,1031700,1032599,1033301,1033302,4631100,4632003,4639701,4729699,9430800,9499500,4930202,7490103;COMUNIDADE;CARQUEIJA II;S/N;;ZONA RURAL;62748000;;;15565679000133;1357;2302909.0;Capistrano;CAPISTRANO;Maciço de Baturité;Maciço de Baturité;LOTE 28;OBAS;Capistrano;1.0;38.0;1.0;36.0;0.0;2.0;4.0;6.0;42.0;4.2;COOPERATIVA DA AGRICULTURA FAMILIAR DE CAPISTRANO;15565679000133.0;Aberto apenas para Atualização de Informações;OCB;;21/06/2014 12:35:55;13/03/2025 09:06:29;135.0;63.0;97,78;15565679000133
871;ORGANIZAÇÃO BARREIRA AMIGOS SOLIDARIOS;1284515;20250625001434100;25768.8;2025-06-25;15565679000133;COOPERATIVA DA AGRICULTURA FAMILIAR DE CAPISTRANO LTDA;Nota Fiscal;211;Gêneros Alimentícios ( Proteínas, Carboidratos, Hortaliças, Sódios e Lipídios);25768.8;4237;3013.2;2025-06-26;26;2ªQuinzena;jun.;2025;Efetivada;15565679000133;15565679;0001;33;1;COOPAC;02;20120420;00;4633801;4722901,4634601,1031700,1032599,1033301,1033302,4631100,4632003,4639701,4729699,9430800,9499500,4930202,7490103;COMUNIDADE;CARQUEIJA II;S/N;;ZONA RURAL;62748000;;;15565679000133;1357;2302909.0;Capistrano;CAPISTRANO;Maciço de Baturité;Maciço de Baturité;LOTE 28;OBAS;Capistrano;1.0;38.0;1.0;36.0;0.0;2.0;4.0;6.0;42.0;4.2;COOPERATIVA DA AGRICULTURA FAMILIAR DE CAPISTRANO;15565679000133.0;Aberto apenas para Atualização de Informações;OCB;;21/06/2014 12:35:55;13/03/2025 09:06:29;135.0;63.0;97,78;15565679000133
1134;COOPERATIVA DE TRABALHO, PRESTADORA DE SERVIÇOS E ASSESSORIA TÉCNICA - COPASAT LTDA;1284419;20240626001254300;46191.8;2024-06-26;923473000160;COOP AGR MISTA DOS PEQ PROD DO MUN DE PARAMBU;Nota Fiscal;211;Gêneros Alimentícios ( Proteínas, Carboidratos, Hortaliças, Sódios e Lipídios);46191.8;252024;1747.2;2024-06-27;27;2ªQuinzena;jun.;2024;Efetivada;00923473000160;00923473;0001;60;1;COAMPPP;02;20051103;00;1063500;0111302,0116403,0119905,0121101,0133403,0153902,1013901,1013902,1031700,1033301,1099699;RUA;MANOEL ALEXANDRE;28;;CENTRO;63680000;;;00923473000160;1507;2310308.0;Parambu;PARAMBU;Sertão dos Inhamuns;Sertão dos Inhamuns;LOTE 38;COPASAT;Parambu;5.0;20.0;5.0;20.0;0.0;0.0;4.0;4.0;24.0;2.4;COOPERATIVA AGRÍCOLA MISTA DOS PEQUENOS PRODUTORES DO MUNICÍPIO DE PARAMBU;923473000160.0;CAF Emitido;;;12/04/2024 14:51:27;23/04/2025 16:14:13;108.0;53.0;99,07;00923473000160
1140;COOPERATIVA DE TRABALHO, PRESTADORA DE SERVIÇOS E ASSESSORIA TÉCNICA - COPASAT LTDA;1284419;20240726001269700;44307.88;2024-07-26;923473000160;COOP AGR MISTA DOS PEQ PROD DO MUN DE PARAMBU;Nota Fiscal;211;Gêneros Alimentícios ( Proteínas, Carboidratos, Hortaliças, Sódios e Lipídios);44307.88;1207;1747.2;2024-07-29;29;2ªQuinzena;jul.;2024;Efetivada;00923473000160;00923473;0001;60;1;COAMPPP;02;20051103;00;1063500;0111302,0116403,0119905,0121101,0133403,0153902,1013901,1013902,1031700,1033301,1099699;RUA;MANOEL ALEXANDRE;28;;CENTRO;63680000;;;00923473000160;1507;2310308.0;Parambu;PARAMBU;Sertão dos Inhamuns;Sertão dos Inhamuns;LOTE 38;COPASAT;Parambu;5.0;20.0;5.0;20.0;0.0;0.0;4.0;4.0;24.0;2.4;COOPERATIVA AGRÍCOLA MISTA DOS PEQUENOS PRODUTORES DO MUNICÍPIO DE PARAMBU;923473000160.0;CAF Emitido;;;12/04/2024 14:51:27;23/04/2025 16:14:13;108.0;53.0;99,07;00923473000160
1144;COOPERATIVA DE TRABALHO, PRESTADORA DE SERVIÇOS E ASSESSORIA TÉCNICA - COPASAT LTDA;1284419;20240820001282300;53029.32;2024-08-20;923473000160;COOP AGR MISTA DOS PEQ PROD DO MUN DE PARAMBU;Nota Fiscal;211;Gêneros Alimentícios ( Proteínas, Carboidratos, Hortaliças, Sódios e Lipídios);53029.32;1212;45726.72;2024-08-21;21;2ªQuinzena;ago.;2024;Efetivada;00923473000160;00923473;0001;60;1;COAMPPP;02;20051103;00;1063500;0111302,0116403,0119905,0121101,0133403,0153902,1013901,1013902,1031700,1033301,1099699;RUA;MANOEL ALEXANDRE;28;;CENTRO;63680000;;;00923473000160;1507;2310308.0;Parambu;PARAMBU;Sertão dos Inhamuns;Sertão dos Inhamuns;LOTE 38;COPASAT;Parambu;5.0;20.0;5.0;20.0;0.0;0.0;4.0;4.0;24.0;2.4;COOPERATIVA AGRÍCOLA MISTA DOS PEQUENOS PRODUTORES DO MUNICÍPIO DE PARAMBU;923473000160.0;CAF Emitido;;;12/04/2024 14:51:27;23/04/2025 16:14:13;108.0;53.0;99,07;00923473000160
1156;COOPERATIVA DE TRABALHO, PRESTADORA DE SERVIÇOS E ASSESSORIA TÉCNICA - COPASAT LTDA;1284419;20240923001299800;29019.0;2024-09-23;923473000160;COOP AGR MISTA DOS PEQ PROD DO MUN DE PARAMBU;Nota Fiscal;211;Gêneros Alimentícios ( Proteínas, Carboidratos, Hortaliças, Sódios e Lipídios);29019.0;1217;20134.4;2024-09-24;24;2ªQuinzena;set.;2024;Efetivada;00923473000160;00923473;0001;60;1;COAMPPP;02;20051103;00;1063500;0111302,0116403,0119905,0121101,0133403,0153902,1013901,1013902,1031700,1033301,1099699;RUA;MANOEL ALEXANDRE;28;;CENTRO;63680000;;;00923473000160;1507;2310308.0;Parambu;PARAMBU;Sertão dos Inhamuns;Sertão dos Inhamuns;LOTE 38;COPASAT;Parambu;5.0;20.0;5.0;20.0;0.0;0.0;4.0;4.0;24.0;2.4;COOPERATIVA AGRÍCOLA MISTA DOS PEQUENOS PRODUTORES DO MUNICÍPIO DE PARAMBU;923473000160.0;CAF Emitido;;;12/04/2024 14:51:27;23/04/2025 16:14:13;108.0;53.0;99,07;00923473000160
1163;COOPERATIVA DE TRABALHO, PRESTADORA DE SERVIÇOS E ASSESSORIA TÉCNICA - COPASAT LTDA;1284419;20241117001328600;71227.5;2024-11-17;923473000160;COOP AGR MISTA DOS PEQ PROD DO MUN DE PARAMBU;Nota Fiscal;211;Gêneros Alimentícios ( Proteínas, Carboidratos, Hortaliças, Sódios e Lipídios);71227.5;1222;1125.0;2024-11-18;18;2ªQuinzena;nov.;2024;Efetivada;00923473000160;00923473;0001;60;1;COAMPPP;02;20051103;00;1063500;0111302,0116403,0119905,0121101,0133403,0153902,1013901,1013902,1031700,1033301,1099699;RUA;MANOEL ALEXANDRE;28;;CENTRO;63680000;;;00923473000160;1507;2310308.0;Parambu;PARAMBU;Sertão dos Inhamuns;Sertão dos Inhamuns;LOTE 38;COPASAT;Parambu;5.0;20.0;5.0;20.0;0.0;0.0;4.0;4.0;24.0;2.4;COOPERATIVA AGRÍCOLA MISTA DOS PEQUENOS PRODUTORES DO MUNICÍPIO DE PARAMBU;923473000160.0;CAF Emitido;;;12/04/2024 14:51:27;23/04/2025 16:14:13;108.0;53.0;99,07;00923473000160
1169;COOPERATIVA DE TRABALHO, PRESTADORA DE SERVIÇOS E ASSESSORIA TÉCNICA - COPASAT LTDA;1284419;20241211001347100;40140.02;2024-12-11;923473000160;COOP AGR MISTA DOS PEQ PROD DO MUN DE PARAMBU;Nota Fiscal;211;Gêneros Alimentícios ( Proteínas, Carboidratos, Hortaliças, Sódios e Lipídios);40140.02;1227;14077.44;2024-12-12;12;1ªQuinzena;dez.;2024;Efetivada;00923473000160;00923473;0001;60;1;COAMPPP;02;20051103;00;1063500;0111302,0116403,0119905,0121101,0133403,0153902,1013901,1013902,1031700,1033301,1099699;RUA;MANOEL ALEXANDRE;28;;CENTRO;63680000;;;00923473000160;1507;2310308.0;Parambu;PARAMBU;Sertão dos Inhamuns;Sertão dos Inhamuns;LOTE 38;COPASAT;Parambu;5.0;20.0;5.0;20.0;0.0;0.0;4.0;4.0;24.0;2.4;COOPERATIVA AGRÍCOLA MISTA DOS PEQUENOS PRODUTORES DO MUNICÍPIO DE PARAMBU;923473000160.0;CAF Emitido;;;12/04/2024 14:51:27;23/04/2025 16:14:13;108.0;53.0;99,07;00923473000160
1176;COOPERATIVA DE TRABALHO, PRESTADORA DE SERVIÇOS E ASSESSORIA TÉCNICA - COPASAT LTDA;1284419;20250121001366700;39522.2;2025-01-21;923473000160;COOP AGR MISTA DOS PEQ PROD DO MUN DE PARAMBU;Nota Fiscal;211;Gêneros Alimentícios ( Proteínas, Carboidratos, Hortaliças, Sódios e Lipídios);39522.2;1232;6271.2;2025-01-22;22;2ªQuinzena;jan.;2025;Efetivada;00923473000160;00923473;0001;60;1;COAMPPP;02;20051103;00;1063500;0111302,0116403,0119905,0121101,0133403,0153902,1013901,1013902,1031700,1033301,1099699;RUA;MANOEL ALEXANDRE;28;;CENTRO;63680000;;;00923473000160;1507;2310308.0;Parambu;PARAMBU;Sertão dos Inhamuns;Sertão dos Inhamuns;LOTE 38;COPASAT;Parambu;5.0;20.0;5.0;20.0;0.0;0.0;4.0;4.0;24.0;2.4;COOPERATIVA AGRÍCOLA MISTA DOS PEQUENOS PRODUTORES DO MUNICÍPIO DE PARAMBU;923473000160.0;CAF Emitido;;;12/04/2024 14:51:27;23/04/2025 16:14:13;108.0;53.0;99,07;00923473000160
1184;COOPERATIVA DE TRABALHO, PRESTADORA DE SERVIÇOS E ASSESSORIA TÉCNICA - COPASAT LTDA;1284419;20250221001379000;70516.28;2025-02-21;923473000160;COOP AGR MISTA DOS PEQ PROD DO MUN DE PARAMBU;Nota Fiscal;211;Gêneros Alimentícios ( Proteínas, Carboidratos, Hortaliças, Sódios e Lipídios);70516.28;1242;20685.6;2025-02-24;24;2ªQuinzena;fev.;2025;Efetivada;00923473000160;00923473;0001;60;1;COAMPPP;02;20051103;00;1063500;0111302,0116403,0119905,0121101,0133403,0153902,1013901,1013902,1031700,1033301,1099699;RUA;MANOEL ALEXANDRE;28;;CENTRO;63680000;;;00923473000160;1507;2310308.0;Parambu;PARAMBU;Sertão dos Inhamuns;Sertão dos Inhamuns;LOTE 38;COPASAT;Parambu;5.0;20.0;5.0;20.0;0.0;0.0;4.0;4.0;24.0;2.4;COOPERATIVA AGRÍCOLA MISTA DOS PEQUENOS PRODUTORES DO MUNICÍPIO DE PARAMBU;923473000160.0;CAF Emitido;;;12/04/2024 14:51:27;23/04/2025 16:14:13;108.0;53.0;99,07;00923473000160
1197;COOPERATIVA DE TRABALHO, PRESTADORA DE SERVIÇOS E ASSESSORIA TÉCNICA - COPASAT LTDA;1284419;20250522001417200;82367.22;2025-05-22;923473000160;COOP AGR MISTA DOS PEQ PROD DO MUN DE PARAMBU;Nota Fiscal;211;Gêneros Alimentícios ( Proteínas, Carboidratos, Hortaliças, Sódios e Lipídios);82367.22;1247;28936.96;2025-05-23;23;2ªQuinzena;mai.;2025;Efetivada;00923473000160;00923473;0001;60;1;COAMPPP;02;20051103;00;1063500;0111302,0116403,0119905,0121101,0133403,0153902,1013901,1013902,1031700,1033301,1099699;RUA;MANOEL ALEXANDRE;28;;CENTRO;63680000;;;00923473000160;1507;2310308.0;Parambu;PARAMBU;Sertão dos Inhamuns;Sertão dos Inhamuns;LOTE 38;COPASAT;Parambu;5.0;20.0;5.0;20.0;0.0;0.0;4.0;4.0;24.0;2.4;COOPERATIVA AGRÍCOLA MISTA DOS PEQUENOS PRODUTORES DO MUNICÍPIO DE PARAMBU;923473000160.0;CAF Emitido;;;12/04/2024 14:51:27;23/04/2025 16:14:13;108.0;53.0;99,07;00923473000160
1204;COOPERATIVA DE TRABALHO, PRESTADORA DE SERVIÇOS E ASSESSORIA TÉCNICA - COPASAT LTDA;1284419;20250617001432300;50489.78;2025-06-17;923473000160;COOP AGR MISTA DOS PEQ PROD DO MUN DE PARAMBU;Nota Fiscal;211;Gêneros Alimentícios ( Proteínas, Carboidratos, Hortaliças, Sódios e Lipídios);50489.78;1252;6409.0;2025-06-18;18;2ªQuinzena;jun.;2025;Efetivada;00923473000160;00923473;0001;60;1;COAMPPP;02;20051103;00;1063500;0111302,0116403,0119905,0121101,0133403,0153902,1013901,1013902,1031700,1033301,1099699;RUA;MANOEL ALEXANDRE;28;;CENTRO;63680000;;;00923473000160;1507;2310308.0;Parambu;PARAMBU;Sertão dos Inhamuns;Sertão dos Inhamuns;LOTE 38;COPASAT;Parambu;5.0;20.0;5.0;20.0;0.0;0.0;4.0;4.0;24.0;2.4;COOPERATIVA AGRÍCOLA MISTA DOS PEQUENOS PRODUTORES DO MUNICÍPIO DE PARAMBU;923473000160.0;CAF Emitido;;;12/04/2024 14:51:27;23/04/2025 16:14:13;108.0;53.0;99,07;00923473000160
1222;Associação dos Educadores Populares do Ceará;1284427;20231206001136800;37431.92;2023-12-06;49833223000129;COOPERVALE - COOPERATIVA DO VALE;Nota Fiscal;211;Gêneros Alimentícios ( Proteínas, Carboidratos, Hortaliças, Sódios e Lipídios);37431.92;2;4594.8;2023-12-07;7;1ªQuinzena;dez.;2023;Efetivada;49833223000129;49833223;0001;29;1;COOPERVALE - COOPERATIVA DO VALE;02;20230307;00;0133402;0119903,0119904,0119905,0119909,0119999,0121101,0131800,0133404,0133408,0133499,1031700,1091102,4721103,4722901,4722902,4729699;SITIO;POCINHOS;SN;;ZONA RURAL;62920000;;;49833223000129;1531;2311504.0;Quixeré;QUIXERÉ;Vale do Jaguaribe;Vale do Jaguaribe;LOTE 39;EDUCADORES POPULARES;Quixeré;2.0;26.0;1.0;24.0;1.0;2.0;3.0;5.0;29.0;2.9;COOPERVALE - COOPERATIVA DO VALE;49833223000129.0;Aberto apenas para Atualização de Informações;;;31/10/2023 10:28:14;26/03/2025 09:36:03;23.0;16.0;86,96;49833223000129
1228;Associação dos Educadores Populares do Ceará;1284427;20231228001158500;43596.8;2023-12-28;49833223000129;COOPERVALE - COOPERATIVA DO VALE;Nota Fiscal;211;Gêneros Alimentícios ( Proteínas, Carboidratos, Hortaliças, Sódios e Lipídios);43596.8;4;5040.0;2024-01-02;2;1ªQuinzena;jan.;2024;Efetivada;49833223000129;49833223;0001;29;1;COOPERVALE - COOPERATIVA DO VALE;02;20230307;00;0133402;0119903,0119904,0119905,0119909,0119999,0121101,0131800,0133404,0133408,0133499,1031700,1091102,4721103,4722901,4722902,4729699;SITIO;POCINHOS;SN;;ZONA RURAL;62920000;;;49833223000129;1531;2311504.0;Quixeré;QUIXERÉ;Vale do Jaguaribe;Vale do Jaguaribe;LOTE 39;EDUCADORES POPULARES;Quixeré;2.0;26.0;1.0;24.0;1.0;2.0;3.0;5.0;29.0;2.9;COOPERVALE - COOPERATIVA DO VALE;49833223000129.0;Aberto apenas para Atualização de Informações;;;31/10/2023 10:28:14;26/03/2025 09:36:03;23.0;16.0;86,96;49833223000129
1237;Associação dos Educadores Populares do Ceará;1284427;20240202001177400;43252.8;2024-02-02;49833223000129;COOPERVALE - COOPERATIVA DO VALE;Nota Fiscal;211;Gêneros Alimentícios ( Proteínas, Carboidratos, Hortaliças, Sódios e Lipídios);43252.8;5;5040.0;2024-02-05;5;1ªQuinzena;fev.;2024;Efetivada;49833223000129;49833223;0001;29;1;COOPERVALE - COOPERATIVA DO VALE;02;20230307;00;0133402;0119903,0119904,0119905,0119909,0119999,0121101,0131800,0133404,0133408,0133499,1031700,1091102,4721103,4722901,4722902,4729699;SITIO;POCINHOS;SN;;ZONA RURAL;62920000;;;49833223000129;1531;2311504.0;Quixeré;QUIXERÉ;Vale do Jaguaribe;Vale do Jaguaribe;LOTE 39;EDUCADORES POPULARES;Quixeré;2.0;26.0;1.0;24.0;1.0;2.0;3.0;5.0;29.0;2.9;COOPERVALE - COOPERATIVA DO VALE;49833223000129.0;Aberto apenas para Atualização de Informações;;;31/10/2023 10:28:14;26/03/2025 09:36:03;23.0;16.0;86,96;49833223000129
1245;Associação dos Educadores Populares do Ceará;1284427;20240219001184300;23909.38;2024-02-19;49833223000129;COOPERVALE - COOPERATIVA DO VALE;Nota Fiscal;211;Gêneros Alimentícios ( Proteínas, Carboidratos, Hortaliças, Sódios e Lipídios);23909.38;6;2461.2;2024-02-20;20;2ªQuinzena;fev.;2024;Efetivada;49833223000129;49833223;0001;29;1;COOPERVALE - COOPERATIVA DO VALE;02;20230307;00;0133402;0119903,0119904,0119905,0119909,0119999,0121101,0131800,0133404,0133408,0133499,1031700,1091102,4721103,4722901,4722902,4729699;SITIO;POCINHOS;SN;;ZONA RURAL;62920000;;;49833223000129;1531;2311504.0;Quixeré;QUIXERÉ;Vale do Jaguaribe;Vale do Jaguaribe;LOTE 39;EDUCADORES POPULARES;Quixeré;2.0;26.0;1.0;24.0;1.0;2.0;3.0;5.0;29.0;2.9;COOPERVALE - COOPERATIVA DO VALE;49833223000129.0;Aberto apenas para Atualização de Informações;;;31/10/2023 10:28:14;26/03/2025 09:36:03;23.0;16.0;86,96;49833223000129
1249;Associação dos Educadores Populares do Ceará;1284427;20240321001205000;19343.42;2024-03-21;49833223000129;COOPERVALE - COOPERATIVA DO VALE;Nota Fiscal;211;Gêneros Alimentícios ( Proteínas, Carboidratos, Hortaliças, Sódios e Lipídios);19343.42;7;2578.8;2024-03-22;22;2ªQuinzena;mar.;2024;Efetivada;49833223000129;49833223;0001;29;1;COOPERVALE - COOPERATIVA DO VALE;02;20230307;00;0133402;0119903,0119904,0119905,0119909,0119999,0121101,0131800,0133404,0133408,0133499,1031700,1091102,4721103,4722901,4722902,4729699;SITIO;POCINHOS;SN;;ZONA RURAL;62920000;;;49833223000129;1531;2311504.0;Quixeré;QUIXERÉ;Vale do Jaguaribe;Vale do Jaguaribe;LOTE 39;EDUCADORES POPULARES;Quixeré;2.0;26.0;1.0;24.0;1.0;2.0;3.0;5.0;29.0;2.9;COOPERVALE - COOPERATIVA DO VALE;49833223000129.0;Aberto apenas para Atualização de Informações;;;31/10/2023 10:28:14;26/03/2025 09:36:03;23.0;16.0;86,96;49833223000129
1270;Associação dos Educadores Populares do Ceará;1284427;20240515001233600;36924.72;2024-05-15;49833223000129;COOPERVALE - COOPERATIVA DO VALE;Nota Fiscal;211;Gêneros Alimentícios ( Proteínas, Carboidratos, Hortaliças, Sódios e Lipídios);36924.72;8;20160.0;2024-05-16;16;2ªQuinzena;mai.;2024;Efetivada;49833223000129;49833223;0001;29;1;COOPERVALE - COOPERATIVA DO VALE;02;20230307;00;0133402;0119903,0119904,0119905,0119909,0119999,0121101,0131800,0133404,0133408,0133499,1031700,1091102,4721103,4722901,4722902,4729699;SITIO;POCINHOS;SN;;ZONA RURAL;62920000;;;49833223000129;1531;2311504.0;Quixeré;QUIXERÉ;Vale do Jaguaribe;Vale do Jaguaribe;LOTE 39;EDUCADORES POPULARES;Quixeré;2.0;26.0;1.0;24.0;1.0;2.0;3.0;5.0;29.0;2.9;COOPERVALE - COOPERATIVA DO VALE;49833223000129.0;Aberto apenas para Atualização de Informações;;;31/10/2023 10:28:14;26/03/2025 09:36:03;23.0;16.0;86,96;49833223000129
1271;Associação dos Educadores Populares do Ceará;1284427;20240516001234300;7536.0;2024-05-16;11016960000166;COOPERATIVA DOS AGRICULTORES FAMILIARES DO BAIXO ACARAÚ;Nota Fiscal;211;Gêneros Alimentícios ( Proteínas, Carboidratos, Hortaliças, Sódios e Lipídios);7536.0;4047;320.0;2024-05-17;17;2ªQuinzena;mai.;2024;Efetivada;11016960000166;11016960;0001;66;1;SEMENTES DA TERRA;02;20080526;00;1031700;0121101,0159801,1051100,1063500,1629301,1629302,2349499,4712100,4722901;RUA;PROFESSOR NICACIO;648;;CENTRO;62570000;;;11016960000166;1345;2302305.0;Bela Cruz;BELA CRUZ;Litoral Norte;Litoral Norte;LOTE 19;FREI HUMBERTO;Bela Cruz;1.0;21.0;1.0;21.0;0.0;0.0;4.0;4.0;25.0;2.5;COOPERATIVA DOS AGRICULTORES FAMILIARES DO BAIXO ACARAÚ;11016960000166.0;CAF Emitido;;;05/04/2023 10:20:41;13/12/2024 10:59:34;161.0;27.0;93,79;11016960000166
1289;Associação dos Educadores Populares do Ceará;1284427;20240612001247700;38184.72;2024-06-12;49833223000129;COOPERVALE - COOPERATIVA DO VALE;Nota Fiscal;211;Gêneros Alimentícios ( Proteínas, Carboidratos, Hortaliças, Sódios e Lipídios);38184.72;9;20160.0;2024-06-13;13;1ªQuinzena;jun.;2024;Efetivada;49833223000129;49833223;0001;29;1;COOPERVALE - COOPERATIVA DO VALE;02;20230307;00;0133402;0119903,0119904,0119905,0119909,0119999,0121101,0131800,0133404,0133408,0133499,1031700,1091102,4721103,4722901,4722902,4729699;SITIO;POCINHOS;SN;;ZONA RURAL;62920000;;;49833223000129;1531;2311504.0;Quixeré;QUIXERÉ;Vale do Jaguaribe;Vale do Jaguaribe;LOTE 39;EDUCADORES POPULARES;Quixeré;2.0;26.0;1.0;24.0;1.0;2.0;3.0;5.0;29.0;2.9;COOPERVALE - COOPERATIVA DO VALE;49833223000129.0;Aberto apenas para Atualização de Informações;;;31/10/2023 10:28:14;26/03/2025 09:36:03;23.0;16.0;86,96;49833223000129
1290;Associação dos Educadores Populares do Ceará;1284427;20240612001247700;8172.0;2024-06-12;11016960000166;COOPERATIVA DOS AGRICULTORES FAMILIARES DO BAIXO ACARAÚ;Nota Fiscal;211;Gêneros Alimentícios ( Proteínas, Carboidratos, Hortaliças, Sódios e Lipídios);8172.0;4065;816.0;2024-06-13;13;1ªQuinzena;jun.;2024;Efetivada;11016960000166;11016960;0001;66;1;SEMENTES DA TERRA;02;20080526;00;1031700;0121101,0159801,1051100,1063500,1629301,1629302,2349499,4712100,4722901;RUA;PROFESSOR NICACIO;648;;CENTRO;62570000;;;11016960000166;1345;2302305.0;Bela Cruz;BELA CRUZ;Litoral Norte;Litoral Norte;LOTE 19;FREI HUMBERTO;Bela Cruz;1.0;21.0;1.0;21.0;0.0;0.0;4.0;4.0;25.0;2.5;COOPERATIVA DOS AGRICULTORES FAMILIARES DO BAIXO ACARAÚ;11016960000166.0;CAF Emitido;;;05/04/2023 10:20:41;13/12/2024 10:59:34;161.0;27.0;93,79;11016960000166
1319;Associação dos Educadores Populares do Ceará;1284427;20240704001260100;7848.0;2024-07-04;11016960000166;COOPERATIVA DOS AGRICULTORES FAMILIARES DO BAIXO ACARAÚ;Nota Fiscal;211;Gêneros Alimentícios ( Proteínas, Carboidratos, Hortaliças, Sódios e Lipídios);7848.0;4105;320.0;2024-07-05;5;1ªQuinzena;jul.;2024;Efetivada;11016960000166;11016960;0001;66;1;SEMENTES DA TERRA;02;20080526;00;1031700;0121101,0159801,1051100,1063500,1629301,1629302,2349499,4712100,4722901;RUA;PROFESSOR NICACIO;648;;CENTRO;62570000;;;11016960000166;1345;2302305.0;Bela Cruz;BELA CRUZ;Litoral Norte;Litoral Norte;LOTE 19;FREI HUMBERTO;Bela Cruz;1.0;21.0;1.0;21.0;0.0;0.0;4.0;4.0;25.0;2.5;COOPERATIVA DOS AGRICULTORES FAMILIARES DO BAIXO ACARAÚ;11016960000166.0;CAF Emitido;;;05/04/2023 10:20:41;13/12/2024 10:59:34;161.0;27.0;93,79;11016960000166
1322;Associação dos Educadores Populares do Ceará;1284427;20240711001263200;37848.72;2024-07-11;49833223000129;COOPERVALE - COOPERATIVA DO VALE;Nota Fiscal;211;Gêneros Alimentícios ( Proteínas, Carboidratos, Hortaliças, Sódios e Lipídios);37848.72;10;19824.0;2024-07-12;12;1ªQuinzena;jul.;2024;Efetivada;49833223000129;49833223;0001;29;1;COOPERVALE - COOPERATIVA DO VALE;02;20230307;00;0133402;0119903,0119904,0119905,0119909,0119999,0121101,0131800,0133404,0133408,0133499,1031700,1091102,4721103,4722901,4722902,4729699;SITIO;POCINHOS;SN;;ZONA RURAL;62920000;;;49833223000129;1531;2311504.0;Quixeré;QUIXERÉ;Vale do Jaguaribe;Vale do Jaguaribe;LOTE 39;EDUCADORES POPULARES;Quixeré;2.0;26.0;1.0;24.0;1.0;2.0;3.0;5.0;29.0;2.9;COOPERVALE - COOPERATIVA DO VALE;49833223000129.0;Aberto apenas para Atualização de Informações;;;31/10/2023 10:28:14;26/03/2025 09:36:03;23.0;16.0;86,96;49833223000129
1343;Associação dos Educadores Populares do Ceará;1284427;20240808001278600;38184.72;2024-08-08;49833223000129;COOPERVALE - COOPERATIVA DO VALE;Nota Fiscal;211;Gêneros Alimentícios ( Proteínas, Carboidratos, Hortaliças, Sódios e Lipídios);38184.72;11;20160.0;2024-08-09;9;1ªQuinzena;ago.;2024;Efetivada;49833223000129;49833223;0001;29;1;COOPERVALE - COOPERATIVA DO VALE;02;20230307;00;0133402;0119903,0119904,0119905,0119909,0119999,0121101,0131800,0133404,0133408,0133499,1031700,1091102,4721103,4722901,4722902,4729699;SITIO;POCINHOS;SN;;ZONA RURAL;62920000;;;49833223000129;1531;2311504.0;Quixeré;QUIXERÉ;Vale do Jaguaribe;Vale do Jaguaribe;LOTE 39;EDUCADORES POPULARES;Quixeré;2.0;26.0;1.0;24.0;1.0;2.0;3.0;5.0;29.0;2.9;COOPERVALE - COOPERATIVA DO VALE;49833223000129.0;Aberto apenas para Atualização de Informações;;;31/10/2023 10:28:14;26/03/2025 09:36:03;23.0;16.0;86,96;49833223000129
1344;Associação dos Educadores Populares do Ceará;1284427;20240808001278600;7848.0;2024-08-08;11016960000166;COOPERATIVA DOS AGRICULTORES FAMILIARES DO BAIXO ACARAÚ;Nota Fiscal;211;Gêneros Alimentícios ( Proteínas, Carboidratos, Hortaliças, Sódios e Lipídios);7848.0;4111;320.0;2024-08-09;9;1ªQuinzena;ago.;2024;Efetivada;11016960000166;11016960;0001;66;1;SEMENTES DA TERRA;02;20080526;00;1031700;0121101,0159801,1051100,1063500,1629301,1629302,2349499,4712100,4722901;RUA;PROFESSOR NICACIO;648;;CENTRO;62570000;;;11016960000166;1345;2302305.0;Bela Cruz;BELA CRUZ;Litoral Norte;Litoral Norte;LOTE 19;FREI HUMBERTO;Bela Cruz;1.0;21.0;1.0;21.0;0.0;0.0;4.0;4.0;25.0;2.5;COOPERATIVA DOS AGRICULTORES FAMILIARES DO BAIXO ACARAÚ;11016960000166.0;CAF Emitido;;;05/04/2023 10:20:41;13/12/2024 10:59:34;161.0;27.0;93,79;11016960000166
1366;Associação dos Educadores Populares do Ceará;1284427;20240903001291000;7476.0;2024-09-03;11016960000166;COOPERATIVA DOS AGRICULTORES FAMILIARES DO BAIXO ACARAÚ;Nota Fiscal;211;Gêneros Alimentícios ( Proteínas, Carboidratos, Hortaliças, Sódios e Lipídios);7476.0;4175;320.0;2024-09-04;4;1ªQuinzena;set.;2024;Efetivada;11016960000166;11016960;0001;66;1;SEMENTES DA TERRA;02;20080526;00;1031700;0121101,0159801,1051100,1063500,1629301,1629302,2349499,4712100,4722901;RUA;PROFESSOR NICACIO;648;;CENTRO;62570000;;;11016960000166;1345;2302305.0;Bela Cruz;BELA CRUZ;Litoral Norte;Litoral Norte;LOTE 19;FREI HUMBERTO;Bela Cruz;1.0;21.0;1.0;21.0;0.0;0.0;4.0;4.0;25.0;2.5;COOPERATIVA DOS AGRICULTORES FAMILIARES DO BAIXO ACARAÚ;11016960000166.0;CAF Emitido;;;05/04/2023 10:20:41;13/12/2024 10:59:34;161.0;27.0;93,79;11016960000166
1367;Associação dos Educadores Populares do Ceará;1284427;20240904001292000;51182.32;2024-09-04;49833223000129;COOPERVALE - COOPERATIVA DO VALE;Nota Fiscal;211;Gêneros Alimentícios ( Proteínas, Carboidratos, Hortaliças, Sódios e Lipídios);51182.32;12;25296.0;2024-09-05;5;1ªQuinzena;set.;2024;Efetivada;49833223000129;49833223;0001;29;1;COOPERVALE - COOPERATIVA DO VALE;02;20230307;00;0133402;0119903,0119904,0119905,0119909,0119999,0121101,0131800,0133404,0133408,0133499,1031700,1091102,4721103,4722901,4722902,4729699;SITIO;POCINHOS;SN;;ZONA RURAL;62920000;;;49833223000129;1531;2311504.0;Quixeré;QUIXERÉ;Vale do Jaguaribe;Vale do Jaguaribe;LOTE 39;EDUCADORES POPULARES;Quixeré;2.0;26.0;1.0;24.0;1.0;2.0;3.0;5.0;29.0;2.9;COOPERVALE - COOPERATIVA DO VALE;49833223000129.0;Aberto apenas para Atualização de Informações;;;31/10/2023 10:28:14;26/03/2025 09:36:03;23.0;16.0;86,96;49833223000129
1394;Associação dos Educadores Populares do Ceará;1284427;20241017001313500;42716.34;2024-10-17;49833223000129;COOPERVALE - COOPERATIVA DO VALE;Nota Fiscal;211;Gêneros Alimentícios ( Proteínas, Carboidratos, Hortaliças, Sódios e Lipídios);42716.34;13;25632.0;2024-10-18;18;2ªQuinzena;out.;2024;Efetivada;49833223000129;49833223;0001;29;1;COOPERVALE - COOPERATIVA DO VALE;02;20230307;00;0133402;0119903,0119904,0119905,0119909,0119999,0121101,0131800,0133404,0133408,0133499,1031700,1091102,4721103,4722901,4722902,4729699;SITIO;POCINHOS;SN;;ZONA RURAL;62920000;;;49833223000129;1531;2311504.0;Quixeré;QUIXERÉ;Vale do Jaguaribe;Vale do Jaguaribe;LOTE 39;EDUCADORES POPULARES;Quixeré;2.0;26.0;1.0;24.0;1.0;2.0;3.0;5.0;29.0;2.9;COOPERVALE - COOPERATIVA DO VALE;49833223000129.0;Aberto apenas para Atualização de Informações;;;31/10/2023 10:28:14;26/03/2025 09:36:03;23.0;16.0;86,96;49833223000129
1401;Associação dos Educadores Populares do Ceará;1284427;20241022001315200;6846.0;2024-10-22;11016960000166;COOPERATIVA DOS AGRICULTORES FAMILIARES DO BAIXO ACARAÚ;Nota Fiscal;211;Gêneros Alimentícios ( Proteínas, Carboidratos, Hortaliças, Sódios e Lipídios);6846.0;4269;304.0;2024-10-23;23;2ªQuinzena;out.;2024;Efetivada;11016960000166;11016960;0001;66;1;SEMENTES DA TERRA;02;20080526;00;1031700;0121101,0159801,1051100,1063500,1629301,1629302,2349499,4712100,4722901;RUA;PROFESSOR NICACIO;648;;CENTRO;62570000;;;11016960000166;1345;2302305.0;Bela Cruz;BELA CRUZ;Litoral Norte;Litoral Norte;LOTE 19;FREI HUMBERTO;Bela Cruz;1.0;21.0;1.0;21.0;0.0;0.0;4.0;4.0;25.0;2.5;COOPERATIVA DOS AGRICULTORES FAMILIARES DO BAIXO ACARAÚ;11016960000166.0;CAF Emitido;;;05/04/2023 10:20:41;13/12/2024 10:59:34;161.0;27.0;93,79;11016960000166
1410;Associação dos Educadores Populares do Ceará;1284427;20241118001329200;6536.0;2024-11-18;11016960000166;COOPERATIVA DOS AGRICULTORES FAMILIARES DO BAIXO ACARAÚ;Nota Fiscal;211;Gêneros Alimentícios ( Proteínas, Carboidratos, Hortaliças, Sódios e Lipídios);6536.0;4319;304.0;2024-11-19;19;2ªQuinzena;nov.;2024;Efetivada;11016960000166;11016960;0001;66;1;SEMENTES DA TERRA;02;20080526;00;1031700;0121101,0159801,1051100,1063500,1629301,1629302,2349499,4712100,4722901;RUA;PROFESSOR NICACIO;648;;CENTRO;62570000;;;11016960000166;1345;2302305.0;Bela Cruz;BELA CRUZ;Litoral Norte;Litoral Norte;LOTE 19;FREI HUMBERTO;Bela Cruz;1.0;21.0;1.0;21.0;0.0;0.0;4.0;4.0;25.0;2.5;COOPERATIVA DOS AGRICULTORES FAMILIARES DO BAIXO ACARAÚ;11016960000166.0;CAF Emitido;;;05/04/2023 10:20:41;13/12/2024 10:59:34;161.0;27.0;93,79;11016960000166
1411;Associação dos Educadores Populares do Ceará;1284427;20241118001329200;36128.9;2024-11-18;49833223000129;COOPERVALE - COOPERATIVA DO VALE;Nota Fiscal;211;Gêneros Alimentícios ( Proteínas, Carboidratos, Hortaliças, Sódios e Lipídios);36128.9;14;21972.0;2024-11-19;19;2ªQuinzena;nov.;2024;Efetivada;49833223000129;49833223;0001;29;1;COOPERVALE - COOPERATIVA DO VALE;02;20230307;00;0133402;0119903,0119904,0119905,0119909,0119999,0121101,0131800,0133404,0133408,0133499,1031700,1091102,4721103,4722901,4722902,4729699;SITIO;POCINHOS;SN;;ZONA RURAL;62920000;;;49833223000129;1531;2311504.0;Quixeré;QUIXERÉ;Vale do Jaguaribe;Vale do Jaguaribe;LOTE 39;EDUCADORES POPULARES;Quixeré;2.0;26.0;1.0;24.0;1.0;2.0;3.0;5.0;29.0;2.9;COOPERVALE - COOPERATIVA DO VALE;49833223000129.0;Aberto apenas para Atualização de Informações;;;31/10/2023 10:28:14;26/03/2025 09:36:03;23.0;16.0;86,96;49833223000129
1430;Associação dos Educadores Populares do Ceará;1284427;20241205001342500;6536.0;2024-12-05;11016960000166;COOPERATIVA DOS AGRICULTORES FAMILIARES DO BAIXO ACARAÚ;Nota Fiscal;211;Gêneros Alimentícios ( Proteínas, Carboidratos, Hortaliças, Sódios e Lipídios);6536.0;4336;304.0;2024-12-06;6;1ªQuinzena;dez.;2024;Efetivada;11016960000166;11016960;0001;66;1;SEMENTES DA TERRA;02;20080526;00;1031700;0121101,0159801,1051100,1063500,1629301,1629302,2349499,4712100,4722901;RUA;PROFESSOR NICACIO;648;;CENTRO;62570000;;;11016960000166;1345;2302305.0;Bela Cruz;BELA CRUZ;Litoral Norte;Litoral Norte;LOTE 19;FREI HUMBERTO;Bela Cruz;1.0;21.0;1.0;21.0;0.0;0.0;4.0;4.0;25.0;2.5;COOPERATIVA DOS AGRICULTORES FAMILIARES DO BAIXO ACARAÚ;11016960000166.0;CAF Emitido;;;05/04/2023 10:20:41;13/12/2024 10:59:34;161.0;27.0;93,79;11016960000166
1431;Associação dos Educadores Populares do Ceará;1284427;20241209001344600;35792.9;2024-12-09;49833223000129;COOPERVALE - COOPERATIVA DO VALE;Nota Fiscal;211;Gêneros Alimentícios ( Proteínas, Carboidratos, Hortaliças, Sódios e Lipídios);35792.9;15;21636.0;2024-12-10;10;1ªQuinzena;dez.;2024;Efetivada;49833223000129;49833223;0001;29;1;COOPERVALE - COOPERATIVA DO VALE;02;20230307;00;0133402;0119903,0119904,0119905,0119909,0119999,0121101,0131800,0133404,0133408,0133499,1031700,1091102,4721103,4722901,4722902,4729699;SITIO;POCINHOS;SN;;ZONA RURAL;62920000;;;49833223000129;1531;2311504.0;Quixeré;QUIXERÉ;Vale do Jaguaribe;Vale do Jaguaribe;LOTE 39;EDUCADORES POPULARES;Quixeré;2.0;26.0;1.0;24.0;1.0;2.0;3.0;5.0;29.0;2.9;COOPERVALE - COOPERATIVA DO VALE;49833223000129.0;Aberto apenas para Atualização de Informações;;;31/10/2023 10:28:14;26/03/2025 09:36:03;23.0;16.0;86,96;49833223000129
1457;Associação dos Educadores Populares do Ceará;1284427;20250128001369100;6536.0;2025-01-28;11016960000166;COOPERATIVA DOS AGRICULTORES FAMILIARES DO BAIXO ACARAÚ;Nota Fiscal;211;Gêneros Alimentícios ( Proteínas, Carboidratos, Hortaliças, Sódios e Lipídios);6536.0;4372;304.0;2025-01-29;29;2ªQuinzena;jan.;2025;Efetivada;11016960000166;11016960;0001;66;1;SEMENTES DA TERRA;02;20080526;00;1031700;0121101,0159801,1051100,1063500,1629301,1629302,2349499,4712100,4722901;RUA;PROFESSOR NICACIO;648;;CENTRO;62570000;;;11016960000166;1345;2302305.0;Bela Cruz;BELA CRUZ;Litoral Norte;Litoral Norte;LOTE 19;FREI HUMBERTO;Bela Cruz;1.0;21.0;1.0;21.0;0.0;0.0;4.0;4.0;25.0;2.5;COOPERATIVA DOS AGRICULTORES FAMILIARES DO BAIXO ACARAÚ;11016960000166.0;CAF Emitido;;;05/04/2023 10:20:41;13/12/2024 10:59:34;161.0;27.0;93,79;11016960000166
1458;Associação dos Educadores Populares do Ceará;1284427;20250129001369300;31056.58;2025-01-29;49833223000129;COOPERVALE - COOPERATIVA DO VALE;Nota Fiscal;211;Gêneros Alimentícios ( Proteínas, Carboidratos, Hortaliças, Sódios e Lipídios);31056.58;16;17628.0;2025-01-30;30;2ªQuinzena;jan.;2025;Efetivada;49833223000129;49833223;0001;29;1;COOPERVALE - COOPERATIVA DO VALE;02;20230307;00;0133402;0119903,0119904,0119905,0119909,0119999,0121101,0131800,0133404,0133408,0133499,1031700,1091102,4721103,4722901,4722902,4729699;SITIO;POCINHOS;SN;;ZONA RURAL;62920000;;;49833223000129;1531;2311504.0;Quixeré;QUIXERÉ;Vale do Jaguaribe;Vale do Jaguaribe;LOTE 39;EDUCADORES POPULARES;Quixeré;2.0;26.0;1.0;24.0;1.0;2.0;3.0;5.0;29.0;2.9;COOPERVALE - COOPERATIVA DO VALE;49833223000129.0;Aberto apenas para Atualização de Informações;;;31/10/2023 10:28:14;26/03/2025 09:36:03;23.0;16.0;86,96;49833223000129
1468;Associação dos Educadores Populares do Ceará;1284427;20250210001375000;35328.31;2025-02-10;49833223000129;COOPERVALE - COOPERATIVA DO VALE;Nota Fiscal;211;Gêneros Alimentícios ( Proteínas, Carboidratos, Hortaliças, Sódios e Lipídios);35328.31;17;21492.0;2025-02-11;11;1ªQuinzena;fev.;2025;Efetivada;49833223000129;49833223;0001;29;1;COOPERVALE - COOPERATIVA DO VALE;02;20230307;00;0133402;0119903,0119904,0119905,0119909,0119999,0121101,0131800,0133404,0133408,0133499,1031700,1091102,4721103,4722901,4722902,4729699;SITIO;POCINHOS;SN;;ZONA RURAL;62920000;;;49833223000129;1531;2311504.0;Quixeré;QUIXERÉ;Vale do Jaguaribe;Vale do Jaguaribe;LOTE 39;EDUCADORES POPULARES;Quixeré;2.0;26.0;1.0;24.0;1.0;2.0;3.0;5.0;29.0;2.9;COOPERVALE - COOPERATIVA DO VALE;49833223000129.0;Aberto apenas para Atualização de Informações;;;31/10/2023 10:28:14;26/03/2025 09:36:03;23.0;16.0;86,96;49833223000129
1475;Associação dos Educadores Populares do Ceará;1284427;20250212001376300;6536.0;2025-02-12;11016960000166;COOPERATIVA DOS AGRICULTORES FAMILIARES DO BAIXO ACARAÚ;Nota Fiscal;211;Gêneros Alimentícios ( Proteínas, Carboidratos, Hortaliças, Sódios e Lipídios);6536.0;4378;304.0;2025-02-13;13;1ªQuinzena;fev.;2025;Efetivada;11016960000166;11016960;0001;66;1;SEMENTES DA TERRA;02;20080526;00;1031700;0121101,0159801,1051100,1063500,1629301,1629302,2349499,4712100,4722901;RUA;PROFESSOR NICACIO;648;;CENTRO;62570000;;;11016960000166;1345;2302305.0;Bela Cruz;BELA CRUZ;Litoral Norte;Litoral Norte;LOTE 19;FREI HUMBERTO;Bela Cruz;1.0;21.0;1.0;21.0;0.0;0.0;4.0;4.0;25.0;2.5;COOPERATIVA DOS AGRICULTORES FAMILIARES DO BAIXO ACARAÚ;11016960000166.0;CAF Emitido;;;05/04/2023 10:20:41;13/12/2024 10:59:34;161.0;27.0;93,79;11016960000166
1484;Associação dos Educadores Populares do Ceará;1284427;20250311001387300;15815.99;2025-03-11;49833223000129;COOPERVALE - COOPERATIVA DO VALE;Nota Fiscal;211;Gêneros Alimentícios ( Proteínas, Carboidratos, Hortaliças, Sódios e Lipídios);15815.99;18;10920.0;2025-03-12;12;1ªQuinzena;mar.;2025;Efetivada;49833223000129;49833223;0001;29;1;COOPERVALE - COOPERATIVA DO VALE;02;20230307;00;0133402;0119903,0119904,0119905,0119909,0119999,0121101,0131800,0133404,0133408,0133499,1031700,1091102,4721103,4722901,4722902,4729699;SITIO;POCINHOS;SN;;ZONA RURAL;62920000;;;49833223000129;1531;2311504.0;Quixeré;QUIXERÉ;Vale do Jaguaribe;Vale do Jaguaribe;LOTE 39;EDUCADORES POPULARES;Quixeré;2.0;26.0;1.0;24.0;1.0;2.0;3.0;5.0;29.0;2.9;COOPERVALE - COOPERATIVA DO VALE;49833223000129.0;Aberto apenas para Atualização de Informações;;;31/10/2023 10:28:14;26/03/2025 09:36:03;23.0;16.0;86,96;49833223000129
1495;Associação dos Educadores Populares do Ceará;1284427;20250314001389400;23012.29;2025-03-14;49833223000129;COOPERVALE - COOPERATIVA DO VALE;Nota Fiscal;211;Gêneros Alimentícios ( Proteínas, Carboidratos, Hortaliças, Sódios e Lipídios);23012.29;19;10776.0;2025-03-18;18;2ªQuinzena;mar.;2025;Efetivada;49833223000129;49833223;0001;29;1;COOPERVALE - COOPERATIVA DO VALE;02;20230307;00;0133402;0119903,0119904,0119905,0119909,0119999,0121101,0131800,0133404,0133408,0133499,1031700,1091102,4721103,4722901,4722902,4729699;SITIO;POCINHOS;SN;;ZONA RURAL;62920000;;;49833223000129;1531;2311504.0;Quixeré;QUIXERÉ;Vale do Jaguaribe;Vale do Jaguaribe;LOTE 39;EDUCADORES POPULARES;Quixeré;2.0;26.0;1.0;24.0;1.0;2.0;3.0;5.0;29.0;2.9;COOPERVALE - COOPERATIVA DO VALE;49833223000129.0;Aberto apenas para Atualização de Informações;;;31/10/2023 10:28:14;26/03/2025 09:36:03;23.0;16.0;86,96;49833223000129
1496;Associação dos Educadores Populares do Ceará;1284427;20250314001389400;7158.0;2025-03-14;11016960000166;COOPERATIVA DOS AGRICULTORES FAMILIARES DO BAIXO ACARAÚ;Nota Fiscal;211;Gêneros Alimentícios ( Proteínas, Carboidratos, Hortaliças, Sódios e Lipídios);7158.0;4390;342.0;2025-03-18;18;2ªQuinzena;mar.;2025;Efetivada;11016960000166;11016960;0001;66;1;SEMENTES DA TERRA;02;20080526;00;1031700;0121101,0159801,1051100,1063500,1629301,1629302,2349499,4712100,4722901;RUA;PROFESSOR NICACIO;648;;CENTRO;62570000;;;11016960000166;1345;2302305.0;Bela Cruz;BELA CRUZ;Litoral Norte;Litoral Norte;LOTE 19;FREI HUMBERTO;Bela Cruz;1.0;21.0;1.0;21.0;0.0;0.0;4.0;4.0;25.0;2.5;COOPERATIVA DOS AGRICULTORES FAMILIARES DO BAIXO ACARAÚ;11016960000166.0;CAF Emitido;;;05/04/2023 10:20:41;13/12/2024 10:59:34;161.0;27.0;93,79;11016960000166
1513;Associação dos Educadores Populares do Ceará;1284427;20250411001401400;33132.8;2025-04-11;49833223000129;COOPERVALE - COOPERATIVA DO VALE;Nota Fiscal;211;Gêneros Alimentícios ( Proteínas, Carboidratos, Hortaliças, Sódios e Lipídios);33132.8;20;18228.0;2025-04-14;14;1ªQuinzena;abr.;2025;Efetivada;49833223000129;49833223;0001;29;1;COOPERVALE - COOPERATIVA DO VALE;02;20230307;00;0133402;0119903,0119904,0119905,0119909,0119999,0121101,0131800,0133404,0133408,0133499,1031700,1091102,4721103,4722901,4722902,4729699;SITIO;POCINHOS;SN;;ZONA RURAL;62920000;;;49833223000129;1531;2311504.0;Quixeré;QUIXERÉ;Vale do Jaguaribe;Vale do Jaguaribe;LOTE 39;EDUCADORES POPULARES;Quixeré;2.0;26.0;1.0;24.0;1.0;2.0;3.0;5.0;29.0;2.9;COOPERVALE - COOPERATIVA DO VALE;49833223000129.0;Aberto apenas para Atualização de Informações;;;31/10/2023 10:28:14;26/03/2025 09:36:03;23.0;16.0;86,96;49833223000129
1514;Associação dos Educadores Populares do Ceará;1284427;20250411001401400;6536.0;2025-04-11;11016960000166;COOPERATIVA DOS AGRICULTORES FAMILIARES DO BAIXO ACARAÚ;Nota Fiscal;211;Gêneros Alimentícios ( Proteínas, Carboidratos, Hortaliças, Sódios e Lipídios);6536.0;4478;304.0;2025-04-14;14;1ªQuinzena;abr.;2025;Efetivada;11016960000166;11016960;0001;66;1;SEMENTES DA TERRA;02;20080526;00;1031700;0121101,0159801,1051100,1063500,1629301,1629302,2349499,4712100,4722901;RUA;PROFESSOR NICACIO;648;;CENTRO;62570000;;;11016960000166;1345;2302305.0;Bela Cruz;BELA CRUZ;Litoral Norte;Litoral Norte;LOTE 19;FREI HUMBERTO;Bela Cruz;1.0;21.0;1.0;21.0;0.0;0.0;4.0;4.0;25.0;2.5;COOPERATIVA DOS AGRICULTORES FAMILIARES DO BAIXO ACARAÚ;11016960000166.0;CAF Emitido;;;05/04/2023 10:20:41;13/12/2024 10:59:34;161.0;27.0;93,79;11016960000166
1538;Associação dos Educadores Populares do Ceará;1284427;20250521001416700;6536.0;2025-05-21;11016960000166;COOPERATIVA DOS AGRICULTORES FAMILIARES DO BAIXO ACARAÚ;Nota Fiscal;211;Gêneros Alimentícios ( Proteínas, Carboidratos, Hortaliças, Sódios e Lipídios);6536.0;4527;304.0;2025-05-22;22;2ªQuinzena;mai.;2025;Efetivada;11016960000166;11016960;0001;66;1;SEMENTES DA TERRA;02;20080526;00;1031700;0121101,0159801,1051100,1063500,1629301,1629302,2349499,4712100,4722901;RUA;PROFESSOR NICACIO;648;;CENTRO;62570000;;;11016960000166;1345;2302305.0;Bela Cruz;BELA CRUZ;Litoral Norte;Litoral Norte;LOTE 19;FREI HUMBERTO;Bela Cruz;1.0;21.0;1.0;21.0;0.0;0.0;4.0;4.0;25.0;2.5;COOPERATIVA DOS AGRICULTORES FAMILIARES DO BAIXO ACARAÚ;11016960000166.0;CAF Emitido;;;05/04/2023 10:20:41;13/12/2024 10:59:34;161.0;27.0;93,79;11016960000166
1539;Associação dos Educadores Populares do Ceará;1284427;20250527001419300;35297.72;2025-05-27;49833223000129;COOPERVALE - COOPERATIVA DO VALE;Nota Fiscal;211;Gêneros Alimentícios ( Proteínas, Carboidratos, Hortaliças, Sódios e Lipídios);35297.72;21;21120.0;2025-05-28;28;2ªQuinzena;mai.;2025;Efetivada;49833223000129;49833223;0001;29;1;COOPERVALE - COOPERATIVA DO VALE;02;20230307;00;0133402;0119903,0119904,0119905,0119909,0119999,0121101,0131800,0133404,0133408,0133499,1031700,1091102,4721103,4722901,4722902,4729699;SITIO;POCINHOS;SN;;ZONA RURAL;62920000;;;49833223000129;1531;2311504.0;Quixeré;QUIXERÉ;Vale do Jaguaribe;Vale do Jaguaribe;LOTE 39;EDUCADORES POPULARES;Quixeré;2.0;26.0;1.0;24.0;1.0;2.0;3.0;5.0;29.0;2.9;COOPERVALE - COOPERATIVA DO VALE;49833223000129.0;Aberto apenas para Atualização de Informações;;;31/10/2023 10:28:14;26/03/2025 09:36:03;23.0;16.0;86,96;49833223000129
1554;Associação dos Educadores Populares do Ceará;1284427;20250620001432800;6536.0;2025-06-20;11016960000166;COOPERATIVA DOS AGRICULTORES FAMILIARES DO BAIXO ACARAÚ;Nota Fiscal;211;Gêneros Alimentícios ( Proteínas, Carboidratos, Hortaliças, Sódios e Lipídios);6536.0;4590;304.0;2025-06-23;23;2ªQuinzena;jun.;2025;Efetivada;11016960000166;11016960;0001;66;1;SEMENTES DA TERRA;02;20080526;00;1031700;0121101,0159801,1051100,1063500,1629301,1629302,2349499,4712100,4722901;RUA;PROFESSOR NICACIO;648;;CENTRO;62570000;;;11016960000166;1345;2302305.0;Bela Cruz;BELA CRUZ;Litoral Norte;Litoral Norte;LOTE 19;FREI HUMBERTO;Bela Cruz;1.0;21.0;1.0;21.0;0.0;0.0;4.0;4.0;25.0;2.5;COOPERATIVA DOS AGRICULTORES FAMILIARES DO BAIXO ACARAÚ;11016960000166.0;CAF Emitido;;;05/04/2023 10:20:41;13/12/2024 10:59:34;161.0;27.0;93,79;11016960000166
1555;Associação dos Educadores Populares do Ceará;1284427;20250623001433000;27624.51;2025-06-23;49833223000129;COOPERVALE - COOPERATIVA DO VALE;Nota Fiscal;211;Gêneros Alimentícios ( Proteínas, Carboidratos, Hortaliças, Sódios e Lipídios);27624.51;22;15216.0;2025-06-24;24;2ªQuinzena;jun.;2025;Efetivada;49833223000129;49833223;0001;29;1;COOPERVALE - COOPERATIVA DO VALE;02;20230307;00;0133402;0119903,0119904,0119905,0119909,0119999,0121101,0131800,0133404,0133408,0133499,1031700,1091102,4721103,4722901,4722902,4729699;SITIO;POCINHOS;SN;;ZONA RURAL;62920000;;;49833223000129;1531;2311504.0;Quixeré;QUIXERÉ;Vale do Jaguaribe;Vale do Jaguaribe;LOTE 39;EDUCADORES POPULARES;Quixeré;2.0;26.0;1.0;24.0;1.0;2.0;3.0;5.0;29.0;2.9;COOPERVALE - COOPERATIVA DO VALE;49833223000129.0;Aberto apenas para Atualização de Informações;;;31/10/2023 10:28:14;26/03/2025 09:36:03;23.0;16.0;86,96;49833223000129
1616;ACFLOR - Instituto de Defesa da Cidadania Social ;1284731;20240820001282300;86986.88;2024-08-20;51506696000163;COOPERATIVA DOS PRODUTORES RURAIS DE QUIIXERE E VALE DO JAGUARIBE - COOPAVAQ;Nota Fiscal;211;Gêneros Alimentícios ( Proteínas, Carboidratos, Hortaliças, Sódios e Lipídios);86986.88;154;10642.5;2024-08-21;21;2ªQuinzena;ago.;2024;Efetivada;51506696000163;51506696;0001;63;1;COOPAVAQ;02;20230721;00;0161099;0111302,0112101,0116403,0116499,0119905,0119906,0133402,0133408,0133499,0151201,0151202,1031700,1033301,4721103,4722902,4729699,7490103,9411100;RUA;ANA ROSA;510;;LAGOINHA;62920000;;;51506696000163;1531;2311504.0;Quixeré;QUIXERÉ;Vale do Jaguaribe;Vale do Jaguaribe;LOTE 39;EDUCADORES POPULARES;Quixeré;2.0;26.0;1.0;24.0;1.0;2.0;3.0;5.0;29.0;2.9;COOPERATIVA DOS PRODUTORES RURAIS DE QUIIXERE E VALE DO JAGUARIBE - COOPAVAQ;51506696000163.0;CAF Emitido;UNICAFES;09/05/2026;29/08/2023 13:41:05;03/07/2025 10:58:50;42.0;30.0;100,00;51506696000163
1621;ACFLOR - Instituto de Defesa da Cidadania Social ;1284731;20240923001299700;200656.25;2024-09-23;51506696000163;COOPERATIVA DOS PRODUTORES RURAIS DE QUIIXERE E VALE DO JAGUARIBE - COOPAVAQ;Nota Fiscal;211;Gêneros Alimentícios ( Proteínas, Carboidratos, Hortaliças, Sódios e Lipídios);200656.25;187;19125.0;2024-09-24;24;2ªQuinzena;set.;2024;Efetivada;51506696000163;51506696;0001;63;1;COOPAVAQ;02;20230721;00;0161099;0111302,0112101,0116403,0116499,0119905,0119906,0133402,0133408,0133499,0151201,0151202,1031700,1033301,4721103,4722902,4729699,7490103,9411100;RUA;ANA ROSA;510;;LAGOINHA;62920000;;;51506696000163;1531;2311504.0;Quixeré;QUIXERÉ;Vale do Jaguaribe;Vale do Jaguaribe;LOTE 39;EDUCADORES POPULARES;Quixeré;2.0;26.0;1.0;24.0;1.0;2.0;3.0;5.0;29.0;2.9;COOPERATIVA DOS PRODUTORES RURAIS DE QUIIXERE E VALE DO JAGUARIBE - COOPAVAQ;51506696000163.0;CAF Emitido;UNICAFES;09/05/2026;29/08/2023 13:41:05;03/07/2025 10:58:50;42.0;30.0;100,00;51506696000163
1631;ACFLOR - Instituto de Defesa da Cidadania Social ;1284731;20241031001320700;125324.16;2024-10-31;51506696000163;COOPERATIVA DOS PRODUTORES RURAIS DE QUIIXERE E VALE DO JAGUARIBE - COOPAVAQ;Nota Fiscal;211;Gêneros Alimentícios ( Proteínas, Carboidratos, Hortaliças, Sódios e Lipídios);125324.16;213;9106.75;2024-11-01;1;1ªQuinzena;nov.;2024;Efetivada;51506696000163;51506696;0001;63;1;COOPAVAQ;02;20230721;00;0161099;0111302,0112101,0116403,0116499,0119905,0119906,0133402,0133408,0133499,0151201,0151202,1031700,1033301,4721103,4722902,4729699,7490103,9411100;RUA;ANA ROSA;510;;LAGOINHA;62920000;;;51506696000163;1531;2311504.0;Quixeré;QUIXERÉ;Vale do Jaguaribe;Vale do Jaguaribe;LOTE 39;EDUCADORES POPULARES;Quixeré;2.0;26.0;1.0;24.0;1.0;2.0;3.0;5.0;29.0;2.9;COOPERATIVA DOS PRODUTORES RURAIS DE QUIIXERE E VALE DO JAGUARIBE - COOPAVAQ;51506696000163.0;CAF Emitido;UNICAFES;09/05/2026;29/08/2023 13:41:05;03/07/2025 10:58:50;42.0;30.0;100,00;51506696000163
1837;CÁRITAS DIOCESANA DE TIANGUA;1287149;20231106001115700;50538.5;2023-11-06;35202279000170;COOPENORT;Nota Fiscal;211;Gêneros Alimentícios ( Proteínas, Carboidratos, Hortaliças, Sódios e Lipídios);50538.5;4852;640.0;2023-11-07;7;1ªQuinzena;nov.;2023;Efetivada;35202279000170;35202279;0001;70;1;COOPENORT;02;20191016;00;4633801;0111302,0113000,0119902,0119904,0119905,0119906,0119907,0119908,0119909,0119999,0121101,0131800,0133402,0133403,0133408,0133409,0133410,0133499,0139399,0151201,0151202,0153901,0154700,0155501,0155505,0159801,0312401,0322101,1031700,1066000,4623106,4623109,4623199,4644302,4661300,4683400,4692300,4722902,4724500,4729699,4744001,4744099;RUA;DEPUTADO VICENTE RIBEIRO;438;;CENTRO;62375000;;;35202279000170;1367;2303402.0;Carnaubal;CARNAUBAL;Serra da Ibiapaba;Serra da Ibiapaba;LOTE 29;INSTITUTO VEREDAS DA CIDADANIA;Carnaubal;2.0;53.0;2.0;53.0;0.0;0.0;4.0;4.0;57.0;5.7;COOPERATIVA AGROPECUARIA DOS AGRICULTORES FAMILIARES DA REGIAO NORTE DO CEARA LT;35202279000170.0;CAF Emitido;;;29/09/2023 12:30:34;22/05/2025 08:50:46;75.0;42.0;97,33;35202279000170
1856;CÁRITAS DIOCESANA DE TIANGUA;1287149;20231127001129700;52797.6;2023-11-27;35202279000170;COOPENORT;Nota Fiscal;211;Gêneros Alimentícios ( Proteínas, Carboidratos, Hortaliças, Sódios e Lipídios);52797.6;5410;2808.0;2023-11-28;28;2ªQuinzena;nov.;2023;Efetivada;35202279000170;35202279;0001;70;1;COOPENORT;02;20191016;00;4633801;0111302,0113000,0119902,0119904,0119905,0119906,0119907,0119908,0119909,0119999,0121101,0131800,0133402,0133403,0133408,0133409,0133410,0133499,0139399,0151201,0151202,0153901,0154700,0155501,0155505,0159801,0312401,0322101,1031700,1066000,4623106,4623109,4623199,4644302,4661300,4683400,4692300,4722902,4724500,4729699,4744001,4744099;RUA;DEPUTADO VICENTE RIBEIRO;438;;CENTRO;62375000;;;35202279000170;1367;2303402.0;Carnaubal;CARNAUBAL;Serra da Ibiapaba;Serra da Ibiapaba;LOTE 29;INSTITUTO VEREDAS DA CIDADANIA;Carnaubal;2.0;53.0;2.0;53.0;0.0;0.0;4.0;4.0;57.0;5.7;COOPERATIVA AGROPECUARIA DOS AGRICULTORES FAMILIARES DA REGIAO NORTE DO CEARA LT;35202279000170.0;CAF Emitido;;;29/09/2023 12:30:34;22/05/2025 08:50:46;75.0;42.0;97,33;35202279000170
1897;CÁRITAS DIOCESANA DE TIANGUA;1287149;20231221001153300;13023.1;2023-12-21;35202279000170;COOPENORT;Nota Fiscal;211;Gêneros Alimentícios ( Proteínas, Carboidratos, Hortaliças, Sódios e Lipídios);13023.1;6113;704.0;2023-12-22;22;2ªQuinzena;dez.;2023;Efetivada;35202279000170;35202279;0001;70;1;COOPENORT;02;20191016;00;4633801;0111302,0113000,0119902,0119904,0119905,0119906,0119907,0119908,0119909,0119999,0121101,0131800,0133402,0133403,0133408,0133409,0133410,0133499,0139399,0151201,0151202,0153901,0154700,0155501,0155505,0159801,0312401,0322101,1031700,1066000,4623106,4623109,4623199,4644302,4661300,4683400,4692300,4722902,4724500,4729699,4744001,4744099;RUA;DEPUTADO VICENTE RIBEIRO;438;;CENTRO;62375000;;;35202279000170;1367;2303402.0;Carnaubal;CARNAUBAL;Serra da Ibiapaba;Serra da Ibiapaba;LOTE 29;INSTITUTO VEREDAS DA CIDADANIA;Carnaubal;2.0;53.0;2.0;53.0;0.0;0.0;4.0;4.0;57.0;5.7;COOPERATIVA AGROPECUARIA DOS AGRICULTORES FAMILIARES DA REGIAO NORTE DO CEARA LT;35202279000170.0;CAF Emitido;;;29/09/2023 12:30:34;22/05/2025 08:50:46;75.0;42.0;97,33;35202279000170
1920;CÁRITAS DIOCESANA DE TIANGUA;1287149;20240109001164600;58934.5;2024-01-09;35202279000170;COOPENORT;Nota Fiscal;211;Gêneros Alimentícios ( Proteínas, Carboidratos, Hortaliças, Sódios e Lipídios);58934.5;6456;7350.0;2024-01-10;10;1ªQuinzena;jan.;2024;Efetivada;35202279000170;35202279;0001;70;1;COOPENORT;02;20191016;00;4633801;0111302,0113000,0119902,0119904,0119905,0119906,0119907,0119908,0119909,0119999,0121101,0131800,0133402,0133403,0133408,0133409,0133410,0133499,0139399,0151201,0151202,0153901,0154700,0155501,0155505,0159801,0312401,0322101,1031700,1066000,4623106,4623109,4623199,4644302,4661300,4683400,4692300,4722902,4724500,4729699,4744001,4744099;RUA;DEPUTADO VICENTE RIBEIRO;438;;CENTRO;62375000;;;35202279000170;1367;2303402.0;Carnaubal;CARNAUBAL;Serra da Ibiapaba;Serra da Ibiapaba;LOTE 29;INSTITUTO VEREDAS DA CIDADANIA;Carnaubal;2.0;53.0;2.0;53.0;0.0;0.0;4.0;4.0;57.0;5.7;COOPERATIVA AGROPECUARIA DOS AGRICULTORES FAMILIARES DA REGIAO NORTE DO CEARA LT;35202279000170.0;CAF Emitido;;;29/09/2023 12:30:34;22/05/2025 08:50:46;75.0;42.0;97,33;35202279000170
1973;CÁRITAS DIOCESANA DE TIANGUA;1287149;20240202001178100;42104.52;2024-02-02;35202279000170;COOPENORT;Nota Fiscal;211;Gêneros Alimentícios ( Proteínas, Carboidratos, Hortaliças, Sódios e Lipídios);42104.52;6588;3150.0;2024-02-05;5;1ªQuinzena;fev.;2024;Efetivada;35202279000170;35202279;0001;70;1;COOPENORT;02;20191016;00;4633801;0111302,0113000,0119902,0119904,0119905,0119906,0119907,0119908,0119909,0119999,0121101,0131800,0133402,0133403,0133408,0133409,0133410,0133499,0139399,0151201,0151202,0153901,0154700,0155501,0155505,0159801,0312401,0322101,1031700,1066000,4623106,4623109,4623199,4644302,4661300,4683400,4692300,4722902,4724500,4729699,4744001,4744099;RUA;DEPUTADO VICENTE RIBEIRO;438;;CENTRO;62375000;;;35202279000170;1367;2303402.0;Carnaubal;CARNAUBAL;Serra da Ibiapaba;Serra da Ibiapaba;LOTE 29;INSTITUTO VEREDAS DA CIDADANIA;Carnaubal;2.0;53.0;2.0;53.0;0.0;0.0;4.0;4.0;57.0;5.7;COOPERATIVA AGROPECUARIA DOS AGRICULTORES FAMILIARES DA REGIAO NORTE DO CEARA LT;35202279000170.0;CAF Emitido;;;29/09/2023 12:30:34;22/05/2025 08:50:46;75.0;42.0;97,33;35202279000170
1993;CÁRITAS DIOCESANA DE TIANGUA;1287149;20240219001184000;6848.5;2024-02-19;35202279000170;COOPENORT;Nota Fiscal;211;Gêneros Alimentícios ( Proteínas, Carboidratos, Hortaliças, Sódios e Lipídios);6848.5;6687;1440.0;2024-02-20;20;2ªQuinzena;fev.;2024;Efetivada;35202279000170;35202279;0001;70;1;COOPENORT;02;20191016;00;4633801;0111302,0113000,0119902,0119904,0119905,0119906,0119907,0119908,0119909,0119999,0121101,0131800,0133402,0133403,0133408,0133409,0133410,0133499,0139399,0151201,0151202,0153901,0154700,0155501,0155505,0159801,0312401,0322101,1031700,1066000,4623106,4623109,4623199,4644302,4661300,4683400,4692300,4722902,4724500,4729699,4744001,4744099;RUA;DEPUTADO VICENTE RIBEIRO;438;;CENTRO;62375000;;;35202279000170;1367;2303402.0;Carnaubal;CARNAUBAL;Serra da Ibiapaba;Serra da Ibiapaba;LOTE 29;INSTITUTO VEREDAS DA CIDADANIA;Carnaubal;2.0;53.0;2.0;53.0;0.0;0.0;4.0;4.0;57.0;5.7;COOPERATIVA AGROPECUARIA DOS AGRICULTORES FAMILIARES DA REGIAO NORTE DO CEARA LT;35202279000170.0;CAF Emitido;;;29/09/2023 12:30:34;22/05/2025 08:50:46;75.0;42.0;97,33;35202279000170
2029;CÁRITAS DIOCESANA DE TIANGUA;1287149;20240320001203800;56471.7;2024-03-20;35202279000170;COOPENORT;Nota Fiscal;211;Gêneros Alimentícios ( Proteínas, Carboidratos, Hortaliças, Sódios e Lipídios);56471.7;7230;7320.0;2024-03-22;22;2ªQuinzena;mar.;2024;Efetivada;35202279000170;35202279;0001;70;1;COOPENORT;02;20191016;00;4633801;0111302,0113000,0119902,0119904,0119905,0119906,0119907,0119908,0119909,0119999,0121101,0131800,0133402,0133403,0133408,0133409,0133410,0133499,0139399,0151201,0151202,0153901,0154700,0155501,0155505,0159801,0312401,0322101,1031700,1066000,4623106,4623109,4623199,4644302,4661300,4683400,4692300,4722902,4724500,4729699,4744001,4744099;RUA;DEPUTADO VICENTE RIBEIRO;438;;CENTRO;62375000;;;35202279000170;1367;2303402.0;Carnaubal;CARNAUBAL;Serra da Ibiapaba;Serra da Ibiapaba;LOTE 29;INSTITUTO VEREDAS DA CIDADANIA;Carnaubal;2.0;53.0;2.0;53.0;0.0;0.0;4.0;4.0;57.0;5.7;COOPERATIVA AGROPECUARIA DOS AGRICULTORES FAMILIARES DA REGIAO NORTE DO CEARA LT;35202279000170.0;CAF Emitido;;;29/09/2023 12:30:34;22/05/2025 08:50:46;75.0;42.0;97,33;35202279000170
2084;CÁRITAS DIOCESANA DE TIANGUA;1287149;20240423001222800;23434.2;2024-04-23;35202279000170;COOPENORT;Nota Fiscal;211;Gêneros Alimentícios ( Proteínas, Carboidratos, Hortaliças, Sódios e Lipídios);23434.2;7993;3888.0;2024-04-24;24;2ªQuinzena;abr.;2024;Efetivada;35202279000170;35202279;0001;70;1;COOPENORT;02;20191016;00;4633801;0111302,0113000,0119902,0119904,0119905,0119906,0119907,0119908,0119909,0119999,0121101,0131800,0133402,0133403,0133408,0133409,0133410,0133499,0139399,0151201,0151202,0153901,0154700,0155501,0155505,0159801,0312401,0322101,1031700,1066000,4623106,4623109,4623199,4644302,4661300,4683400,4692300,4722902,4724500,4729699,4744001,4744099;RUA;DEPUTADO VICENTE RIBEIRO;438;;CENTRO;62375000;;;35202279000170;1367;2303402.0;Carnaubal;CARNAUBAL;Serra da Ibiapaba;Serra da Ibiapaba;LOTE 29;INSTITUTO VEREDAS DA CIDADANIA;Carnaubal;2.0;53.0;2.0;53.0;0.0;0.0;4.0;4.0;57.0;5.7;COOPERATIVA AGROPECUARIA DOS AGRICULTORES FAMILIARES DA REGIAO NORTE DO CEARA LT;35202279000170.0;CAF Emitido;;;29/09/2023 12:30:34;22/05/2025 08:50:46;75.0;42.0;97,33;35202279000170
2094;CÁRITAS DIOCESANA DE TIANGUA;1287149;20240509001231500;25119.0;2024-05-09;35202279000170;COOPENORT;Nota Fiscal;211;Gêneros Alimentícios ( Proteínas, Carboidratos, Hortaliças, Sódios e Lipídios);25119.0;8303;3402.0;2024-05-10;10;1ªQuinzena;mai.;2024;Efetivada;35202279000170;35202279;0001;70;1;COOPENORT;02;20191016;00;4633801;0111302,0113000,0119902,0119904,0119905,0119906,0119907,0119908,0119909,0119999,0121101,0131800,0133402,0133403,0133408,0133409,0133410,0133499,0139399,0151201,0151202,0153901,0154700,0155501,0155505,0159801,0312401,0322101,1031700,1066000,4623106,4623109,4623199,4644302,4661300,4683400,4692300,4722902,4724500,4729699,4744001,4744099;RUA;DEPUTADO VICENTE RIBEIRO;438;;CENTRO;62375000;;;35202279000170;1367;2303402.0;Carnaubal;CARNAUBAL;Serra da Ibiapaba;Serra da Ibiapaba;LOTE 29;INSTITUTO VEREDAS DA CIDADANIA;Carnaubal;2.0;53.0;2.0;53.0;0.0;0.0;4.0;4.0;57.0;5.7;COOPERATIVA AGROPECUARIA DOS AGRICULTORES FAMILIARES DA REGIAO NORTE DO CEARA LT;35202279000170.0;CAF Emitido;;;29/09/2023 12:30:34;22/05/2025 08:50:46;75.0;42.0;97,33;35202279000170
2135;CÁRITAS DIOCESANA DE TIANGUA;1287149;20240521001235900;15453.0;2024-05-21;35202279000170;COOPENORT;Nota Fiscal;211;Gêneros Alimentícios ( Proteínas, Carboidratos, Hortaliças, Sódios e Lipídios);15453.0;8639;2430.0;2024-05-22;22;2ªQuinzena;mai.;2024;Efetivada;35202279000170;35202279;0001;70;1;COOPENORT;02;20191016;00;4633801;0111302,0113000,0119902,0119904,0119905,0119906,0119907,0119908,0119909,0119999,0121101,0131800,0133402,0133403,0133408,0133409,0133410,0133499,0139399,0151201,0151202,0153901,0154700,0155501,0155505,0159801,0312401,0322101,1031700,1066000,4623106,4623109,4623199,4644302,4661300,4683400,4692300,4722902,4724500,4729699,4744001,4744099;RUA;DEPUTADO VICENTE RIBEIRO;438;;CENTRO;62375000;;;35202279000170;1367;2303402.0;Carnaubal;CARNAUBAL;Serra da Ibiapaba;Serra da Ibiapaba;LOTE 29;INSTITUTO VEREDAS DA CIDADANIA;Carnaubal;2.0;53.0;2.0;53.0;0.0;0.0;4.0;4.0;57.0;5.7;COOPERATIVA AGROPECUARIA DOS AGRICULTORES FAMILIARES DA REGIAO NORTE DO CEARA LT;35202279000170.0;CAF Emitido;;;29/09/2023 12:30:34;22/05/2025 08:50:46;75.0;42.0;97,33;35202279000170
2143;CÁRITAS DIOCESANA DE TIANGUA;1287149;20240603001242200;15023.75;2024-06-03;35202279000170;COOPENORT;Nota Fiscal;211;Gêneros Alimentícios ( Proteínas, Carboidratos, Hortaliças, Sódios e Lipídios);15023.75;8884;1680.0;2024-06-04;4;1ªQuinzena;jun.;2024;Efetivada;35202279000170;35202279;0001;70;1;COOPENORT;02;20191016;00;4633801;0111302,0113000,0119902,0119904,0119905,0119906,0119907,0119908,0119909,0119999,0121101,0131800,0133402,0133403,0133408,0133409,0133410,0133499,0139399,0151201,0151202,0153901,0154700,0155501,0155505,0159801,0312401,0322101,1031700,1066000,4623106,4623109,4623199,4644302,4661300,4683400,4692300,4722902,4724500,4729699,4744001,4744099;RUA;DEPUTADO VICENTE RIBEIRO;438;;CENTRO;62375000;;;35202279000170;1367;2303402.0;Carnaubal;CARNAUBAL;Serra da Ibiapaba;Serra da Ibiapaba;LOTE 29;INSTITUTO VEREDAS DA CIDADANIA;Carnaubal;2.0;53.0;2.0;53.0;0.0;0.0;4.0;4.0;57.0;5.7;COOPERATIVA AGROPECUARIA DOS AGRICULTORES FAMILIARES DA REGIAO NORTE DO CEARA LT;35202279000170.0;CAF Emitido;;;29/09/2023 12:30:34;22/05/2025 08:50:46;75.0;42.0;97,33;35202279000170
2187;CÁRITAS DIOCESANA DE TIANGUA;1287149;20240627001255500;18308.7;2024-06-27;35202279000170;COOPENORT;Nota Fiscal;211;Gêneros Alimentícios ( Proteínas, Carboidratos, Hortaliças, Sódios e Lipídios);18308.7;9712;2497.5;2024-06-28;28;2ªQuinzena;jun.;2024;Efetivada;35202279000170;35202279;0001;70;1;COOPENORT;02;20191016;00;4633801;0111302,0113000,0119902,0119904,0119905,0119906,0119907,0119908,0119909,0119999,0121101,0131800,0133402,0133403,0133408,0133409,0133410,0133499,0139399,0151201,0151202,0153901,0154700,0155501,0155505,0159801,0312401,0322101,1031700,1066000,4623106,4623109,4623199,4644302,4661300,4683400,4692300,4722902,4724500,4729699,4744001,4744099;RUA;DEPUTADO VICENTE RIBEIRO;438;;CENTRO;62375000;;;35202279000170;1367;2303402.0;Carnaubal;CARNAUBAL;Serra da Ibiapaba;Serra da Ibiapaba;LOTE 29;INSTITUTO VEREDAS DA CIDADANIA;Carnaubal;2.0;53.0;2.0;53.0;0.0;0.0;4.0;4.0;57.0;5.7;COOPERATIVA AGROPECUARIA DOS AGRICULTORES FAMILIARES DA REGIAO NORTE DO CEARA LT;35202279000170.0;CAF Emitido;;;29/09/2023 12:30:34;22/05/2025 08:50:46;75.0;42.0;97,33;35202279000170
2239;CÁRITAS DIOCESANA DE TIANGUA;1287149;20240722001267100;77068.0;2024-07-22;35202279000170;COOPENORT;Nota Fiscal;211;Gêneros Alimentícios ( Proteínas, Carboidratos, Hortaliças, Sódios e Lipídios);77068.0;10300;6998.4;2024-07-23;23;2ªQuinzena;jul.;2024;Efetivada;35202279000170;35202279;0001;70;1;COOPENORT;02;20191016;00;4633801;0111302,0113000,0119902,0119904,0119905,0119906,0119907,0119908,0119909,0119999,0121101,0131800,0133402,0133403,0133408,0133409,0133410,0133499,0139399,0151201,0151202,0153901,0154700,0155501,0155505,0159801,0312401,0322101,1031700,1066000,4623106,4623109,4623199,4644302,4661300,4683400,4692300,4722902,4724500,4729699,4744001,4744099;RUA;DEPUTADO VICENTE RIBEIRO;438;;CENTRO;62375000;;;35202279000170;1367;2303402.0;Carnaubal;CARNAUBAL;Serra da Ibiapaba;Serra da Ibiapaba;LOTE 29;INSTITUTO VEREDAS DA CIDADANIA;Carnaubal;2.0;53.0;2.0;53.0;0.0;0.0;4.0;4.0;57.0;5.7;COOPERATIVA AGROPECUARIA DOS AGRICULTORES FAMILIARES DA REGIAO NORTE DO CEARA LT;35202279000170.0;CAF Emitido;;;29/09/2023 12:30:34;22/05/2025 08:50:46;75.0;42.0;97,33;35202279000170
2296;CÁRITAS DIOCESANA DE TIANGUA;1287149;20240814001280700;69730.0;2024-08-14;35202279000170;COOPENORT;Nota Fiscal;211;Gêneros Alimentícios ( Proteínas, Carboidratos, Hortaliças, Sódios e Lipídios);69730.0;10731;6836.4;2024-08-16;16;2ªQuinzena;ago.;2024;Efetivada;35202279000170;35202279;0001;70;1;COOPENORT;02;20191016;00;4633801;0111302,0113000,0119902,0119904,0119905,0119906,0119907,0119908,0119909,0119999,0121101,0131800,0133402,0133403,0133408,0133409,0133410,0133499,0139399,0151201,0151202,0153901,0154700,0155501,0155505,0159801,0312401,0322101,1031700,1066000,4623106,4623109,4623199,4644302,4661300,4683400,4692300,4722902,4724500,4729699,4744001,4744099;RUA;DEPUTADO VICENTE RIBEIRO;438;;CENTRO;62375000;;;35202279000170;1367;2303402.0;Carnaubal;CARNAUBAL;Serra da Ibiapaba;Serra da Ibiapaba;LOTE 29;INSTITUTO VEREDAS DA CIDADANIA;Carnaubal;2.0;53.0;2.0;53.0;0.0;0.0;4.0;4.0;57.0;5.7;COOPERATIVA AGROPECUARIA DOS AGRICULTORES FAMILIARES DA REGIAO NORTE DO CEARA LT;35202279000170.0;CAF Emitido;;;29/09/2023 12:30:34;22/05/2025 08:50:46;75.0;42.0;97,33;35202279000170
2313;CÁRITAS DIOCESANA DE TIANGUA;1287149;20240827001285400;46790.0;2024-08-27;35202279000170;COOPENORT;Nota Fiscal;211;Gêneros Alimentícios ( Proteínas, Carboidratos, Hortaliças, Sódios e Lipídios);46790.0;10983;3580.2;2024-08-28;28;2ªQuinzena;ago.;2024;Efetivada;35202279000170;35202279;0001;70;1;COOPENORT;02;20191016;00;4633801;0111302,0113000,0119902,0119904,0119905,0119906,0119907,0119908,0119909,0119999,0121101,0131800,0133402,0133403,0133408,0133409,0133410,0133499,0139399,0151201,0151202,0153901,0154700,0155501,0155505,0159801,0312401,0322101,1031700,1066000,4623106,4623109,4623199,4644302,4661300,4683400,4692300,4722902,4724500,4729699,4744001,4744099;RUA;DEPUTADO VICENTE RIBEIRO;438;;CENTRO;62375000;;;35202279000170;1367;2303402.0;Carnaubal;CARNAUBAL;Serra da Ibiapaba;Serra da Ibiapaba;LOTE 29;INSTITUTO VEREDAS DA CIDADANIA;Carnaubal;2.0;53.0;2.0;53.0;0.0;0.0;4.0;4.0;57.0;5.7;COOPERATIVA AGROPECUARIA DOS AGRICULTORES FAMILIARES DA REGIAO NORTE DO CEARA LT;35202279000170.0;CAF Emitido;;;29/09/2023 12:30:34;22/05/2025 08:50:46;75.0;42.0;97,33;35202279000170
2317;CÁRITAS DIOCESANA DE TIANGUA;1287149;20240830001289300;22963.0;2024-08-30;35202279000170;COOPENORT;Nota Fiscal;211;Gêneros Alimentícios ( Proteínas, Carboidratos, Hortaliças, Sódios e Lipídios);22963.0;11324;1560.0;2024-09-02;2;1ªQuinzena;set.;2024;Efetivada;35202279000170;35202279;0001;70;1;COOPENORT;02;20191016;00;4633801;0111302,0113000,0119902,0119904,0119905,0119906,0119907,0119908,0119909,0119999,0121101,0131800,0133402,0133403,0133408,0133409,0133410,0133499,0139399,0151201,0151202,0153901,0154700,0155501,0155505,0159801,0312401,0322101,1031700,1066000,4623106,4623109,4623199,4644302,4661300,4683400,4692300,4722902,4724500,4729699,4744001,4744099;RUA;DEPUTADO VICENTE RIBEIRO;438;;CENTRO;62375000;;;35202279000170;1367;2303402.0;Carnaubal;CARNAUBAL;Serra da Ibiapaba;Serra da Ibiapaba;LOTE 29;INSTITUTO VEREDAS DA CIDADANIA;Carnaubal;2.0;53.0;2.0;53.0;0.0;0.0;4.0;4.0;57.0;5.7;COOPERATIVA AGROPECUARIA DOS AGRICULTORES FAMILIARES DA REGIAO NORTE DO CEARA LT;35202279000170.0;CAF Emitido;;;29/09/2023 12:30:34;22/05/2025 08:50:46;75.0;42.0;97,33;35202279000170
2370;CÁRITAS DIOCESANA DE TIANGUA;1287149;20240913001296100;47156.75;2024-09-13;35202279000170;COOPENORT;Nota Fiscal;211;Gêneros Alimentícios ( Proteínas, Carboidratos, Hortaliças, Sódios e Lipídios);47156.75;11690;4293.0;2024-09-16;16;2ªQuinzena;set.;2024;Efetivada;35202279000170;35202279;0001;70;1;COOPENORT;02;20191016;00;4633801;0111302,0113000,0119902,0119904,0119905,0119906,0119907,0119908,0119909,0119999,0121101,0131800,0133402,0133403,0133408,0133409,0133410,0133499,0139399,0151201,0151202,0153901,0154700,0155501,0155505,0159801,0312401,0322101,1031700,1066000,4623106,4623109,4623199,4644302,4661300,4683400,4692300,4722902,4724500,4729699,4744001,4744099;RUA;DEPUTADO VICENTE RIBEIRO;438;;CENTRO;62375000;;;35202279000170;1367;2303402.0;Carnaubal;CARNAUBAL;Serra da Ibiapaba;Serra da Ibiapaba;LOTE 29;INSTITUTO VEREDAS DA CIDADANIA;Carnaubal;2.0;53.0;2.0;53.0;0.0;0.0;4.0;4.0;57.0;5.7;COOPERATIVA AGROPECUARIA DOS AGRICULTORES FAMILIARES DA REGIAO NORTE DO CEARA LT;35202279000170.0;CAF Emitido;;;29/09/2023 12:30:34;22/05/2025 08:50:46;75.0;42.0;97,33;35202279000170
2375;CÁRITAS DIOCESANA DE TIANGUA;1287149;20240920001299200;23270.0;2024-09-20;35202279000170;COOPENORT;Nota Fiscal;211;Gêneros Alimentícios ( Proteínas, Carboidratos, Hortaliças, Sódios e Lipídios);23270.0;11928;2527.2;2024-09-23;23;2ªQuinzena;set.;2024;Efetivada;35202279000170;35202279;0001;70;1;COOPENORT;02;20191016;00;4633801;0111302,0113000,0119902,0119904,0119905,0119906,0119907,0119908,0119909,0119999,0121101,0131800,0133402,0133403,0133408,0133409,0133410,0133499,0139399,0151201,0151202,0153901,0154700,0155501,0155505,0159801,0312401,0322101,1031700,1066000,4623106,4623109,4623199,4644302,4661300,4683400,4692300,4722902,4724500,4729699,4744001,4744099;RUA;DEPUTADO VICENTE RIBEIRO;438;;CENTRO;62375000;;;35202279000170;1367;2303402.0;Carnaubal;CARNAUBAL;Serra da Ibiapaba;Serra da Ibiapaba;LOTE 29;INSTITUTO VEREDAS DA CIDADANIA;Carnaubal;2.0;53.0;2.0;53.0;0.0;0.0;4.0;4.0;57.0;5.7;COOPERATIVA AGROPECUARIA DOS AGRICULTORES FAMILIARES DA REGIAO NORTE DO CEARA LT;35202279000170.0;CAF Emitido;;;29/09/2023 12:30:34;22/05/2025 08:50:46;75.0;42.0;97,33;35202279000170
2470;CÁRITAS DIOCESANA DE TIANGUA;1287149;20241016001312900;7886.25;2024-10-16;35202279000170;COOPENORT;Nota Fiscal;211;Gêneros Alimentícios ( Proteínas, Carboidratos, Hortaliças, Sódios e Lipídios);7886.25;12613;729.0;2024-10-17;17;2ªQuinzena;out.;2024;Efetivada;35202279000170;35202279;0001;70;1;COOPENORT;02;20191016;00;4633801;0111302,0113000,0119902,0119904,0119905,0119906,0119907,0119908,0119909,0119999,0121101,0131800,0133402,0133403,0133408,0133409,0133410,0133499,0139399,0151201,0151202,0153901,0154700,0155501,0155505,0159801,0312401,0322101,1031700,1066000,4623106,4623109,4623199,4644302,4661300,4683400,4692300,4722902,4724500,4729699,4744001,4744099;RUA;DEPUTADO VICENTE RIBEIRO;438;;CENTRO;62375000;;;35202279000170;1367;2303402.0;Carnaubal;CARNAUBAL;Serra da Ibiapaba;Serra da Ibiapaba;LOTE 29;INSTITUTO VEREDAS DA CIDADANIA;Carnaubal;2.0;53.0;2.0;53.0;0.0;0.0;4.0;4.0;57.0;5.7;COOPERATIVA AGROPECUARIA DOS AGRICULTORES FAMILIARES DA REGIAO NORTE DO CEARA LT;35202279000170.0;CAF Emitido;;;29/09/2023 12:30:34;22/05/2025 08:50:46;75.0;42.0;97,33;35202279000170
2471;CÁRITAS DIOCESANA DE TIANGUA;1287149;20241021001314200;4429.42;2024-10-21;35202279000170;COOPENORT;Nota Fiscal;211;Gêneros Alimentícios ( Proteínas, Carboidratos, Hortaliças, Sódios e Lipídios);4429.42;12720;81.0;2024-10-22;22;2ªQuinzena;out.;2024;Efetivada;35202279000170;35202279;0001;70;1;COOPENORT;02;20191016;00;4633801;0111302,0113000,0119902,0119904,0119905,0119906,0119907,0119908,0119909,0119999,0121101,0131800,0133402,0133403,0133408,0133409,0133410,0133499,0139399,0151201,0151202,0153901,0154700,0155501,0155505,0159801,0312401,0322101,1031700,1066000,4623106,4623109,4623199,4644302,4661300,4683400,4692300,4722902,4724500,4729699,4744001,4744099;RUA;DEPUTADO VICENTE RIBEIRO;438;;CENTRO;62375000;;;35202279000170;1367;2303402.0;Carnaubal;CARNAUBAL;Serra da Ibiapaba;Serra da Ibiapaba;LOTE 29;INSTITUTO VEREDAS DA CIDADANIA;Carnaubal;2.0;53.0;2.0;53.0;0.0;0.0;4.0;4.0;57.0;5.7;COOPERATIVA AGROPECUARIA DOS AGRICULTORES FAMILIARES DA REGIAO NORTE DO CEARA LT;35202279000170.0;CAF Emitido;;;29/09/2023 12:30:34;22/05/2025 08:50:46;75.0;42.0;97,33;35202279000170
2473;CÁRITAS DIOCESANA DE TIANGUA;1287149;20241016001312900;81212.4;2024-10-16;53751745000159;COOPSB;Nota Fiscal;211;Gêneros Alimentícios ( Proteínas, Carboidratos, Hortaliças, Sódios e Lipídios);81212.4;560;7305.0;2024-10-17;17;2ªQuinzena;out.;2024;Efetivada;53751745000159;53751745;0001;59;1;COOPSB;02;20240201;00;4633801;0119905,0121101,0133499,1031700,1033301,1033302,4623199,4631100,4632002,4632003,4633802,4634601,4634602,4634699,4637104,4637199,4721103,4722901,4724500,4729699;RUA;RUA CORONEL TIBURCIO;SN;;CENTRO;62370000;;;53751745000159;1547;2312304.0;São Benedito;SÃO BENEDITO;Serra da Ibiapaba;Serra da Ibiapaba;LOTE 29;INSTITUTO VEREDAS DA CIDADANIA;São Benedito;9.0;53.0;9.0;53.0;0.0;0.0;4.0;4.0;57.0;5.7;COOPERATIVA DOS PRODUTORES RURAIS DE SÃO BENEDITO;53751745000159.0;CAF Emitido;UNICAFES;31/12/2025;27/02/2024 14:19:39;27/05/2025 17:20:39;46.0;37.0;93,48;53751745000159
2495;CÁRITAS DIOCESANA DE TIANGUA;1287149;20241031001320900;44965.2;2024-10-31;53751745000159;COOPSB;Nota Fiscal;211;Gêneros Alimentícios ( Proteínas, Carboidratos, Hortaliças, Sódios e Lipídios);44965.2;628;3975.0;2024-11-01;1;1ªQuinzena;nov.;2024;Efetivada;53751745000159;53751745;0001;59;1;COOPSB;02;20240201;00;4633801;0119905,0121101,0133499,1031700,1033301,1033302,4623199,4631100,4632002,4632003,4633802,4634601,4634602,4634699,4637104,4637199,4721103,4722901,4724500,4729699;RUA;RUA CORONEL TIBURCIO;SN;;CENTRO;62370000;;;53751745000159;1547;2312304.0;São Benedito;SÃO BENEDITO;Serra da Ibiapaba;Serra da Ibiapaba;LOTE 29;INSTITUTO VEREDAS DA CIDADANIA;São Benedito;9.0;53.0;9.0;53.0;0.0;0.0;4.0;4.0;57.0;5.7;COOPERATIVA DOS PRODUTORES RURAIS DE SÃO BENEDITO;53751745000159.0;CAF Emitido;UNICAFES;31/12/2025;27/02/2024 14:19:39;27/05/2025 17:20:39;46.0;37.0;93,48;53751745000159
2548;CÁRITAS DIOCESANA DE TIANGUA;1287149;20241114001328200;35446.4;2024-11-14;53751745000159;COOPSB;Nota Fiscal;211;Gêneros Alimentícios ( Proteínas, Carboidratos, Hortaliças, Sódios e Lipídios);35446.4;703;2385.0;2024-11-18;18;2ªQuinzena;nov.;2024;Efetivada;53751745000159;53751745;0001;59;1;COOPSB;02;20240201;00;4633801;0119905,0121101,0133499,1031700,1033301,1033302,4623199,4631100,4632002,4632003,4633802,4634601,4634602,4634699,4637104,4637199,4721103,4722901,4724500,4729699;RUA;RUA CORONEL TIBURCIO;SN;;CENTRO;62370000;;;53751745000159;1547;2312304.0;São Benedito;SÃO BENEDITO;Serra da Ibiapaba;Serra da Ibiapaba;LOTE 29;INSTITUTO VEREDAS DA CIDADANIA;São Benedito;9.0;53.0;9.0;53.0;0.0;0.0;4.0;4.0;57.0;5.7;COOPERATIVA DOS PRODUTORES RURAIS DE SÃO BENEDITO;53751745000159.0;CAF Emitido;UNICAFES;31/12/2025;27/02/2024 14:19:39;27/05/2025 17:20:39;46.0;37.0;93,48;53751745000159
2571;CÁRITAS DIOCESANA DE TIANGUA;1287149;20241128001337300;44965.2;2024-11-28;53751745000159;COOPSB;Nota Fiscal;211;Gêneros Alimentícios ( Proteínas, Carboidratos, Hortaliças, Sódios e Lipídios);44965.2;764;3975.0;2024-11-29;29;2ªQuinzena;nov.;2024;Efetivada;53751745000159;53751745;0001;59;1;COOPSB;02;20240201;00;4633801;0119905,0121101,0133499,1031700,1033301,1033302,4623199,4631100,4632002,4632003,4633802,4634601,4634602,4634699,4637104,4637199,4721103,4722901,4724500,4729699;RUA;RUA CORONEL TIBURCIO;SN;;CENTRO;62370000;;;53751745000159;1547;2312304.0;São Benedito;SÃO BENEDITO;Serra da Ibiapaba;Serra da Ibiapaba;LOTE 29;INSTITUTO VEREDAS DA CIDADANIA;São Benedito;9.0;53.0;9.0;53.0;0.0;0.0;4.0;4.0;57.0;5.7;COOPERATIVA DOS PRODUTORES RURAIS DE SÃO BENEDITO;53751745000159.0;CAF Emitido;UNICAFES;31/12/2025;27/02/2024 14:19:39;27/05/2025 17:20:39;46.0;37.0;93,48;53751745000159
2614;CÁRITAS DIOCESANA DE TIANGUA;1287149;20241222001354300;64236.0;2024-12-22;53751745000159;COOPSB;Nota Fiscal;211;Gêneros Alimentícios ( Proteínas, Carboidratos, Hortaliças, Sódios e Lipídios);64236.0;857;4770.0;2024-12-23;23;2ªQuinzena;dez.;2024;Efetivada;53751745000159;53751745;0001;59;1;COOPSB;02;20240201;00;4633801;0119905,0121101,0133499,1031700,1033301,1033302,4623199,4631100,4632002,4632003,4633802,4634601,4634602,4634699,4637104,4637199,4721103,4722901,4724500,4729699;RUA;RUA CORONEL TIBURCIO;SN;;CENTRO;62370000;;;53751745000159;1547;2312304.0;São Benedito;SÃO BENEDITO;Serra da Ibiapaba;Serra da Ibiapaba;LOTE 29;INSTITUTO VEREDAS DA CIDADANIA;São Benedito;9.0;53.0;9.0;53.0;0.0;0.0;4.0;4.0;57.0;5.7;COOPERATIVA DOS PRODUTORES RURAIS DE SÃO BENEDITO;53751745000159.0;CAF Emitido;UNICAFES;31/12/2025;27/02/2024 14:19:39;27/05/2025 17:20:39;46.0;37.0;93,48;53751745000159
2663;CÁRITAS DIOCESANA DE TIANGUA;1287149;20250115001364800;15866.4;2025-01-15;53751745000159;COOPSB;Nota Fiscal;211;Gêneros Alimentícios ( Proteínas, Carboidratos, Hortaliças, Sódios e Lipídios);15866.4;924;1590.0;2025-01-16;16;2ªQuinzena;jan.;2025;Efetivada;53751745000159;53751745;0001;59;1;COOPSB;02;20240201;00;4633801;0119905,0121101,0133499,1031700,1033301,1033302,4623199,4631100,4632002,4632003,4633802,4634601,4634602,4634699,4637104,4637199,4721103,4722901,4724500,4729699;RUA;RUA CORONEL TIBURCIO;SN;;CENTRO;62370000;;;53751745000159;1547;2312304.0;São Benedito;SÃO BENEDITO;Serra da Ibiapaba;Serra da Ibiapaba;LOTE 29;INSTITUTO VEREDAS DA CIDADANIA;São Benedito;9.0;53.0;9.0;53.0;0.0;0.0;4.0;4.0;57.0;5.7;COOPERATIVA DOS PRODUTORES RURAIS DE SÃO BENEDITO;53751745000159.0;CAF Emitido;UNICAFES;31/12/2025;27/02/2024 14:19:39;27/05/2025 17:20:39;46.0;37.0;93,48;53751745000159
2665;CÁRITAS DIOCESANA DE TIANGUA;1287149;20250116001365300;74969.84;2025-01-16;53751745000159;COOPSB;Nota Fiscal;211;Gêneros Alimentícios ( Proteínas, Carboidratos, Hortaliças, Sódios e Lipídios);74969.84;949;7125.0;2025-01-17;17;2ªQuinzena;jan.;2025;Efetivada;53751745000159;53751745;0001;59;1;COOPSB;02;20240201;00;4633801;0119905,0121101,0133499,1031700,1033301,1033302,4623199,4631100,4632002,4632003,4633802,4634601,4634602,4634699,4637104,4637199,4721103,4722901,4724500,4729699;RUA;RUA CORONEL TIBURCIO;SN;;CENTRO;62370000;;;53751745000159;1547;2312304.0;São Benedito;SÃO BENEDITO;Serra da Ibiapaba;Serra da Ibiapaba;LOTE 29;INSTITUTO VEREDAS DA CIDADANIA;São Benedito;9.0;53.0;9.0;53.0;0.0;0.0;4.0;4.0;57.0;5.7;COOPERATIVA DOS PRODUTORES RURAIS DE SÃO BENEDITO;53751745000159.0;CAF Emitido;UNICAFES;31/12/2025;27/02/2024 14:19:39;27/05/2025 17:20:39;46.0;37.0;93,48;53751745000159
2683;CÁRITAS DIOCESANA DE TIANGUA;1287149;20250203001372600;43740.0;2025-02-03;53751745000159;COOPSB;Nota Fiscal;211;Gêneros Alimentícios ( Proteínas, Carboidratos, Hortaliças, Sódios e Lipídios);43740.0;981;4005.0;2025-02-04;4;1ªQuinzena;fev.;2025;Efetivada;53751745000159;53751745;0001;59;1;COOPSB;02;20240201;00;4633801;0119905,0121101,0133499,1031700,1033301,1033302,4623199,4631100,4632002,4632003,4633802,4634601,4634602,4634699,4637104,4637199,4721103,4722901,4724500,4729699;RUA;RUA CORONEL TIBURCIO;SN;;CENTRO;62370000;;;53751745000159;1547;2312304.0;São Benedito;SÃO BENEDITO;Serra da Ibiapaba;Serra da Ibiapaba;LOTE 29;INSTITUTO VEREDAS DA CIDADANIA;São Benedito;9.0;53.0;9.0;53.0;0.0;0.0;4.0;4.0;57.0;5.7;COOPERATIVA DOS PRODUTORES RURAIS DE SÃO BENEDITO;53751745000159.0;CAF Emitido;UNICAFES;31/12/2025;27/02/2024 14:19:39;27/05/2025 17:20:39;46.0;37.0;93,48;53751745000159
2719;CÁRITAS DIOCESANA DE TIANGUA;1287149;20250217001377600;43576.6;2025-02-17;53751745000159;COOPSB;Nota Fiscal;211;Gêneros Alimentícios ( Proteínas, Carboidratos, Hortaliças, Sódios e Lipídios);43576.6;1073;3975.0;2025-02-18;18;2ªQuinzena;fev.;2025;Efetivada;53751745000159;53751745;0001;59;1;COOPSB;02;20240201;00;4633801;0119905,0121101,0133499,1031700,1033301,1033302,4623199,4631100,4632002,4632003,4633802,4634601,4634602,4634699,4637104,4637199,4721103,4722901,4724500,4729699;RUA;RUA CORONEL TIBURCIO;SN;;CENTRO;62370000;;;53751745000159;1547;2312304.0;São Benedito;SÃO BENEDITO;Serra da Ibiapaba;Serra da Ibiapaba;LOTE 29;INSTITUTO VEREDAS DA CIDADANIA;São Benedito;9.0;53.0;9.0;53.0;0.0;0.0;4.0;4.0;57.0;5.7;COOPERATIVA DOS PRODUTORES RURAIS DE SÃO BENEDITO;53751745000159.0;CAF Emitido;UNICAFES;31/12/2025;27/02/2024 14:19:39;27/05/2025 17:20:39;46.0;37.0;93,48;53751745000159
2726;CÁRITAS DIOCESANA DE TIANGUA;1287149;20250227001384200;22456.54;2025-02-27;53751745000159;COOPSB;Nota Fiscal;211;Gêneros Alimentícios ( Proteínas, Carboidratos, Hortaliças, Sódios e Lipídios);22456.54;1133;2385.0;2025-02-28;28;2ªQuinzena;fev.;2025;Efetivada;53751745000159;53751745;0001;59;1;COOPSB;02;20240201;00;4633801;0119905,0121101,0133499,1031700,1033301,1033302,4623199,4631100,4632002,4632003,4633802,4634601,4634602,4634699,4637104,4637199,4721103,4722901,4724500,4729699;RUA;RUA CORONEL TIBURCIO;SN;;CENTRO;62370000;;;53751745000159;1547;2312304.0;São Benedito;SÃO BENEDITO;Serra da Ibiapaba;Serra da Ibiapaba;LOTE 29;INSTITUTO VEREDAS DA CIDADANIA;São Benedito;9.0;53.0;9.0;53.0;0.0;0.0;4.0;4.0;57.0;5.7;COOPERATIVA DOS PRODUTORES RURAIS DE SÃO BENEDITO;53751745000159.0;CAF Emitido;UNICAFES;31/12/2025;27/02/2024 14:19:39;27/05/2025 17:20:39;46.0;37.0;93,48;53751745000159
2761;CÁRITAS DIOCESANA DE TIANGUA;1287149;20250401001396600;135008.0;2025-04-01;53751745000159;COOPSB;Nota Fiscal;211;Gêneros Alimentícios ( Proteínas, Carboidratos, Hortaliças, Sódios e Lipídios);135008.0;1291;15900.0;2025-04-02;2;1ªQuinzena;abr.;2025;Efetivada;53751745000159;53751745;0001;59;1;COOPSB;02;20240201;00;4633801;0119905,0121101,0133499,1031700,1033301,1033302,4623199,4631100,4632002,4632003,4633802,4634601,4634602,4634699,4637104,4637199,4721103,4722901,4724500,4729699;RUA;RUA CORONEL TIBURCIO;SN;;CENTRO;62370000;;;53751745000159;1547;2312304.0;São Benedito;SÃO BENEDITO;Serra da Ibiapaba;Serra da Ibiapaba;LOTE 29;INSTITUTO VEREDAS DA CIDADANIA;São Benedito;9.0;53.0;9.0;53.0;0.0;0.0;4.0;4.0;57.0;5.7;COOPERATIVA DOS PRODUTORES RURAIS DE SÃO BENEDITO;53751745000159.0;CAF Emitido;UNICAFES;31/12/2025;27/02/2024 14:19:39;27/05/2025 17:20:39;46.0;37.0;93,48;53751745000159
2790;CÁRITAS DIOCESANA DE TIANGUA;1287149;20250409001400600;95382.59;2025-04-09;53751745000159;COOPSB;Nota Fiscal;211;Gêneros Alimentícios ( Proteínas, Carboidratos, Hortaliças, Sódios e Lipídios);95382.59;1308;11070.0;2025-04-10;10;1ªQuinzena;abr.;2025;Efetivada;53751745000159;53751745;0001;59;1;COOPSB;02;20240201;00;4633801;0119905,0121101,0133499,1031700,1033301,1033302,4623199,4631100,4632002,4632003,4633802,4634601,4634602,4634699,4637104,4637199,4721103,4722901,4724500,4729699;RUA;RUA CORONEL TIBURCIO;SN;;CENTRO;62370000;;;53751745000159;1547;2312304.0;São Benedito;SÃO BENEDITO;Serra da Ibiapaba;Serra da Ibiapaba;LOTE 29;INSTITUTO VEREDAS DA CIDADANIA;São Benedito;9.0;53.0;9.0;53.0;0.0;0.0;4.0;4.0;57.0;5.7;COOPERATIVA DOS PRODUTORES RURAIS DE SÃO BENEDITO;53751745000159.0;CAF Emitido;UNICAFES;31/12/2025;27/02/2024 14:19:39;27/05/2025 17:20:39;46.0;37.0;93,48;53751745000159
2803;CÁRITAS DIOCESANA DE TIANGUA;1287149;20250501001408900;71224.87;2025-05-01;53751745000159;COOPSB;Nota Fiscal;211;Gêneros Alimentícios ( Proteínas, Carboidratos, Hortaliças, Sódios e Lipídios);71224.87;1394;8010.0;2025-05-02;2;1ªQuinzena;mai.;2025;Efetivada;53751745000159;53751745;0001;59;1;COOPSB;02;20240201;00;4633801;0119905,0121101,0133499,1031700,1033301,1033302,4623199,4631100,4632002,4632003,4633802,4634601,4634602,4634699,4637104,4637199,4721103,4722901,4724500,4729699;RUA;RUA CORONEL TIBURCIO;SN;;CENTRO;62370000;;;53751745000159;1547;2312304.0;São Benedito;SÃO BENEDITO;Serra da Ibiapaba;Serra da Ibiapaba;LOTE 29;INSTITUTO VEREDAS DA CIDADANIA;São Benedito;9.0;53.0;9.0;53.0;0.0;0.0;4.0;4.0;57.0;5.7;COOPERATIVA DOS PRODUTORES RURAIS DE SÃO BENEDITO;53751745000159.0;CAF Emitido;UNICAFES;31/12/2025;27/02/2024 14:19:39;27/05/2025 17:20:39;46.0;37.0;93,48;53751745000159
2831;CÁRITAS DIOCESANA DE TIANGUA;1287149;20250512001413200;66353.75;2025-05-12;53751745000159;COOPSB;Nota Fiscal;211;Gêneros Alimentícios ( Proteínas, Carboidratos, Hortaliças, Sódios e Lipídios);66353.75;1468;7050.0;2025-05-13;13;1ªQuinzena;mai.;2025;Efetivada;53751745000159;53751745;0001;59;1;COOPSB;02;20240201;00;4633801;0119905,0121101,0133499,1031700,1033301,1033302,4623199,4631100,4632002,4632003,4633802,4634601,4634602,4634699,4637104,4637199,4721103,4722901,4724500,4729699;RUA;RUA CORONEL TIBURCIO;SN;;CENTRO;62370000;;;53751745000159;1547;2312304.0;São Benedito;SÃO BENEDITO;Serra da Ibiapaba;Serra da Ibiapaba;LOTE 29;INSTITUTO VEREDAS DA CIDADANIA;São Benedito;9.0;53.0;9.0;53.0;0.0;0.0;4.0;4.0;57.0;5.7;COOPERATIVA DOS PRODUTORES RURAIS DE SÃO BENEDITO;53751745000159.0;CAF Emitido;UNICAFES;31/12/2025;27/02/2024 14:19:39;27/05/2025 17:20:39;46.0;37.0;93,48;53751745000159
2837;CÁRITAS DIOCESANA DE TIANGUA;1287149;20250530001421900;64885.89;2025-05-30;53751745000159;COOPSB;Nota Fiscal;211;Gêneros Alimentícios ( Proteínas, Carboidratos, Hortaliças, Sódios e Lipídios);64885.89;1557;6900.0;2025-06-02;2;1ªQuinzena;jun.;2025;Efetivada;53751745000159;53751745;0001;59;1;COOPSB;02;20240201;00;4633801;0119905,0121101,0133499,1031700,1033301,1033302,4623199,4631100,4632002,4632003,4633802,4634601,4634602,4634699,4637104,4637199,4721103,4722901,4724500,4729699;RUA;RUA CORONEL TIBURCIO;SN;;CENTRO;62370000;;;53751745000159;1547;2312304.0;São Benedito;SÃO BENEDITO;Serra da Ibiapaba;Serra da Ibiapaba;LOTE 29;INSTITUTO VEREDAS DA CIDADANIA;São Benedito;9.0;53.0;9.0;53.0;0.0;0.0;4.0;4.0;57.0;5.7;COOPERATIVA DOS PRODUTORES RURAIS DE SÃO BENEDITO;53751745000159.0;CAF Emitido;UNICAFES;31/12/2025;27/02/2024 14:19:39;27/05/2025 17:20:39;46.0;37.0;93,48;53751745000159
2841;CÁRITAS DIOCESANA DE TIANGUA;1287149;20250610001428500;20787.7;2025-06-10;53751745000159;COOPSB;Nota Fiscal;211;Gêneros Alimentícios ( Proteínas, Carboidratos, Hortaliças, Sódios e Lipídios);20787.7;1;360.0;2025-06-11;11;1ªQuinzena;jun.;2025;Efetivada;53751745000159;53751745;0001;59;1;COOPSB;02;20240201;00;4633801;0119905,0121101,0133499,1031700,1033301,1033302,4623199,4631100,4632002,4632003,4633802,4634601,4634602,4634699,4637104,4637199,4721103,4722901,4724500,4729699;RUA;RUA CORONEL TIBURCIO;SN;;CENTRO;62370000;;;53751745000159;1547;2312304.0;São Benedito;SÃO BENEDITO;Serra da Ibiapaba;Serra da Ibiapaba;LOTE 29;INSTITUTO VEREDAS DA CIDADANIA;São Benedito;9.0;53.0;9.0;53.0;0.0;0.0;4.0;4.0;57.0;5.7;COOPERATIVA DOS PRODUTORES RURAIS DE SÃO BENEDITO;53751745000159.0;CAF Emitido;UNICAFES;31/12/2025;27/02/2024 14:19:39;27/05/2025 17:20:39;46.0;37.0;93,48;53751745000159
2870;CÁRITAS DIOCESANA DE TIANGUA;1287149;20250629001436700;11960.0;2025-06-29;53751745000159;COOPSB;Nota Fiscal;211;Gêneros Alimentícios ( Proteínas, Carboidratos, Hortaliças, Sódios e Lipídios);11960.0;1695;2760.0;2025-06-30;30;2ªQuinzena;jun.;2025;Efetivada;53751745000159;53751745;0001;59;1;COOPSB;02;20240201;00;4633801;0119905,0121101,0133499,1031700,1033301,1033302,4623199,4631100,4632002,4632003,4633802,4634601,4634602,4634699,4637104,4637199,4721103,4722901,4724500,4729699;RUA;RUA CORONEL TIBURCIO;SN;;CENTRO;62370000;;;53751745000159;1547;2312304.0;São Benedito;SÃO BENEDITO;Serra da Ibiapaba;Serra da Ibiapaba;LOTE 29;INSTITUTO VEREDAS DA CIDADANIA;São Benedito;9.0;53.0;9.0;53.0;0.0;0.0;4.0;4.0;57.0;5.7;COOPERATIVA DOS PRODUTORES RURAIS DE SÃO BENEDITO;53751745000159.0;CAF Emitido;UNICAFES;31/12/2025;27/02/2024 14:19:39;27/05/2025 17:20:39;46.0;37.0;93,48;53751745000159
2932;INSTITUTO MARIA DA HORA;1284423;20240626001254000;43480.86;2024-06-26;35202279000170;COOPENORT;Nota Fiscal;211;Gêneros Alimentícios ( Proteínas, Carboidratos, Hortaliças, Sódios e Lipídios);43480.86;9557;43480.86;2024-06-27;27;2ªQuinzena;jun.;2024;Efetivada;35202279000170;35202279;0001;70;1;COOPENORT;02;20191016;00;4633801;0111302,0113000,0119902,0119904,0119905,0119906,0119907,0119908,0119909,0119999,0121101,0131800,0133402,0133403,0133408,0133409,0133410,0133499,0139399,0151201,0151202,0153901,0154700,0155501,0155505,0159801,0312401,0322101,1031700,1066000,4623106,4623109,4623199,4644302,4661300,4683400,4692300,4722902,4724500,4729699,4744001,4744099;RUA;DEPUTADO VICENTE RIBEIRO;438;;CENTRO;62375000;;;35202279000170;1367;2303402.0;Carnaubal;CARNAUBAL;Serra da Ibiapaba;Serra da Ibiapaba;LOTE 29;INSTITUTO VEREDAS DA CIDADANIA;Carnaubal;2.0;53.0;2.0;53.0;0.0;0.0;4.0;4.0;57.0;5.7;COOPERATIVA AGROPECUARIA DOS AGRICULTORES FAMILIARES DA REGIAO NORTE DO CEARA LT;35202279000170.0;CAF Emitido;;;29/09/2023 12:30:34;22/05/2025 08:50:46;75.0;42.0;97,33;35202279000170
2936;INSTITUTO MARIA DA HORA;1284423;20240729001271100;50002.99;2024-07-29;35202279000170;COOPENORT;Nota Fiscal;211;Gêneros Alimentícios ( Proteínas, Carboidratos, Hortaliças, Sódios e Lipídios);50002.99;10411;50002.99;2024-07-30;30;2ªQuinzena;jul.;2024;Efetivada;35202279000170;35202279;0001;70;1;COOPENORT;02;20191016;00;4633801;0111302,0113000,0119902,0119904,0119905,0119906,0119907,0119908,0119909,0119999,0121101,0131800,0133402,0133403,0133408,0133409,0133410,0133499,0139399,0151201,0151202,0153901,0154700,0155501,0155505,0159801,0312401,0322101,1031700,1066000,4623106,4623109,4623199,4644302,4661300,4683400,4692300,4722902,4724500,4729699,4744001,4744099;RUA;DEPUTADO VICENTE RIBEIRO;438;;CENTRO;62375000;;;35202279000170;1367;2303402.0;Carnaubal;CARNAUBAL;Serra da Ibiapaba;Serra da Ibiapaba;LOTE 29;INSTITUTO VEREDAS DA CIDADANIA;Carnaubal;2.0;53.0;2.0;53.0;0.0;0.0;4.0;4.0;57.0;5.7;COOPERATIVA AGROPECUARIA DOS AGRICULTORES FAMILIARES DA REGIAO NORTE DO CEARA LT;35202279000170.0;CAF Emitido;;;29/09/2023 12:30:34;22/05/2025 08:50:46;75.0;42.0;97,33;35202279000170
2944;INSTITUTO MARIA DA HORA;1284423;20240911001295300;65438.7;2024-09-11;35202279000170;COOPENORT;Nota Fiscal;211;Gêneros Alimentícios ( Proteínas, Carboidratos, Hortaliças, Sódios e Lipídios);65438.7;11450;65438.7;2024-09-12;12;1ªQuinzena;set.;2024;Efetivada;35202279000170;35202279;0001;70;1;COOPENORT;02;20191016;00;4633801;0111302,0113000,0119902,0119904,0119905,0119906,0119907,0119908,0119909,0119999,0121101,0131800,0133402,0133403,0133408,0133409,0133410,0133499,0139399,0151201,0151202,0153901,0154700,0155501,0155505,0159801,0312401,0322101,1031700,1066000,4623106,4623109,4623199,4644302,4661300,4683400,4692300,4722902,4724500,4729699,4744001,4744099;RUA;DEPUTADO VICENTE RIBEIRO;438;;CENTRO;62375000;;;35202279000170;1367;2303402.0;Carnaubal;CARNAUBAL;Serra da Ibiapaba;Serra da Ibiapaba;LOTE 29;INSTITUTO VEREDAS DA CIDADANIA;Carnaubal;2.0;53.0;2.0;53.0;0.0;0.0;4.0;4.0;57.0;5.7;COOPERATIVA AGROPECUARIA DOS AGRICULTORES FAMILIARES DA REGIAO NORTE DO CEARA LT;35202279000170.0;CAF Emitido;;;29/09/2023 12:30:34;22/05/2025 08:50:46;75.0;42.0;97,33;35202279000170
2951;INSTITUTO MARIA DA HORA;1284423;20241014001311400;65438.59;2024-10-14;35202279000170;COOPENORT;Nota Fiscal;211;Gêneros Alimentícios ( Proteínas, Carboidratos, Hortaliças, Sódios e Lipídios);65438.59;12435;65438.59;2024-10-15;15;1ªQuinzena;out.;2024;Efetivada;35202279000170;35202279;0001;70;1;COOPENORT;02;20191016;00;4633801;0111302,0113000,0119902,0119904,0119905,0119906,0119907,0119908,0119909,0119999,0121101,0131800,0133402,0133403,0133408,0133409,0133410,0133499,0139399,0151201,0151202,0153901,0154700,0155501,0155505,0159801,0312401,0322101,1031700,1066000,4623106,4623109,4623199,4644302,4661300,4683400,4692300,4722902,4724500,4729699,4744001,4744099;RUA;DEPUTADO VICENTE RIBEIRO;438;;CENTRO;62375000;;;35202279000170;1367;2303402.0;Carnaubal;CARNAUBAL;Serra da Ibiapaba;Serra da Ibiapaba;LOTE 29;INSTITUTO VEREDAS DA CIDADANIA;Carnaubal;2.0;53.0;2.0;53.0;0.0;0.0;4.0;4.0;57.0;5.7;COOPERATIVA AGROPECUARIA DOS AGRICULTORES FAMILIARES DA REGIAO NORTE DO CEARA LT;35202279000170.0;CAF Emitido;;;29/09/2023 12:30:34;22/05/2025 08:50:46;75.0;42.0;97,33;35202279000170
2955;INSTITUTO MARIA DA HORA;1284423;20241101001321300;61670.35;2024-11-01;35202279000170;COOPENORT;Nota Fiscal;211;Gêneros Alimentícios ( Proteínas, Carboidratos, Hortaliças, Sódios e Lipídios);61670.35;13188;61670.35;2024-11-04;4;1ªQuinzena;nov.;2024;Efetivada;35202279000170;35202279;0001;70;1;COOPENORT;02;20191016;00;4633801;0111302,0113000,0119902,0119904,0119905,0119906,0119907,0119908,0119909,0119999,0121101,0131800,0133402,0133403,0133408,0133409,0133410,0133499,0139399,0151201,0151202,0153901,0154700,0155501,0155505,0159801,0312401,0322101,1031700,1066000,4623106,4623109,4623199,4644302,4661300,4683400,4692300,4722902,4724500,4729699,4744001,4744099;RUA;DEPUTADO VICENTE RIBEIRO;438;;CENTRO;62375000;;;35202279000170;1367;2303402.0;Carnaubal;CARNAUBAL;Serra da Ibiapaba;Serra da Ibiapaba;LOTE 29;INSTITUTO VEREDAS DA CIDADANIA;Carnaubal;2.0;53.0;2.0;53.0;0.0;0.0;4.0;4.0;57.0;5.7;COOPERATIVA AGROPECUARIA DOS AGRICULTORES FAMILIARES DA REGIAO NORTE DO CEARA LT;35202279000170.0;CAF Emitido;;;29/09/2023 12:30:34;22/05/2025 08:50:46;75.0;42.0;97,33;35202279000170
2961;INSTITUTO MARIA DA HORA;1284423;20241204001340600;50945.08;2024-12-04;35202279000170;COOPENORT;Nota Fiscal;211;Gêneros Alimentícios ( Proteínas, Carboidratos, Hortaliças, Sódios e Lipídios);50945.08;14080;50945.08;2024-12-05;5;1ªQuinzena;dez.;2024;Efetivada;35202279000170;35202279;0001;70;1;COOPENORT;02;20191016;00;4633801;0111302,0113000,0119902,0119904,0119905,0119906,0119907,0119908,0119909,0119999,0121101,0131800,0133402,0133403,0133408,0133409,0133410,0133499,0139399,0151201,0151202,0153901,0154700,0155501,0155505,0159801,0312401,0322101,1031700,1066000,4623106,4623109,4623199,4644302,4661300,4683400,4692300,4722902,4724500,4729699,4744001,4744099;RUA;DEPUTADO VICENTE RIBEIRO;438;;CENTRO;62375000;;;35202279000170;1367;2303402.0;Carnaubal;CARNAUBAL;Serra da Ibiapaba;Serra da Ibiapaba;LOTE 29;INSTITUTO VEREDAS DA CIDADANIA;Carnaubal;2.0;53.0;2.0;53.0;0.0;0.0;4.0;4.0;57.0;5.7;COOPERATIVA AGROPECUARIA DOS AGRICULTORES FAMILIARES DA REGIAO NORTE DO CEARA LT;35202279000170.0;CAF Emitido;;;29/09/2023 12:30:34;22/05/2025 08:50:46;75.0;42.0;97,33;35202279000170
2966;INSTITUTO MARIA DA HORA;1284423;20250107001361900;50945.08;2025-01-07;35202279000170;COOPENORT;Nota Fiscal;211;Gêneros Alimentícios ( Proteínas, Carboidratos, Hortaliças, Sódios e Lipídios);50945.08;14858;50945.08;2025-01-08;8;1ªQuinzena;jan.;2025;Efetivada;35202279000170;35202279;0001;70;1;COOPENORT;02;20191016;00;4633801;0111302,0113000,0119902,0119904,0119905,0119906,0119907,0119908,0119909,0119999,0121101,0131800,0133402,0133403,0133408,0133409,0133410,0133499,0139399,0151201,0151202,0153901,0154700,0155501,0155505,0159801,0312401,0322101,1031700,1066000,4623106,4623109,4623199,4644302,4661300,4683400,4692300,4722902,4724500,4729699,4744001,4744099;RUA;DEPUTADO VICENTE RIBEIRO;438;;CENTRO;62375000;;;35202279000170;1367;2303402.0;Carnaubal;CARNAUBAL;Serra da Ibiapaba;Serra da Ibiapaba;LOTE 29;INSTITUTO VEREDAS DA CIDADANIA;Carnaubal;2.0;53.0;2.0;53.0;0.0;0.0;4.0;4.0;57.0;5.7;COOPERATIVA AGROPECUARIA DOS AGRICULTORES FAMILIARES DA REGIAO NORTE DO CEARA LT;35202279000170.0;CAF Emitido;;;29/09/2023 12:30:34;22/05/2025 08:50:46;75.0;42.0;97,33;35202279000170
2971;INSTITUTO MARIA DA HORA;1284423;20250128001368600;58989.02;2025-01-28;35202279000170;COOPENORT;Nota Fiscal;211;Gêneros Alimentícios ( Proteínas, Carboidratos, Hortaliças, Sódios e Lipídios);58989.02;15225;58989.02;2025-01-29;29;2ªQuinzena;jan.;2025;Efetivada;35202279000170;35202279;0001;70;1;COOPENORT;02;20191016;00;4633801;0111302,0113000,0119902,0119904,0119905,0119906,0119907,0119908,0119909,0119999,0121101,0131800,0133402,0133403,0133408,0133409,0133410,0133499,0139399,0151201,0151202,0153901,0154700,0155501,0155505,0159801,0312401,0322101,1031700,1066000,4623106,4623109,4623199,4644302,4661300,4683400,4692300,4722902,4724500,4729699,4744001,4744099;RUA;DEPUTADO VICENTE RIBEIRO;438;;CENTRO;62375000;;;35202279000170;1367;2303402.0;Carnaubal;CARNAUBAL;Serra da Ibiapaba;Serra da Ibiapaba;LOTE 29;INSTITUTO VEREDAS DA CIDADANIA;Carnaubal;2.0;53.0;2.0;53.0;0.0;0.0;4.0;4.0;57.0;5.7;COOPERATIVA AGROPECUARIA DOS AGRICULTORES FAMILIARES DA REGIAO NORTE DO CEARA LT;35202279000170.0;CAF Emitido;;;29/09/2023 12:30:34;22/05/2025 08:50:46;75.0;42.0;97,33;35202279000170
2977;INSTITUTO MARIA DA HORA;1284423;20250226001382100;52592.99;2025-02-26;35202279000170;COOPENORT;Nota Fiscal;211;Gêneros Alimentícios ( Proteínas, Carboidratos, Hortaliças, Sódios e Lipídios);52592.99;15790;52592.99;2025-02-27;27;2ªQuinzena;fev.;2025;Efetivada;35202279000170;35202279;0001;70;1;COOPENORT;02;20191016;00;4633801;0111302,0113000,0119902,0119904,0119905,0119906,0119907,0119908,0119909,0119999,0121101,0131800,0133402,0133403,0133408,0133409,0133410,0133499,0139399,0151201,0151202,0153901,0154700,0155501,0155505,0159801,0312401,0322101,1031700,1066000,4623106,4623109,4623199,4644302,4661300,4683400,4692300,4722902,4724500,4729699,4744001,4744099;RUA;DEPUTADO VICENTE RIBEIRO;438;;CENTRO;62375000;;;35202279000170;1367;2303402.0;Carnaubal;CARNAUBAL;Serra da Ibiapaba;Serra da Ibiapaba;LOTE 29;INSTITUTO VEREDAS DA CIDADANIA;Carnaubal;2.0;53.0;2.0;53.0;0.0;0.0;4.0;4.0;57.0;5.7;COOPERATIVA AGROPECUARIA DOS AGRICULTORES FAMILIARES DA REGIAO NORTE DO CEARA LT;35202279000170.0;CAF Emitido;;;29/09/2023 12:30:34;22/05/2025 08:50:46;75.0;42.0;97,33;35202279000170
2985;INSTITUTO MARIA DA HORA;1284423;20250410001400900;67387.1;2025-04-10;35202279000170;COOPENORT;Nota Fiscal;211;Gêneros Alimentícios ( Proteínas, Carboidratos, Hortaliças, Sódios e Lipídios);67387.1;17024;67387.1;2025-04-11;11;1ªQuinzena;abr.;2025;Efetivada;35202279000170;35202279;0001;70;1;COOPENORT;02;20191016;00;4633801;0111302,0113000,0119902,0119904,0119905,0119906,0119907,0119908,0119909,0119999,0121101,0131800,0133402,0133403,0133408,0133409,0133410,0133499,0139399,0151201,0151202,0153901,0154700,0155501,0155505,0159801,0312401,0322101,1031700,1066000,4623106,4623109,4623199,4644302,4661300,4683400,4692300,4722902,4724500,4729699,4744001,4744099;RUA;DEPUTADO VICENTE RIBEIRO;438;;CENTRO;62375000;;;35202279000170;1367;2303402.0;Carnaubal;CARNAUBAL;Serra da Ibiapaba;Serra da Ibiapaba;LOTE 29;INSTITUTO VEREDAS DA CIDADANIA;Carnaubal;2.0;53.0;2.0;53.0;0.0;0.0;4.0;4.0;57.0;5.7;COOPERATIVA AGROPECUARIA DOS AGRICULTORES FAMILIARES DA REGIAO NORTE DO CEARA LT;35202279000170.0;CAF Emitido;;;29/09/2023 12:30:34;22/05/2025 08:50:46;75.0;42.0;97,33;35202279000170
2995;INSTITUTO MARIA DA HORA;1284423;20250509001412700;25667.27;2025-05-09;32524122000173;COOPADES - COOPERATIVA DA AGRICULTURA FAMILIAR E DO DESENVOLVIMENTO SOLIDARIO;Nota Fiscal;211;Gêneros Alimentícios ( Proteínas, Carboidratos, Hortaliças, Sódios e Lipídios);25667.27;7998;25667.27;2025-05-12;12;1ªQuinzena;mai.;2025;Efetivada;32524122000173;32524122;0001;73;1;COOPADES;02;20190122;00;0161099;0111302,0119901,0119905,0119906,0133402,0133408,0133410,0133499,0151201,0151202,0153901,0154700,0155501,0155502,0155503,0155504,0155505,0321301,0322101,1011203;AVENIDA;DA ASSOCIACAO;000;;MATA FRESCA;62808000;;;32524122000173;1321;2301109.0;Aracati;ARACATI;Litoral Leste;Litoral Leste;LOTE 17;IMBRA;Aracati;18.0;35.0;17.0;34.0;1.0;1.0;2.0;3.0;37.0;3.7;COOPADES - COOPERATIVA DA AGRICULTURA FAMILIAR E DESENVOLVIMENTO SOLIDARIO;32524122000173.0;Finalizado;OCB;11/05/2025;19/09/2022 09:50:22;08/07/2025 17:28:14;232.0;60.0;98,71;32524122000173
3008;INSTITUTO DE ARTE E CIDADANIA DO CEARA;1285023;20230926001092200;870042.54;2023-09-26;32524122000173;COOPADES - COOPERATIVA DA AGRICULTURA FAMILIAR E DO DESENVOLVIMENTO SOLIDARIO;Nota Fiscal;211;Gêneros Alimentícios ( Proteínas, Carboidratos, Hortaliças, Sódios e Lipídios);870042.54;859;870042.54;2023-09-27;27;2ªQuinzena;set.;2023;Efetivada;32524122000173;32524122;0001;73;1;COOPADES;02;20190122;00;0161099;0111302,0119901,0119905,0119906,0133402,0133408,0133410,0133499,0151201,0151202,0153901,0154700,0155501,0155502,0155503,0155504,0155505,0321301,0322101,1011203;AVENIDA;DA ASSOCIACAO;000;;MATA FRESCA;62808000;;;32524122000173;1321;2301109.0;Aracati;ARACATI;Litoral Leste;Litoral Leste;LOTE 17;IMBRA;Aracati;18.0;35.0;17.0;34.0;1.0;1.0;2.0;3.0;37.0;3.7;COOPADES - COOPERATIVA DA AGRICULTURA FAMILIAR E DESENVOLVIMENTO SOLIDARIO;32524122000173.0;Finalizado;OCB;11/05/2025;19/09/2022 09:50:22;08/07/2025 17:28:14;232.0;60.0;98,71;32524122000173
3032;INSTITUTO DE ARTE E CIDADANIA DO CEARA;1285023;20231114001121900;324508.8;2023-11-14;32524122000173;COOPADES - COOPERATIVA DA AGRICULTURA FAMILIAR E DO DESENVOLVIMENTO SOLIDARIO;Nota Fiscal;211;Gêneros Alimentícios ( Proteínas, Carboidratos, Hortaliças, Sódios e Lipídios);324508.8;1082;324508.8;2023-11-16;16;2ªQuinzena;nov.;2023;Efetivada;32524122000173;32524122;0001;73;1;COOPADES;02;20190122;00;0161099;0111302,0119901,0119905,0119906,0133402,0133408,0133410,0133499,0151201,0151202,0153901,0154700,0155501,0155502,0155503,0155504,0155505,0321301,0322101,1011203;AVENIDA;DA ASSOCIACAO;000;;MATA FRESCA;62808000;;;32524122000173;1321;2301109.0;Aracati;ARACATI;Litoral Leste;Litoral Leste;LOTE 17;IMBRA;Aracati;18.0;35.0;17.0;34.0;1.0;1.0;2.0;3.0;37.0;3.7;COOPADES - COOPERATIVA DA AGRICULTURA FAMILIAR E DESENVOLVIMENTO SOLIDARIO;32524122000173.0;Finalizado;OCB;11/05/2025;19/09/2022 09:50:22;08/07/2025 17:28:14;232.0;60.0;98,71;32524122000173
3033;INSTITUTO DE ARTE E CIDADANIA DO CEARA;1285023;20231114001122000;56982.24;2023-11-14;32524122000173;COOPADES - COOPERATIVA DA AGRICULTURA FAMILIAR E DO DESENVOLVIMENTO SOLIDARIO;Nota Fiscal;211;Gêneros Alimentícios ( Proteínas, Carboidratos, Hortaliças, Sódios e Lipídios);56982.24;1083;56982.24;2023-11-16;16;2ªQuinzena;nov.;2023;Efetivada;32524122000173;32524122;0001;73;1;COOPADES;02;20190122;00;0161099;0111302,0119901,0119905,0119906,0133402,0133408,0133410,0133499,0151201,0151202,0153901,0154700,0155501,0155502,0155503,0155504,0155505,0321301,0322101,1011203;AVENIDA;DA ASSOCIACAO;000;;MATA FRESCA;62808000;;;32524122000173;1321;2301109.0;Aracati;ARACATI;Litoral Leste;Litoral Leste;LOTE 17;IMBRA;Aracati;18.0;35.0;17.0;34.0;1.0;1.0;2.0;3.0;37.0;3.7;COOPADES - COOPERATIVA DA AGRICULTURA FAMILIAR E DESENVOLVIMENTO SOLIDARIO;32524122000173.0;Finalizado;OCB;11/05/2025;19/09/2022 09:50:22;08/07/2025 17:28:14;232.0;60.0;98,71;32524122000173
3034;INSTITUTO DE ARTE E CIDADANIA DO CEARA;1285023;20231114001122100;72186.0;2023-11-14;32524122000173;COOPADES - COOPERATIVA DA AGRICULTURA FAMILIAR E DO DESENVOLVIMENTO SOLIDARIO;Nota Fiscal;211;Gêneros Alimentícios ( Proteínas, Carboidratos, Hortaliças, Sódios e Lipídios);72186.0;1071;72186.0;2023-11-16;16;2ªQuinzena;nov.;2023;Efetivada;32524122000173;32524122;0001;73;1;COOPADES;02;20190122;00;0161099;0111302,0119901,0119905,0119906,0133402,0133408,0133410,0133499,0151201,0151202,0153901,0154700,0155501,0155502,0155503,0155504,0155505,0321301,0322101,1011203;AVENIDA;DA ASSOCIACAO;000;;MATA FRESCA;62808000;;;32524122000173;1321;2301109.0;Aracati;ARACATI;Litoral Leste;Litoral Leste;LOTE 17;IMBRA;Aracati;18.0;35.0;17.0;34.0;1.0;1.0;2.0;3.0;37.0;3.7;COOPADES - COOPERATIVA DA AGRICULTURA FAMILIAR E DESENVOLVIMENTO SOLIDARIO;32524122000173.0;Finalizado;OCB;11/05/2025;19/09/2022 09:50:22;08/07/2025 17:28:14;232.0;60.0;98,71;32524122000173
3035;INSTITUTO DE ARTE E CIDADANIA DO CEARA;1285023;20231116001123000;417225.6;2023-11-16;32524122000173;COOPADES - COOPERATIVA DA AGRICULTURA FAMILIAR E DO DESENVOLVIMENTO SOLIDARIO;Nota Fiscal;211;Gêneros Alimentícios ( Proteínas, Carboidratos, Hortaliças, Sódios e Lipídios);417225.6;1104;417225.6;2023-11-17;17;2ªQuinzena;nov.;2023;Efetivada;32524122000173;32524122;0001;73;1;COOPADES;02;20190122;00;0161099;0111302,0119901,0119905,0119906,0133402,0133408,0133410,0133499,0151201,0151202,0153901,0154700,0155501,0155502,0155503,0155504,0155505,0321301,0322101,1011203;AVENIDA;DA ASSOCIACAO;000;;MATA FRESCA;62808000;;;32524122000173;1321;2301109.0;Aracati;ARACATI;Litoral Leste;Litoral Leste;LOTE 17;IMBRA;Aracati;18.0;35.0;17.0;34.0;1.0;1.0;2.0;3.0;37.0;3.7;COOPADES - COOPERATIVA DA AGRICULTURA FAMILIAR E DESENVOLVIMENTO SOLIDARIO;32524122000173.0;Finalizado;OCB;11/05/2025;19/09/2022 09:50:22;08/07/2025 17:28:14;232.0;60.0;98,71;32524122000173
3066;INSTITUTO DE ARTE E CIDADANIA DO CEARA;1285023;20240104001162900;413089.2;2024-01-04;32524122000173;COOPADES - COOPERATIVA DA AGRICULTURA FAMILIAR E DO DESENVOLVIMENTO SOLIDARIO;Nota Fiscal;211;Gêneros Alimentícios ( Proteínas, Carboidratos, Hortaliças, Sódios e Lipídios);413089.2;1286;413089.2;2024-01-05;5;1ªQuinzena;jan.;2024;Efetivada;32524122000173;32524122;0001;73;1;COOPADES;02;20190122;00;0161099;0111302,0119901,0119905,0119906,0133402,0133408,0133410,0133499,0151201,0151202,0153901,0154700,0155501,0155502,0155503,0155504,0155505,0321301,0322101,1011203;AVENIDA;DA ASSOCIACAO;000;;MATA FRESCA;62808000;;;32524122000173;1321;2301109.0;Aracati;ARACATI;Litoral Leste;Litoral Leste;LOTE 17;IMBRA;Aracati;18.0;35.0;17.0;34.0;1.0;1.0;2.0;3.0;37.0;3.7;COOPADES - COOPERATIVA DA AGRICULTURA FAMILIAR E DESENVOLVIMENTO SOLIDARIO;32524122000173.0;Finalizado;OCB;11/05/2025;19/09/2022 09:50:22;08/07/2025 17:28:14;232.0;60.0;98,71;32524122000173
3067;INSTITUTO DE ARTE E CIDADANIA DO CEARA;1285023;20240104001162900;321291.6;2024-01-04;32524122000173;COOPADES - COOPERATIVA DA AGRICULTURA FAMILIAR E DO DESENVOLVIMENTO SOLIDARIO;Nota Fiscal;211;Gêneros Alimentícios ( Proteínas, Carboidratos, Hortaliças, Sódios e Lipídios);321291.6;1295;321291.6;2024-01-05;5;1ªQuinzena;jan.;2024;Efetivada;32524122000173;32524122;0001;73;1;COOPADES;02;20190122;00;0161099;0111302,0119901,0119905,0119906,0133402,0133408,0133410,0133499,0151201,0151202,0153901,0154700,0155501,0155502,0155503,0155504,0155505,0321301,0322101,1011203;AVENIDA;DA ASSOCIACAO;000;;MATA FRESCA;62808000;;;32524122000173;1321;2301109.0;Aracati;ARACATI;Litoral Leste;Litoral Leste;LOTE 17;IMBRA;Aracati;18.0;35.0;17.0;34.0;1.0;1.0;2.0;3.0;37.0;3.7;COOPADES - COOPERATIVA DA AGRICULTURA FAMILIAR E DESENVOLVIMENTO SOLIDARIO;32524122000173.0;Finalizado;OCB;11/05/2025;19/09/2022 09:50:22;08/07/2025 17:28:14;232.0;60.0;98,71;32524122000173
3068;INSTITUTO DE ARTE E CIDADANIA DO CEARA;1285023;20240105001163600;39459.0;2024-01-05;32524122000173;COOPADES - COOPERATIVA DA AGRICULTURA FAMILIAR E DO DESENVOLVIMENTO SOLIDARIO;Nota Fiscal;211;Gêneros Alimentícios ( Proteínas, Carboidratos, Hortaliças, Sódios e Lipídios);39459.0;1300;39459.0;2024-01-08;8;1ªQuinzena;jan.;2024;Efetivada;32524122000173;32524122;0001;73;1;COOPADES;02;20190122;00;0161099;0111302,0119901,0119905,0119906,0133402,0133408,0133410,0133499,0151201,0151202,0153901,0154700,0155501,0155502,0155503,0155504,0155505,0321301,0322101,1011203;AVENIDA;DA ASSOCIACAO;000;;MATA FRESCA;62808000;;;32524122000173;1321;2301109.0;Aracati;ARACATI;Litoral Leste;Litoral Leste;LOTE 17;IMBRA;Aracati;18.0;35.0;17.0;34.0;1.0;1.0;2.0;3.0;37.0;3.7;COOPADES - COOPERATIVA DA AGRICULTURA FAMILIAR E DESENVOLVIMENTO SOLIDARIO;32524122000173.0;Finalizado;OCB;11/05/2025;19/09/2022 09:50:22;08/07/2025 17:28:14;232.0;60.0;98,71;32524122000173
3070;INSTITUTO DE ARTE E CIDADANIA DO CEARA;1285023;20240108001164300;50733.0;2024-01-08;32524122000173;COOPADES - COOPERATIVA DA AGRICULTURA FAMILIAR E DO DESENVOLVIMENTO SOLIDARIO;Nota Fiscal;211;Gêneros Alimentícios ( Proteínas, Carboidratos, Hortaliças, Sódios e Lipídios);50733.0;1307;50733.0;2024-01-09;9;1ªQuinzena;jan.;2024;Efetivada;32524122000173;32524122;0001;73;1;COOPADES;02;20190122;00;0161099;0111302,0119901,0119905,0119906,0133402,0133408,0133410,0133499,0151201,0151202,0153901,0154700,0155501,0155502,0155503,0155504,0155505,0321301,0322101,1011203;AVENIDA;DA ASSOCIACAO;000;;MATA FRESCA;62808000;;;32524122000173;1321;2301109.0;Aracati;ARACATI;Litoral Leste;Litoral Leste;LOTE 17;IMBRA;Aracati;18.0;35.0;17.0;34.0;1.0;1.0;2.0;3.0;37.0;3.7;COOPADES - COOPERATIVA DA AGRICULTURA FAMILIAR E DESENVOLVIMENTO SOLIDARIO;32524122000173.0;Finalizado;OCB;11/05/2025;19/09/2022 09:50:22;08/07/2025 17:28:14;232.0;60.0;98,71;32524122000173
3151;INSTITUTO DE ARTE E CIDADANIA DO CEARA;1285023;20240416001219500;440544.0;2024-04-16;32524122000173;COOPADES - COOPERATIVA DA AGRICULTURA FAMILIAR E DO DESENVOLVIMENTO SOLIDARIO;Nota Fiscal;211;Gêneros Alimentícios ( Proteínas, Carboidratos, Hortaliças, Sódios e Lipídios);440544.0;1596;440544.0;2024-04-17;17;2ªQuinzena;abr.;2024;Efetivada;32524122000173;32524122;0001;73;1;COOPADES;02;20190122;00;0161099;0111302,0119901,0119905,0119906,0133402,0133408,0133410,0133499,0151201,0151202,0153901,0154700,0155501,0155502,0155503,0155504,0155505,0321301,0322101,1011203;AVENIDA;DA ASSOCIACAO;000;;MATA FRESCA;62808000;;;32524122000173;1321;2301109.0;Aracati;ARACATI;Litoral Leste;Litoral Leste;LOTE 17;IMBRA;Aracati;18.0;35.0;17.0;34.0;1.0;1.0;2.0;3.0;37.0;3.7;COOPADES - COOPERATIVA DA AGRICULTURA FAMILIAR E DESENVOLVIMENTO SOLIDARIO;32524122000173.0;Finalizado;OCB;11/05/2025;19/09/2022 09:50:22;08/07/2025 17:28:14;232.0;60.0;98,71;32524122000173
3152;INSTITUTO DE ARTE E CIDADANIA DO CEARA;1285023;20240521001236200;223567.96;2024-05-21;32524122000173;COOPADES - COOPERATIVA DA AGRICULTURA FAMILIAR E DO DESENVOLVIMENTO SOLIDARIO;Nota Fiscal;211;Gêneros Alimentícios ( Proteínas, Carboidratos, Hortaliças, Sódios e Lipídios);223567.96;1707;223567.96;2024-05-22;22;2ªQuinzena;mai.;2024;Efetivada;32524122000173;32524122;0001;73;1;COOPADES;02;20190122;00;0161099;0111302,0119901,0119905,0119906,0133402,0133408,0133410,0133499,0151201,0151202,0153901,0154700,0155501,0155502,0155503,0155504,0155505,0321301,0322101,1011203;AVENIDA;DA ASSOCIACAO;000;;MATA FRESCA;62808000;;;32524122000173;1321;2301109.0;Aracati;ARACATI;Litoral Leste;Litoral Leste;LOTE 17;IMBRA;Aracati;18.0;35.0;17.0;34.0;1.0;1.0;2.0;3.0;37.0;3.7;COOPADES - COOPERATIVA DA AGRICULTURA FAMILIAR E DESENVOLVIMENTO SOLIDARIO;32524122000173.0;Finalizado;OCB;11/05/2025;19/09/2022 09:50:22;08/07/2025 17:28:14;232.0;60.0;98,71;32524122000173
3153;INSTITUTO DE ARTE E CIDADANIA DO CEARA;1285023;20240604001243800;299851.03;2024-06-04;32524122000173;COOPADES - COOPERATIVA DA AGRICULTURA FAMILIAR E DO DESENVOLVIMENTO SOLIDARIO;Nota Fiscal;211;Gêneros Alimentícios ( Proteínas, Carboidratos, Hortaliças, Sódios e Lipídios);299851.03;1828;299851.03;2024-06-05;5;1ªQuinzena;jun.;2024;Efetivada;32524122000173;32524122;0001;73;1;COOPADES;02;20190122;00;0161099;0111302,0119901,0119905,0119906,0133402,0133408,0133410,0133499,0151201,0151202,0153901,0154700,0155501,0155502,0155503,0155504,0155505,0321301,0322101,1011203;AVENIDA;DA ASSOCIACAO;000;;MATA FRESCA;62808000;;;32524122000173;1321;2301109.0;Aracati;ARACATI;Litoral Leste;Litoral Leste;LOTE 17;IMBRA;Aracati;18.0;35.0;17.0;34.0;1.0;1.0;2.0;3.0;37.0;3.7;COOPADES - COOPERATIVA DA AGRICULTURA FAMILIAR E DESENVOLVIMENTO SOLIDARIO;32524122000173.0;Finalizado;OCB;11/05/2025;19/09/2022 09:50:22;08/07/2025 17:28:14;232.0;60.0;98,71;32524122000173
3154;INSTITUTO DE ARTE E CIDADANIA DO CEARA;1285023;20240506001229000;232402.97;2024-05-06;32524122000173;COOPADES - COOPERATIVA DA AGRICULTURA FAMILIAR E DO DESENVOLVIMENTO SOLIDARIO;Nota Fiscal;211;Gêneros Alimentícios ( Proteínas, Carboidratos, Hortaliças, Sódios e Lipídios);232402.97;1688;232402.97;2024-05-07;7;1ªQuinzena;mai.;2024;Efetivada;32524122000173;32524122;0001;73;1;COOPADES;02;20190122;00;0161099;0111302,0119901,0119905,0119906,0133402,0133408,0133410,0133499,0151201,0151202,0153901,0154700,0155501,0155502,0155503,0155504,0155505,0321301,0322101,1011203;AVENIDA;DA ASSOCIACAO;000;;MATA FRESCA;62808000;;;32524122000173;1321;2301109.0;Aracati;ARACATI;Litoral Leste;Litoral Leste;LOTE 17;IMBRA;Aracati;18.0;35.0;17.0;34.0;1.0;1.0;2.0;3.0;37.0;3.7;COOPADES - COOPERATIVA DA AGRICULTURA FAMILIAR E DESENVOLVIMENTO SOLIDARIO;32524122000173.0;Finalizado;OCB;11/05/2025;19/09/2022 09:50:22;08/07/2025 17:28:14;232.0;60.0;98,71;32524122000173
3155;INSTITUTO DE ARTE E CIDADANIA DO CEARA;1285023;20240618001250000;126179.96;2024-06-18;32524122000173;COOPADES - COOPERATIVA DA AGRICULTURA FAMILIAR E DO DESENVOLVIMENTO SOLIDARIO;Nota Fiscal;211;Gêneros Alimentícios ( Proteínas, Carboidratos, Hortaliças, Sódios e Lipídios);126179.96;1935;126179.96;2024-06-19;19;2ªQuinzena;jun.;2024;Efetivada;32524122000173;32524122;0001;73;1;COOPADES;02;20190122;00;0161099;0111302,0119901,0119905,0119906,0133402,0133408,0133410,0133499,0151201,0151202,0153901,0154700,0155501,0155502,0155503,0155504,0155505,0321301,0322101,1011203;AVENIDA;DA ASSOCIACAO;000;;MATA FRESCA;62808000;;;32524122000173;1321;2301109.0;Aracati;ARACATI;Litoral Leste;Litoral Leste;LOTE 17;IMBRA;Aracati;18.0;35.0;17.0;34.0;1.0;1.0;2.0;3.0;37.0;3.7;COOPADES - COOPERATIVA DA AGRICULTURA FAMILIAR E DESENVOLVIMENTO SOLIDARIO;32524122000173.0;Finalizado;OCB;11/05/2025;19/09/2022 09:50:22;08/07/2025 17:28:14;232.0;60.0;98,71;32524122000173
3172;INSTITUTO DE ARTE E CIDADANIA DO CEARA;1285023;20240704001260500;259311.36;2024-07-04;32524122000173;COOPADES - COOPERATIVA DA AGRICULTURA FAMILIAR E DO DESENVOLVIMENTO SOLIDARIO;Folha de Pagamento;211;Gêneros Alimentícios ( Proteínas, Carboidratos, Hortaliças, Sódios e Lipídios);259311.36;2042;259311.36;2024-07-05;5;1ªQuinzena;jul.;2024;Efetivada;32524122000173;32524122;0001;73;1;COOPADES;02;20190122;00;0161099;0111302,0119901,0119905,0119906,0133402,0133408,0133410,0133499,0151201,0151202,0153901,0154700,0155501,0155502,0155503,0155504,0155505,0321301,0322101,1011203;AVENIDA;DA ASSOCIACAO;000;;MATA FRESCA;62808000;;;32524122000173;1321;2301109.0;Aracati;ARACATI;Litoral Leste;Litoral Leste;LOTE 17;IMBRA;Aracati;18.0;35.0;17.0;34.0;1.0;1.0;2.0;3.0;37.0;3.7;COOPADES - COOPERATIVA DA AGRICULTURA FAMILIAR E DESENVOLVIMENTO SOLIDARIO;32524122000173.0;Finalizado;OCB;11/05/2025;19/09/2022 09:50:22;08/07/2025 17:28:14;232.0;60.0;98,71;32524122000173
3176;INSTITUTO DE ARTE E CIDADANIA DO CEARA;1285023;20240724001268400;183912.96;2024-07-24;32524122000173;COOPADES - COOPERATIVA DA AGRICULTURA FAMILIAR E DO DESENVOLVIMENTO SOLIDARIO;Nota Fiscal;211;Gêneros Alimentícios ( Proteínas, Carboidratos, Hortaliças, Sódios e Lipídios);183912.96;2068;183912.96;2024-07-25;25;2ªQuinzena;jul.;2024;Efetivada;32524122000173;32524122;0001;73;1;COOPADES;02;20190122;00;0161099;0111302,0119901,0119905,0119906,0133402,0133408,0133410,0133499,0151201,0151202,0153901,0154700,0155501,0155502,0155503,0155504,0155505,0321301,0322101,1011203;AVENIDA;DA ASSOCIACAO;000;;MATA FRESCA;62808000;;;32524122000173;1321;2301109.0;Aracati;ARACATI;Litoral Leste;Litoral Leste;LOTE 17;IMBRA;Aracati;18.0;35.0;17.0;34.0;1.0;1.0;2.0;3.0;37.0;3.7;COOPADES - COOPERATIVA DA AGRICULTURA FAMILIAR E DESENVOLVIMENTO SOLIDARIO;32524122000173.0;Finalizado;OCB;11/05/2025;19/09/2022 09:50:22;08/07/2025 17:28:14;232.0;60.0;98,71;32524122000173
3178;INSTITUTO DE ARTE E CIDADANIA DO CEARA;1285023;20240725001269100;129273.76;2024-07-25;32524122000173;COOPADES - COOPERATIVA DA AGRICULTURA FAMILIAR E DO DESENVOLVIMENTO SOLIDARIO;Nota Fiscal;211;Gêneros Alimentícios ( Proteínas, Carboidratos, Hortaliças, Sódios e Lipídios);129273.76;2095;129273.76;2024-07-26;26;2ªQuinzena;jul.;2024;Efetivada;32524122000173;32524122;0001;73;1;COOPADES;02;20190122;00;0161099;0111302,0119901,0119905,0119906,0133402,0133408,0133410,0133499,0151201,0151202,0153901,0154700,0155501,0155502,0155503,0155504,0155505,0321301,0322101,1011203;AVENIDA;DA ASSOCIACAO;000;;MATA FRESCA;62808000;;;32524122000173;1321;2301109.0;Aracati;ARACATI;Litoral Leste;Litoral Leste;LOTE 17;IMBRA;Aracati;18.0;35.0;17.0;34.0;1.0;1.0;2.0;3.0;37.0;3.7;COOPADES - COOPERATIVA DA AGRICULTURA FAMILIAR E DESENVOLVIMENTO SOLIDARIO;32524122000173.0;Finalizado;OCB;11/05/2025;19/09/2022 09:50:22;08/07/2025 17:28:14;232.0;60.0;98,71;32524122000173
3189;INSTITUTO DE ARTE E CIDADANIA DO CEARA;1285023;20240806001277300;245945.56;2024-08-06;32524122000173;COOPADES - COOPERATIVA DA AGRICULTURA FAMILIAR E DO DESENVOLVIMENTO SOLIDARIO;Nota Fiscal;211;Gêneros Alimentícios ( Proteínas, Carboidratos, Hortaliças, Sódios e Lipídios);245945.56;2175;245945.56;2024-08-07;7;1ªQuinzena;ago.;2024;Efetivada;32524122000173;32524122;0001;73;1;COOPADES;02;20190122;00;0161099;0111302,0119901,0119905,0119906,0133402,0133408,0133410,0133499,0151201,0151202,0153901,0154700,0155501,0155502,0155503,0155504,0155505,0321301,0322101,1011203;AVENIDA;DA ASSOCIACAO;000;;MATA FRESCA;62808000;;;32524122000173;1321;2301109.0;Aracati;ARACATI;Litoral Leste;Litoral Leste;LOTE 17;IMBRA;Aracati;18.0;35.0;17.0;34.0;1.0;1.0;2.0;3.0;37.0;3.7;COOPADES - COOPERATIVA DA AGRICULTURA FAMILIAR E DESENVOLVIMENTO SOLIDARIO;32524122000173.0;Finalizado;OCB;11/05/2025;19/09/2022 09:50:22;08/07/2025 17:28:14;232.0;60.0;98,71;32524122000173
3198;INSTITUTO DE ARTE E CIDADANIA DO CEARA;1285023;20240821001282800;197278.76;2024-08-21;32524122000173;COOPADES - COOPERATIVA DA AGRICULTURA FAMILIAR E DO DESENVOLVIMENTO SOLIDARIO;Folha de Pagamento;211;Gêneros Alimentícios ( Proteínas, Carboidratos, Hortaliças, Sódios e Lipídios);197278.76;2318;197278.76;2024-08-22;22;2ªQuinzena;ago.;2024;Efetivada;32524122000173;32524122;0001;73;1;COOPADES;02;20190122;00;0161099;0111302,0119901,0119905,0119906,0133402,0133408,0133410,0133499,0151201,0151202,0153901,0154700,0155501,0155502,0155503,0155504,0155505,0321301,0322101,1011203;AVENIDA;DA ASSOCIACAO;000;;MATA FRESCA;62808000;;;32524122000173;1321;2301109.0;Aracati;ARACATI;Litoral Leste;Litoral Leste;LOTE 17;IMBRA;Aracati;18.0;35.0;17.0;34.0;1.0;1.0;2.0;3.0;37.0;3.7;COOPADES - COOPERATIVA DA AGRICULTURA FAMILIAR E DESENVOLVIMENTO SOLIDARIO;32524122000173.0;Finalizado;OCB;11/05/2025;19/09/2022 09:50:22;08/07/2025 17:28:14;232.0;60.0;98,71;32524122000173
3202;INSTITUTO DE ARTE E CIDADANIA DO CEARA;1285023;20240828001286900;147336.4;2024-08-28;32524122000173;COOPADES - COOPERATIVA DA AGRICULTURA FAMILIAR E DO DESENVOLVIMENTO SOLIDARIO;Nota Fiscal;211;Gêneros Alimentícios ( Proteínas, Carboidratos, Hortaliças, Sódios e Lipídios);147336.4;2391;147336.4;2024-08-29;29;2ªQuinzena;ago.;2024;Efetivada;32524122000173;32524122;0001;73;1;COOPADES;02;20190122;00;0161099;0111302,0119901,0119905,0119906,0133402,0133408,0133410,0133499,0151201,0151202,0153901,0154700,0155501,0155502,0155503,0155504,0155505,0321301,0322101,1011203;AVENIDA;DA ASSOCIACAO;000;;MATA FRESCA;62808000;;;32524122000173;1321;2301109.0;Aracati;ARACATI;Litoral Leste;Litoral Leste;LOTE 17;IMBRA;Aracati;18.0;35.0;17.0;34.0;1.0;1.0;2.0;3.0;37.0;3.7;COOPADES - COOPERATIVA DA AGRICULTURA FAMILIAR E DESENVOLVIMENTO SOLIDARIO;32524122000173.0;Finalizado;OCB;11/05/2025;19/09/2022 09:50:22;08/07/2025 17:28:14;232.0;60.0;98,71;32524122000173
3211;INSTITUTO DE ARTE E CIDADANIA DO CEARA;1285023;20240906001293700;248440.0;2024-09-06;32524122000173;COOPADES - COOPERATIVA DA AGRICULTURA FAMILIAR E DO DESENVOLVIMENTO SOLIDARIO;Nota Fiscal;211;Gêneros Alimentícios ( Proteínas, Carboidratos, Hortaliças, Sódios e Lipídios);248440.0;2570;248440.0;2024-09-09;9;1ªQuinzena;set.;2024;Efetivada;32524122000173;32524122;0001;73;1;COOPADES;02;20190122;00;0161099;0111302,0119901,0119905,0119906,0133402,0133408,0133410,0133499,0151201,0151202,0153901,0154700,0155501,0155502,0155503,0155504,0155505,0321301,0322101,1011203;AVENIDA;DA ASSOCIACAO;000;;MATA FRESCA;62808000;;;32524122000173;1321;2301109.0;Aracati;ARACATI;Litoral Leste;Litoral Leste;LOTE 17;IMBRA;Aracati;18.0;35.0;17.0;34.0;1.0;1.0;2.0;3.0;37.0;3.7;COOPADES - COOPERATIVA DA AGRICULTURA FAMILIAR E DESENVOLVIMENTO SOLIDARIO;32524122000173.0;Finalizado;OCB;11/05/2025;19/09/2022 09:50:22;08/07/2025 17:28:14;232.0;60.0;98,71;32524122000173
3219;INSTITUTO DE ARTE E CIDADANIA DO CEARA;1285023;20240918001298200;194784.32;2024-09-18;32524122000173;COOPADES - COOPERATIVA DA AGRICULTURA FAMILIAR E DO DESENVOLVIMENTO SOLIDARIO;Nota Fiscal;211;Gêneros Alimentícios ( Proteínas, Carboidratos, Hortaliças, Sódios e Lipídios);194784.32;2711;194784.32;2024-09-19;19;2ªQuinzena;set.;2024;Efetivada;32524122000173;32524122;0001;73;1;COOPADES;02;20190122;00;0161099;0111302,0119901,0119905,0119906,0133402,0133408,0133410,0133499,0151201,0151202,0153901,0154700,0155501,0155502,0155503,0155504,0155505,0321301,0322101,1011203;AVENIDA;DA ASSOCIACAO;000;;MATA FRESCA;62808000;;;32524122000173;1321;2301109.0;Aracati;ARACATI;Litoral Leste;Litoral Leste;LOTE 17;IMBRA;Aracati;18.0;35.0;17.0;34.0;1.0;1.0;2.0;3.0;37.0;3.7;COOPADES - COOPERATIVA DA AGRICULTURA FAMILIAR E DESENVOLVIMENTO SOLIDARIO;32524122000173.0;Finalizado;OCB;11/05/2025;19/09/2022 09:50:22;08/07/2025 17:28:14;232.0;60.0;98,71;32524122000173
3222;INSTITUTO DE ARTE E CIDADANIA DO CEARA;1285023;20240925001301000;111211.12;2024-09-25;32524122000173;COOPADES - COOPERATIVA DA AGRICULTURA FAMILIAR E DO DESENVOLVIMENTO SOLIDARIO;Folha de Pagamento;211;Gêneros Alimentícios ( Proteínas, Carboidratos, Hortaliças, Sódios e Lipídios);111211.12;2895;111211.12;2024-09-26;26;2ªQuinzena;set.;2024;Efetivada;32524122000173;32524122;0001;73;1;COOPADES;02;20190122;00;0161099;0111302,0119901,0119905,0119906,0133402,0133408,0133410,0133499,0151201,0151202,0153901,0154700,0155501,0155502,0155503,0155504,0155505,0321301,0322101,1011203;AVENIDA;DA ASSOCIACAO;000;;MATA FRESCA;62808000;;;32524122000173;1321;2301109.0;Aracati;ARACATI;Litoral Leste;Litoral Leste;LOTE 17;IMBRA;Aracati;18.0;35.0;17.0;34.0;1.0;1.0;2.0;3.0;37.0;3.7;COOPADES - COOPERATIVA DA AGRICULTURA FAMILIAR E DESENVOLVIMENTO SOLIDARIO;32524122000173.0;Finalizado;OCB;11/05/2025;19/09/2022 09:50:22;08/07/2025 17:28:14;232.0;60.0;98,71;32524122000173
3240;INSTITUTO DE ARTE E CIDADANIA DO CEARA;1285023;20241021001314300;265932.0;2024-10-21;32524122000173;COOPADES - COOPERATIVA DA AGRICULTURA FAMILIAR E DO DESENVOLVIMENTO SOLIDARIO;Nota Fiscal;211;Gêneros Alimentícios ( Proteínas, Carboidratos, Hortaliças, Sódios e Lipídios);265932.0;3241;265932.0;2024-10-22;22;2ªQuinzena;out.;2024;Efetivada;32524122000173;32524122;0001;73;1;COOPADES;02;20190122;00;0161099;0111302,0119901,0119905,0119906,0133402,0133408,0133410,0133499,0151201,0151202,0153901,0154700,0155501,0155502,0155503,0155504,0155505,0321301,0322101,1011203;AVENIDA;DA ASSOCIACAO;000;;MATA FRESCA;62808000;;;32524122000173;1321;2301109.0;Aracati;ARACATI;Litoral Leste;Litoral Leste;LOTE 17;IMBRA;Aracati;18.0;35.0;17.0;34.0;1.0;1.0;2.0;3.0;37.0;3.7;COOPADES - COOPERATIVA DA AGRICULTURA FAMILIAR E DESENVOLVIMENTO SOLIDARIO;32524122000173.0;Finalizado;OCB;11/05/2025;19/09/2022 09:50:22;08/07/2025 17:28:14;232.0;60.0;98,71;32524122000173
3242;INSTITUTO DE ARTE E CIDADANIA DO CEARA;1285023;20241029001318000;206400.68;2024-10-29;32524122000173;COOPADES - COOPERATIVA DA AGRICULTURA FAMILIAR E DO DESENVOLVIMENTO SOLIDARIO;Nota Fiscal;211;Gêneros Alimentícios ( Proteínas, Carboidratos, Hortaliças, Sódios e Lipídios);206400.68;3368;206400.68;2024-10-30;30;2ªQuinzena;out.;2024;Efetivada;32524122000173;32524122;0001;73;1;COOPADES;02;20190122;00;0161099;0111302,0119901,0119905,0119906,0133402,0133408,0133410,0133499,0151201,0151202,0153901,0154700,0155501,0155502,0155503,0155504,0155505,0321301,0322101,1011203;AVENIDA;DA ASSOCIACAO;000;;MATA FRESCA;62808000;;;32524122000173;1321;2301109.0;Aracati;ARACATI;Litoral Leste;Litoral Leste;LOTE 17;IMBRA;Aracati;18.0;35.0;17.0;34.0;1.0;1.0;2.0;3.0;37.0;3.7;COOPADES - COOPERATIVA DA AGRICULTURA FAMILIAR E DESENVOLVIMENTO SOLIDARIO;32524122000173.0;Finalizado;OCB;11/05/2025;19/09/2022 09:50:22;08/07/2025 17:28:14;232.0;60.0;98,71;32524122000173
3259;INSTITUTO DE ARTE E CIDADANIA DO CEARA;1285023;20241114001327900;268382.0;2024-11-14;32524122000173;COOPADES - COOPERATIVA DA AGRICULTURA FAMILIAR E DO DESENVOLVIMENTO SOLIDARIO;Nota Fiscal;211;Gêneros Alimentícios ( Proteínas, Carboidratos, Hortaliças, Sódios e Lipídios);268382.0;4147;268382.0;2024-11-18;18;2ªQuinzena;nov.;2024;Efetivada;32524122000173;32524122;0001;73;1;COOPADES;02;20190122;00;0161099;0111302,0119901,0119905,0119906,0133402,0133408,0133410,0133499,0151201,0151202,0153901,0154700,0155501,0155502,0155503,0155504,0155505,0321301,0322101,1011203;AVENIDA;DA ASSOCIACAO;000;;MATA FRESCA;62808000;;;32524122000173;1321;2301109.0;Aracati;ARACATI;Litoral Leste;Litoral Leste;LOTE 17;IMBRA;Aracati;18.0;35.0;17.0;34.0;1.0;1.0;2.0;3.0;37.0;3.7;COOPADES - COOPERATIVA DA AGRICULTURA FAMILIAR E DESENVOLVIMENTO SOLIDARIO;32524122000173.0;Finalizado;OCB;11/05/2025;19/09/2022 09:50:22;08/07/2025 17:28:14;232.0;60.0;98,71;32524122000173
3262;INSTITUTO DE ARTE E CIDADANIA DO CEARA;1285023;20241125001333400;202850.68;2024-11-25;32524122000173;COOPADES - COOPERATIVA DA AGRICULTURA FAMILIAR E DO DESENVOLVIMENTO SOLIDARIO;Nota Fiscal;211;Gêneros Alimentícios ( Proteínas, Carboidratos, Hortaliças, Sódios e Lipídios);202850.68;4456;202850.68;2024-11-26;26;2ªQuinzena;nov.;2024;Efetivada;32524122000173;32524122;0001;73;1;COOPADES;02;20190122;00;0161099;0111302,0119901,0119905,0119906,0133402,0133408,0133410,0133499,0151201,0151202,0153901,0154700,0155501,0155502,0155503,0155504,0155505,0321301,0322101,1011203;AVENIDA;DA ASSOCIACAO;000;;MATA FRESCA;62808000;;;32524122000173;1321;2301109.0;Aracati;ARACATI;Litoral Leste;Litoral Leste;LOTE 17;IMBRA;Aracati;18.0;35.0;17.0;34.0;1.0;1.0;2.0;3.0;37.0;3.7;COOPADES - COOPERATIVA DA AGRICULTURA FAMILIAR E DESENVOLVIMENTO SOLIDARIO;32524122000173.0;Finalizado;OCB;11/05/2025;19/09/2022 09:50:22;08/07/2025 17:28:14;232.0;60.0;98,71;32524122000173
3277;INSTITUTO DE ARTE E CIDADANIA DO CEARA;1285023;20241210001345800;265932.0;2024-12-10;32524122000173;COOPADES - COOPERATIVA DA AGRICULTURA FAMILIAR E DO DESENVOLVIMENTO SOLIDARIO;Nota Fiscal;211;Gêneros Alimentícios ( Proteínas, Carboidratos, Hortaliças, Sódios e Lipídios);265932.0;5304;265932.0;2024-12-11;11;1ªQuinzena;dez.;2024;Efetivada;32524122000173;32524122;0001;73;1;COOPADES;02;20190122;00;0161099;0111302,0119901,0119905,0119906,0133402,0133408,0133410,0133499,0151201,0151202,0153901,0154700,0155501,0155502,0155503,0155504,0155505,0321301,0322101,1011203;AVENIDA;DA ASSOCIACAO;000;;MATA FRESCA;62808000;;;32524122000173;1321;2301109.0;Aracati;ARACATI;Litoral Leste;Litoral Leste;LOTE 17;IMBRA;Aracati;18.0;35.0;17.0;34.0;1.0;1.0;2.0;3.0;37.0;3.7;COOPADES - COOPERATIVA DA AGRICULTURA FAMILIAR E DESENVOLVIMENTO SOLIDARIO;32524122000173.0;Finalizado;OCB;11/05/2025;19/09/2022 09:50:22;08/07/2025 17:28:14;232.0;60.0;98,71;32524122000173
3282;INSTITUTO DE ARTE E CIDADANIA DO CEARA;1285023;20241220001354100;265859.88;2024-12-20;32524122000173;COOPADES - COOPERATIVA DA AGRICULTURA FAMILIAR E DO DESENVOLVIMENTO SOLIDARIO;Nota Fiscal;211;Gêneros Alimentícios ( Proteínas, Carboidratos, Hortaliças, Sódios e Lipídios);265859.88;5399;265859.88;2024-12-23;23;2ªQuinzena;dez.;2024;Efetivada;32524122000173;32524122;0001;73;1;COOPADES;02;20190122;00;0161099;0111302,0119901,0119905,0119906,0133402,0133408,0133410,0133499,0151201,0151202,0153901,0154700,0155501,0155502,0155503,0155504,0155505,0321301,0322101,1011203;AVENIDA;DA ASSOCIACAO;000;;MATA FRESCA;62808000;;;32524122000173;1321;2301109.0;Aracati;ARACATI;Litoral Leste;Litoral Leste;LOTE 17;IMBRA;Aracati;18.0;35.0;17.0;34.0;1.0;1.0;2.0;3.0;37.0;3.7;COOPADES - COOPERATIVA DA AGRICULTURA FAMILIAR E DESENVOLVIMENTO SOLIDARIO;32524122000173.0;Finalizado;OCB;11/05/2025;19/09/2022 09:50:22;08/07/2025 17:28:14;232.0;60.0;98,71;32524122000173
3286;INSTITUTO DE ARTE E CIDADANIA DO CEARA;1285023;20241226001356900;33739.35;2024-12-26;32524122000173;COOPADES - COOPERATIVA DA AGRICULTURA FAMILIAR E DO DESENVOLVIMENTO SOLIDARIO;Nota Fiscal;211;Gêneros Alimentícios ( Proteínas, Carboidratos, Hortaliças, Sódios e Lipídios);33739.35;5475;33739.35;2024-12-27;27;2ªQuinzena;dez.;2024;Efetivada;32524122000173;32524122;0001;73;1;COOPADES;02;20190122;00;0161099;0111302,0119901,0119905,0119906,0133402,0133408,0133410,0133499,0151201,0151202,0153901,0154700,0155501,0155502,0155503,0155504,0155505,0321301,0322101,1011203;AVENIDA;DA ASSOCIACAO;000;;MATA FRESCA;62808000;;;32524122000173;1321;2301109.0;Aracati;ARACATI;Litoral Leste;Litoral Leste;LOTE 17;IMBRA;Aracati;18.0;35.0;17.0;34.0;1.0;1.0;2.0;3.0;37.0;3.7;COOPADES - COOPERATIVA DA AGRICULTURA FAMILIAR E DESENVOLVIMENTO SOLIDARIO;32524122000173.0;Finalizado;OCB;11/05/2025;19/09/2022 09:50:22;08/07/2025 17:28:14;232.0;60.0;98,71;32524122000173
3299;INSTITUTO DE ARTE E CIDADANIA DO CEARA;1285023;20250115001364800;321484.88;2025-01-15;32524122000173;COOPADES - COOPERATIVA DA AGRICULTURA FAMILIAR E DO DESENVOLVIMENTO SOLIDARIO;Nota Fiscal;211;Gêneros Alimentícios ( Proteínas, Carboidratos, Hortaliças, Sódios e Lipídios);321484.88;5848;321484.88;2025-01-16;16;2ªQuinzena;jan.;2025;Efetivada;32524122000173;32524122;0001;73;1;COOPADES;02;20190122;00;0161099;0111302,0119901,0119905,0119906,0133402,0133408,0133410,0133499,0151201,0151202,0153901,0154700,0155501,0155502,0155503,0155504,0155505,0321301,0322101,1011203;AVENIDA;DA ASSOCIACAO;000;;MATA FRESCA;62808000;;;32524122000173;1321;2301109.0;Aracati;ARACATI;Litoral Leste;Litoral Leste;LOTE 17;IMBRA;Aracati;18.0;35.0;17.0;34.0;1.0;1.0;2.0;3.0;37.0;3.7;COOPADES - COOPERATIVA DA AGRICULTURA FAMILIAR E DESENVOLVIMENTO SOLIDARIO;32524122000173.0;Finalizado;OCB;11/05/2025;19/09/2022 09:50:22;08/07/2025 17:28:14;232.0;60.0;98,71;32524122000173
3303;INSTITUTO DE ARTE E CIDADANIA DO CEARA;1285023;20250129001370300;319727.15;2025-01-29;32524122000173;COOPADES - COOPERATIVA DA AGRICULTURA FAMILIAR E DO DESENVOLVIMENTO SOLIDARIO;Nota Fiscal;211;Gêneros Alimentícios ( Proteínas, Carboidratos, Hortaliças, Sódios e Lipídios);319727.15;6007;319727.15;2025-01-30;30;2ªQuinzena;jan.;2025;Efetivada;32524122000173;32524122;0001;73;1;COOPADES;02;20190122;00;0161099;0111302,0119901,0119905,0119906,0133402,0133408,0133410,0133499,0151201,0151202,0153901,0154700,0155501,0155502,0155503,0155504,0155505,0321301,0322101,1011203;AVENIDA;DA ASSOCIACAO;000;;MATA FRESCA;62808000;;;32524122000173;1321;2301109.0;Aracati;ARACATI;Litoral Leste;Litoral Leste;LOTE 17;IMBRA;Aracati;18.0;35.0;17.0;34.0;1.0;1.0;2.0;3.0;37.0;3.7;COOPADES - COOPERATIVA DA AGRICULTURA FAMILIAR E DESENVOLVIMENTO SOLIDARIO;32524122000173.0;Finalizado;OCB;11/05/2025;19/09/2022 09:50:22;08/07/2025 17:28:14;232.0;60.0;98,71;32524122000173
3316;INSTITUTO DE ARTE E CIDADANIA DO CEARA;1285023;20250207001374700;261696.48;2025-02-07;32524122000173;COOPADES - COOPERATIVA DA AGRICULTURA FAMILIAR E DO DESENVOLVIMENTO SOLIDARIO;Nota Fiscal;211;Gêneros Alimentícios ( Proteínas, Carboidratos, Hortaliças, Sódios e Lipídios);261696.48;6176;261696.48;2025-02-10;10;1ªQuinzena;fev.;2025;Efetivada;32524122000173;32524122;0001;73;1;COOPADES;02;20190122;00;0161099;0111302,0119901,0119905,0119906,0133402,0133408,0133410,0133499,0151201,0151202,0153901,0154700,0155501,0155502,0155503,0155504,0155505,0321301,0322101,1011203;AVENIDA;DA ASSOCIACAO;000;;MATA FRESCA;62808000;;;32524122000173;1321;2301109.0;Aracati;ARACATI;Litoral Leste;Litoral Leste;LOTE 17;IMBRA;Aracati;18.0;35.0;17.0;34.0;1.0;1.0;2.0;3.0;37.0;3.7;COOPADES - COOPERATIVA DA AGRICULTURA FAMILIAR E DESENVOLVIMENTO SOLIDARIO;32524122000173.0;Finalizado;OCB;11/05/2025;19/09/2022 09:50:22;08/07/2025 17:28:14;232.0;60.0;98,71;32524122000173
3317;INSTITUTO DE ARTE E CIDADANIA DO CEARA;1285023;20250227001384200;388462.48;2025-02-27;32524122000173;COOPADES - COOPERATIVA DA AGRICULTURA FAMILIAR E DO DESENVOLVIMENTO SOLIDARIO;Folha de Pagamento;211;Gêneros Alimentícios ( Proteínas, Carboidratos, Hortaliças, Sódios e Lipídios);388462.48;6493;388462.48;2025-02-28;28;2ªQuinzena;fev.;2025;Efetivada;32524122000173;32524122;0001;73;1;COOPADES;02;20190122;00;0161099;0111302,0119901,0119905,0119906,0133402,0133408,0133410,0133499,0151201,0151202,0153901,0154700,0155501,0155502,0155503,0155504,0155505,0321301,0322101,1011203;AVENIDA;DA ASSOCIACAO;000;;MATA FRESCA;62808000;;;32524122000173;1321;2301109.0;Aracati;ARACATI;Litoral Leste;Litoral Leste;LOTE 17;IMBRA;Aracati;18.0;35.0;17.0;34.0;1.0;1.0;2.0;3.0;37.0;3.7;COOPADES - COOPERATIVA DA AGRICULTURA FAMILIAR E DESENVOLVIMENTO SOLIDARIO;32524122000173.0;Finalizado;OCB;11/05/2025;19/09/2022 09:50:22;08/07/2025 17:28:14;232.0;60.0;98,71;32524122000173
3330;INSTITUTO DE ARTE E CIDADANIA DO CEARA;1285023;20250312001388000;325998.48;2025-03-12;32524122000173;COOPADES - COOPERATIVA DA AGRICULTURA FAMILIAR E DO DESENVOLVIMENTO SOLIDARIO;Nota Fiscal;211;Gêneros Alimentícios ( Proteínas, Carboidratos, Hortaliças, Sódios e Lipídios);325998.48;6691;325998.48;2025-03-13;13;1ªQuinzena;mar.;2025;Efetivada;32524122000173;32524122;0001;73;1;COOPADES;02;20190122;00;0161099;0111302,0119901,0119905,0119906,0133402,0133408,0133410,0133499,0151201,0151202,0153901,0154700,0155501,0155502,0155503,0155504,0155505,0321301,0322101,1011203;AVENIDA;DA ASSOCIACAO;000;;MATA FRESCA;62808000;;;32524122000173;1321;2301109.0;Aracati;ARACATI;Litoral Leste;Litoral Leste;LOTE 17;IMBRA;Aracati;18.0;35.0;17.0;34.0;1.0;1.0;2.0;3.0;37.0;3.7;COOPADES - COOPERATIVA DA AGRICULTURA FAMILIAR E DESENVOLVIMENTO SOLIDARIO;32524122000173.0;Finalizado;OCB;11/05/2025;19/09/2022 09:50:22;08/07/2025 17:28:14;232.0;60.0;98,71;32524122000173
3338;INSTITUTO DE ARTE E CIDADANIA DO CEARA;1285023;20250326001392900;334107.81;2025-03-26;32524122000173;COOPADES - COOPERATIVA DA AGRICULTURA FAMILIAR E DO DESENVOLVIMENTO SOLIDARIO;Nota Fiscal;211;Gêneros Alimentícios ( Proteínas, Carboidratos, Hortaliças, Sódios e Lipídios);334107.81;6956;334107.81;2025-03-27;27;2ªQuinzena;mar.;2025;Efetivada;32524122000173;32524122;0001;73;1;COOPADES;02;20190122;00;0161099;0111302,0119901,0119905,0119906,0133402,0133408,0133410,0133499,0151201,0151202,0153901,0154700,0155501,0155502,0155503,0155504,0155505,0321301,0322101,1011203;AVENIDA;DA ASSOCIACAO;000;;MATA FRESCA;62808000;;;32524122000173;1321;2301109.0;Aracati;ARACATI;Litoral Leste;Litoral Leste;LOTE 17;IMBRA;Aracati;18.0;35.0;17.0;34.0;1.0;1.0;2.0;3.0;37.0;3.7;COOPADES - COOPERATIVA DA AGRICULTURA FAMILIAR E DESENVOLVIMENTO SOLIDARIO;32524122000173.0;Finalizado;OCB;11/05/2025;19/09/2022 09:50:22;08/07/2025 17:28:14;232.0;60.0;98,71;32524122000173
3352;INSTITUTO DE ARTE E CIDADANIA DO CEARA;1285023;20250410001401000;325998.48;2025-04-10;32524122000173;COOPADES - COOPERATIVA DA AGRICULTURA FAMILIAR E DO DESENVOLVIMENTO SOLIDARIO;Nota Fiscal;211;Gêneros Alimentícios ( Proteínas, Carboidratos, Hortaliças, Sódios e Lipídios);325998.48;7458;325998.48;2025-04-11;11;1ªQuinzena;abr.;2025;Efetivada;32524122000173;32524122;0001;73;1;COOPADES;02;20190122;00;0161099;0111302,0119901,0119905,0119906,0133402,0133408,0133410,0133499,0151201,0151202,0153901,0154700,0155501,0155502,0155503,0155504,0155505,0321301,0322101,1011203;AVENIDA;DA ASSOCIACAO;000;;MATA FRESCA;62808000;;;32524122000173;1321;2301109.0;Aracati;ARACATI;Litoral Leste;Litoral Leste;LOTE 17;IMBRA;Aracati;18.0;35.0;17.0;34.0;1.0;1.0;2.0;3.0;37.0;3.7;COOPADES - COOPERATIVA DA AGRICULTURA FAMILIAR E DESENVOLVIMENTO SOLIDARIO;32524122000173.0;Finalizado;OCB;11/05/2025;19/09/2022 09:50:22;08/07/2025 17:28:14;232.0;60.0;98,71;32524122000173
3354;INSTITUTO DE ARTE E CIDADANIA DO CEARA;1285023;20250428001406800;294826.35;2025-04-28;32524122000173;COOPADES - COOPERATIVA DA AGRICULTURA FAMILIAR E DO DESENVOLVIMENTO SOLIDARIO;Nota Fiscal;211;Gêneros Alimentícios ( Proteínas, Carboidratos, Hortaliças, Sódios e Lipídios);294826.35;7934;294826.35;2025-04-29;29;2ªQuinzena;abr.;2025;Efetivada;32524122000173;32524122;0001;73;1;COOPADES;02;20190122;00;0161099;0111302,0119901,0119905,0119906,0133402,0133408,0133410,0133499,0151201,0151202,0153901,0154700,0155501,0155502,0155503,0155504,0155505,0321301,0322101,1011203;AVENIDA;DA ASSOCIACAO;000;;MATA FRESCA;62808000;;;32524122000173;1321;2301109.0;Aracati;ARACATI;Litoral Leste;Litoral Leste;LOTE 17;IMBRA;Aracati;18.0;35.0;17.0;34.0;1.0;1.0;2.0;3.0;37.0;3.7;COOPADES - COOPERATIVA DA AGRICULTURA FAMILIAR E DESENVOLVIMENTO SOLIDARIO;32524122000173.0;Finalizado;OCB;11/05/2025;19/09/2022 09:50:22;08/07/2025 17:28:14;232.0;60.0;98,71;32524122000173
3371;INSTITUTO DE ARTE E CIDADANIA DO CEARA;1285023;20250515001414700;321484.88;2025-05-15;32524122000173;COOPADES - COOPERATIVA DA AGRICULTURA FAMILIAR E DO DESENVOLVIMENTO SOLIDARIO;Nota Fiscal;211;Gêneros Alimentícios ( Proteínas, Carboidratos, Hortaliças, Sódios e Lipídios);321484.88;8355;321484.88;2025-05-16;16;2ªQuinzena;mai.;2025;Efetivada;32524122000173;32524122;0001;73;1;COOPADES;02;20190122;00;0161099;0111302,0119901,0119905,0119906,0133402,0133408,0133410,0133499,0151201,0151202,0153901,0154700,0155501,0155502,0155503,0155504,0155505,0321301,0322101,1011203;AVENIDA;DA ASSOCIACAO;000;;MATA FRESCA;62808000;;;32524122000173;1321;2301109.0;Aracati;ARACATI;Litoral Leste;Litoral Leste;LOTE 17;IMBRA;Aracati;18.0;35.0;17.0;34.0;1.0;1.0;2.0;3.0;37.0;3.7;COOPADES - COOPERATIVA DA AGRICULTURA FAMILIAR E DESENVOLVIMENTO SOLIDARIO;32524122000173.0;Finalizado;OCB;11/05/2025;19/09/2022 09:50:22;08/07/2025 17:28:14;232.0;60.0;98,71;32524122000173
3374;INSTITUTO DE ARTE E CIDADANIA DO CEARA;1285023;20250528001420600;299339.95;2025-05-28;32524122000173;COOPADES - COOPERATIVA DA AGRICULTURA FAMILIAR E DO DESENVOLVIMENTO SOLIDARIO;Nota Fiscal;211;Gêneros Alimentícios ( Proteínas, Carboidratos, Hortaliças, Sódios e Lipídios);299339.95;8688;299339.95;2025-05-29;29;2ªQuinzena;mai.;2025;Efetivada;32524122000173;32524122;0001;73;1;COOPADES;02;20190122;00;0161099;0111302,0119901,0119905,0119906,0133402,0133408,0133410,0133499,0151201,0151202,0153901,0154700,0155501,0155502,0155503,0155504,0155505,0321301,0322101,1011203;AVENIDA;DA ASSOCIACAO;000;;MATA FRESCA;62808000;;;32524122000173;1321;2301109.0;Aracati;ARACATI;Litoral Leste;Litoral Leste;LOTE 17;IMBRA;Aracati;18.0;35.0;17.0;34.0;1.0;1.0;2.0;3.0;37.0;3.7;COOPADES - COOPERATIVA DA AGRICULTURA FAMILIAR E DESENVOLVIMENTO SOLIDARIO;32524122000173.0;Finalizado;OCB;11/05/2025;19/09/2022 09:50:22;08/07/2025 17:28:14;232.0;60.0;98,71;32524122000173
3391;INSTITUTO DE ARTE E CIDADANIA DO CEARA;1285023;20250612001430100;309177.2;2025-06-12;32524122000173;COOPADES - COOPERATIVA DA AGRICULTURA FAMILIAR E DO DESENVOLVIMENTO SOLIDARIO;Nota Fiscal;211;Gêneros Alimentícios ( Proteínas, Carboidratos, Hortaliças, Sódios e Lipídios);309177.2;8960;309177.2;2025-06-13;13;1ªQuinzena;jun.;2025;Efetivada;32524122000173;32524122;0001;73;1;COOPADES;02;20190122;00;0161099;0111302,0119901,0119905,0119906,0133402,0133408,0133410,0133499,0151201,0151202,0153901,0154700,0155501,0155502,0155503,0155504,0155505,0321301,0322101,1011203;AVENIDA;DA ASSOCIACAO;000;;MATA FRESCA;62808000;;;32524122000173;1321;2301109.0;Aracati;ARACATI;Litoral Leste;Litoral Leste;LOTE 17;IMBRA;Aracati;18.0;35.0;17.0;34.0;1.0;1.0;2.0;3.0;37.0;3.7;COOPADES - COOPERATIVA DA AGRICULTURA FAMILIAR E DESENVOLVIMENTO SOLIDARIO;32524122000173.0;Finalizado;OCB;11/05/2025;19/09/2022 09:50:22;08/07/2025 17:28:14;232.0;60.0;98,71;32524122000173
3401;INSTITUTO DE ARTE E CIDADANIA DO CEARA;1285023;20250624001433600;300365.2;2025-06-24;32524122000173;COOPADES - COOPERATIVA DA AGRICULTURA FAMILIAR E DO DESENVOLVIMENTO SOLIDARIO;Nota Fiscal;211;Gêneros Alimentícios ( Proteínas, Carboidratos, Hortaliças, Sódios e Lipídios);300365.2;9290;300365.2;2025-06-25;25;2ªQuinzena;jun.;2025;Efetivada;32524122000173;32524122;0001;73;1;COOPADES;02;20190122;00;0161099;0111302,0119901,0119905,0119906,0133402,0133408,0133410,0133499,0151201,0151202,0153901,0154700,0155501,0155502,0155503,0155504,0155505,0321301,0322101,1011203;AVENIDA;DA ASSOCIACAO;000;;MATA FRESCA;62808000;;;32524122000173;1321;2301109.0;Aracati;ARACATI;Litoral Leste;Litoral Leste;LOTE 17;IMBRA;Aracati;18.0;35.0;17.0;34.0;1.0;1.0;2.0;3.0;37.0;3.7;COOPADES - COOPERATIVA DA AGRICULTURA FAMILIAR E DESENVOLVIMENTO SOLIDARIO;32524122000173.0;Finalizado;OCB;11/05/2025;19/09/2022 09:50:22;08/07/2025 17:28:14;232.0;60.0;98,71;32524122000173
3446;CARITAS DIOCESANA DE CRATEUS CDC;1285146;20231113001119900;2138.91;2023-11-13;33189459000134;COOPERATIVA DA AGRICULTURA FAMILIAR DOS SERTOES DE CRATEUS;Nota Fiscal;211;Gêneros Alimentícios ( Proteínas, Carboidratos, Hortaliças, Sódios e Lipídios);2138.91;229;585.2;2023-11-14;14;1ªQuinzena;nov.;2023;Efetivada;33189459000134;33189459;0001;34;1;COOPERAGRI;02;20190329;00;4712100;0111302,0111399,0121101,0133402,0133403,0133404,0133408,0133409,0133410,0133499,0139303,0139304,0139399,0141501,0141502,0142300,0151201,0151202,0152102,0152103,0153901,0153902,0154700,0155501,0155502,0155503,0155504,0155505,0159801,0161003,0210105,0210106,0210107,0210108,0210199,0220901,0220902,0220906,0220999,0230600,0312401,0322101,1011201,1011203,1011205,1012101,1012102,1012103,1012104,1013901,1013902,1020101,1031700,1032599,1033301,1033302,1041400,1042200,1051100,1052000,1063500,1064300,1065101,1066000,1091102,1092900,1095300,4611700,4623101,4623102,4623103,4623106,4623108,4623109,4623199,4631100,4632001,4632002,4632003,4633801,4633802,4634601,4634602,4634603,4634699,4637102,4637103,4637104,4637105,4671100,4692300,4721103,4722901,4722902,4724500,4789002,7490103,8219999;RUA;CORONEL LUCIO;719;;CENTRO;63700061;;;33189459000134;1383;2304103.0;Crateús;CRATEÚS;Sertão dos Crateús;Sertão dos Crateús;LOTE 36;CÁRITAS DIOCESANA DE CRATEÚS;Crateús;10.0;22.0;10.0;22.0;0.0;0.0;4.0;4.0;26.0;2.6;COOPERATIVA DA AGRICULTURA FAMILIAR DOS SERTÕES DE CRATEÚS;33189459000134.0;CAF Emitido;;;18/01/2024 15:38:00;12/05/2025 11:24:04;43.0;23.0;100,00;33189459000134
3469;CARITAS DIOCESANA DE CRATEUS CDC;1285146;20231206001137600;1553.71;2023-12-06;33189459000134;COOPERATIVA DA AGRICULTURA FAMILIAR DOS SERTOES DE CRATEUS;Nota Fiscal;211;Gêneros Alimentícios ( Proteínas, Carboidratos, Hortaliças, Sódios e Lipídios);1553.71;239;250.75;2023-12-07;7;1ªQuinzena;dez.;2023;Efetivada;33189459000134;33189459;0001;34;1;COOPERAGRI;02;20190329;00;4712100;0111302,0111399,0121101,0133402,0133403,0133404,0133408,0133409,0133410,0133499,0139303,0139304,0139399,0141501,0141502,0142300,0151201,0151202,0152102,0152103,0153901,0153902,0154700,0155501,0155502,0155503,0155504,0155505,0159801,0161003,0210105,0210106,0210107,0210108,0210199,0220901,0220902,0220906,0220999,0230600,0312401,0322101,1011201,1011203,1011205,1012101,1012102,1012103,1012104,1013901,1013902,1020101,1031700,1032599,1033301,1033302,1041400,1042200,1051100,1052000,1063500,1064300,1065101,1066000,1091102,1092900,1095300,4611700,4623101,4623102,4623103,4623106,4623108,4623109,4623199,4631100,4632001,4632002,4632003,4633801,4633802,4634601,4634602,4634603,4634699,4637102,4637103,4637104,4637105,4671100,4692300,4721103,4722901,4722902,4724500,4789002,7490103,8219999;RUA;CORONEL LUCIO;719;;CENTRO;63700061;;;33189459000134;1383;2304103.0;Crateús;CRATEÚS;Sertão dos Crateús;Sertão dos Crateús;LOTE 36;CÁRITAS DIOCESANA DE CRATEÚS;Crateús;10.0;22.0;10.0;22.0;0.0;0.0;4.0;4.0;26.0;2.6;COOPERATIVA DA AGRICULTURA FAMILIAR DOS SERTÕES DE CRATEÚS;33189459000134.0;CAF Emitido;;;18/01/2024 15:38:00;12/05/2025 11:24:04;43.0;23.0;100,00;33189459000134
3494;CARITAS DIOCESANA DE CRATEUS CDC;1285146;20240104001162800;2950.0;2024-01-04;33189459000134;COOPERATIVA DA AGRICULTURA FAMILIAR DOS SERTOES DE CRATEUS;Nota Fiscal;211;Gêneros Alimentícios ( Proteínas, Carboidratos, Hortaliças, Sódios e Lipídios);2950.0;244;973.5;2024-01-05;5;1ªQuinzena;jan.;2024;Efetivada;33189459000134;33189459;0001;34;1;COOPERAGRI;02;20190329;00;4712100;0111302,0111399,0121101,0133402,0133403,0133404,0133408,0133409,0133410,0133499,0139303,0139304,0139399,0141501,0141502,0142300,0151201,0151202,0152102,0152103,0153901,0153902,0154700,0155501,0155502,0155503,0155504,0155505,0159801,0161003,0210105,0210106,0210107,0210108,0210199,0220901,0220902,0220906,0220999,0230600,0312401,0322101,1011201,1011203,1011205,1012101,1012102,1012103,1012104,1013901,1013902,1020101,1031700,1032599,1033301,1033302,1041400,1042200,1051100,1052000,1063500,1064300,1065101,1066000,1091102,1092900,1095300,4611700,4623101,4623102,4623103,4623106,4623108,4623109,4623199,4631100,4632001,4632002,4632003,4633801,4633802,4634601,4634602,4634603,4634699,4637102,4637103,4637104,4637105,4671100,4692300,4721103,4722901,4722902,4724500,4789002,7490103,8219999;RUA;CORONEL LUCIO;719;;CENTRO;63700061;;;33189459000134;1383;2304103.0;Crateús;CRATEÚS;Sertão dos Crateús;Sertão dos Crateús;LOTE 36;CÁRITAS DIOCESANA DE CRATEÚS;Crateús;10.0;22.0;10.0;22.0;0.0;0.0;4.0;4.0;26.0;2.6;COOPERATIVA DA AGRICULTURA FAMILIAR DOS SERTÕES DE CRATEÚS;33189459000134.0;CAF Emitido;;;18/01/2024 15:38:00;12/05/2025 11:24:04;43.0;23.0;100,00;33189459000134
3517;CARITAS DIOCESANA DE CRATEUS CDC;1285146;20240131001175300;2950.0;2024-01-31;33189459000134;COOPERATIVA DA AGRICULTURA FAMILIAR DOS SERTOES DE CRATEUS;Nota Fiscal;211;Gêneros Alimentícios ( Proteínas, Carboidratos, Hortaliças, Sódios e Lipídios);2950.0;245;973.5;2024-02-01;1;1ªQuinzena;fev.;2024;Efetivada;33189459000134;33189459;0001;34;1;COOPERAGRI;02;20190329;00;4712100;0111302,0111399,0121101,0133402,0133403,0133404,0133408,0133409,0133410,0133499,0139303,0139304,0139399,0141501,0141502,0142300,0151201,0151202,0152102,0152103,0153901,0153902,0154700,0155501,0155502,0155503,0155504,0155505,0159801,0161003,0210105,0210106,0210107,0210108,0210199,0220901,0220902,0220906,0220999,0230600,0312401,0322101,1011201,1011203,1011205,1012101,1012102,1012103,1012104,1013901,1013902,1020101,1031700,1032599,1033301,1033302,1041400,1042200,1051100,1052000,1063500,1064300,1065101,1066000,1091102,1092900,1095300,4611700,4623101,4623102,4623103,4623106,4623108,4623109,4623199,4631100,4632001,4632002,4632003,4633801,4633802,4634601,4634602,4634603,4634699,4637102,4637103,4637104,4637105,4671100,4692300,4721103,4722901,4722902,4724500,4789002,7490103,8219999;RUA;CORONEL LUCIO;719;;CENTRO;63700061;;;33189459000134;1383;2304103.0;Crateús;CRATEÚS;Sertão dos Crateús;Sertão dos Crateús;LOTE 36;CÁRITAS DIOCESANA DE CRATEÚS;Crateús;10.0;22.0;10.0;22.0;0.0;0.0;4.0;4.0;26.0;2.6;COOPERATIVA DA AGRICULTURA FAMILIAR DOS SERTÕES DE CRATEÚS;33189459000134.0;CAF Emitido;;;18/01/2024 15:38:00;12/05/2025 11:24:04;43.0;23.0;100,00;33189459000134
3542;CARITAS DIOCESANA DE CRATEUS CDC;1285146;20240228001189400;2950.0;2024-02-28;33189459000134;COOPERATIVA DA AGRICULTURA FAMILIAR DOS SERTOES DE CRATEUS;Nota Fiscal;211;Gêneros Alimentícios ( Proteínas, Carboidratos, Hortaliças, Sódios e Lipídios);2950.0;247;973.5;2024-02-29;29;2ªQuinzena;fev.;2024;Efetivada;33189459000134;33189459;0001;34;1;COOPERAGRI;02;20190329;00;4712100;0111302,0111399,0121101,0133402,0133403,0133404,0133408,0133409,0133410,0133499,0139303,0139304,0139399,0141501,0141502,0142300,0151201,0151202,0152102,0152103,0153901,0153902,0154700,0155501,0155502,0155503,0155504,0155505,0159801,0161003,0210105,0210106,0210107,0210108,0210199,0220901,0220902,0220906,0220999,0230600,0312401,0322101,1011201,1011203,1011205,1012101,1012102,1012103,1012104,1013901,1013902,1020101,1031700,1032599,1033301,1033302,1041400,1042200,1051100,1052000,1063500,1064300,1065101,1066000,1091102,1092900,1095300,4611700,4623101,4623102,4623103,4623106,4623108,4623109,4623199,4631100,4632001,4632002,4632003,4633801,4633802,4634601,4634602,4634603,4634699,4637102,4637103,4637104,4637105,4671100,4692300,4721103,4722901,4722902,4724500,4789002,7490103,8219999;RUA;CORONEL LUCIO;719;;CENTRO;63700061;;;33189459000134;1383;2304103.0;Crateús;CRATEÚS;Sertão dos Crateús;Sertão dos Crateús;LOTE 36;CÁRITAS DIOCESANA DE CRATEÚS;Crateús;10.0;22.0;10.0;22.0;0.0;0.0;4.0;4.0;26.0;2.6;COOPERATIVA DA AGRICULTURA FAMILIAR DOS SERTÕES DE CRATEÚS;33189459000134.0;CAF Emitido;;;18/01/2024 15:38:00;12/05/2025 11:24:04;43.0;23.0;100,00;33189459000134
3589;CARITAS DIOCESANA DE CRATEUS CDC;1285146;20240612001248100;4932.2;2024-06-12;33189459000134;COOPERATIVA DA AGRICULTURA FAMILIAR DOS SERTOES DE CRATEUS;Nota Fiscal;211;Gêneros Alimentícios ( Proteínas, Carboidratos, Hortaliças, Sódios e Lipídios);4932.2;251;2436.5;2024-06-13;13;1ªQuinzena;jun.;2024;Efetivada;33189459000134;33189459;0001;34;1;COOPERAGRI;02;20190329;00;4712100;0111302,0111399,0121101,0133402,0133403,0133404,0133408,0133409,0133410,0133499,0139303,0139304,0139399,0141501,0141502,0142300,0151201,0151202,0152102,0152103,0153901,0153902,0154700,0155501,0155502,0155503,0155504,0155505,0159801,0161003,0210105,0210106,0210107,0210108,0210199,0220901,0220902,0220906,0220999,0230600,0312401,0322101,1011201,1011203,1011205,1012101,1012102,1012103,1012104,1013901,1013902,1020101,1031700,1032599,1033301,1033302,1041400,1042200,1051100,1052000,1063500,1064300,1065101,1066000,1091102,1092900,1095300,4611700,4623101,4623102,4623103,4623106,4623108,4623109,4623199,4631100,4632001,4632002,4632003,4633801,4633802,4634601,4634602,4634603,4634699,4637102,4637103,4637104,4637105,4671100,4692300,4721103,4722901,4722902,4724500,4789002,7490103,8219999;RUA;CORONEL LUCIO;719;;CENTRO;63700061;;;33189459000134;1383;2304103.0;Crateús;CRATEÚS;Sertão dos Crateús;Sertão dos Crateús;LOTE 36;CÁRITAS DIOCESANA DE CRATEÚS;Crateús;10.0;22.0;10.0;22.0;0.0;0.0;4.0;4.0;26.0;2.6;COOPERATIVA DA AGRICULTURA FAMILIAR DOS SERTÕES DE CRATEÚS;33189459000134.0;CAF Emitido;;;18/01/2024 15:38:00;12/05/2025 11:24:04;43.0;23.0;100,00;33189459000134
3614;CARITAS DIOCESANA DE CRATEUS CDC;1285146;20240711001262800;5621.15;2024-07-11;33189459000134;COOPERATIVA DA AGRICULTURA FAMILIAR DOS SERTOES DE CRATEUS;Nota Fiscal;211;Gêneros Alimentícios ( Proteínas, Carboidratos, Hortaliças, Sódios e Lipídios);5621.15;252;2620.2;2024-07-12;12;1ªQuinzena;jul.;2024;Efetivada;33189459000134;33189459;0001;34;1;COOPERAGRI;02;20190329;00;4712100;0111302,0111399,0121101,0133402,0133403,0133404,0133408,0133409,0133410,0133499,0139303,0139304,0139399,0141501,0141502,0142300,0151201,0151202,0152102,0152103,0153901,0153902,0154700,0155501,0155502,0155503,0155504,0155505,0159801,0161003,0210105,0210106,0210107,0210108,0210199,0220901,0220902,0220906,0220999,0230600,0312401,0322101,1011201,1011203,1011205,1012101,1012102,1012103,1012104,1013901,1013902,1020101,1031700,1032599,1033301,1033302,1041400,1042200,1051100,1052000,1063500,1064300,1065101,1066000,1091102,1092900,1095300,4611700,4623101,4623102,4623103,4623106,4623108,4623109,4623199,4631100,4632001,4632002,4632003,4633801,4633802,4634601,4634602,4634603,4634699,4637102,4637103,4637104,4637105,4671100,4692300,4721103,4722901,4722902,4724500,4789002,7490103,8219999;RUA;CORONEL LUCIO;719;;CENTRO;63700061;;;33189459000134;1383;2304103.0;Crateús;CRATEÚS;Sertão dos Crateús;Sertão dos Crateús;LOTE 36;CÁRITAS DIOCESANA DE CRATEÚS;Crateús;10.0;22.0;10.0;22.0;0.0;0.0;4.0;4.0;26.0;2.6;COOPERATIVA DA AGRICULTURA FAMILIAR DOS SERTÕES DE CRATEÚS;33189459000134.0;CAF Emitido;;;18/01/2024 15:38:00;12/05/2025 11:24:04;43.0;23.0;100,00;33189459000134
3640;CARITAS DIOCESANA DE CRATEUS CDC;1285146;20240807001277900;6396.6;2024-08-07;33189459000134;COOPERATIVA DA AGRICULTURA FAMILIAR DOS SERTOES DE CRATEUS;Nota Fiscal;211;Gêneros Alimentícios ( Proteínas, Carboidratos, Hortaliças, Sódios e Lipídios);6396.6;254;3069.0;2024-08-08;8;1ªQuinzena;ago.;2024;Efetivada;33189459000134;33189459;0001;34;1;COOPERAGRI;02;20190329;00;4712100;0111302,0111399,0121101,0133402,0133403,0133404,0133408,0133409,0133410,0133499,0139303,0139304,0139399,0141501,0141502,0142300,0151201,0151202,0152102,0152103,0153901,0153902,0154700,0155501,0155502,0155503,0155504,0155505,0159801,0161003,0210105,0210106,0210107,0210108,0210199,0220901,0220902,0220906,0220999,0230600,0312401,0322101,1011201,1011203,1011205,1012101,1012102,1012103,1012104,1013901,1013902,1020101,1031700,1032599,1033301,1033302,1041400,1042200,1051100,1052000,1063500,1064300,1065101,1066000,1091102,1092900,1095300,4611700,4623101,4623102,4623103,4623106,4623108,4623109,4623199,4631100,4632001,4632002,4632003,4633801,4633802,4634601,4634602,4634603,4634699,4637102,4637103,4637104,4637105,4671100,4692300,4721103,4722901,4722902,4724500,4789002,7490103,8219999;RUA;CORONEL LUCIO;719;;CENTRO;63700061;;;33189459000134;1383;2304103.0;Crateús;CRATEÚS;Sertão dos Crateús;Sertão dos Crateús;LOTE 36;CÁRITAS DIOCESANA DE CRATEÚS;Crateús;10.0;22.0;10.0;22.0;0.0;0.0;4.0;4.0;26.0;2.6;COOPERATIVA DA AGRICULTURA FAMILIAR DOS SERTÕES DE CRATEÚS;33189459000134.0;CAF Emitido;;;18/01/2024 15:38:00;12/05/2025 11:24:04;43.0;23.0;100,00;33189459000134
3665;CARITAS DIOCESANA DE CRATEUS CDC;1285146;20240919001298700;8525.6;2024-09-19;33189459000134;COOPERATIVA DA AGRICULTURA FAMILIAR DOS SERTOES DE CRATEUS;Nota Fiscal;211;Gêneros Alimentícios ( Proteínas, Carboidratos, Hortaliças, Sódios e Lipídios);8525.6;261;3989.7;2024-09-20;20;2ªQuinzena;set.;2024;Efetivada;33189459000134;33189459;0001;34;1;COOPERAGRI;02;20190329;00;4712100;0111302,0111399,0121101,0133402,0133403,0133404,0133408,0133409,0133410,0133499,0139303,0139304,0139399,0141501,0141502,0142300,0151201,0151202,0152102,0152103,0153901,0153902,0154700,0155501,0155502,0155503,0155504,0155505,0159801,0161003,0210105,0210106,0210107,0210108,0210199,0220901,0220902,0220906,0220999,0230600,0312401,0322101,1011201,1011203,1011205,1012101,1012102,1012103,1012104,1013901,1013902,1020101,1031700,1032599,1033301,1033302,1041400,1042200,1051100,1052000,1063500,1064300,1065101,1066000,1091102,1092900,1095300,4611700,4623101,4623102,4623103,4623106,4623108,4623109,4623199,4631100,4632001,4632002,4632003,4633801,4633802,4634601,4634602,4634603,4634699,4637102,4637103,4637104,4637105,4671100,4692300,4721103,4722901,4722902,4724500,4789002,7490103,8219999;RUA;CORONEL LUCIO;719;;CENTRO;63700061;;;33189459000134;1383;2304103.0;Crateús;CRATEÚS;Sertão dos Crateús;Sertão dos Crateús;LOTE 36;CÁRITAS DIOCESANA DE CRATEÚS;Crateús;10.0;22.0;10.0;22.0;0.0;0.0;4.0;4.0;26.0;2.6;COOPERATIVA DA AGRICULTURA FAMILIAR DOS SERTÕES DE CRATEÚS;33189459000134.0;CAF Emitido;;;18/01/2024 15:38:00;12/05/2025 11:24:04;43.0;23.0;100,00;33189459000134
3691;CARITAS DIOCESANA DE CRATEUS CDC;1285146;20241017001313400;6084.06;2024-10-17;33189459000134;COOPERATIVA DA AGRICULTURA FAMILIAR DOS SERTOES DE CRATEUS;Nota Fiscal;211;Gêneros Alimentícios ( Proteínas, Carboidratos, Hortaliças, Sódios e Lipídios);6084.06;266;2762.1;2024-10-18;18;2ªQuinzena;out.;2024;Efetivada;33189459000134;33189459;0001;34;1;COOPERAGRI;02;20190329;00;4712100;0111302,0111399,0121101,0133402,0133403,0133404,0133408,0133409,0133410,0133499,0139303,0139304,0139399,0141501,0141502,0142300,0151201,0151202,0152102,0152103,0153901,0153902,0154700,0155501,0155502,0155503,0155504,0155505,0159801,0161003,0210105,0210106,0210107,0210108,0210199,0220901,0220902,0220906,0220999,0230600,0312401,0322101,1011201,1011203,1011205,1012101,1012102,1012103,1012104,1013901,1013902,1020101,1031700,1032599,1033301,1033302,1041400,1042200,1051100,1052000,1063500,1064300,1065101,1066000,1091102,1092900,1095300,4611700,4623101,4623102,4623103,4623106,4623108,4623109,4623199,4631100,4632001,4632002,4632003,4633801,4633802,4634601,4634602,4634603,4634699,4637102,4637103,4637104,4637105,4671100,4692300,4721103,4722901,4722902,4724500,4789002,7490103,8219999;RUA;CORONEL LUCIO;719;;CENTRO;63700061;;;33189459000134;1383;2304103.0;Crateús;CRATEÚS;Sertão dos Crateús;Sertão dos Crateús;LOTE 36;CÁRITAS DIOCESANA DE CRATEÚS;Crateús;10.0;22.0;10.0;22.0;0.0;0.0;4.0;4.0;26.0;2.6;COOPERATIVA DA AGRICULTURA FAMILIAR DOS SERTÕES DE CRATEÚS;33189459000134.0;CAF Emitido;;;18/01/2024 15:38:00;12/05/2025 11:24:04;43.0;23.0;100,00;33189459000134
3716;CARITAS DIOCESANA DE CRATEUS CDC;1285146;20241114001327600;5602.32;2024-11-14;33189459000134;COOPERATIVA DA AGRICULTURA FAMILIAR DOS SERTOES DE CRATEUS;Nota Fiscal;211;Gêneros Alimentícios ( Proteínas, Carboidratos, Hortaliças, Sódios e Lipídios);5602.32;273;2455.2;2024-11-18;18;2ªQuinzena;nov.;2024;Efetivada;33189459000134;33189459;0001;34;1;COOPERAGRI;02;20190329;00;4712100;0111302,0111399,0121101,0133402,0133403,0133404,0133408,0133409,0133410,0133499,0139303,0139304,0139399,0141501,0141502,0142300,0151201,0151202,0152102,0152103,0153901,0153902,0154700,0155501,0155502,0155503,0155504,0155505,0159801,0161003,0210105,0210106,0210107,0210108,0210199,0220901,0220902,0220906,0220999,0230600,0312401,0322101,1011201,1011203,1011205,1012101,1012102,1012103,1012104,1013901,1013902,1020101,1031700,1032599,1033301,1033302,1041400,1042200,1051100,1052000,1063500,1064300,1065101,1066000,1091102,1092900,1095300,4611700,4623101,4623102,4623103,4623106,4623108,4623109,4623199,4631100,4632001,4632002,4632003,4633801,4633802,4634601,4634602,4634603,4634699,4637102,4637103,4637104,4637105,4671100,4692300,4721103,4722901,4722902,4724500,4789002,7490103,8219999;RUA;CORONEL LUCIO;719;;CENTRO;63700061;;;33189459000134;1383;2304103.0;Crateús;CRATEÚS;Sertão dos Crateús;Sertão dos Crateús;LOTE 36;CÁRITAS DIOCESANA DE CRATEÚS;Crateús;10.0;22.0;10.0;22.0;0.0;0.0;4.0;4.0;26.0;2.6;COOPERATIVA DA AGRICULTURA FAMILIAR DOS SERTÕES DE CRATEÚS;33189459000134.0;CAF Emitido;;;18/01/2024 15:38:00;12/05/2025 11:24:04;43.0;23.0;100,00;33189459000134
3739;CARITAS DIOCESANA DE CRATEUS CDC;1285146;20241212001347500;6565.8;2024-12-12;33189459000134;COOPERATIVA DA AGRICULTURA FAMILIAR DOS SERTOES DE CRATEUS;Nota Fiscal;211;Gêneros Alimentícios ( Proteínas, Carboidratos, Hortaliças, Sódios e Lipídios);6565.8;282;3069.0;2024-12-13;13;1ªQuinzena;dez.;2024;Efetivada;33189459000134;33189459;0001;34;1;COOPERAGRI;02;20190329;00;4712100;0111302,0111399,0121101,0133402,0133403,0133404,0133408,0133409,0133410,0133499,0139303,0139304,0139399,0141501,0141502,0142300,0151201,0151202,0152102,0152103,0153901,0153902,0154700,0155501,0155502,0155503,0155504,0155505,0159801,0161003,0210105,0210106,0210107,0210108,0210199,0220901,0220902,0220906,0220999,0230600,0312401,0322101,1011201,1011203,1011205,1012101,1012102,1012103,1012104,1013901,1013902,1020101,1031700,1032599,1033301,1033302,1041400,1042200,1051100,1052000,1063500,1064300,1065101,1066000,1091102,1092900,1095300,4611700,4623101,4623102,4623103,4623106,4623108,4623109,4623199,4631100,4632001,4632002,4632003,4633801,4633802,4634601,4634602,4634603,4634699,4637102,4637103,4637104,4637105,4671100,4692300,4721103,4722901,4722902,4724500,4789002,7490103,8219999;RUA;CORONEL LUCIO;719;;CENTRO;63700061;;;33189459000134;1383;2304103.0;Crateús;CRATEÚS;Sertão dos Crateús;Sertão dos Crateús;LOTE 36;CÁRITAS DIOCESANA DE CRATEÚS;Crateús;10.0;22.0;10.0;22.0;0.0;0.0;4.0;4.0;26.0;2.6;COOPERATIVA DA AGRICULTURA FAMILIAR DOS SERTÕES DE CRATEÚS;33189459000134.0;CAF Emitido;;;18/01/2024 15:38:00;12/05/2025 11:24:04;43.0;23.0;100,00;33189459000134
3759;CARITAS DIOCESANA DE CRATEUS CDC;1285146;20250122001367100;5120.58;2025-01-22;33189459000134;COOPERATIVA DA AGRICULTURA FAMILIAR DOS SERTOES DE CRATEUS;Nota Fiscal;211;Gêneros Alimentícios ( Proteínas, Carboidratos, Hortaliças, Sódios e Lipídios);5120.58;292;2148.3;2025-01-23;23;2ªQuinzena;jan.;2025;Efetivada;33189459000134;33189459;0001;34;1;COOPERAGRI;02;20190329;00;4712100;0111302,0111399,0121101,0133402,0133403,0133404,0133408,0133409,0133410,0133499,0139303,0139304,0139399,0141501,0141502,0142300,0151201,0151202,0152102,0152103,0153901,0153902,0154700,0155501,0155502,0155503,0155504,0155505,0159801,0161003,0210105,0210106,0210107,0210108,0210199,0220901,0220902,0220906,0220999,0230600,0312401,0322101,1011201,1011203,1011205,1012101,1012102,1012103,1012104,1013901,1013902,1020101,1031700,1032599,1033301,1033302,1041400,1042200,1051100,1052000,1063500,1064300,1065101,1066000,1091102,1092900,1095300,4611700,4623101,4623102,4623103,4623106,4623108,4623109,4623199,4631100,4632001,4632002,4632003,4633801,4633802,4634601,4634602,4634603,4634699,4637102,4637103,4637104,4637105,4671100,4692300,4721103,4722901,4722902,4724500,4789002,7490103,8219999;RUA;CORONEL LUCIO;719;;CENTRO;63700061;;;33189459000134;1383;2304103.0;Crateús;CRATEÚS;Sertão dos Crateús;Sertão dos Crateús;LOTE 36;CÁRITAS DIOCESANA DE CRATEÚS;Crateús;10.0;22.0;10.0;22.0;0.0;0.0;4.0;4.0;26.0;2.6;COOPERATIVA DA AGRICULTURA FAMILIAR DOS SERTÕES DE CRATEÚS;33189459000134.0;CAF Emitido;;;18/01/2024 15:38:00;12/05/2025 11:24:04;43.0;23.0;100,00;33189459000134
3786;CARITAS DIOCESANA DE CRATEUS CDC;1285146;20250210001375300;6565.8;2025-02-10;33189459000134;COOPERATIVA DA AGRICULTURA FAMILIAR DOS SERTOES DE CRATEUS;Nota Fiscal;211;Gêneros Alimentícios ( Proteínas, Carboidratos, Hortaliças, Sódios e Lipídios);6565.8;298;2306.4;2025-02-11;11;1ªQuinzena;fev.;2025;Efetivada;33189459000134;33189459;0001;34;1;COOPERAGRI;02;20190329;00;4712100;0111302,0111399,0121101,0133402,0133403,0133404,0133408,0133409,0133410,0133499,0139303,0139304,0139399,0141501,0141502,0142300,0151201,0151202,0152102,0152103,0153901,0153902,0154700,0155501,0155502,0155503,0155504,0155505,0159801,0161003,0210105,0210106,0210107,0210108,0210199,0220901,0220902,0220906,0220999,0230600,0312401,0322101,1011201,1011203,1011205,1012101,1012102,1012103,1012104,1013901,1013902,1020101,1031700,1032599,1033301,1033302,1041400,1042200,1051100,1052000,1063500,1064300,1065101,1066000,1091102,1092900,1095300,4611700,4623101,4623102,4623103,4623106,4623108,4623109,4623199,4631100,4632001,4632002,4632003,4633801,4633802,4634601,4634602,4634603,4634699,4637102,4637103,4637104,4637105,4671100,4692300,4721103,4722901,4722902,4724500,4789002,7490103,8219999;RUA;CORONEL LUCIO;719;;CENTRO;63700061;;;33189459000134;1383;2304103.0;Crateús;CRATEÚS;Sertão dos Crateús;Sertão dos Crateús;LOTE 36;CÁRITAS DIOCESANA DE CRATEÚS;Crateús;10.0;22.0;10.0;22.0;0.0;0.0;4.0;4.0;26.0;2.6;COOPERATIVA DA AGRICULTURA FAMILIAR DOS SERTÕES DE CRATEÚS;33189459000134.0;CAF Emitido;;;18/01/2024 15:38:00;12/05/2025 11:24:04;43.0;23.0;100,00;33189459000134
3808;CARITAS DIOCESANA DE CRATEUS CDC;1285146;20250313001388700;6216.12;2025-03-13;33189459000134;COOPERATIVA DA AGRICULTURA FAMILIAR DOS SERTOES DE CRATEUS;Nota Fiscal;211;Gêneros Alimentícios ( Proteínas, Carboidratos, Hortaliças, Sódios e Lipídios);6216.12;302;2075.76;2025-03-14;14;1ªQuinzena;mar.;2025;Efetivada;33189459000134;33189459;0001;34;1;COOPERAGRI;02;20190329;00;4712100;0111302,0111399,0121101,0133402,0133403,0133404,0133408,0133409,0133410,0133499,0139303,0139304,0139399,0141501,0141502,0142300,0151201,0151202,0152102,0152103,0153901,0153902,0154700,0155501,0155502,0155503,0155504,0155505,0159801,0161003,0210105,0210106,0210107,0210108,0210199,0220901,0220902,0220906,0220999,0230600,0312401,0322101,1011201,1011203,1011205,1012101,1012102,1012103,1012104,1013901,1013902,1020101,1031700,1032599,1033301,1033302,1041400,1042200,1051100,1052000,1063500,1064300,1065101,1066000,1091102,1092900,1095300,4611700,4623101,4623102,4623103,4623106,4623108,4623109,4623199,4631100,4632001,4632002,4632003,4633801,4633802,4634601,4634602,4634603,4634699,4637102,4637103,4637104,4637105,4671100,4692300,4721103,4722901,4722902,4724500,4789002,7490103,8219999;RUA;CORONEL LUCIO;719;;CENTRO;63700061;;;33189459000134;1383;2304103.0;Crateús;CRATEÚS;Sertão dos Crateús;Sertão dos Crateús;LOTE 36;CÁRITAS DIOCESANA DE CRATEÚS;Crateús;10.0;22.0;10.0;22.0;0.0;0.0;4.0;4.0;26.0;2.6;COOPERATIVA DA AGRICULTURA FAMILIAR DOS SERTÕES DE CRATEÚS;33189459000134.0;CAF Emitido;;;18/01/2024 15:38:00;12/05/2025 11:24:04;43.0;23.0;100,00;33189459000134
3830;CARITAS DIOCESANA DE CRATEUS CDC;1285146;20250408001399700;6390.96;2025-04-08;33189459000134;COOPERATIVA DA AGRICULTURA FAMILIAR DOS SERTOES DE CRATEUS;Nota Fiscal;211;Gêneros Alimentícios ( Proteínas, Carboidratos, Hortaliças, Sódios e Lipídios);6390.96;307;3069.0;2025-04-09;9;1ªQuinzena;abr.;2025;Efetivada;33189459000134;33189459;0001;34;1;COOPERAGRI;02;20190329;00;4712100;0111302,0111399,0121101,0133402,0133403,0133404,0133408,0133409,0133410,0133499,0139303,0139304,0139399,0141501,0141502,0142300,0151201,0151202,0152102,0152103,0153901,0153902,0154700,0155501,0155502,0155503,0155504,0155505,0159801,0161003,0210105,0210106,0210107,0210108,0210199,0220901,0220902,0220906,0220999,0230600,0312401,0322101,1011201,1011203,1011205,1012101,1012102,1012103,1012104,1013901,1013902,1020101,1031700,1032599,1033301,1033302,1041400,1042200,1051100,1052000,1063500,1064300,1065101,1066000,1091102,1092900,1095300,4611700,4623101,4623102,4623103,4623106,4623108,4623109,4623199,4631100,4632001,4632002,4632003,4633801,4633802,4634601,4634602,4634603,4634699,4637102,4637103,4637104,4637105,4671100,4692300,4721103,4722901,4722902,4724500,4789002,7490103,8219999;RUA;CORONEL LUCIO;719;;CENTRO;63700061;;;33189459000134;1383;2304103.0;Crateús;CRATEÚS;Sertão dos Crateús;Sertão dos Crateús;LOTE 36;CÁRITAS DIOCESANA DE CRATEÚS;Crateús;10.0;22.0;10.0;22.0;0.0;0.0;4.0;4.0;26.0;2.6;COOPERATIVA DA AGRICULTURA FAMILIAR DOS SERTÕES DE CRATEÚS;33189459000134.0;CAF Emitido;;;18/01/2024 15:38:00;12/05/2025 11:24:04;43.0;23.0;100,00;33189459000134
3849;CARITAS DIOCESANA DE CRATEUS CDC;1285146;20250507001411300;5602.32;2025-05-07;33189459000134;COOPERATIVA DA AGRICULTURA FAMILIAR DOS SERTOES DE CRATEUS;Nota Fiscal;211;Gêneros Alimentícios ( Proteínas, Carboidratos, Hortaliças, Sódios e Lipídios);5602.32;311;2455.2;2025-05-08;8;1ªQuinzena;mai.;2025;Efetivada;33189459000134;33189459;0001;34;1;COOPERAGRI;02;20190329;00;4712100;0111302,0111399,0121101,0133402,0133403,0133404,0133408,0133409,0133410,0133499,0139303,0139304,0139399,0141501,0141502,0142300,0151201,0151202,0152102,0152103,0153901,0153902,0154700,0155501,0155502,0155503,0155504,0155505,0159801,0161003,0210105,0210106,0210107,0210108,0210199,0220901,0220902,0220906,0220999,0230600,0312401,0322101,1011201,1011203,1011205,1012101,1012102,1012103,1012104,1013901,1013902,1020101,1031700,1032599,1033301,1033302,1041400,1042200,1051100,1052000,1063500,1064300,1065101,1066000,1091102,1092900,1095300,4611700,4623101,4623102,4623103,4623106,4623108,4623109,4623199,4631100,4632001,4632002,4632003,4633801,4633802,4634601,4634602,4634603,4634699,4637102,4637103,4637104,4637105,4671100,4692300,4721103,4722901,4722902,4724500,4789002,7490103,8219999;RUA;CORONEL LUCIO;719;;CENTRO;63700061;;;33189459000134;1383;2304103.0;Crateús;CRATEÚS;Sertão dos Crateús;Sertão dos Crateús;LOTE 36;CÁRITAS DIOCESANA DE CRATEÚS;Crateús;10.0;22.0;10.0;22.0;0.0;0.0;4.0;4.0;26.0;2.6;COOPERATIVA DA AGRICULTURA FAMILIAR DOS SERTÕES DE CRATEÚS;33189459000134.0;CAF Emitido;;;18/01/2024 15:38:00;12/05/2025 11:24:04;43.0;23.0;100,00;33189459000134
3854;CARITAS DIOCESANA DE CRATEUS CDC;1285146;20250528001420700;5077.8;2025-05-28;33189459000134;COOPERATIVA DA AGRICULTURA FAMILIAR DOS SERTOES DE CRATEUS;Nota Fiscal;211;Gêneros Alimentícios ( Proteínas, Carboidratos, Hortaliças, Sódios e Lipídios);5077.8;315;2455.2;2025-05-29;29;2ªQuinzena;mai.;2025;Efetivada;33189459000134;33189459;0001;34;1;COOPERAGRI;02;20190329;00;4712100;0111302,0111399,0121101,0133402,0133403,0133404,0133408,0133409,0133410,0133499,0139303,0139304,0139399,0141501,0141502,0142300,0151201,0151202,0152102,0152103,0153901,0153902,0154700,0155501,0155502,0155503,0155504,0155505,0159801,0161003,0210105,0210106,0210107,0210108,0210199,0220901,0220902,0220906,0220999,0230600,0312401,0322101,1011201,1011203,1011205,1012101,1012102,1012103,1012104,1013901,1013902,1020101,1031700,1032599,1033301,1033302,1041400,1042200,1051100,1052000,1063500,1064300,1065101,1066000,1091102,1092900,1095300,4611700,4623101,4623102,4623103,4623106,4623108,4623109,4623199,4631100,4632001,4632002,4632003,4633801,4633802,4634601,4634602,4634603,4634699,4637102,4637103,4637104,4637105,4671100,4692300,4721103,4722901,4722902,4724500,4789002,7490103,8219999;RUA;CORONEL LUCIO;719;;CENTRO;63700061;;;33189459000134;1383;2304103.0;Crateús;CRATEÚS;Sertão dos Crateús;Sertão dos Crateús;LOTE 36;CÁRITAS DIOCESANA DE CRATEÚS;Crateús;10.0;22.0;10.0;22.0;0.0;0.0;4.0;4.0;26.0;2.6;COOPERATIVA DA AGRICULTURA FAMILIAR DOS SERTÕES DE CRATEÚS;33189459000134.0;CAF Emitido;;;18/01/2024 15:38:00;12/05/2025 11:24:04;43.0;23.0;100,00;33189459000134
3874;CARITAS DIOCESANA DE CRATEUS CDC;1285146;20250617001432100;8360.7;2025-06-17;33189459000134;COOPERATIVA DA AGRICULTURA FAMILIAR DOS SERTOES DE CRATEUS;Nota Fiscal;211;Gêneros Alimentícios ( Proteínas, Carboidratos, Hortaliças, Sódios e Lipídios);8360.7;322;3989.7;2025-06-18;18;2ªQuinzena;jun.;2025;Efetivada;33189459000134;33189459;0001;34;1;COOPERAGRI;02;20190329;00;4712100;0111302,0111399,0121101,0133402,0133403,0133404,0133408,0133409,0133410,0133499,0139303,0139304,0139399,0141501,0141502,0142300,0151201,0151202,0152102,0152103,0153901,0153902,0154700,0155501,0155502,0155503,0155504,0155505,0159801,0161003,0210105,0210106,0210107,0210108,0210199,0220901,0220902,0220906,0220999,0230600,0312401,0322101,1011201,1011203,1011205,1012101,1012102,1012103,1012104,1013901,1013902,1020101,1031700,1032599,1033301,1033302,1041400,1042200,1051100,1052000,1063500,1064300,1065101,1066000,1091102,1092900,1095300,4611700,4623101,4623102,4623103,4623106,4623108,4623109,4623199,4631100,4632001,4632002,4632003,4633801,4633802,4634601,4634602,4634603,4634699,4637102,4637103,4637104,4637105,4671100,4692300,4721103,4722901,4722902,4724500,4789002,7490103,8219999;RUA;CORONEL LUCIO;719;;CENTRO;63700061;;;33189459000134;1383;2304103.0;Crateús;CRATEÚS;Sertão dos Crateús;Sertão dos Crateús;LOTE 36;CÁRITAS DIOCESANA DE CRATEÚS;Crateús;10.0;22.0;10.0;22.0;0.0;0.0;4.0;4.0;26.0;2.6;COOPERATIVA DA AGRICULTURA FAMILIAR DOS SERTÕES DE CRATEÚS;33189459000134.0;CAF Emitido;;;18/01/2024 15:38:00;12/05/2025 11:24:04;43.0;23.0;100,00;33189459000134
3928;ACACE ASSOCO DE COOP AGRIC DO EST CE;1285376;20240612001247900;57334.32;2024-06-12;12272377000189;COOPERATIVA DA AGRICULTURA FAMILIAR LTDA;Nota Fiscal;211;Gêneros Alimentícios ( Proteínas, Carboidratos, Hortaliças, Sódios e Lipídios);57334.32;2712;4608.0;2024-06-13;13;1ªQuinzena;jun.;2024;Efetivada;12272377000189;12272377;0001;89;1;COAF;02;20100715;00;4729699;0111301,0111302,0111399,0112101,0113000,0115600,0116403,0116499,0119905,0119906,0119999,0121101,0133402,0133408,0133410,0133499,0139304,0139399,0141501,0142300,0151201,0151202,0152102,0153901,0153902,0154700,0155501,0155502,0155503,0155504,0155505,0159801,0161001,0161002,0161003,0161099,0162801,0162803,0162899,0163600,0312401,0312404,0321301,0322101,0322102,0322107,1011201,1011203,1011205,1012101,1012102,1012103,1013901,1020101,1020102,1031700,1032599,1033301,1033302,1041400,1042200,1051100,1052000,1061901,1063500,1064300,1065101,1066000,1069400,1311100,2013402,3821100,3839401,3900500,4622200,4623101,4623102,4623106,4623108,4623109,4623199,4631100,4632001,4632002,4632003,4633801,4633802,4633803,4634601,4634602,4634699,4637102,4637103,4637104,4637105,4637107,4637199,4639701,4724500;COMUNIDADE;SITIOS NOVOS;SN;;BARRENTO;62515000;;;12272377000189;1429;2306405.0;Itapipoca;ITAPIPOCA;Litoral Oeste / Vale do Curu;Litoral Oeste / Vale do Curu;LOTE 20;ACACE;Itapipoca;28.0;36.0;28.0;36.0;0.0;0.0;2.0;2.0;38.0;3.8;COAF - COOPERATIVA DA AGRICULTURA FAMILIAR LTDA;12272377000189.0;CAF Emitido;UNICAFES;06/02/2026;20/01/2023 11:17:44;29/05/2025 13:38:15;246.0;75.0;99,19;12272377000189
3929;ACACE ASSOCO DE COOP AGRIC DO EST CE;1285376;20240620001251600;15200.0;2024-06-20;36396374000115;COOPERATIVA REGIONAL DOS ASSENTADOS DA REGIÃO DO LITORAL NORTE;Nota Fiscal;211;Gêneros Alimentícios ( Proteínas, Carboidratos, Hortaliças, Sódios e Lipídios);15200.0;263;3840.0;2024-06-21;21;2ªQuinzena;jun.;2024;Efetivada;36396374000115;36396374;0001;15;1;COOPRANORTE;02;20200217;00;4637199;0161099,1063500,4623199,4929902;RUA;PROFESSORA MARIA TOME;703;;BAIRRO DO CAMPO;62540000;;;36396374000115;1587;2300754.0;Amontada;AMONTADA;Litoral Oeste / Vale do Curu;Litoral Oeste / Vale do Curu;LOTE 20;ACACE;Amontada;2.0;36.0;2.0;36.0;0.0;0.0;2.0;2.0;38.0;3.8;COOPERATIVA  REGIONAL DOS ASSENTADOS DA REGIÃO LITORAL NORTE- COOPRANORTE;36396374000115.0;Processo Enviado;MST_CCA;;20/05/2020 15:00:57;27/03/2024 10:20:49;75.0;40.0;66,67;36396374000115
3935;ACACE ASSOCO DE COOP AGRIC DO EST CE;1285376;20240710001262600;57334.32;2024-07-10;12272377000189;COOPERATIVA DA AGRICULTURA FAMILIAR LTDA;Nota Fiscal;211;Gêneros Alimentícios ( Proteínas, Carboidratos, Hortaliças, Sódios e Lipídios);57334.32;2720;4608.0;2024-07-11;11;1ªQuinzena;jul.;2024;Efetivada;12272377000189;12272377;0001;89;1;COAF;02;20100715;00;4729699;0111301,0111302,0111399,0112101,0113000,0115600,0116403,0116499,0119905,0119906,0119999,0121101,0133402,0133408,0133410,0133499,0139304,0139399,0141501,0142300,0151201,0151202,0152102,0153901,0153902,0154700,0155501,0155502,0155503,0155504,0155505,0159801,0161001,0161002,0161003,0161099,0162801,0162803,0162899,0163600,0312401,0312404,0321301,0322101,0322102,0322107,1011201,1011203,1011205,1012101,1012102,1012103,1013901,1020101,1020102,1031700,1032599,1033301,1033302,1041400,1042200,1051100,1052000,1061901,1063500,1064300,1065101,1066000,1069400,1311100,2013402,3821100,3839401,3900500,4622200,4623101,4623102,4623106,4623108,4623109,4623199,4631100,4632001,4632002,4632003,4633801,4633802,4633803,4634601,4634602,4634699,4637102,4637103,4637104,4637105,4637107,4637199,4639701,4724500;COMUNIDADE;SITIOS NOVOS;SN;;BARRENTO;62515000;;;12272377000189;1429;2306405.0;Itapipoca;ITAPIPOCA;Litoral Oeste / Vale do Curu;Litoral Oeste / Vale do Curu;LOTE 20;ACACE;Itapipoca;28.0;36.0;28.0;36.0;0.0;0.0;2.0;2.0;38.0;3.8;COAF - COOPERATIVA DA AGRICULTURA FAMILIAR LTDA;12272377000189.0;CAF Emitido;UNICAFES;06/02/2026;20/01/2023 11:17:44;29/05/2025 13:38:15;246.0;75.0;99,19;12272377000189
3936;ACACE ASSOCO DE COOP AGRIC DO EST CE;1285376;20240722001267000;15200.0;2024-07-22;36396374000115;COOPERATIVA REGIONAL DOS ASSENTADOS DA REGIÃO DO LITORAL NORTE;Nota Fiscal;211;Gêneros Alimentícios ( Proteínas, Carboidratos, Hortaliças, Sódios e Lipídios);15200.0;274;3840.0;2024-07-23;23;2ªQuinzena;jul.;2024;Efetivada;36396374000115;36396374;0001;15;1;COOPRANORTE;02;20200217;00;4637199;0161099,1063500,4623199,4929902;RUA;PROFESSORA MARIA TOME;703;;BAIRRO DO CAMPO;62540000;;;36396374000115;1587;2300754.0;Amontada;AMONTADA;Litoral Oeste / Vale do Curu;Litoral Oeste / Vale do Curu;LOTE 20;ACACE;Amontada;2.0;36.0;2.0;36.0;0.0;0.0;2.0;2.0;38.0;3.8;COOPERATIVA  REGIONAL DOS ASSENTADOS DA REGIÃO LITORAL NORTE- COOPRANORTE;36396374000115.0;Processo Enviado;MST_CCA;;20/05/2020 15:00:57;27/03/2024 10:20:49;75.0;40.0;66,67;36396374000115
3937;ACACE ASSOCO DE COOP AGRIC DO EST CE;1285376;20240723001267500;5800.0;2024-07-23;36396374000115;COOPERATIVA REGIONAL DOS ASSENTADOS DA REGIÃO DO LITORAL NORTE;Nota Fiscal;211;Gêneros Alimentícios ( Proteínas, Carboidratos, Hortaliças, Sódios e Lipídios);5800.0;280;1450.0;2024-07-24;24;2ªQuinzena;jul.;2024;Efetivada;36396374000115;36396374;0001;15;1;COOPRANORTE;02;20200217;00;4637199;0161099,1063500,4623199,4929902;RUA;PROFESSORA MARIA TOME;703;;BAIRRO DO CAMPO;62540000;;;36396374000115;1587;2300754.0;Amontada;AMONTADA;Litoral Oeste / Vale do Curu;Litoral Oeste / Vale do Curu;LOTE 20;ACACE;Amontada;2.0;36.0;2.0;36.0;0.0;0.0;2.0;2.0;38.0;3.8;COOPERATIVA  REGIONAL DOS ASSENTADOS DA REGIÃO LITORAL NORTE- COOPRANORTE;36396374000115.0;Processo Enviado;MST_CCA;;20/05/2020 15:00:57;27/03/2024 10:20:49;75.0;40.0;66,67;36396374000115
3941;ACACE ASSOCO DE COOP AGRIC DO EST CE;1285376;20240730001272200;52371.9;2024-07-30;12272377000189;COOPERATIVA DA AGRICULTURA FAMILIAR LTDA;Nota Fiscal;211;Gêneros Alimentícios ( Proteínas, Carboidratos, Hortaliças, Sódios e Lipídios);52371.9;2727;2565.0;2024-07-31;31;2ªQuinzena;jul.;2024;Efetivada;12272377000189;12272377;0001;89;1;COAF;02;20100715;00;4729699;0111301,0111302,0111399,0112101,0113000,0115600,0116403,0116499,0119905,0119906,0119999,0121101,0133402,0133408,0133410,0133499,0139304,0139399,0141501,0142300,0151201,0151202,0152102,0153901,0153902,0154700,0155501,0155502,0155503,0155504,0155505,0159801,0161001,0161002,0161003,0161099,0162801,0162803,0162899,0163600,0312401,0312404,0321301,0322101,0322102,0322107,1011201,1011203,1011205,1012101,1012102,1012103,1013901,1020101,1020102,1031700,1032599,1033301,1033302,1041400,1042200,1051100,1052000,1061901,1063500,1064300,1065101,1066000,1069400,1311100,2013402,3821100,3839401,3900500,4622200,4623101,4623102,4623106,4623108,4623109,4623199,4631100,4632001,4632002,4632003,4633801,4633802,4633803,4634601,4634602,4634699,4637102,4637103,4637104,4637105,4637107,4637199,4639701,4724500;COMUNIDADE;SITIOS NOVOS;SN;;BARRENTO;62515000;;;12272377000189;1429;2306405.0;Itapipoca;ITAPIPOCA;Litoral Oeste / Vale do Curu;Litoral Oeste / Vale do Curu;LOTE 20;ACACE;Itapipoca;28.0;36.0;28.0;36.0;0.0;0.0;2.0;2.0;38.0;3.8;COAF - COOPERATIVA DA AGRICULTURA FAMILIAR LTDA;12272377000189.0;CAF Emitido;UNICAFES;06/02/2026;20/01/2023 11:17:44;29/05/2025 13:38:15;246.0;75.0;99,19;12272377000189
3943;ACACE ASSOCO DE COOP AGRIC DO EST CE;1285376;20240807001277700;52371.9;2024-08-07;12272377000189;COOPERATIVA DA AGRICULTURA FAMILIAR LTDA;Nota Fiscal;211;Gêneros Alimentícios ( Proteínas, Carboidratos, Hortaliças, Sódios e Lipídios);52371.9;2731;2565.0;2024-08-08;8;1ªQuinzena;ago.;2024;Efetivada;12272377000189;12272377;0001;89;1;COAF;02;20100715;00;4729699;0111301,0111302,0111399,0112101,0113000,0115600,0116403,0116499,0119905,0119906,0119999,0121101,0133402,0133408,0133410,0133499,0139304,0139399,0141501,0142300,0151201,0151202,0152102,0153901,0153902,0154700,0155501,0155502,0155503,0155504,0155505,0159801,0161001,0161002,0161003,0161099,0162801,0162803,0162899,0163600,0312401,0312404,0321301,0322101,0322102,0322107,1011201,1011203,1011205,1012101,1012102,1012103,1013901,1020101,1020102,1031700,1032599,1033301,1033302,1041400,1042200,1051100,1052000,1061901,1063500,1064300,1065101,1066000,1069400,1311100,2013402,3821100,3839401,3900500,4622200,4623101,4623102,4623106,4623108,4623109,4623199,4631100,4632001,4632002,4632003,4633801,4633802,4633803,4634601,4634602,4634699,4637102,4637103,4637104,4637105,4637107,4637199,4639701,4724500;COMUNIDADE;SITIOS NOVOS;SN;;BARRENTO;62515000;;;12272377000189;1429;2306405.0;Itapipoca;ITAPIPOCA;Litoral Oeste / Vale do Curu;Litoral Oeste / Vale do Curu;LOTE 20;ACACE;Itapipoca;28.0;36.0;28.0;36.0;0.0;0.0;2.0;2.0;38.0;3.8;COAF - COOPERATIVA DA AGRICULTURA FAMILIAR LTDA;12272377000189.0;CAF Emitido;UNICAFES;06/02/2026;20/01/2023 11:17:44;29/05/2025 13:38:15;246.0;75.0;99,19;12272377000189
3945;ACACE ASSOCO DE COOP AGRIC DO EST CE;1285376;20240820001282000;15200.0;2024-08-20;36396374000115;COOPERATIVA REGIONAL DOS ASSENTADOS DA REGIÃO DO LITORAL NORTE;Nota Fiscal;211;Gêneros Alimentícios ( Proteínas, Carboidratos, Hortaliças, Sódios e Lipídios);15200.0;285;3840.0;2024-08-21;21;2ªQuinzena;ago.;2024;Efetivada;36396374000115;36396374;0001;15;1;COOPRANORTE;02;20200217;00;4637199;0161099,1063500,4623199,4929902;RUA;PROFESSORA MARIA TOME;703;;BAIRRO DO CAMPO;62540000;;;36396374000115;1587;2300754.0;Amontada;AMONTADA;Litoral Oeste / Vale do Curu;Litoral Oeste / Vale do Curu;LOTE 20;ACACE;Amontada;2.0;36.0;2.0;36.0;0.0;0.0;2.0;2.0;38.0;3.8;COOPERATIVA  REGIONAL DOS ASSENTADOS DA REGIÃO LITORAL NORTE- COOPRANORTE;36396374000115.0;Processo Enviado;MST_CCA;;20/05/2020 15:00:57;27/03/2024 10:20:49;75.0;40.0;66,67;36396374000115
3946;ACACE ASSOCO DE COOP AGRIC DO EST CE;1285376;20240820001282000;5800.0;2024-08-20;36396374000115;COOPERATIVA REGIONAL DOS ASSENTADOS DA REGIÃO DO LITORAL NORTE;Nota Fiscal;211;Gêneros Alimentícios ( Proteínas, Carboidratos, Hortaliças, Sódios e Lipídios);5800.0;286;1450.0;2024-08-21;21;2ªQuinzena;ago.;2024;Efetivada;36396374000115;36396374;0001;15;1;COOPRANORTE;02;20200217;00;4637199;0161099,1063500,4623199,4929902;RUA;PROFESSORA MARIA TOME;703;;BAIRRO DO CAMPO;62540000;;;36396374000115;1587;2300754.0;Amontada;AMONTADA;Litoral Oeste / Vale do Curu;Litoral Oeste / Vale do Curu;LOTE 20;ACACE;Amontada;2.0;36.0;2.0;36.0;0.0;0.0;2.0;2.0;38.0;3.8;COOPERATIVA  REGIONAL DOS ASSENTADOS DA REGIÃO LITORAL NORTE- COOPRANORTE;36396374000115.0;Processo Enviado;MST_CCA;;20/05/2020 15:00:57;27/03/2024 10:20:49;75.0;40.0;66,67;36396374000115
3949;ACACE ASSOCO DE COOP AGRIC DO EST CE;1285376;20240829001287900;52371.9;2024-08-29;12272377000189;COOPERATIVA DA AGRICULTURA FAMILIAR LTDA;Nota Fiscal;211;Gêneros Alimentícios ( Proteínas, Carboidratos, Hortaliças, Sódios e Lipídios);52371.9;2742;2565.0;2024-08-30;30;2ªQuinzena;ago.;2024;Efetivada;12272377000189;12272377;0001;89;1;COAF;02;20100715;00;4729699;0111301,0111302,0111399,0112101,0113000,0115600,0116403,0116499,0119905,0119906,0119999,0121101,0133402,0133408,0133410,0133499,0139304,0139399,0141501,0142300,0151201,0151202,0152102,0153901,0153902,0154700,0155501,0155502,0155503,0155504,0155505,0159801,0161001,0161002,0161003,0161099,0162801,0162803,0162899,0163600,0312401,0312404,0321301,0322101,0322102,0322107,1011201,1011203,1011205,1012101,1012102,1012103,1013901,1020101,1020102,1031700,1032599,1033301,1033302,1041400,1042200,1051100,1052000,1061901,1063500,1064300,1065101,1066000,1069400,1311100,2013402,3821100,3839401,3900500,4622200,4623101,4623102,4623106,4623108,4623109,4623199,4631100,4632001,4632002,4632003,4633801,4633802,4633803,4634601,4634602,4634699,4637102,4637103,4637104,4637105,4637107,4637199,4639701,4724500;COMUNIDADE;SITIOS NOVOS;SN;;BARRENTO;62515000;;;12272377000189;1429;2306405.0;Itapipoca;ITAPIPOCA;Litoral Oeste / Vale do Curu;Litoral Oeste / Vale do Curu;LOTE 20;ACACE;Itapipoca;28.0;36.0;28.0;36.0;0.0;0.0;2.0;2.0;38.0;3.8;COAF - COOPERATIVA DA AGRICULTURA FAMILIAR LTDA;12272377000189.0;CAF Emitido;UNICAFES;06/02/2026;20/01/2023 11:17:44;29/05/2025 13:38:15;246.0;75.0;99,19;12272377000189
3954;ACACE ASSOCO DE COOP AGRIC DO EST CE;1285376;20240916001296300;52371.9;2024-09-16;12272377000189;COOPERATIVA DA AGRICULTURA FAMILIAR LTDA;Nota Fiscal;211;Gêneros Alimentícios ( Proteínas, Carboidratos, Hortaliças, Sódios e Lipídios);52371.9;2760;2565.0;2024-09-17;17;2ªQuinzena;set.;2024;Efetivada;12272377000189;12272377;0001;89;1;COAF;02;20100715;00;4729699;0111301,0111302,0111399,0112101,0113000,0115600,0116403,0116499,0119905,0119906,0119999,0121101,0133402,0133408,0133410,0133499,0139304,0139399,0141501,0142300,0151201,0151202,0152102,0153901,0153902,0154700,0155501,0155502,0155503,0155504,0155505,0159801,0161001,0161002,0161003,0161099,0162801,0162803,0162899,0163600,0312401,0312404,0321301,0322101,0322102,0322107,1011201,1011203,1011205,1012101,1012102,1012103,1013901,1020101,1020102,1031700,1032599,1033301,1033302,1041400,1042200,1051100,1052000,1061901,1063500,1064300,1065101,1066000,1069400,1311100,2013402,3821100,3839401,3900500,4622200,4623101,4623102,4623106,4623108,4623109,4623199,4631100,4632001,4632002,4632003,4633801,4633802,4633803,4634601,4634602,4634699,4637102,4637103,4637104,4637105,4637107,4637199,4639701,4724500;COMUNIDADE;SITIOS NOVOS;SN;;BARRENTO;62515000;;;12272377000189;1429;2306405.0;Itapipoca;ITAPIPOCA;Litoral Oeste / Vale do Curu;Litoral Oeste / Vale do Curu;LOTE 20;ACACE;Itapipoca;28.0;36.0;28.0;36.0;0.0;0.0;2.0;2.0;38.0;3.8;COAF - COOPERATIVA DA AGRICULTURA FAMILIAR LTDA;12272377000189.0;CAF Emitido;UNICAFES;06/02/2026;20/01/2023 11:17:44;29/05/2025 13:38:15;246.0;75.0;99,19;12272377000189
3956;ACACE ASSOCO DE COOP AGRIC DO EST CE;1285376;20240918001298100;15200.0;2024-09-18;36396374000115;COOPERATIVA REGIONAL DOS ASSENTADOS DA REGIÃO DO LITORAL NORTE;Nota Fiscal;211;Gêneros Alimentícios ( Proteínas, Carboidratos, Hortaliças, Sódios e Lipídios);15200.0;294;3840.0;2024-09-19;19;2ªQuinzena;set.;2024;Efetivada;36396374000115;36396374;0001;15;1;COOPRANORTE;02;20200217;00;4637199;0161099,1063500,4623199,4929902;RUA;PROFESSORA MARIA TOME;703;;BAIRRO DO CAMPO;62540000;;;36396374000115;1587;2300754.0;Amontada;AMONTADA;Litoral Oeste / Vale do Curu;Litoral Oeste / Vale do Curu;LOTE 20;ACACE;Amontada;2.0;36.0;2.0;36.0;0.0;0.0;2.0;2.0;38.0;3.8;COOPERATIVA  REGIONAL DOS ASSENTADOS DA REGIÃO LITORAL NORTE- COOPRANORTE;36396374000115.0;Processo Enviado;MST_CCA;;20/05/2020 15:00:57;27/03/2024 10:20:49;75.0;40.0;66,67;36396374000115
3957;ACACE ASSOCO DE COOP AGRIC DO EST CE;1285376;20240918001298100;5800.0;2024-09-18;36396374000115;COOPERATIVA REGIONAL DOS ASSENTADOS DA REGIÃO DO LITORAL NORTE;Nota Fiscal;211;Gêneros Alimentícios ( Proteínas, Carboidratos, Hortaliças, Sódios e Lipídios);5800.0;295;1450.0;2024-09-19;19;2ªQuinzena;set.;2024;Efetivada;36396374000115;36396374;0001;15;1;COOPRANORTE;02;20200217;00;4637199;0161099,1063500,4623199,4929902;RUA;PROFESSORA MARIA TOME;703;;BAIRRO DO CAMPO;62540000;;;36396374000115;1587;2300754.0;Amontada;AMONTADA;Litoral Oeste / Vale do Curu;Litoral Oeste / Vale do Curu;LOTE 20;ACACE;Amontada;2.0;36.0;2.0;36.0;0.0;0.0;2.0;2.0;38.0;3.8;COOPERATIVA  REGIONAL DOS ASSENTADOS DA REGIÃO LITORAL NORTE- COOPRANORTE;36396374000115.0;Processo Enviado;MST_CCA;;20/05/2020 15:00:57;27/03/2024 10:20:49;75.0;40.0;66,67;36396374000115
3964;ACACE ASSOCO DE COOP AGRIC DO EST CE;1285376;20241016001312800;106861.0;2024-10-16;12272377000189;COOPERATIVA DA AGRICULTURA FAMILIAR LTDA;Nota Fiscal;211;Gêneros Alimentícios ( Proteínas, Carboidratos, Hortaliças, Sódios e Lipídios);106861.0;2792;5104.0;2024-10-17;17;2ªQuinzena;out.;2024;Efetivada;12272377000189;12272377;0001;89;1;COAF;02;20100715;00;4729699;0111301,0111302,0111399,0112101,0113000,0115600,0116403,0116499,0119905,0119906,0119999,0121101,0133402,0133408,0133410,0133499,0139304,0139399,0141501,0142300,0151201,0151202,0152102,0153901,0153902,0154700,0155501,0155502,0155503,0155504,0155505,0159801,0161001,0161002,0161003,0161099,0162801,0162803,0162899,0163600,0312401,0312404,0321301,0322101,0322102,0322107,1011201,1011203,1011205,1012101,1012102,1012103,1013901,1020101,1020102,1031700,1032599,1033301,1033302,1041400,1042200,1051100,1052000,1061901,1063500,1064300,1065101,1066000,1069400,1311100,2013402,3821100,3839401,3900500,4622200,4623101,4623102,4623106,4623108,4623109,4623199,4631100,4632001,4632002,4632003,4633801,4633802,4633803,4634601,4634602,4634699,4637102,4637103,4637104,4637105,4637107,4637199,4639701,4724500;COMUNIDADE;SITIOS NOVOS;SN;;BARRENTO;62515000;;;12272377000189;1429;2306405.0;Itapipoca;ITAPIPOCA;Litoral Oeste / Vale do Curu;Litoral Oeste / Vale do Curu;LOTE 20;ACACE;Itapipoca;28.0;36.0;28.0;36.0;0.0;0.0;2.0;2.0;38.0;3.8;COAF - COOPERATIVA DA AGRICULTURA FAMILIAR LTDA;12272377000189.0;CAF Emitido;UNICAFES;06/02/2026;20/01/2023 11:17:44;29/05/2025 13:38:15;246.0;75.0;99,19;12272377000189
3965;ACACE ASSOCO DE COOP AGRIC DO EST CE;1285376;20241024001315600;22165.5;2024-10-24;36396374000115;COOPERATIVA REGIONAL DOS ASSENTADOS DA REGIÃO DO LITORAL NORTE;Nota Fiscal;211;Gêneros Alimentícios ( Proteínas, Carboidratos, Hortaliças, Sódios e Lipídios);22165.5;300;7668.0;2024-10-25;25;2ªQuinzena;out.;2024;Efetivada;36396374000115;36396374;0001;15;1;COOPRANORTE;02;20200217;00;4637199;0161099,1063500,4623199,4929902;RUA;PROFESSORA MARIA TOME;703;;BAIRRO DO CAMPO;62540000;;;36396374000115;1587;2300754.0;Amontada;AMONTADA;Litoral Oeste / Vale do Curu;Litoral Oeste / Vale do Curu;LOTE 20;ACACE;Amontada;2.0;36.0;2.0;36.0;0.0;0.0;2.0;2.0;38.0;3.8;COOPERATIVA  REGIONAL DOS ASSENTADOS DA REGIÃO LITORAL NORTE- COOPRANORTE;36396374000115.0;Processo Enviado;MST_CCA;;20/05/2020 15:00:57;27/03/2024 10:20:49;75.0;40.0;66,67;36396374000115
3970;ACACE ASSOCO DE COOP AGRIC DO EST CE;1285376;20241113001327300;106861.0;2024-11-13;12272377000189;COOPERATIVA DA AGRICULTURA FAMILIAR LTDA;Nota Fiscal;211;Gêneros Alimentícios ( Proteínas, Carboidratos, Hortaliças, Sódios e Lipídios);106861.0;2815;5104.0;2024-11-14;14;1ªQuinzena;nov.;2024;Efetivada;12272377000189;12272377;0001;89;1;COAF;02;20100715;00;4729699;0111301,0111302,0111399,0112101,0113000,0115600,0116403,0116499,0119905,0119906,0119999,0121101,0133402,0133408,0133410,0133499,0139304,0139399,0141501,0142300,0151201,0151202,0152102,0153901,0153902,0154700,0155501,0155502,0155503,0155504,0155505,0159801,0161001,0161002,0161003,0161099,0162801,0162803,0162899,0163600,0312401,0312404,0321301,0322101,0322102,0322107,1011201,1011203,1011205,1012101,1012102,1012103,1013901,1020101,1020102,1031700,1032599,1033301,1033302,1041400,1042200,1051100,1052000,1061901,1063500,1064300,1065101,1066000,1069400,1311100,2013402,3821100,3839401,3900500,4622200,4623101,4623102,4623106,4623108,4623109,4623199,4631100,4632001,4632002,4632003,4633801,4633802,4633803,4634601,4634602,4634699,4637102,4637103,4637104,4637105,4637107,4637199,4639701,4724500;COMUNIDADE;SITIOS NOVOS;SN;;BARRENTO;62515000;;;12272377000189;1429;2306405.0;Itapipoca;ITAPIPOCA;Litoral Oeste / Vale do Curu;Litoral Oeste / Vale do Curu;LOTE 20;ACACE;Itapipoca;28.0;36.0;28.0;36.0;0.0;0.0;2.0;2.0;38.0;3.8;COAF - COOPERATIVA DA AGRICULTURA FAMILIAR LTDA;12272377000189.0;CAF Emitido;UNICAFES;06/02/2026;20/01/2023 11:17:44;29/05/2025 13:38:15;246.0;75.0;99,19;12272377000189
3971;ACACE ASSOCO DE COOP AGRIC DO EST CE;1285376;20241127001334800;22165.5;2024-11-27;36396374000115;COOPERATIVA REGIONAL DOS ASSENTADOS DA REGIÃO DO LITORAL NORTE;Nota Fiscal;211;Gêneros Alimentícios ( Proteínas, Carboidratos, Hortaliças, Sódios e Lipídios);22165.5;304;7668.0;2024-11-28;28;2ªQuinzena;nov.;2024;Efetivada;36396374000115;36396374;0001;15;1;COOPRANORTE;02;20200217;00;4637199;0161099,1063500,4623199,4929902;RUA;PROFESSORA MARIA TOME;703;;BAIRRO DO CAMPO;62540000;;;36396374000115;1587;2300754.0;Amontada;AMONTADA;Litoral Oeste / Vale do Curu;Litoral Oeste / Vale do Curu;LOTE 20;ACACE;Amontada;2.0;36.0;2.0;36.0;0.0;0.0;2.0;2.0;38.0;3.8;COOPERATIVA  REGIONAL DOS ASSENTADOS DA REGIÃO LITORAL NORTE- COOPRANORTE;36396374000115.0;Processo Enviado;MST_CCA;;20/05/2020 15:00:57;27/03/2024 10:20:49;75.0;40.0;66,67;36396374000115
3976;ACACE ASSOCO DE COOP AGRIC DO EST CE;1285376;20241209001344000;102744.0;2024-12-09;12272377000189;COOPERATIVA DA AGRICULTURA FAMILIAR LTDA;Nota Fiscal;211;Gêneros Alimentícios ( Proteínas, Carboidratos, Hortaliças, Sódios e Lipídios);102744.0;2839;5565.0;2024-12-10;10;1ªQuinzena;dez.;2024;Efetivada;12272377000189;12272377;0001;89;1;COAF;02;20100715;00;4729699;0111301,0111302,0111399,0112101,0113000,0115600,0116403,0116499,0119905,0119906,0119999,0121101,0133402,0133408,0133410,0133499,0139304,0139399,0141501,0142300,0151201,0151202,0152102,0153901,0153902,0154700,0155501,0155502,0155503,0155504,0155505,0159801,0161001,0161002,0161003,0161099,0162801,0162803,0162899,0163600,0312401,0312404,0321301,0322101,0322102,0322107,1011201,1011203,1011205,1012101,1012102,1012103,1013901,1020101,1020102,1031700,1032599,1033301,1033302,1041400,1042200,1051100,1052000,1061901,1063500,1064300,1065101,1066000,1069400,1311100,2013402,3821100,3839401,3900500,4622200,4623101,4623102,4623106,4623108,4623109,4623199,4631100,4632001,4632002,4632003,4633801,4633802,4633803,4634601,4634602,4634699,4637102,4637103,4637104,4637105,4637107,4637199,4639701,4724500;COMUNIDADE;SITIOS NOVOS;SN;;BARRENTO;62515000;;;12272377000189;1429;2306405.0;Itapipoca;ITAPIPOCA;Litoral Oeste / Vale do Curu;Litoral Oeste / Vale do Curu;LOTE 20;ACACE;Itapipoca;28.0;36.0;28.0;36.0;0.0;0.0;2.0;2.0;38.0;3.8;COAF - COOPERATIVA DA AGRICULTURA FAMILIAR LTDA;12272377000189.0;CAF Emitido;UNICAFES;06/02/2026;20/01/2023 11:17:44;29/05/2025 13:38:15;246.0;75.0;99,19;12272377000189
3977;ACACE ASSOCO DE COOP AGRIC DO EST CE;1285376;20241218001352000;22165.5;2024-12-18;36396374000115;COOPERATIVA REGIONAL DOS ASSENTADOS DA REGIÃO DO LITORAL NORTE;Nota Fiscal;211;Gêneros Alimentícios ( Proteínas, Carboidratos, Hortaliças, Sódios e Lipídios);22165.5;315;7668.0;2024-12-19;19;2ªQuinzena;dez.;2024;Efetivada;36396374000115;36396374;0001;15;1;COOPRANORTE;02;20200217;00;4637199;0161099,1063500,4623199,4929902;RUA;PROFESSORA MARIA TOME;703;;BAIRRO DO CAMPO;62540000;;;36396374000115;1587;2300754.0;Amontada;AMONTADA;Litoral Oeste / Vale do Curu;Litoral Oeste / Vale do Curu;LOTE 20;ACACE;Amontada;2.0;36.0;2.0;36.0;0.0;0.0;2.0;2.0;38.0;3.8;COOPERATIVA  REGIONAL DOS ASSENTADOS DA REGIÃO LITORAL NORTE- COOPRANORTE;36396374000115.0;Processo Enviado;MST_CCA;;20/05/2020 15:00:57;27/03/2024 10:20:49;75.0;40.0;66,67;36396374000115
3984;ACACE ASSOCO DE COOP AGRIC DO EST CE;1285376;20250123001367400;102744.0;2025-01-23;12272377000189;COOPERATIVA DA AGRICULTURA FAMILIAR LTDA;Nota Fiscal;211;Gêneros Alimentícios ( Proteínas, Carboidratos, Hortaliças, Sódios e Lipídios);102744.0;2868;5565.0;2025-01-24;24;2ªQuinzena;jan.;2025;Efetivada;12272377000189;12272377;0001;89;1;COAF;02;20100715;00;4729699;0111301,0111302,0111399,0112101,0113000,0115600,0116403,0116499,0119905,0119906,0119999,0121101,0133402,0133408,0133410,0133499,0139304,0139399,0141501,0142300,0151201,0151202,0152102,0153901,0153902,0154700,0155501,0155502,0155503,0155504,0155505,0159801,0161001,0161002,0161003,0161099,0162801,0162803,0162899,0163600,0312401,0312404,0321301,0322101,0322102,0322107,1011201,1011203,1011205,1012101,1012102,1012103,1013901,1020101,1020102,1031700,1032599,1033301,1033302,1041400,1042200,1051100,1052000,1061901,1063500,1064300,1065101,1066000,1069400,1311100,2013402,3821100,3839401,3900500,4622200,4623101,4623102,4623106,4623108,4623109,4623199,4631100,4632001,4632002,4632003,4633801,4633802,4633803,4634601,4634602,4634699,4637102,4637103,4637104,4637105,4637107,4637199,4639701,4724500;COMUNIDADE;SITIOS NOVOS;SN;;BARRENTO;62515000;;;12272377000189;1429;2306405.0;Itapipoca;ITAPIPOCA;Litoral Oeste / Vale do Curu;Litoral Oeste / Vale do Curu;LOTE 20;ACACE;Itapipoca;28.0;36.0;28.0;36.0;0.0;0.0;2.0;2.0;38.0;3.8;COAF - COOPERATIVA DA AGRICULTURA FAMILIAR LTDA;12272377000189.0;CAF Emitido;UNICAFES;06/02/2026;20/01/2023 11:17:44;29/05/2025 13:38:15;246.0;75.0;99,19;12272377000189
3985;ACACE ASSOCO DE COOP AGRIC DO EST CE;1285376;20250127001367900;22165.5;2025-01-27;36396374000115;COOPERATIVA REGIONAL DOS ASSENTADOS DA REGIÃO DO LITORAL NORTE;Nota Fiscal;211;Gêneros Alimentícios ( Proteínas, Carboidratos, Hortaliças, Sódios e Lipídios);22165.5;318;7668.0;2025-01-28;28;2ªQuinzena;jan.;2025;Efetivada;36396374000115;36396374;0001;15;1;COOPRANORTE;02;20200217;00;4637199;0161099,1063500,4623199,4929902;RUA;PROFESSORA MARIA TOME;703;;BAIRRO DO CAMPO;62540000;;;36396374000115;1587;2300754.0;Amontada;AMONTADA;Litoral Oeste / Vale do Curu;Litoral Oeste / Vale do Curu;LOTE 20;ACACE;Amontada;2.0;36.0;2.0;36.0;0.0;0.0;2.0;2.0;38.0;3.8;COOPERATIVA  REGIONAL DOS ASSENTADOS DA REGIÃO LITORAL NORTE- COOPRANORTE;36396374000115.0;Processo Enviado;MST_CCA;;20/05/2020 15:00:57;27/03/2024 10:20:49;75.0;40.0;66,67;36396374000115
3991;ACACE ASSOCO DE COOP AGRIC DO EST CE;1285376;20250218001378000;21895.5;2025-02-18;36396374000115;COOPERATIVA REGIONAL DOS ASSENTADOS DA REGIÃO DO LITORAL NORTE;Nota Fiscal;211;Gêneros Alimentícios ( Proteínas, Carboidratos, Hortaliças, Sódios e Lipídios);21895.5;322;7398.0;2025-02-19;19;2ªQuinzena;fev.;2025;Efetivada;36396374000115;36396374;0001;15;1;COOPRANORTE;02;20200217;00;4637199;0161099,1063500,4623199,4929902;RUA;PROFESSORA MARIA TOME;703;;BAIRRO DO CAMPO;62540000;;;36396374000115;1587;2300754.0;Amontada;AMONTADA;Litoral Oeste / Vale do Curu;Litoral Oeste / Vale do Curu;LOTE 20;ACACE;Amontada;2.0;36.0;2.0;36.0;0.0;0.0;2.0;2.0;38.0;3.8;COOPERATIVA  REGIONAL DOS ASSENTADOS DA REGIÃO LITORAL NORTE- COOPRANORTE;36396374000115.0;Processo Enviado;MST_CCA;;20/05/2020 15:00:57;27/03/2024 10:20:49;75.0;40.0;66,67;36396374000115
3992;ACACE ASSOCO DE COOP AGRIC DO EST CE;1285376;20250219001378300;90508.1;2025-02-19;12272377000189;COOPERATIVA DA AGRICULTURA FAMILIAR LTDA;Nota Fiscal;211;Gêneros Alimentícios ( Proteínas, Carboidratos, Hortaliças, Sódios e Lipídios);90508.1;2890;4868.5;2025-02-20;20;2ªQuinzena;fev.;2025;Efetivada;12272377000189;12272377;0001;89;1;COAF;02;20100715;00;4729699;0111301,0111302,0111399,0112101,0113000,0115600,0116403,0116499,0119905,0119906,0119999,0121101,0133402,0133408,0133410,0133499,0139304,0139399,0141501,0142300,0151201,0151202,0152102,0153901,0153902,0154700,0155501,0155502,0155503,0155504,0155505,0159801,0161001,0161002,0161003,0161099,0162801,0162803,0162899,0163600,0312401,0312404,0321301,0322101,0322102,0322107,1011201,1011203,1011205,1012101,1012102,1012103,1013901,1020101,1020102,1031700,1032599,1033301,1033302,1041400,1042200,1051100,1052000,1061901,1063500,1064300,1065101,1066000,1069400,1311100,2013402,3821100,3839401,3900500,4622200,4623101,4623102,4623106,4623108,4623109,4623199,4631100,4632001,4632002,4632003,4633801,4633802,4633803,4634601,4634602,4634699,4637102,4637103,4637104,4637105,4637107,4637199,4639701,4724500;COMUNIDADE;SITIOS NOVOS;SN;;BARRENTO;62515000;;;12272377000189;1429;2306405.0;Itapipoca;ITAPIPOCA;Litoral Oeste / Vale do Curu;Litoral Oeste / Vale do Curu;LOTE 20;ACACE;Itapipoca;28.0;36.0;28.0;36.0;0.0;0.0;2.0;2.0;38.0;3.8;COAF - COOPERATIVA DA AGRICULTURA FAMILIAR LTDA;12272377000189.0;CAF Emitido;UNICAFES;06/02/2026;20/01/2023 11:17:44;29/05/2025 13:38:15;246.0;75.0;99,19;12272377000189
3996;ACACE ASSOCO DE COOP AGRIC DO EST CE;1285376;20250312001387500;90508.1;2025-03-12;12272377000189;COOPERATIVA DA AGRICULTURA FAMILIAR LTDA;Nota Fiscal;211;Gêneros Alimentícios ( Proteínas, Carboidratos, Hortaliças, Sódios e Lipídios);90508.1;2929;4868.5;2025-03-13;13;1ªQuinzena;mar.;2025;Efetivada;12272377000189;12272377;0001;89;1;COAF;02;20100715;00;4729699;0111301,0111302,0111399,0112101,0113000,0115600,0116403,0116499,0119905,0119906,0119999,0121101,0133402,0133408,0133410,0133499,0139304,0139399,0141501,0142300,0151201,0151202,0152102,0153901,0153902,0154700,0155501,0155502,0155503,0155504,0155505,0159801,0161001,0161002,0161003,0161099,0162801,0162803,0162899,0163600,0312401,0312404,0321301,0322101,0322102,0322107,1011201,1011203,1011205,1012101,1012102,1012103,1013901,1020101,1020102,1031700,1032599,1033301,1033302,1041400,1042200,1051100,1052000,1061901,1063500,1064300,1065101,1066000,1069400,1311100,2013402,3821100,3839401,3900500,4622200,4623101,4623102,4623106,4623108,4623109,4623199,4631100,4632001,4632002,4632003,4633801,4633802,4633803,4634601,4634602,4634699,4637102,4637103,4637104,4637105,4637107,4637199,4639701,4724500;COMUNIDADE;SITIOS NOVOS;SN;;BARRENTO;62515000;;;12272377000189;1429;2306405.0;Itapipoca;ITAPIPOCA;Litoral Oeste / Vale do Curu;Litoral Oeste / Vale do Curu;LOTE 20;ACACE;Itapipoca;28.0;36.0;28.0;36.0;0.0;0.0;2.0;2.0;38.0;3.8;COAF - COOPERATIVA DA AGRICULTURA FAMILIAR LTDA;12272377000189.0;CAF Emitido;UNICAFES;06/02/2026;20/01/2023 11:17:44;29/05/2025 13:38:15;246.0;75.0;99,19;12272377000189
3998;ACACE ASSOCO DE COOP AGRIC DO EST CE;1285376;20250313001388700;22165.5;2025-03-13;36396374000115;COOPERATIVA REGIONAL DOS ASSENTADOS DA REGIÃO DO LITORAL NORTE;Nota Fiscal;211;Gêneros Alimentícios ( Proteínas, Carboidratos, Hortaliças, Sódios e Lipídios);22165.5;323;7668.0;2025-03-14;14;1ªQuinzena;mar.;2025;Efetivada;36396374000115;36396374;0001;15;1;COOPRANORTE;02;20200217;00;4637199;0161099,1063500,4623199,4929902;RUA;PROFESSORA MARIA TOME;703;;BAIRRO DO CAMPO;62540000;;;36396374000115;1587;2300754.0;Amontada;AMONTADA;Litoral Oeste / Vale do Curu;Litoral Oeste / Vale do Curu;LOTE 20;ACACE;Amontada;2.0;36.0;2.0;36.0;0.0;0.0;2.0;2.0;38.0;3.8;COOPERATIVA  REGIONAL DOS ASSENTADOS DA REGIÃO LITORAL NORTE- COOPRANORTE;36396374000115.0;Processo Enviado;MST_CCA;;20/05/2020 15:00:57;27/03/2024 10:20:49;75.0;40.0;66,67;36396374000115
3999;ACACE ASSOCO DE COOP AGRIC DO EST CE;1285376;20250314001389200;270.0;2025-03-14;36396374000115;COOPERATIVA REGIONAL DOS ASSENTADOS DA REGIÃO DO LITORAL NORTE;Nota Fiscal;211;Gêneros Alimentícios ( Proteínas, Carboidratos, Hortaliças, Sódios e Lipídios);270.0;3222;270.0;2025-03-17;17;2ªQuinzena;mar.;2025;Efetivada;36396374000115;36396374;0001;15;1;COOPRANORTE;02;20200217;00;4637199;0161099,1063500,4623199,4929902;RUA;PROFESSORA MARIA TOME;703;;BAIRRO DO CAMPO;62540000;;;36396374000115;1587;2300754.0;Amontada;AMONTADA;Litoral Oeste / Vale do Curu;Litoral Oeste / Vale do Curu;LOTE 20;ACACE;Amontada;2.0;36.0;2.0;36.0;0.0;0.0;2.0;2.0;38.0;3.8;COOPERATIVA  REGIONAL DOS ASSENTADOS DA REGIÃO LITORAL NORTE- COOPRANORTE;36396374000115.0;Processo Enviado;MST_CCA;;20/05/2020 15:00:57;27/03/2024 10:20:49;75.0;40.0;66,67;36396374000115
4000;ACACE ASSOCO DE COOP AGRIC DO EST CE;1285376;20250318001390100;4723.5;2025-03-18;36396374000115;COOPERATIVA REGIONAL DOS ASSENTADOS DA REGIÃO DO LITORAL NORTE;Nota Fiscal;211;Gêneros Alimentícios ( Proteínas, Carboidratos, Hortaliças, Sódios e Lipídios);4723.5;326;2034.0;2025-03-20;20;2ªQuinzena;mar.;2025;Efetivada;36396374000115;36396374;0001;15;1;COOPRANORTE;02;20200217;00;4637199;0161099,1063500,4623199,4929902;RUA;PROFESSORA MARIA TOME;703;;BAIRRO DO CAMPO;62540000;;;36396374000115;1587;2300754.0;Amontada;AMONTADA;Litoral Oeste / Vale do Curu;Litoral Oeste / Vale do Curu;LOTE 20;ACACE;Amontada;2.0;36.0;2.0;36.0;0.0;0.0;2.0;2.0;38.0;3.8;COOPERATIVA  REGIONAL DOS ASSENTADOS DA REGIÃO LITORAL NORTE- COOPRANORTE;36396374000115.0;Processo Enviado;MST_CCA;;20/05/2020 15:00:57;27/03/2024 10:20:49;75.0;40.0;66,67;36396374000115
4006;ACACE ASSOCO DE COOP AGRIC DO EST CE;1285376;20250414001401800;106912.8;2025-04-14;12272377000189;COOPERATIVA DA AGRICULTURA FAMILIAR LTDA;Nota Fiscal;211;Gêneros Alimentícios ( Proteínas, Carboidratos, Hortaliças, Sódios e Lipídios);106912.8;2975;6487.0;2025-04-15;15;1ªQuinzena;abr.;2025;Efetivada;12272377000189;12272377;0001;89;1;COAF;02;20100715;00;4729699;0111301,0111302,0111399,0112101,0113000,0115600,0116403,0116499,0119905,0119906,0119999,0121101,0133402,0133408,0133410,0133499,0139304,0139399,0141501,0142300,0151201,0151202,0152102,0153901,0153902,0154700,0155501,0155502,0155503,0155504,0155505,0159801,0161001,0161002,0161003,0161099,0162801,0162803,0162899,0163600,0312401,0312404,0321301,0322101,0322102,0322107,1011201,1011203,1011205,1012101,1012102,1012103,1013901,1020101,1020102,1031700,1032599,1033301,1033302,1041400,1042200,1051100,1052000,1061901,1063500,1064300,1065101,1066000,1069400,1311100,2013402,3821100,3839401,3900500,4622200,4623101,4623102,4623106,4623108,4623109,4623199,4631100,4632001,4632002,4632003,4633801,4633802,4633803,4634601,4634602,4634699,4637102,4637103,4637104,4637105,4637107,4637199,4639701,4724500;COMUNIDADE;SITIOS NOVOS;SN;;BARRENTO;62515000;;;12272377000189;1429;2306405.0;Itapipoca;ITAPIPOCA;Litoral Oeste / Vale do Curu;Litoral Oeste / Vale do Curu;LOTE 20;ACACE;Itapipoca;28.0;36.0;28.0;36.0;0.0;0.0;2.0;2.0;38.0;3.8;COAF - COOPERATIVA DA AGRICULTURA FAMILIAR LTDA;12272377000189.0;CAF Emitido;UNICAFES;06/02/2026;20/01/2023 11:17:44;29/05/2025 13:38:15;246.0;75.0;99,19;12272377000189
4007;ACACE ASSOCO DE COOP AGRIC DO EST CE;1285376;20250423001404400;21513.0;2025-04-23;36396374000115;COOPERATIVA REGIONAL DOS ASSENTADOS DA REGIÃO DO LITORAL NORTE;Nota Fiscal;211;Gêneros Alimentícios ( Proteínas, Carboidratos, Hortaliças, Sódios e Lipídios);21513.0;328;2160.0;2025-04-24;24;2ªQuinzena;abr.;2025;Efetivada;36396374000115;36396374;0001;15;1;COOPRANORTE;02;20200217;00;4637199;0161099,1063500,4623199,4929902;RUA;PROFESSORA MARIA TOME;703;;BAIRRO DO CAMPO;62540000;;;36396374000115;1587;2300754.0;Amontada;AMONTADA;Litoral Oeste / Vale do Curu;Litoral Oeste / Vale do Curu;LOTE 20;ACACE;Amontada;2.0;36.0;2.0;36.0;0.0;0.0;2.0;2.0;38.0;3.8;COOPERATIVA  REGIONAL DOS ASSENTADOS DA REGIÃO LITORAL NORTE- COOPRANORTE;36396374000115.0;Processo Enviado;MST_CCA;;20/05/2020 15:00:57;27/03/2024 10:20:49;75.0;40.0;66,67;36396374000115
4014;ACACE ASSOCO DE COOP AGRIC DO EST CE;1285376;20250515001414900;99995.0;2025-05-15;12272377000189;COOPERATIVA DA AGRICULTURA FAMILIAR LTDA;Nota Fiscal;211;Gêneros Alimentícios ( Proteínas, Carboidratos, Hortaliças, Sódios e Lipídios);99995.0;3028;6270.0;2025-05-16;16;2ªQuinzena;mai.;2025;Efetivada;12272377000189;12272377;0001;89;1;COAF;02;20100715;00;4729699;0111301,0111302,0111399,0112101,0113000,0115600,0116403,0116499,0119905,0119906,0119999,0121101,0133402,0133408,0133410,0133499,0139304,0139399,0141501,0142300,0151201,0151202,0152102,0153901,0153902,0154700,0155501,0155502,0155503,0155504,0155505,0159801,0161001,0161002,0161003,0161099,0162801,0162803,0162899,0163600,0312401,0312404,0321301,0322101,0322102,0322107,1011201,1011203,1011205,1012101,1012102,1012103,1013901,1020101,1020102,1031700,1032599,1033301,1033302,1041400,1042200,1051100,1052000,1061901,1063500,1064300,1065101,1066000,1069400,1311100,2013402,3821100,3839401,3900500,4622200,4623101,4623102,4623106,4623108,4623109,4623199,4631100,4632001,4632002,4632003,4633801,4633802,4633803,4634601,4634602,4634699,4637102,4637103,4637104,4637105,4637107,4637199,4639701,4724500;COMUNIDADE;SITIOS NOVOS;SN;;BARRENTO;62515000;;;12272377000189;1429;2306405.0;Itapipoca;ITAPIPOCA;Litoral Oeste / Vale do Curu;Litoral Oeste / Vale do Curu;LOTE 20;ACACE;Itapipoca;28.0;36.0;28.0;36.0;0.0;0.0;2.0;2.0;38.0;3.8;COAF - COOPERATIVA DA AGRICULTURA FAMILIAR LTDA;12272377000189.0;CAF Emitido;UNICAFES;06/02/2026;20/01/2023 11:17:44;29/05/2025 13:38:15;246.0;75.0;99,19;12272377000189
4015;ACACE ASSOCO DE COOP AGRIC DO EST CE;1285376;20250521001416500;20653.0;2025-05-21;36396374000115;COOPERATIVA REGIONAL DOS ASSENTADOS DA REGIÃO DO LITORAL NORTE;Nota Fiscal;211;Gêneros Alimentícios ( Proteínas, Carboidratos, Hortaliças, Sódios e Lipídios);20653.0;334;2840.0;2025-05-22;22;2ªQuinzena;mai.;2025;Efetivada;36396374000115;36396374;0001;15;1;COOPRANORTE;02;20200217;00;4637199;0161099,1063500,4623199,4929902;RUA;PROFESSORA MARIA TOME;703;;BAIRRO DO CAMPO;62540000;;;36396374000115;1587;2300754.0;Amontada;AMONTADA;Litoral Oeste / Vale do Curu;Litoral Oeste / Vale do Curu;LOTE 20;ACACE;Amontada;2.0;36.0;2.0;36.0;0.0;0.0;2.0;2.0;38.0;3.8;COOPERATIVA  REGIONAL DOS ASSENTADOS DA REGIÃO LITORAL NORTE- COOPRANORTE;36396374000115.0;Processo Enviado;MST_CCA;;20/05/2020 15:00:57;27/03/2024 10:20:49;75.0;40.0;66,67;36396374000115
4019;ACACE ASSOCO DE COOP AGRIC DO EST CE;1285376;20250605001425200;107091.1;2025-06-05;12272377000189;COOPERATIVA DA AGRICULTURA FAMILIAR LTDA;Nota Fiscal;211;Gêneros Alimentícios ( Proteínas, Carboidratos, Hortaliças, Sódios e Lipídios);107091.1;3069;5093.0;2025-06-06;6;1ªQuinzena;jun.;2025;Efetivada;12272377000189;12272377;0001;89;1;COAF;02;20100715;00;4729699;0111301,0111302,0111399,0112101,0113000,0115600,0116403,0116499,0119905,0119906,0119999,0121101,0133402,0133408,0133410,0133499,0139304,0139399,0141501,0142300,0151201,0151202,0152102,0153901,0153902,0154700,0155501,0155502,0155503,0155504,0155505,0159801,0161001,0161002,0161003,0161099,0162801,0162803,0162899,0163600,0312401,0312404,0321301,0322101,0322102,0322107,1011201,1011203,1011205,1012101,1012102,1012103,1013901,1020101,1020102,1031700,1032599,1033301,1033302,1041400,1042200,1051100,1052000,1061901,1063500,1064300,1065101,1066000,1069400,1311100,2013402,3821100,3839401,3900500,4622200,4623101,4623102,4623106,4623108,4623109,4623199,4631100,4632001,4632002,4632003,4633801,4633802,4633803,4634601,4634602,4634699,4637102,4637103,4637104,4637105,4637107,4637199,4639701,4724500;COMUNIDADE;SITIOS NOVOS;SN;;BARRENTO;62515000;;;12272377000189;1429;2306405.0;Itapipoca;ITAPIPOCA;Litoral Oeste / Vale do Curu;Litoral Oeste / Vale do Curu;LOTE 20;ACACE;Itapipoca;28.0;36.0;28.0;36.0;0.0;0.0;2.0;2.0;38.0;3.8;COAF - COOPERATIVA DA AGRICULTURA FAMILIAR LTDA;12272377000189.0;CAF Emitido;UNICAFES;06/02/2026;20/01/2023 11:17:44;29/05/2025 13:38:15;246.0;75.0;99,19;12272377000189
4024;ACACE ASSOCO DE COOP AGRIC DO EST CE;1285376;20250630001436800;20509.0;2025-06-30;36396374000115;COOPERATIVA REGIONAL DOS ASSENTADOS DA REGIÃO DO LITORAL NORTE;Nota Fiscal;211;Gêneros Alimentícios ( Proteínas, Carboidratos, Hortaliças, Sódios e Lipídios);20509.0;345;2840.0;2025-07-01;1;1ªQuinzena;jul.;2025;Efetivada;36396374000115;36396374;0001;15;1;COOPRANORTE;02;20200217;00;4637199;0161099,1063500,4623199,4929902;RUA;PROFESSORA MARIA TOME;703;;BAIRRO DO CAMPO;62540000;;;36396374000115;1587;2300754.0;Amontada;AMONTADA;Litoral Oeste / Vale do Curu;Litoral Oeste / Vale do Curu;LOTE 20;ACACE;Amontada;2.0;36.0;2.0;36.0;0.0;0.0;2.0;2.0;38.0;3.8;COOPERATIVA  REGIONAL DOS ASSENTADOS DA REGIÃO LITORAL NORTE- COOPRANORTE;36396374000115.0;Processo Enviado;MST_CCA;;20/05/2020 15:00:57;27/03/2024 10:20:49;75.0;40.0;66,67;36396374000115
4080;INSTITUTO SOS PERIFERIA - ISOP;1284721;20240825001284200;98147.58;2024-08-25;21872925000100;COOPAFAM COOPERATIVA AGROPECUARIA DE AGRICULTORES FAMILIARES LTDA;Nota Fiscal;211;Gêneros Alimentícios ( Proteínas, Carboidratos, Hortaliças, Sódios e Lipídios);98147.58;6417;17002.7;2024-08-26;26;2ªQuinzena;ago.;2024;Efetivada;21872925000100;21872925;0001;00;1;COOPAFAM;02;20150212;00;1013901;0111302,0116499,0119905,0119906,0133402,0133408,0133409,0133410,0133499,0151201,0151202,0154700,0155501,0155505,0159801,0161099,0322101,1011201,1011203,1011205,1012101,1012103,1012104,1013902,1031700,1033301,1033302,1052000,1063500,1064300,1065101,1066000,1099699,4623108,4623199,4632001,4632003,4633801,4633802,4634601,4634602,4639701,4639702,4722902,4724500;RUA;DESEMBARGADOR PEDRO MELO;530;;PARQUE TIJUCA;61917190;;;21872925000100;1585;2307650.0;Maracanaú;MARACANAÚ;Grande Fortaleza;Grande Fortaleza;LOTE 13;ASSOCIAÇÃO DOS MORADORES DO CONJUNTO ACARACUZINHO;Maracanaú;27.0;27.0;27.0;27.0;0.0;0.0;5.0;5.0;32.0;3.2;COOPAFAM COOPERATIVA AGROPECUARIA DE AGRICULTORES FAMILIARES LTDA;21872925000100.0;Aberto apenas para Atualização de Informações;UNICAFES;26/02/2026;17/01/2019 16:25:00;09/07/2025 09:12:58;293.0;162.0;99,66;21872925000100
4087;INSTITUTO SOS PERIFERIA - ISOP;1284721;20240929001303300;82584.15;2024-09-29;21872925000100;COOPAFAM COOPERATIVA AGROPECUARIA DE AGRICULTORES FAMILIARES LTDA;Nota Fiscal;211;Gêneros Alimentícios ( Proteínas, Carboidratos, Hortaliças, Sódios e Lipídios);82584.15;6714;5918.12;2024-09-30;30;2ªQuinzena;set.;2024;Efetivada;21872925000100;21872925;0001;00;1;COOPAFAM;02;20150212;00;1013901;0111302,0116499,0119905,0119906,0133402,0133408,0133409,0133410,0133499,0151201,0151202,0154700,0155501,0155505,0159801,0161099,0322101,1011201,1011203,1011205,1012101,1012103,1012104,1013902,1031700,1033301,1033302,1052000,1063500,1064300,1065101,1066000,1099699,4623108,4623199,4632001,4632003,4633801,4633802,4634601,4634602,4639701,4639702,4722902,4724500;RUA;DESEMBARGADOR PEDRO MELO;530;;PARQUE TIJUCA;61917190;;;21872925000100;1585;2307650.0;Maracanaú;MARACANAÚ;Grande Fortaleza;Grande Fortaleza;LOTE 13;ASSOCIAÇÃO DOS MORADORES DO CONJUNTO ACARACUZINHO;Maracanaú;27.0;27.0;27.0;27.0;0.0;0.0;5.0;5.0;32.0;3.2;COOPAFAM COOPERATIVA AGROPECUARIA DE AGRICULTORES FAMILIARES LTDA;21872925000100.0;Aberto apenas para Atualização de Informações;UNICAFES;26/02/2026;17/01/2019 16:25:00;09/07/2025 09:12:58;293.0;162.0;99,66;21872925000100
4095;INSTITUTO SOS PERIFERIA - ISOP;1284721;20241124001332400;116749.67;2024-11-24;21872925000100;COOPAFAM COOPERATIVA AGROPECUARIA DE AGRICULTORES FAMILIARES LTDA;Nota Fiscal;211;Gêneros Alimentícios ( Proteínas, Carboidratos, Hortaliças, Sódios e Lipídios);116749.67;7015;7781.01;2024-11-25;25;2ªQuinzena;nov.;2024;Efetivada;21872925000100;21872925;0001;00;1;COOPAFAM;02;20150212;00;1013901;0111302,0116499,0119905,0119906,0133402,0133408,0133409,0133410,0133499,0151201,0151202,0154700,0155501,0155505,0159801,0161099,0322101,1011201,1011203,1011205,1012101,1012103,1012104,1013902,1031700,1033301,1033302,1052000,1063500,1064300,1065101,1066000,1099699,4623108,4623199,4632001,4632003,4633801,4633802,4634601,4634602,4639701,4639702,4722902,4724500;RUA;DESEMBARGADOR PEDRO MELO;530;;PARQUE TIJUCA;61917190;;;21872925000100;1585;2307650.0;Maracanaú;MARACANAÚ;Grande Fortaleza;Grande Fortaleza;LOTE 13;ASSOCIAÇÃO DOS MORADORES DO CONJUNTO ACARACUZINHO;Maracanaú;27.0;27.0;27.0;27.0;0.0;0.0;5.0;5.0;32.0;3.2;COOPAFAM COOPERATIVA AGROPECUARIA DE AGRICULTORES FAMILIARES LTDA;21872925000100.0;Aberto apenas para Atualização de Informações;UNICAFES;26/02/2026;17/01/2019 16:25:00;09/07/2025 09:12:58;293.0;162.0;99,66;21872925000100
4099;INSTITUTO SOS PERIFERIA - ISOP;1284721;20241208001343700;112394.67;2024-12-08;21872925000100;COOPAFAM COOPERATIVA AGROPECUARIA DE AGRICULTORES FAMILIARES LTDA;Nota Fiscal;211;Gêneros Alimentícios ( Proteínas, Carboidratos, Hortaliças, Sódios e Lipídios);112394.67;7111;7781.01;2024-12-09;9;1ªQuinzena;dez.;2024;Efetivada;21872925000100;21872925;0001;00;1;COOPAFAM;02;20150212;00;1013901;0111302,0116499,0119905,0119906,0133402,0133408,0133409,0133410,0133499,0151201,0151202,0154700,0155501,0155505,0159801,0161099,0322101,1011201,1011203,1011205,1012101,1012103,1012104,1013902,1031700,1033301,1033302,1052000,1063500,1064300,1065101,1066000,1099699,4623108,4623199,4632001,4632003,4633801,4633802,4634601,4634602,4639701,4639702,4722902,4724500;RUA;DESEMBARGADOR PEDRO MELO;530;;PARQUE TIJUCA;61917190;;;21872925000100;1585;2307650.0;Maracanaú;MARACANAÚ;Grande Fortaleza;Grande Fortaleza;LOTE 13;ASSOCIAÇÃO DOS MORADORES DO CONJUNTO ACARACUZINHO;Maracanaú;27.0;27.0;27.0;27.0;0.0;0.0;5.0;5.0;32.0;3.2;COOPAFAM COOPERATIVA AGROPECUARIA DE AGRICULTORES FAMILIARES LTDA;21872925000100.0;Aberto apenas para Atualização de Informações;UNICAFES;26/02/2026;17/01/2019 16:25:00;09/07/2025 09:12:58;293.0;162.0;99,66;21872925000100
4109;INSTITUTO SOS PERIFERIA - ISOP;1284721;20250127001368600;175636.16;2025-01-27;21872925000100;COOPAFAM COOPERATIVA AGROPECUARIA DE AGRICULTORES FAMILIARES LTDA;Nota Fiscal;211;Gêneros Alimentícios ( Proteínas, Carboidratos, Hortaliças, Sódios e Lipídios);175636.16;7264;20508.8;2025-01-28;28;2ªQuinzena;jan.;2025;Efetivada;21872925000100;21872925;0001;00;1;COOPAFAM;02;20150212;00;1013901;0111302,0116499,0119905,0119906,0133402,0133408,0133409,0133410,0133499,0151201,0151202,0154700,0155501,0155505,0159801,0161099,0322101,1011201,1011203,1011205,1012101,1012103,1012104,1013902,1031700,1033301,1033302,1052000,1063500,1064300,1065101,1066000,1099699,4623108,4623199,4632001,4632003,4633801,4633802,4634601,4634602,4639701,4639702,4722902,4724500;RUA;DESEMBARGADOR PEDRO MELO;530;;PARQUE TIJUCA;61917190;;;21872925000100;1585;2307650.0;Maracanaú;MARACANAÚ;Grande Fortaleza;Grande Fortaleza;LOTE 13;ASSOCIAÇÃO DOS MORADORES DO CONJUNTO ACARACUZINHO;Maracanaú;27.0;27.0;27.0;27.0;0.0;0.0;5.0;5.0;32.0;3.2;COOPAFAM COOPERATIVA AGROPECUARIA DE AGRICULTORES FAMILIARES LTDA;21872925000100.0;Aberto apenas para Atualização de Informações;UNICAFES;26/02/2026;17/01/2019 16:25:00;09/07/2025 09:12:58;293.0;162.0;99,66;21872925000100
4119;INSTITUTO SOS PERIFERIA - ISOP;1284721;20250213001376800;86698.32;2025-02-13;21872925000100;COOPAFAM COOPERATIVA AGROPECUARIA DE AGRICULTORES FAMILIARES LTDA;Nota Fiscal;211;Gêneros Alimentícios ( Proteínas, Carboidratos, Hortaliças, Sódios e Lipídios);86698.32;7384;14024.4;2025-02-14;14;1ªQuinzena;fev.;2025;Efetivada;21872925000100;21872925;0001;00;1;COOPAFAM;02;20150212;00;1013901;0111302,0116499,0119905,0119906,0133402,0133408,0133409,0133410,0133499,0151201,0151202,0154700,0155501,0155505,0159801,0161099,0322101,1011201,1011203,1011205,1012101,1012103,1012104,1013902,1031700,1033301,1033302,1052000,1063500,1064300,1065101,1066000,1099699,4623108,4623199,4632001,4632003,4633801,4633802,4634601,4634602,4639701,4639702,4722902,4724500;RUA;DESEMBARGADOR PEDRO MELO;530;;PARQUE TIJUCA;61917190;;;21872925000100;1585;2307650.0;Maracanaú;MARACANAÚ;Grande Fortaleza;Grande Fortaleza;LOTE 13;ASSOCIAÇÃO DOS MORADORES DO CONJUNTO ACARACUZINHO;Maracanaú;27.0;27.0;27.0;27.0;0.0;0.0;5.0;5.0;32.0;3.2;COOPAFAM COOPERATIVA AGROPECUARIA DE AGRICULTORES FAMILIARES LTDA;21872925000100.0;Aberto apenas para Atualização de Informações;UNICAFES;26/02/2026;17/01/2019 16:25:00;09/07/2025 09:12:58;293.0;162.0;99,66;21872925000100
4123;INSTITUTO SOS PERIFERIA - ISOP;1284721;20250313001388800;68472.8;2025-03-13;21128101000112;COOPERATIVA CEARENSE DE PRODUTORES FAMILIARES - CCPF;Nota Fiscal;211;Gêneros Alimentícios ( Proteínas, Carboidratos, Hortaliças, Sódios e Lipídios);68472.8;32330;7590.0;2025-03-14;14;1ªQuinzena;mar.;2025;Efetivada;21128101000112;21128101;0001;12;1;;02;20140911;00;4633801;4633802,4633803,4634601,4634602,4634699,4637102,4637103,4637104,4637105,4637107,4637199,4639701,4639702,0111301,0111302,0111399,0113000,0115600,0116403,0116499,0119901,0119902,0119903,0119904,0119905,0119906,0119907,0119908,0119909,0119999,0121101,0122900,0131800,0133402,0133403,0133404,0133408,0133409,0133410,0133499,0139304,0139399,0151201,0151202,0152102,0153901,0153902,0154700,0155501,0155502,0155505,0159801,0161001,0161002,0161003,0161099,0162801,0162802,0162803,0162899,0163600,0312401,0312403,0312404,0322101,0322102,0322105,0322107,0322199,1011201,1011203,1012101,1012102,1012103,1013901,1020102,1031700,1032599,1052000,1061901,1063500,1066000,1069400,4622200,4623101,4623102,4623106,4623108,4623109,4623199,4631100,4632001,4632002,4632003;RODOVIA;RURAL;S/N;;AMANARI;61979000;;;21128101000112;1455;2307700.0;Maranguape;MARANGUAPE;Grande Fortaleza;Grande Fortaleza;LOTE 14;SOS PERIFERIA;Maranguape;14.0;37.0;14.0;33.0;0.0;4.0;2.0;6.0;39.0;3.9;COOPERATIVA CEARENSE DE PRODUTORES FAMILIARES CCPF;21128101000112.0;CAF Emitido;OCB;09/05/2025;11/11/2015 15:40:48;05/05/2025 12:52:24;218.0;61.0;94,50;21128101000112
4273;Associação União de Jovens Vicente Pinzon;1284538;20240806001277100;25527.68;2024-08-06;32524122000173;COOPADES - COOPERATIVA DA AGRICULTURA FAMILIAR E DO DESENVOLVIMENTO SOLIDARIO;Nota Fiscal;211;Gêneros Alimentícios ( Proteínas, Carboidratos, Hortaliças, Sódios e Lipídios);25527.68;2136;25527.68;2024-08-07;7;1ªQuinzena;ago.;2024;Efetivada;32524122000173;32524122;0001;73;1;COOPADES;02;20190122;00;0161099;0111302,0119901,0119905,0119906,0133402,0133408,0133410,0133499,0151201,0151202,0153901,0154700,0155501,0155502,0155503,0155504,0155505,0321301,0322101,1011203;AVENIDA;DA ASSOCIACAO;000;;MATA FRESCA;62808000;;;32524122000173;1321;2301109.0;Aracati;ARACATI;Litoral Leste;Litoral Leste;LOTE 17;IMBRA;Aracati;18.0;35.0;17.0;34.0;1.0;1.0;2.0;3.0;37.0;3.7;COOPADES - COOPERATIVA DA AGRICULTURA FAMILIAR E DESENVOLVIMENTO SOLIDARIO;32524122000173.0;Finalizado;OCB;11/05/2025;19/09/2022 09:50:22;08/07/2025 17:28:14;232.0;60.0;98,71;32524122000173
4274;Associação União de Jovens Vicente Pinzon;1284538;20240820001282300;17281.6;2024-08-20;32524122000173;COOPADES - COOPERATIVA DA AGRICULTURA FAMILIAR E DO DESENVOLVIMENTO SOLIDARIO;Nota Fiscal;211;Gêneros Alimentícios ( Proteínas, Carboidratos, Hortaliças, Sódios e Lipídios);17281.6;2264;17281.6;2024-08-21;21;2ªQuinzena;ago.;2024;Efetivada;32524122000173;32524122;0001;73;1;COOPADES;02;20190122;00;0161099;0111302,0119901,0119905,0119906,0133402,0133408,0133410,0133499,0151201,0151202,0153901,0154700,0155501,0155502,0155503,0155504,0155505,0321301,0322101,1011203;AVENIDA;DA ASSOCIACAO;000;;MATA FRESCA;62808000;;;32524122000173;1321;2301109.0;Aracati;ARACATI;Litoral Leste;Litoral Leste;LOTE 17;IMBRA;Aracati;18.0;35.0;17.0;34.0;1.0;1.0;2.0;3.0;37.0;3.7;COOPADES - COOPERATIVA DA AGRICULTURA FAMILIAR E DESENVOLVIMENTO SOLIDARIO;32524122000173.0;Finalizado;OCB;11/05/2025;19/09/2022 09:50:22;08/07/2025 17:28:14;232.0;60.0;98,71;32524122000173
4281;Associação União de Jovens Vicente Pinzon;1284538;20240831001289500;26901.39;2024-08-31;32524122000173;COOPADES - COOPERATIVA DA AGRICULTURA FAMILIAR E DO DESENVOLVIMENTO SOLIDARIO;Nota Fiscal;211;Gêneros Alimentícios ( Proteínas, Carboidratos, Hortaliças, Sódios e Lipídios);26901.39;2449;26901.39;2024-09-02;2;1ªQuinzena;set.;2024;Efetivada;32524122000173;32524122;0001;73;1;COOPADES;02;20190122;00;0161099;0111302,0119901,0119905,0119906,0133402,0133408,0133410,0133499,0151201,0151202,0153901,0154700,0155501,0155502,0155503,0155504,0155505,0321301,0322101,1011203;AVENIDA;DA ASSOCIACAO;000;;MATA FRESCA;62808000;;;32524122000173;1321;2301109.0;Aracati;ARACATI;Litoral Leste;Litoral Leste;LOTE 17;IMBRA;Aracati;18.0;35.0;17.0;34.0;1.0;1.0;2.0;3.0;37.0;3.7;COOPADES - COOPERATIVA DA AGRICULTURA FAMILIAR E DESENVOLVIMENTO SOLIDARIO;32524122000173.0;Finalizado;OCB;11/05/2025;19/09/2022 09:50:22;08/07/2025 17:28:14;232.0;60.0;98,71;32524122000173
4289;Associação União de Jovens Vicente Pinzon;1284538;20240916001296600;34051.92;2024-09-16;32524122000173;COOPADES - COOPERATIVA DA AGRICULTURA FAMILIAR E DO DESENVOLVIMENTO SOLIDARIO;Nota Fiscal;211;Gêneros Alimentícios ( Proteínas, Carboidratos, Hortaliças, Sódios e Lipídios);34051.92;2671;34051.92;2024-09-17;17;2ªQuinzena;set.;2024;Efetivada;32524122000173;32524122;0001;73;1;COOPADES;02;20190122;00;0161099;0111302,0119901,0119905,0119906,0133402,0133408,0133410,0133499,0151201,0151202,0153901,0154700,0155501,0155502,0155503,0155504,0155505,0321301,0322101,1011203;AVENIDA;DA ASSOCIACAO;000;;MATA FRESCA;62808000;;;32524122000173;1321;2301109.0;Aracati;ARACATI;Litoral Leste;Litoral Leste;LOTE 17;IMBRA;Aracati;18.0;35.0;17.0;34.0;1.0;1.0;2.0;3.0;37.0;3.7;COOPADES - COOPERATIVA DA AGRICULTURA FAMILIAR E DESENVOLVIMENTO SOLIDARIO;32524122000173.0;Finalizado;OCB;11/05/2025;19/09/2022 09:50:22;08/07/2025 17:28:14;232.0;60.0;98,71;32524122000173
4303;Associação União de Jovens Vicente Pinzon;1284538;20241029001318100;81867.12;2024-10-29;32524122000173;COOPADES - COOPERATIVA DA AGRICULTURA FAMILIAR E DO DESENVOLVIMENTO SOLIDARIO;Nota Fiscal;211;Gêneros Alimentícios ( Proteínas, Carboidratos, Hortaliças, Sódios e Lipídios);81867.12;3332;81867.12;2024-10-30;30;2ªQuinzena;out.;2024;Efetivada;32524122000173;32524122;0001;73;1;COOPADES;02;20190122;00;0161099;0111302,0119901,0119905,0119906,0133402,0133408,0133410,0133499,0151201,0151202,0153901,0154700,0155501,0155502,0155503,0155504,0155505,0321301,0322101,1011203;AVENIDA;DA ASSOCIACAO;000;;MATA FRESCA;62808000;;;32524122000173;1321;2301109.0;Aracati;ARACATI;Litoral Leste;Litoral Leste;LOTE 17;IMBRA;Aracati;18.0;35.0;17.0;34.0;1.0;1.0;2.0;3.0;37.0;3.7;COOPADES - COOPERATIVA DA AGRICULTURA FAMILIAR E DESENVOLVIMENTO SOLIDARIO;32524122000173.0;Finalizado;OCB;11/05/2025;19/09/2022 09:50:22;08/07/2025 17:28:14;232.0;60.0;98,71;32524122000173
4314;Associação União de Jovens Vicente Pinzon;1284538;20241114001328000;32161.82;2024-11-14;32524122000173;COOPADES - COOPERATIVA DA AGRICULTURA FAMILIAR E DO DESENVOLVIMENTO SOLIDARIO;Nota Fiscal;211;Gêneros Alimentícios ( Proteínas, Carboidratos, Hortaliças, Sódios e Lipídios);32161.82;4168;32161.82;2024-11-18;18;2ªQuinzena;nov.;2024;Efetivada;32524122000173;32524122;0001;73;1;COOPADES;02;20190122;00;0161099;0111302,0119901,0119905,0119906,0133402,0133408,0133410,0133499,0151201,0151202,0153901,0154700,0155501,0155502,0155503,0155504,0155505,0321301,0322101,1011203;AVENIDA;DA ASSOCIACAO;000;;MATA FRESCA;62808000;;;32524122000173;1321;2301109.0;Aracati;ARACATI;Litoral Leste;Litoral Leste;LOTE 17;IMBRA;Aracati;18.0;35.0;17.0;34.0;1.0;1.0;2.0;3.0;37.0;3.7;COOPADES - COOPERATIVA DA AGRICULTURA FAMILIAR E DESENVOLVIMENTO SOLIDARIO;32524122000173.0;Finalizado;OCB;11/05/2025;19/09/2022 09:50:22;08/07/2025 17:28:14;232.0;60.0;98,71;32524122000173
4317;Associação União de Jovens Vicente Pinzon;1284538;20241128001336400;29239.52;2024-11-28;32524122000173;COOPADES - COOPERATIVA DA AGRICULTURA FAMILIAR E DO DESENVOLVIMENTO SOLIDARIO;Nota Fiscal;211;Gêneros Alimentícios ( Proteínas, Carboidratos, Hortaliças, Sódios e Lipídios);29239.52;4606;29239.52;2024-11-29;29;2ªQuinzena;nov.;2024;Efetivada;32524122000173;32524122;0001;73;1;COOPADES;02;20190122;00;0161099;0111302,0119901,0119905,0119906,0133402,0133408,0133410,0133499,0151201,0151202,0153901,0154700,0155501,0155502,0155503,0155504,0155505,0321301,0322101,1011203;AVENIDA;DA ASSOCIACAO;000;;MATA FRESCA;62808000;;;32524122000173;1321;2301109.0;Aracati;ARACATI;Litoral Leste;Litoral Leste;LOTE 17;IMBRA;Aracati;18.0;35.0;17.0;34.0;1.0;1.0;2.0;3.0;37.0;3.7;COOPADES - COOPERATIVA DA AGRICULTURA FAMILIAR E DESENVOLVIMENTO SOLIDARIO;32524122000173.0;Finalizado;OCB;11/05/2025;19/09/2022 09:50:22;08/07/2025 17:28:14;232.0;60.0;98,71;32524122000173
4328;Associação União de Jovens Vicente Pinzon;1284538;20241223001355200;64321.44;2024-12-23;32524122000173;COOPADES - COOPERATIVA DA AGRICULTURA FAMILIAR E DO DESENVOLVIMENTO SOLIDARIO;Nota Fiscal;211;Gêneros Alimentícios ( Proteínas, Carboidratos, Hortaliças, Sódios e Lipídios);64321.44;5426;64321.44;2024-12-24;24;2ªQuinzena;dez.;2024;Efetivada;32524122000173;32524122;0001;73;1;COOPADES;02;20190122;00;0161099;0111302,0119901,0119905,0119906,0133402,0133408,0133410,0133499,0151201,0151202,0153901,0154700,0155501,0155502,0155503,0155504,0155505,0321301,0322101,1011203;AVENIDA;DA ASSOCIACAO;000;;MATA FRESCA;62808000;;;32524122000173;1321;2301109.0;Aracati;ARACATI;Litoral Leste;Litoral Leste;LOTE 17;IMBRA;Aracati;18.0;35.0;17.0;34.0;1.0;1.0;2.0;3.0;37.0;3.7;COOPADES - COOPERATIVA DA AGRICULTURA FAMILIAR E DESENVOLVIMENTO SOLIDARIO;32524122000173.0;Finalizado;OCB;11/05/2025;19/09/2022 09:50:22;08/07/2025 17:28:14;232.0;60.0;98,71;32524122000173
4343;Associação União de Jovens Vicente Pinzon;1284538;20250202001372000;64321.44;2025-02-02;32524122000173;COOPADES - COOPERATIVA DA AGRICULTURA FAMILIAR E DO DESENVOLVIMENTO SOLIDARIO;Nota Fiscal;211;Gêneros Alimentícios ( Proteínas, Carboidratos, Hortaliças, Sódios e Lipídios);64321.44;6023;64321.44;2025-02-03;3;1ªQuinzena;fev.;2025;Efetivada;32524122000173;32524122;0001;73;1;COOPADES;02;20190122;00;0161099;0111302,0119901,0119905,0119906,0133402,0133408,0133410,0133499,0151201,0151202,0153901,0154700,0155501,0155502,0155503,0155504,0155505,0321301,0322101,1011203;AVENIDA;DA ASSOCIACAO;000;;MATA FRESCA;62808000;;;32524122000173;1321;2301109.0;Aracati;ARACATI;Litoral Leste;Litoral Leste;LOTE 17;IMBRA;Aracati;18.0;35.0;17.0;34.0;1.0;1.0;2.0;3.0;37.0;3.7;COOPADES - COOPERATIVA DA AGRICULTURA FAMILIAR E DESENVOLVIMENTO SOLIDARIO;32524122000173.0;Finalizado;OCB;11/05/2025;19/09/2022 09:50:22;08/07/2025 17:28:14;232.0;60.0;98,71;32524122000173
4359;Associação União de Jovens Vicente Pinzon;1284538;20250227001384200;58479.04;2025-02-27;32524122000173;COOPADES - COOPERATIVA DA AGRICULTURA FAMILIAR E DO DESENVOLVIMENTO SOLIDARIO;Nota Fiscal;211;Gêneros Alimentícios ( Proteínas, Carboidratos, Hortaliças, Sódios e Lipídios);58479.04;6506;58479.04;2025-02-28;28;2ªQuinzena;fev.;2025;Efetivada;32524122000173;32524122;0001;73;1;COOPADES;02;20190122;00;0161099;0111302,0119901,0119905,0119906,0133402,0133408,0133410,0133499,0151201,0151202,0153901,0154700,0155501,0155502,0155503,0155504,0155505,0321301,0322101,1011203;AVENIDA;DA ASSOCIACAO;000;;MATA FRESCA;62808000;;;32524122000173;1321;2301109.0;Aracati;ARACATI;Litoral Leste;Litoral Leste;LOTE 17;IMBRA;Aracati;18.0;35.0;17.0;34.0;1.0;1.0;2.0;3.0;37.0;3.7;COOPADES - COOPERATIVA DA AGRICULTURA FAMILIAR E DESENVOLVIMENTO SOLIDARIO;32524122000173.0;Finalizado;OCB;11/05/2025;19/09/2022 09:50:22;08/07/2025 17:28:14;232.0;60.0;98,71;32524122000173
4366;Associação União de Jovens Vicente Pinzon;1284538;20250327001393800;32293.86;2025-03-27;32524122000173;COOPADES - COOPERATIVA DA AGRICULTURA FAMILIAR E DO DESENVOLVIMENTO SOLIDARIO;Nota Fiscal;211;Gêneros Alimentícios ( Proteínas, Carboidratos, Hortaliças, Sódios e Lipídios);32293.86;6977;32293.86;2025-03-28;28;2ªQuinzena;mar.;2025;Efetivada;32524122000173;32524122;0001;73;1;COOPADES;02;20190122;00;0161099;0111302,0119901,0119905,0119906,0133402,0133408,0133410,0133499,0151201,0151202,0153901,0154700,0155501,0155502,0155503,0155504,0155505,0321301,0322101,1011203;AVENIDA;DA ASSOCIACAO;000;;MATA FRESCA;62808000;;;32524122000173;1321;2301109.0;Aracati;ARACATI;Litoral Leste;Litoral Leste;LOTE 17;IMBRA;Aracati;18.0;35.0;17.0;34.0;1.0;1.0;2.0;3.0;37.0;3.7;COOPADES - COOPERATIVA DA AGRICULTURA FAMILIAR E DESENVOLVIMENTO SOLIDARIO;32524122000173.0;Finalizado;OCB;11/05/2025;19/09/2022 09:50:22;08/07/2025 17:28:14;232.0;60.0;98,71;32524122000173
4374;Associação União de Jovens Vicente Pinzon;1284538;20250426001405800;62696.36;2025-04-26;32524122000173;COOPADES - COOPERATIVA DA AGRICULTURA FAMILIAR E DO DESENVOLVIMENTO SOLIDARIO;Nota Fiscal;211;Gêneros Alimentícios ( Proteínas, Carboidratos, Hortaliças, Sódios e Lipídios);62696.36;7743;62696.36;2025-04-28;28;2ªQuinzena;abr.;2025;Efetivada;32524122000173;32524122;0001;73;1;COOPADES;02;20190122;00;0161099;0111302,0119901,0119905,0119906,0133402,0133408,0133410,0133499,0151201,0151202,0153901,0154700,0155501,0155502,0155503,0155504,0155505,0321301,0322101,1011203;AVENIDA;DA ASSOCIACAO;000;;MATA FRESCA;62808000;;;32524122000173;1321;2301109.0;Aracati;ARACATI;Litoral Leste;Litoral Leste;LOTE 17;IMBRA;Aracati;18.0;35.0;17.0;34.0;1.0;1.0;2.0;3.0;37.0;3.7;COOPADES - COOPERATIVA DA AGRICULTURA FAMILIAR E DESENVOLVIMENTO SOLIDARIO;32524122000173.0;Finalizado;OCB;11/05/2025;19/09/2022 09:50:22;08/07/2025 17:28:14;232.0;60.0;98,71;32524122000173
4389;Associação União de Jovens Vicente Pinzon;1284538;20250609001427500;34577.14;2025-06-09;32524122000173;COOPADES - COOPERATIVA DA AGRICULTURA FAMILIAR E DO DESENVOLVIMENTO SOLIDARIO;Nota Fiscal;211;Gêneros Alimentícios ( Proteínas, Carboidratos, Hortaliças, Sódios e Lipídios);34577.14;8776;34577.14;2025-06-10;10;1ªQuinzena;jun.;2025;Efetivada;32524122000173;32524122;0001;73;1;COOPADES;02;20190122;00;0161099;0111302,0119901,0119905,0119906,0133402,0133408,0133410,0133499,0151201,0151202,0153901,0154700,0155501,0155502,0155503,0155504,0155505,0321301,0322101,1011203;AVENIDA;DA ASSOCIACAO;000;;MATA FRESCA;62808000;;;32524122000173;1321;2301109.0;Aracati;ARACATI;Litoral Leste;Litoral Leste;LOTE 17;IMBRA;Aracati;18.0;35.0;17.0;34.0;1.0;1.0;2.0;3.0;37.0;3.7;COOPADES - COOPERATIVA DA AGRICULTURA FAMILIAR E DESENVOLVIMENTO SOLIDARIO;32524122000173.0;Finalizado;OCB;11/05/2025;19/09/2022 09:50:22;08/07/2025 17:28:14;232.0;60.0;98,71;32524122000173
4393;Associação União de Jovens Vicente Pinzon;1284538;20250626001435000;48642.65;2025-06-26;32524122000173;COOPADES - COOPERATIVA DA AGRICULTURA FAMILIAR E DO DESENVOLVIMENTO SOLIDARIO;Nota Fiscal;211;Gêneros Alimentícios ( Proteínas, Carboidratos, Hortaliças, Sódios e Lipídios);48642.65;9336;48642.65;2025-06-27;27;2ªQuinzena;jun.;2025;Efetivada;32524122000173;32524122;0001;73;1;COOPADES;02;20190122;00;0161099;0111302,0119901,0119905,0119906,0133402,0133408,0133410,0133499,0151201,0151202,0153901,0154700,0155501,0155502,0155503,0155504,0155505,0321301,0322101,1011203;AVENIDA;DA ASSOCIACAO;000;;MATA FRESCA;62808000;;;32524122000173;1321;2301109.0;Aracati;ARACATI;Litoral Leste;Litoral Leste;LOTE 17;IMBRA;Aracati;18.0;35.0;17.0;34.0;1.0;1.0;2.0;3.0;37.0;3.7;COOPADES - COOPERATIVA DA AGRICULTURA FAMILIAR E DESENVOLVIMENTO SOLIDARIO;32524122000173.0;Finalizado;OCB;11/05/2025;19/09/2022 09:50:22;08/07/2025 17:28:14;232.0;60.0;98,71;32524122000173
4627;Instituto Manuel Braga;1284650;20240916001296500;5393.52;2024-09-16;51890164000172;COOPERATIVA DOS PRODUTORES E AGRICULTORES F. DE BEBERIBE LTDA.;Nota Fiscal;211;Gêneros Alimentícios ( Proteínas, Carboidratos, Hortaliças, Sódios e Lipídios);5393.52;261;5393.52;2024-09-17;17;2ªQuinzena;set.;2024;Efetivada;51890164000172;51890164;0001;72;1;COOPAFBE;02;20230821;00;4633801;0111302,0119905,0119906,0121101,0141501,0142300,0153901,0155505,0159801,0321301,0322101,1031700,1033301,1033302,1041400,1063500,1064300,1065101,4623101,4623106,4623108,4623109,4631100,4632001,4632002,4633802,4637104,4692300,7020400,7490103,8211300;ACESSO;RR LAGOA FUNDA;SN;;DISTRITO DE SUCATINGA - ZONA RURAL;62840000;;;51890164000172;1343;2302206.0;Beberibe;BEBERIBE;Litoral Leste;Litoral Leste;LOTE 17;IMBRA;Beberibe;6.0;35.0;6.0;34.0;0.0;1.0;2.0;3.0;37.0;3.7;COOPERATIVA DOS PRODUTORES E AGRICULTORES FAMILIARES DE BEBERIBE LTDA;51890164000172.0;CAF Emitido;OCB;06/04/2025;22/01/2024 13:08:08;08/05/2025 10:19:05;41.0;39.0;100,00;51890164000172
4628;Instituto Manuel Braga;1284650;20240912001295700;5747.15;2024-09-12;51890164000172;COOPERATIVA DOS PRODUTORES E AGRICULTORES F. DE BEBERIBE LTDA.;Nota Fiscal;211;Gêneros Alimentícios ( Proteínas, Carboidratos, Hortaliças, Sódios e Lipídios);5747.15;265;5747.15;2024-09-13;13;1ªQuinzena;set.;2024;Efetivada;51890164000172;51890164;0001;72;1;COOPAFBE;02;20230821;00;4633801;0111302,0119905,0119906,0121101,0141501,0142300,0153901,0155505,0159801,0321301,0322101,1031700,1033301,1033302,1041400,1063500,1064300,1065101,4623101,4623106,4623108,4623109,4631100,4632001,4632002,4633802,4637104,4692300,7020400,7490103,8211300;ACESSO;RR LAGOA FUNDA;SN;;DISTRITO DE SUCATINGA - ZONA RURAL;62840000;;;51890164000172;1343;2302206.0;Beberibe;BEBERIBE;Litoral Leste;Litoral Leste;LOTE 17;IMBRA;Beberibe;6.0;35.0;6.0;34.0;0.0;1.0;2.0;3.0;37.0;3.7;COOPERATIVA DOS PRODUTORES E AGRICULTORES FAMILIARES DE BEBERIBE LTDA;51890164000172.0;CAF Emitido;OCB;06/04/2025;22/01/2024 13:08:08;08/05/2025 10:19:05;41.0;39.0;100,00;51890164000172
4629;Instituto Manuel Braga;1284650;20240912001295700;5393.52;2024-09-12;51890164000172;COOPERATIVA DOS PRODUTORES E AGRICULTORES F. DE BEBERIBE LTDA.;Nota Fiscal;211;Gêneros Alimentícios ( Proteínas, Carboidratos, Hortaliças, Sódios e Lipídios);5393.52;269;5393.52;2024-09-13;13;1ªQuinzena;set.;2024;Efetivada;51890164000172;51890164;0001;72;1;COOPAFBE;02;20230821;00;4633801;0111302,0119905,0119906,0121101,0141501,0142300,0153901,0155505,0159801,0321301,0322101,1031700,1033301,1033302,1041400,1063500,1064300,1065101,4623101,4623106,4623108,4623109,4631100,4632001,4632002,4633802,4637104,4692300,7020400,7490103,8211300;ACESSO;RR LAGOA FUNDA;SN;;DISTRITO DE SUCATINGA - ZONA RURAL;62840000;;;51890164000172;1343;2302206.0;Beberibe;BEBERIBE;Litoral Leste;Litoral Leste;LOTE 17;IMBRA;Beberibe;6.0;35.0;6.0;34.0;0.0;1.0;2.0;3.0;37.0;3.7;COOPERATIVA DOS PRODUTORES E AGRICULTORES FAMILIARES DE BEBERIBE LTDA;51890164000172.0;CAF Emitido;OCB;06/04/2025;22/01/2024 13:08:08;08/05/2025 10:19:05;41.0;39.0;100,00;51890164000172
4630;Instituto Manuel Braga;1284650;20240912001295700;5631.45;2024-09-12;51890164000172;COOPERATIVA DOS PRODUTORES E AGRICULTORES F. DE BEBERIBE LTDA.;Nota Fiscal;211;Gêneros Alimentícios ( Proteínas, Carboidratos, Hortaliças, Sódios e Lipídios);5631.45;273;5631.45;2024-09-13;13;1ªQuinzena;set.;2024;Efetivada;51890164000172;51890164;0001;72;1;COOPAFBE;02;20230821;00;4633801;0111302,0119905,0119906,0121101,0141501,0142300,0153901,0155505,0159801,0321301,0322101,1031700,1033301,1033302,1041400,1063500,1064300,1065101,4623101,4623106,4623108,4623109,4631100,4632001,4632002,4633802,4637104,4692300,7020400,7490103,8211300;ACESSO;RR LAGOA FUNDA;SN;;DISTRITO DE SUCATINGA - ZONA RURAL;62840000;;;51890164000172;1343;2302206.0;Beberibe;BEBERIBE;Litoral Leste;Litoral Leste;LOTE 17;IMBRA;Beberibe;6.0;35.0;6.0;34.0;0.0;1.0;2.0;3.0;37.0;3.7;COOPERATIVA DOS PRODUTORES E AGRICULTORES FAMILIARES DE BEBERIBE LTDA;51890164000172.0;CAF Emitido;OCB;06/04/2025;22/01/2024 13:08:08;08/05/2025 10:19:05;41.0;39.0;100,00;51890164000172
4657;Instituto Manuel Braga;1284650;20241104001322600;6057.74;2024-11-04;51890164000172;COOPERATIVA DOS PRODUTORES E AGRICULTORES F. DE BEBERIBE LTDA.;Nota Fiscal;211;Gêneros Alimentícios ( Proteínas, Carboidratos, Hortaliças, Sódios e Lipídios);6057.74;371;6057.74;2024-11-05;5;1ªQuinzena;nov.;2024;Efetivada;51890164000172;51890164;0001;72;1;COOPAFBE;02;20230821;00;4633801;0111302,0119905,0119906,0121101,0141501,0142300,0153901,0155505,0159801,0321301,0322101,1031700,1033301,1033302,1041400,1063500,1064300,1065101,4623101,4623106,4623108,4623109,4631100,4632001,4632002,4633802,4637104,4692300,7020400,7490103,8211300;ACESSO;RR LAGOA FUNDA;SN;;DISTRITO DE SUCATINGA - ZONA RURAL;62840000;;;51890164000172;1343;2302206.0;Beberibe;BEBERIBE;Litoral Leste;Litoral Leste;LOTE 17;IMBRA;Beberibe;6.0;35.0;6.0;34.0;0.0;1.0;2.0;3.0;37.0;3.7;COOPERATIVA DOS PRODUTORES E AGRICULTORES FAMILIARES DE BEBERIBE LTDA;51890164000172.0;CAF Emitido;OCB;06/04/2025;22/01/2024 13:08:08;08/05/2025 10:19:05;41.0;39.0;100,00;51890164000172
4658;Instituto Manuel Braga;1284650;20241104001322600;8809.87;2024-11-04;51890164000172;COOPERATIVA DOS PRODUTORES E AGRICULTORES F. DE BEBERIBE LTDA.;Nota Fiscal;211;Gêneros Alimentícios ( Proteínas, Carboidratos, Hortaliças, Sódios e Lipídios);8809.87;375;8809.87;2024-11-05;5;1ªQuinzena;nov.;2024;Efetivada;51890164000172;51890164;0001;72;1;COOPAFBE;02;20230821;00;4633801;0111302,0119905,0119906,0121101,0141501,0142300,0153901,0155505,0159801,0321301,0322101,1031700,1033301,1033302,1041400,1063500,1064300,1065101,4623101,4623106,4623108,4623109,4631100,4632001,4632002,4633802,4637104,4692300,7020400,7490103,8211300;ACESSO;RR LAGOA FUNDA;SN;;DISTRITO DE SUCATINGA - ZONA RURAL;62840000;;;51890164000172;1343;2302206.0;Beberibe;BEBERIBE;Litoral Leste;Litoral Leste;LOTE 17;IMBRA;Beberibe;6.0;35.0;6.0;34.0;0.0;1.0;2.0;3.0;37.0;3.7;COOPERATIVA DOS PRODUTORES E AGRICULTORES FAMILIARES DE BEBERIBE LTDA;51890164000172.0;CAF Emitido;OCB;06/04/2025;22/01/2024 13:08:08;08/05/2025 10:19:05;41.0;39.0;100,00;51890164000172
4659;Instituto Manuel Braga;1284650;20241104001322600;8194.87;2024-11-04;51890164000172;COOPERATIVA DOS PRODUTORES E AGRICULTORES F. DE BEBERIBE LTDA.;Nota Fiscal;211;Gêneros Alimentícios ( Proteínas, Carboidratos, Hortaliças, Sódios e Lipídios);8194.87;379;8194.87;2024-11-05;5;1ªQuinzena;nov.;2024;Efetivada;51890164000172;51890164;0001;72;1;COOPAFBE;02;20230821;00;4633801;0111302,0119905,0119906,0121101,0141501,0142300,0153901,0155505,0159801,0321301,0322101,1031700,1033301,1033302,1041400,1063500,1064300,1065101,4623101,4623106,4623108,4623109,4631100,4632001,4632002,4633802,4637104,4692300,7020400,7490103,8211300;ACESSO;RR LAGOA FUNDA;SN;;DISTRITO DE SUCATINGA - ZONA RURAL;62840000;;;51890164000172;1343;2302206.0;Beberibe;BEBERIBE;Litoral Leste;Litoral Leste;LOTE 17;IMBRA;Beberibe;6.0;35.0;6.0;34.0;0.0;1.0;2.0;3.0;37.0;3.7;COOPERATIVA DOS PRODUTORES E AGRICULTORES FAMILIARES DE BEBERIBE LTDA;51890164000172.0;CAF Emitido;OCB;06/04/2025;22/01/2024 13:08:08;08/05/2025 10:19:05;41.0;39.0;100,00;51890164000172
4660;Instituto Manuel Braga;1284650;20241104001322600;8809.87;2024-11-04;51890164000172;COOPERATIVA DOS PRODUTORES E AGRICULTORES F. DE BEBERIBE LTDA.;Nota Fiscal;211;Gêneros Alimentícios ( Proteínas, Carboidratos, Hortaliças, Sódios e Lipídios);8809.87;383;8809.87;2024-11-05;5;1ªQuinzena;nov.;2024;Efetivada;51890164000172;51890164;0001;72;1;COOPAFBE;02;20230821;00;4633801;0111302,0119905,0119906,0121101,0141501,0142300,0153901,0155505,0159801,0321301,0322101,1031700,1033301,1033302,1041400,1063500,1064300,1065101,4623101,4623106,4623108,4623109,4631100,4632001,4632002,4633802,4637104,4692300,7020400,7490103,8211300;ACESSO;RR LAGOA FUNDA;SN;;DISTRITO DE SUCATINGA - ZONA RURAL;62840000;;;51890164000172;1343;2302206.0;Beberibe;BEBERIBE;Litoral Leste;Litoral Leste;LOTE 17;IMBRA;Beberibe;6.0;35.0;6.0;34.0;0.0;1.0;2.0;3.0;37.0;3.7;COOPERATIVA DOS PRODUTORES E AGRICULTORES FAMILIARES DE BEBERIBE LTDA;51890164000172.0;CAF Emitido;OCB;06/04/2025;22/01/2024 13:08:08;08/05/2025 10:19:05;41.0;39.0;100,00;51890164000172
4668;Instituto Manuel Braga;1284650;20241112001326600;8194.87;2024-11-12;51890164000172;COOPERATIVA DOS PRODUTORES E AGRICULTORES F. DE BEBERIBE LTDA.;Nota Fiscal;211;Gêneros Alimentícios ( Proteínas, Carboidratos, Hortaliças, Sódios e Lipídios);8194.87;428;8194.87;2024-11-13;13;1ªQuinzena;nov.;2024;Efetivada;51890164000172;51890164;0001;72;1;COOPAFBE;02;20230821;00;4633801;0111302,0119905,0119906,0121101,0141501,0142300,0153901,0155505,0159801,0321301,0322101,1031700,1033301,1033302,1041400,1063500,1064300,1065101,4623101,4623106,4623108,4623109,4631100,4632001,4632002,4633802,4637104,4692300,7020400,7490103,8211300;ACESSO;RR LAGOA FUNDA;SN;;DISTRITO DE SUCATINGA - ZONA RURAL;62840000;;;51890164000172;1343;2302206.0;Beberibe;BEBERIBE;Litoral Leste;Litoral Leste;LOTE 17;IMBRA;Beberibe;6.0;35.0;6.0;34.0;0.0;1.0;2.0;3.0;37.0;3.7;COOPERATIVA DOS PRODUTORES E AGRICULTORES FAMILIARES DE BEBERIBE LTDA;51890164000172.0;CAF Emitido;OCB;06/04/2025;22/01/2024 13:08:08;08/05/2025 10:19:05;41.0;39.0;100,00;51890164000172
4669;Instituto Manuel Braga;1284650;20241112001326600;8809.87;2024-11-12;51890164000172;COOPERATIVA DOS PRODUTORES E AGRICULTORES F. DE BEBERIBE LTDA.;Nota Fiscal;211;Gêneros Alimentícios ( Proteínas, Carboidratos, Hortaliças, Sódios e Lipídios);8809.87;432;8809.87;2024-11-13;13;1ªQuinzena;nov.;2024;Efetivada;51890164000172;51890164;0001;72;1;COOPAFBE;02;20230821;00;4633801;0111302,0119905,0119906,0121101,0141501,0142300,0153901,0155505,0159801,0321301,0322101,1031700,1033301,1033302,1041400,1063500,1064300,1065101,4623101,4623106,4623108,4623109,4631100,4632001,4632002,4633802,4637104,4692300,7020400,7490103,8211300;ACESSO;RR LAGOA FUNDA;SN;;DISTRITO DE SUCATINGA - ZONA RURAL;62840000;;;51890164000172;1343;2302206.0;Beberibe;BEBERIBE;Litoral Leste;Litoral Leste;LOTE 17;IMBRA;Beberibe;6.0;35.0;6.0;34.0;0.0;1.0;2.0;3.0;37.0;3.7;COOPERATIVA DOS PRODUTORES E AGRICULTORES FAMILIARES DE BEBERIBE LTDA;51890164000172.0;CAF Emitido;OCB;06/04/2025;22/01/2024 13:08:08;08/05/2025 10:19:05;41.0;39.0;100,00;51890164000172
4670;Instituto Manuel Braga;1284650;20241112001326600;8194.87;2024-11-12;51890164000172;COOPERATIVA DOS PRODUTORES E AGRICULTORES F. DE BEBERIBE LTDA.;Nota Fiscal;211;Gêneros Alimentícios ( Proteínas, Carboidratos, Hortaliças, Sódios e Lipídios);8194.87;436;8194.87;2024-11-13;13;1ªQuinzena;nov.;2024;Efetivada;51890164000172;51890164;0001;72;1;COOPAFBE;02;20230821;00;4633801;0111302,0119905,0119906,0121101,0141501,0142300,0153901,0155505,0159801,0321301,0322101,1031700,1033301,1033302,1041400,1063500,1064300,1065101,4623101,4623106,4623108,4623109,4631100,4632001,4632002,4633802,4637104,4692300,7020400,7490103,8211300;ACESSO;RR LAGOA FUNDA;SN;;DISTRITO DE SUCATINGA - ZONA RURAL;62840000;;;51890164000172;1343;2302206.0;Beberibe;BEBERIBE;Litoral Leste;Litoral Leste;LOTE 17;IMBRA;Beberibe;6.0;35.0;6.0;34.0;0.0;1.0;2.0;3.0;37.0;3.7;COOPERATIVA DOS PRODUTORES E AGRICULTORES FAMILIARES DE BEBERIBE LTDA;51890164000172.0;CAF Emitido;OCB;06/04/2025;22/01/2024 13:08:08;08/05/2025 10:19:05;41.0;39.0;100,00;51890164000172
4671;Instituto Manuel Braga;1284650;20241112001326600;8809.87;2024-11-12;51890164000172;COOPERATIVA DOS PRODUTORES E AGRICULTORES F. DE BEBERIBE LTDA.;Nota Fiscal;211;Gêneros Alimentícios ( Proteínas, Carboidratos, Hortaliças, Sódios e Lipídios);8809.87;440;8809.87;2024-11-13;13;1ªQuinzena;nov.;2024;Efetivada;51890164000172;51890164;0001;72;1;COOPAFBE;02;20230821;00;4633801;0111302,0119905,0119906,0121101,0141501,0142300,0153901,0155505,0159801,0321301,0322101,1031700,1033301,1033302,1041400,1063500,1064300,1065101,4623101,4623106,4623108,4623109,4631100,4632001,4632002,4633802,4637104,4692300,7020400,7490103,8211300;ACESSO;RR LAGOA FUNDA;SN;;DISTRITO DE SUCATINGA - ZONA RURAL;62840000;;;51890164000172;1343;2302206.0;Beberibe;BEBERIBE;Litoral Leste;Litoral Leste;LOTE 17;IMBRA;Beberibe;6.0;35.0;6.0;34.0;0.0;1.0;2.0;3.0;37.0;3.7;COOPERATIVA DOS PRODUTORES E AGRICULTORES FAMILIARES DE BEBERIBE LTDA;51890164000172.0;CAF Emitido;OCB;06/04/2025;22/01/2024 13:08:08;08/05/2025 10:19:05;41.0;39.0;100,00;51890164000172
4675;Instituto Manuel Braga;1284650;20241128001336000;6906.45;2024-11-28;51890164000172;COOPERATIVA DOS PRODUTORES E AGRICULTORES F. DE BEBERIBE LTDA.;Nota Fiscal;211;Gêneros Alimentícios ( Proteínas, Carboidratos, Hortaliças, Sódios e Lipídios);6906.45;473;6906.45;2024-11-29;29;2ªQuinzena;nov.;2024;Efetivada;51890164000172;51890164;0001;72;1;COOPAFBE;02;20230821;00;4633801;0111302,0119905,0119906,0121101,0141501,0142300,0153901,0155505,0159801,0321301,0322101,1031700,1033301,1033302,1041400,1063500,1064300,1065101,4623101,4623106,4623108,4623109,4631100,4632001,4632002,4633802,4637104,4692300,7020400,7490103,8211300;ACESSO;RR LAGOA FUNDA;SN;;DISTRITO DE SUCATINGA - ZONA RURAL;62840000;;;51890164000172;1343;2302206.0;Beberibe;BEBERIBE;Litoral Leste;Litoral Leste;LOTE 17;IMBRA;Beberibe;6.0;35.0;6.0;34.0;0.0;1.0;2.0;3.0;37.0;3.7;COOPERATIVA DOS PRODUTORES E AGRICULTORES FAMILIARES DE BEBERIBE LTDA;51890164000172.0;CAF Emitido;OCB;06/04/2025;22/01/2024 13:08:08;08/05/2025 10:19:05;41.0;39.0;100,00;51890164000172
4676;Instituto Manuel Braga;1284650;20241128001336000;7306.2;2024-11-28;51890164000172;COOPERATIVA DOS PRODUTORES E AGRICULTORES F. DE BEBERIBE LTDA.;Nota Fiscal;211;Gêneros Alimentícios ( Proteínas, Carboidratos, Hortaliças, Sódios e Lipídios);7306.2;477;7306.2;2024-11-29;29;2ªQuinzena;nov.;2024;Efetivada;51890164000172;51890164;0001;72;1;COOPAFBE;02;20230821;00;4633801;0111302,0119905,0119906,0121101,0141501,0142300,0153901,0155505,0159801,0321301,0322101,1031700,1033301,1033302,1041400,1063500,1064300,1065101,4623101,4623106,4623108,4623109,4631100,4632001,4632002,4633802,4637104,4692300,7020400,7490103,8211300;ACESSO;RR LAGOA FUNDA;SN;;DISTRITO DE SUCATINGA - ZONA RURAL;62840000;;;51890164000172;1343;2302206.0;Beberibe;BEBERIBE;Litoral Leste;Litoral Leste;LOTE 17;IMBRA;Beberibe;6.0;35.0;6.0;34.0;0.0;1.0;2.0;3.0;37.0;3.7;COOPERATIVA DOS PRODUTORES E AGRICULTORES FAMILIARES DE BEBERIBE LTDA;51890164000172.0;CAF Emitido;OCB;06/04/2025;22/01/2024 13:08:08;08/05/2025 10:19:05;41.0;39.0;100,00;51890164000172
4677;Instituto Manuel Braga;1284650;20241128001336000;8194.87;2024-11-28;51890164000172;COOPERATIVA DOS PRODUTORES E AGRICULTORES F. DE BEBERIBE LTDA.;Nota Fiscal;211;Gêneros Alimentícios ( Proteínas, Carboidratos, Hortaliças, Sódios e Lipídios);8194.87;481;8194.87;2024-11-29;29;2ªQuinzena;nov.;2024;Efetivada;51890164000172;51890164;0001;72;1;COOPAFBE;02;20230821;00;4633801;0111302,0119905,0119906,0121101,0141501,0142300,0153901,0155505,0159801,0321301,0322101,1031700,1033301,1033302,1041400,1063500,1064300,1065101,4623101,4623106,4623108,4623109,4631100,4632001,4632002,4633802,4637104,4692300,7020400,7490103,8211300;ACESSO;RR LAGOA FUNDA;SN;;DISTRITO DE SUCATINGA - ZONA RURAL;62840000;;;51890164000172;1343;2302206.0;Beberibe;BEBERIBE;Litoral Leste;Litoral Leste;LOTE 17;IMBRA;Beberibe;6.0;35.0;6.0;34.0;0.0;1.0;2.0;3.0;37.0;3.7;COOPERATIVA DOS PRODUTORES E AGRICULTORES FAMILIARES DE BEBERIBE LTDA;51890164000172.0;CAF Emitido;OCB;06/04/2025;22/01/2024 13:08:08;08/05/2025 10:19:05;41.0;39.0;100,00;51890164000172
4678;Instituto Manuel Braga;1284650;20241128001336000;8809.87;2024-11-28;51890164000172;COOPERATIVA DOS PRODUTORES E AGRICULTORES F. DE BEBERIBE LTDA.;Nota Fiscal;211;Gêneros Alimentícios ( Proteínas, Carboidratos, Hortaliças, Sódios e Lipídios);8809.87;485;8809.87;2024-11-29;29;2ªQuinzena;nov.;2024;Efetivada;51890164000172;51890164;0001;72;1;COOPAFBE;02;20230821;00;4633801;0111302,0119905,0119906,0121101,0141501,0142300,0153901,0155505,0159801,0321301,0322101,1031700,1033301,1033302,1041400,1063500,1064300,1065101,4623101,4623106,4623108,4623109,4631100,4632001,4632002,4633802,4637104,4692300,7020400,7490103,8211300;ACESSO;RR LAGOA FUNDA;SN;;DISTRITO DE SUCATINGA - ZONA RURAL;62840000;;;51890164000172;1343;2302206.0;Beberibe;BEBERIBE;Litoral Leste;Litoral Leste;LOTE 17;IMBRA;Beberibe;6.0;35.0;6.0;34.0;0.0;1.0;2.0;3.0;37.0;3.7;COOPERATIVA DOS PRODUTORES E AGRICULTORES FAMILIARES DE BEBERIBE LTDA;51890164000172.0;CAF Emitido;OCB;06/04/2025;22/01/2024 13:08:08;08/05/2025 10:19:05;41.0;39.0;100,00;51890164000172
4718;Instituto Manuel Braga;1284650;20241226001356900;8194.87;2024-12-26;51890164000172;COOPERATIVA DOS PRODUTORES E AGRICULTORES F. DE BEBERIBE LTDA.;Nota Fiscal;211;Gêneros Alimentícios ( Proteínas, Carboidratos, Hortaliças, Sódios e Lipídios);8194.87;512;8194.87;2024-12-27;27;2ªQuinzena;dez.;2024;Efetivada;51890164000172;51890164;0001;72;1;COOPAFBE;02;20230821;00;4633801;0111302,0119905,0119906,0121101,0141501,0142300,0153901,0155505,0159801,0321301,0322101,1031700,1033301,1033302,1041400,1063500,1064300,1065101,4623101,4623106,4623108,4623109,4631100,4632001,4632002,4633802,4637104,4692300,7020400,7490103,8211300;ACESSO;RR LAGOA FUNDA;SN;;DISTRITO DE SUCATINGA - ZONA RURAL;62840000;;;51890164000172;1343;2302206.0;Beberibe;BEBERIBE;Litoral Leste;Litoral Leste;LOTE 17;IMBRA;Beberibe;6.0;35.0;6.0;34.0;0.0;1.0;2.0;3.0;37.0;3.7;COOPERATIVA DOS PRODUTORES E AGRICULTORES FAMILIARES DE BEBERIBE LTDA;51890164000172.0;CAF Emitido;OCB;06/04/2025;22/01/2024 13:08:08;08/05/2025 10:19:05;41.0;39.0;100,00;51890164000172
4719;Instituto Manuel Braga;1284650;20241226001356900;8809.87;2024-12-26;51890164000172;COOPERATIVA DOS PRODUTORES E AGRICULTORES F. DE BEBERIBE LTDA.;Nota Fiscal;211;Gêneros Alimentícios ( Proteínas, Carboidratos, Hortaliças, Sódios e Lipídios);8809.87;516;8809.87;2024-12-27;27;2ªQuinzena;dez.;2024;Efetivada;51890164000172;51890164;0001;72;1;COOPAFBE;02;20230821;00;4633801;0111302,0119905,0119906,0121101,0141501,0142300,0153901,0155505,0159801,0321301,0322101,1031700,1033301,1033302,1041400,1063500,1064300,1065101,4623101,4623106,4623108,4623109,4631100,4632001,4632002,4633802,4637104,4692300,7020400,7490103,8211300;ACESSO;RR LAGOA FUNDA;SN;;DISTRITO DE SUCATINGA - ZONA RURAL;62840000;;;51890164000172;1343;2302206.0;Beberibe;BEBERIBE;Litoral Leste;Litoral Leste;LOTE 17;IMBRA;Beberibe;6.0;35.0;6.0;34.0;0.0;1.0;2.0;3.0;37.0;3.7;COOPERATIVA DOS PRODUTORES E AGRICULTORES FAMILIARES DE BEBERIBE LTDA;51890164000172.0;CAF Emitido;OCB;06/04/2025;22/01/2024 13:08:08;08/05/2025 10:19:05;41.0;39.0;100,00;51890164000172
4720;Instituto Manuel Braga;1284650;20241226001356900;3407.1;2024-12-26;51890164000172;COOPERATIVA DOS PRODUTORES E AGRICULTORES F. DE BEBERIBE LTDA.;Nota Fiscal;211;Gêneros Alimentícios ( Proteínas, Carboidratos, Hortaliças, Sódios e Lipídios);3407.1;520;3407.1;2024-12-27;27;2ªQuinzena;dez.;2024;Efetivada;51890164000172;51890164;0001;72;1;COOPAFBE;02;20230821;00;4633801;0111302,0119905,0119906,0121101,0141501,0142300,0153901,0155505,0159801,0321301,0322101,1031700,1033301,1033302,1041400,1063500,1064300,1065101,4623101,4623106,4623108,4623109,4631100,4632001,4632002,4633802,4637104,4692300,7020400,7490103,8211300;ACESSO;RR LAGOA FUNDA;SN;;DISTRITO DE SUCATINGA - ZONA RURAL;62840000;;;51890164000172;1343;2302206.0;Beberibe;BEBERIBE;Litoral Leste;Litoral Leste;LOTE 17;IMBRA;Beberibe;6.0;35.0;6.0;34.0;0.0;1.0;2.0;3.0;37.0;3.7;COOPERATIVA DOS PRODUTORES E AGRICULTORES FAMILIARES DE BEBERIBE LTDA;51890164000172.0;CAF Emitido;OCB;06/04/2025;22/01/2024 13:08:08;08/05/2025 10:19:05;41.0;39.0;100,00;51890164000172
4721;Instituto Manuel Braga;1284650;20241226001356900;5187.52;2024-12-26;51890164000172;COOPERATIVA DOS PRODUTORES E AGRICULTORES F. DE BEBERIBE LTDA.;Nota Fiscal;211;Gêneros Alimentícios ( Proteínas, Carboidratos, Hortaliças, Sódios e Lipídios);5187.52;524;5187.52;2024-12-27;27;2ªQuinzena;dez.;2024;Efetivada;51890164000172;51890164;0001;72;1;COOPAFBE;02;20230821;00;4633801;0111302,0119905,0119906,0121101,0141501,0142300,0153901,0155505,0159801,0321301,0322101,1031700,1033301,1033302,1041400,1063500,1064300,1065101,4623101,4623106,4623108,4623109,4631100,4632001,4632002,4633802,4637104,4692300,7020400,7490103,8211300;ACESSO;RR LAGOA FUNDA;SN;;DISTRITO DE SUCATINGA - ZONA RURAL;62840000;;;51890164000172;1343;2302206.0;Beberibe;BEBERIBE;Litoral Leste;Litoral Leste;LOTE 17;IMBRA;Beberibe;6.0;35.0;6.0;34.0;0.0;1.0;2.0;3.0;37.0;3.7;COOPERATIVA DOS PRODUTORES E AGRICULTORES FAMILIARES DE BEBERIBE LTDA;51890164000172.0;CAF Emitido;OCB;06/04/2025;22/01/2024 13:08:08;08/05/2025 10:19:05;41.0;39.0;100,00;51890164000172
4728;Instituto Manuel Braga;1284650;20241228001358300;8194.87;2024-12-28;51890164000172;COOPERATIVA DOS PRODUTORES E AGRICULTORES F. DE BEBERIBE LTDA.;Nota Fiscal;211;Gêneros Alimentícios ( Proteínas, Carboidratos, Hortaliças, Sódios e Lipídios);8194.87;528;8194.87;2024-12-30;30;2ªQuinzena;dez.;2024;Efetivada;51890164000172;51890164;0001;72;1;COOPAFBE;02;20230821;00;4633801;0111302,0119905,0119906,0121101,0141501,0142300,0153901,0155505,0159801,0321301,0322101,1031700,1033301,1033302,1041400,1063500,1064300,1065101,4623101,4623106,4623108,4623109,4631100,4632001,4632002,4633802,4637104,4692300,7020400,7490103,8211300;ACESSO;RR LAGOA FUNDA;SN;;DISTRITO DE SUCATINGA - ZONA RURAL;62840000;;;51890164000172;1343;2302206.0;Beberibe;BEBERIBE;Litoral Leste;Litoral Leste;LOTE 17;IMBRA;Beberibe;6.0;35.0;6.0;34.0;0.0;1.0;2.0;3.0;37.0;3.7;COOPERATIVA DOS PRODUTORES E AGRICULTORES FAMILIARES DE BEBERIBE LTDA;51890164000172.0;CAF Emitido;OCB;06/04/2025;22/01/2024 13:08:08;08/05/2025 10:19:05;41.0;39.0;100,00;51890164000172
4731;Instituto Manuel Braga;1284650;20241230001359000;3002.54;2024-12-30;51890164000172;COOPERATIVA DOS PRODUTORES E AGRICULTORES F. DE BEBERIBE LTDA.;Nota Fiscal;211;Gêneros Alimentícios ( Proteínas, Carboidratos, Hortaliças, Sódios e Lipídios);3002.54;532;3002.54;2025-01-02;2;1ªQuinzena;jan.;2025;Efetivada;51890164000172;51890164;0001;72;1;COOPAFBE;02;20230821;00;4633801;0111302,0119905,0119906,0121101,0141501,0142300,0153901,0155505,0159801,0321301,0322101,1031700,1033301,1033302,1041400,1063500,1064300,1065101,4623101,4623106,4623108,4623109,4631100,4632001,4632002,4633802,4637104,4692300,7020400,7490103,8211300;ACESSO;RR LAGOA FUNDA;SN;;DISTRITO DE SUCATINGA - ZONA RURAL;62840000;;;51890164000172;1343;2302206.0;Beberibe;BEBERIBE;Litoral Leste;Litoral Leste;LOTE 17;IMBRA;Beberibe;6.0;35.0;6.0;34.0;0.0;1.0;2.0;3.0;37.0;3.7;COOPERATIVA DOS PRODUTORES E AGRICULTORES FAMILIARES DE BEBERIBE LTDA;51890164000172.0;CAF Emitido;OCB;06/04/2025;22/01/2024 13:08:08;08/05/2025 10:19:05;41.0;39.0;100,00;51890164000172
4774;Instituto Manuel Braga;1284650;20250224001379600;11070.0;2025-02-24;51890164000172;COOPERATIVA DOS PRODUTORES E AGRICULTORES F. DE BEBERIBE LTDA.;Nota Fiscal;211;Gêneros Alimentícios ( Proteínas, Carboidratos, Hortaliças, Sódios e Lipídios);11070.0;567;11070.0;2025-02-25;25;2ªQuinzena;fev.;2025;Efetivada;51890164000172;51890164;0001;72;1;COOPAFBE;02;20230821;00;4633801;0111302,0119905,0119906,0121101,0141501,0142300,0153901,0155505,0159801,0321301,0322101,1031700,1033301,1033302,1041400,1063500,1064300,1065101,4623101,4623106,4623108,4623109,4631100,4632001,4632002,4633802,4637104,4692300,7020400,7490103,8211300;ACESSO;RR LAGOA FUNDA;SN;;DISTRITO DE SUCATINGA - ZONA RURAL;62840000;;;51890164000172;1343;2302206.0;Beberibe;BEBERIBE;Litoral Leste;Litoral Leste;LOTE 17;IMBRA;Beberibe;6.0;35.0;6.0;34.0;0.0;1.0;2.0;3.0;37.0;3.7;COOPERATIVA DOS PRODUTORES E AGRICULTORES FAMILIARES DE BEBERIBE LTDA;51890164000172.0;CAF Emitido;OCB;06/04/2025;22/01/2024 13:08:08;08/05/2025 10:19:05;41.0;39.0;100,00;51890164000172
4775;Instituto Manuel Braga;1284650;20250226001381100;10731.75;2025-02-26;51890164000172;COOPERATIVA DOS PRODUTORES E AGRICULTORES F. DE BEBERIBE LTDA.;Nota Fiscal;211;Gêneros Alimentícios ( Proteínas, Carboidratos, Hortaliças, Sódios e Lipídios);10731.75;571;10731.75;2025-02-27;27;2ªQuinzena;fev.;2025;Efetivada;51890164000172;51890164;0001;72;1;COOPAFBE;02;20230821;00;4633801;0111302,0119905,0119906,0121101,0141501,0142300,0153901,0155505,0159801,0321301,0322101,1031700,1033301,1033302,1041400,1063500,1064300,1065101,4623101,4623106,4623108,4623109,4631100,4632001,4632002,4633802,4637104,4692300,7020400,7490103,8211300;ACESSO;RR LAGOA FUNDA;SN;;DISTRITO DE SUCATINGA - ZONA RURAL;62840000;;;51890164000172;1343;2302206.0;Beberibe;BEBERIBE;Litoral Leste;Litoral Leste;LOTE 17;IMBRA;Beberibe;6.0;35.0;6.0;34.0;0.0;1.0;2.0;3.0;37.0;3.7;COOPERATIVA DOS PRODUTORES E AGRICULTORES FAMILIARES DE BEBERIBE LTDA;51890164000172.0;CAF Emitido;OCB;06/04/2025;22/01/2024 13:08:08;08/05/2025 10:19:05;41.0;39.0;100,00;51890164000172
4776;Instituto Manuel Braga;1284650;20250226001381100;11070.0;2025-02-26;51890164000172;COOPERATIVA DOS PRODUTORES E AGRICULTORES F. DE BEBERIBE LTDA.;Nota Fiscal;211;Gêneros Alimentícios ( Proteínas, Carboidratos, Hortaliças, Sódios e Lipídios);11070.0;575;11070.0;2025-02-27;27;2ªQuinzena;fev.;2025;Efetivada;51890164000172;51890164;0001;72;1;COOPAFBE;02;20230821;00;4633801;0111302,0119905,0119906,0121101,0141501,0142300,0153901,0155505,0159801,0321301,0322101,1031700,1033301,1033302,1041400,1063500,1064300,1065101,4623101,4623106,4623108,4623109,4631100,4632001,4632002,4633802,4637104,4692300,7020400,7490103,8211300;ACESSO;RR LAGOA FUNDA;SN;;DISTRITO DE SUCATINGA - ZONA RURAL;62840000;;;51890164000172;1343;2302206.0;Beberibe;BEBERIBE;Litoral Leste;Litoral Leste;LOTE 17;IMBRA;Beberibe;6.0;35.0;6.0;34.0;0.0;1.0;2.0;3.0;37.0;3.7;COOPERATIVA DOS PRODUTORES E AGRICULTORES FAMILIARES DE BEBERIBE LTDA;51890164000172.0;CAF Emitido;OCB;06/04/2025;22/01/2024 13:08:08;08/05/2025 10:19:05;41.0;39.0;100,00;51890164000172
4777;Instituto Manuel Braga;1284650;20250224001379600;10731.75;2025-02-24;51890164000172;COOPERATIVA DOS PRODUTORES E AGRICULTORES F. DE BEBERIBE LTDA.;Nota Fiscal;211;Gêneros Alimentícios ( Proteínas, Carboidratos, Hortaliças, Sódios e Lipídios);10731.75;579;10731.75;2025-02-25;25;2ªQuinzena;fev.;2025;Efetivada;51890164000172;51890164;0001;72;1;COOPAFBE;02;20230821;00;4633801;0111302,0119905,0119906,0121101,0141501,0142300,0153901,0155505,0159801,0321301,0322101,1031700,1033301,1033302,1041400,1063500,1064300,1065101,4623101,4623106,4623108,4623109,4631100,4632001,4632002,4633802,4637104,4692300,7020400,7490103,8211300;ACESSO;RR LAGOA FUNDA;SN;;DISTRITO DE SUCATINGA - ZONA RURAL;62840000;;;51890164000172;1343;2302206.0;Beberibe;BEBERIBE;Litoral Leste;Litoral Leste;LOTE 17;IMBRA;Beberibe;6.0;35.0;6.0;34.0;0.0;1.0;2.0;3.0;37.0;3.7;COOPERATIVA DOS PRODUTORES E AGRICULTORES FAMILIARES DE BEBERIBE LTDA;51890164000172.0;CAF Emitido;OCB;06/04/2025;22/01/2024 13:08:08;08/05/2025 10:19:05;41.0;39.0;100,00;51890164000172
4785;Instituto Manuel Braga;1284650;20250310001386900;11070.0;2025-03-10;51890164000172;COOPERATIVA DOS PRODUTORES E AGRICULTORES F. DE BEBERIBE LTDA.;Nota Fiscal;211;Gêneros Alimentícios ( Proteínas, Carboidratos, Hortaliças, Sódios e Lipídios);11070.0;601;11070.0;2025-03-11;11;1ªQuinzena;mar.;2025;Efetivada;51890164000172;51890164;0001;72;1;COOPAFBE;02;20230821;00;4633801;0111302,0119905,0119906,0121101,0141501,0142300,0153901,0155505,0159801,0321301,0322101,1031700,1033301,1033302,1041400,1063500,1064300,1065101,4623101,4623106,4623108,4623109,4631100,4632001,4632002,4633802,4637104,4692300,7020400,7490103,8211300;ACESSO;RR LAGOA FUNDA;SN;;DISTRITO DE SUCATINGA - ZONA RURAL;62840000;;;51890164000172;1343;2302206.0;Beberibe;BEBERIBE;Litoral Leste;Litoral Leste;LOTE 17;IMBRA;Beberibe;6.0;35.0;6.0;34.0;0.0;1.0;2.0;3.0;37.0;3.7;COOPERATIVA DOS PRODUTORES E AGRICULTORES FAMILIARES DE BEBERIBE LTDA;51890164000172.0;CAF Emitido;OCB;06/04/2025;22/01/2024 13:08:08;08/05/2025 10:19:05;41.0;39.0;100,00;51890164000172
4786;Instituto Manuel Braga;1284650;20250310001386900;10731.75;2025-03-10;51890164000172;COOPERATIVA DOS PRODUTORES E AGRICULTORES F. DE BEBERIBE LTDA.;Nota Fiscal;211;Gêneros Alimentícios ( Proteínas, Carboidratos, Hortaliças, Sódios e Lipídios);10731.75;605;10731.75;2025-03-11;11;1ªQuinzena;mar.;2025;Efetivada;51890164000172;51890164;0001;72;1;COOPAFBE;02;20230821;00;4633801;0111302,0119905,0119906,0121101,0141501,0142300,0153901,0155505,0159801,0321301,0322101,1031700,1033301,1033302,1041400,1063500,1064300,1065101,4623101,4623106,4623108,4623109,4631100,4632001,4632002,4633802,4637104,4692300,7020400,7490103,8211300;ACESSO;RR LAGOA FUNDA;SN;;DISTRITO DE SUCATINGA - ZONA RURAL;62840000;;;51890164000172;1343;2302206.0;Beberibe;BEBERIBE;Litoral Leste;Litoral Leste;LOTE 17;IMBRA;Beberibe;6.0;35.0;6.0;34.0;0.0;1.0;2.0;3.0;37.0;3.7;COOPERATIVA DOS PRODUTORES E AGRICULTORES FAMILIARES DE BEBERIBE LTDA;51890164000172.0;CAF Emitido;OCB;06/04/2025;22/01/2024 13:08:08;08/05/2025 10:19:05;41.0;39.0;100,00;51890164000172
4787;Instituto Manuel Braga;1284650;20250310001386900;11070.0;2025-03-10;51890164000172;COOPERATIVA DOS PRODUTORES E AGRICULTORES F. DE BEBERIBE LTDA.;Nota Fiscal;211;Gêneros Alimentícios ( Proteínas, Carboidratos, Hortaliças, Sódios e Lipídios);11070.0;609;11070.0;2025-03-11;11;1ªQuinzena;mar.;2025;Efetivada;51890164000172;51890164;0001;72;1;COOPAFBE;02;20230821;00;4633801;0111302,0119905,0119906,0121101,0141501,0142300,0153901,0155505,0159801,0321301,0322101,1031700,1033301,1033302,1041400,1063500,1064300,1065101,4623101,4623106,4623108,4623109,4631100,4632001,4632002,4633802,4637104,4692300,7020400,7490103,8211300;ACESSO;RR LAGOA FUNDA;SN;;DISTRITO DE SUCATINGA - ZONA RURAL;62840000;;;51890164000172;1343;2302206.0;Beberibe;BEBERIBE;Litoral Leste;Litoral Leste;LOTE 17;IMBRA;Beberibe;6.0;35.0;6.0;34.0;0.0;1.0;2.0;3.0;37.0;3.7;COOPERATIVA DOS PRODUTORES E AGRICULTORES FAMILIARES DE BEBERIBE LTDA;51890164000172.0;CAF Emitido;OCB;06/04/2025;22/01/2024 13:08:08;08/05/2025 10:19:05;41.0;39.0;100,00;51890164000172
4788;Instituto Manuel Braga;1284650;20250310001386900;6439.05;2025-03-10;51890164000172;COOPERATIVA DOS PRODUTORES E AGRICULTORES F. DE BEBERIBE LTDA.;Nota Fiscal;211;Gêneros Alimentícios ( Proteínas, Carboidratos, Hortaliças, Sódios e Lipídios);6439.05;613;6439.05;2025-03-11;11;1ªQuinzena;mar.;2025;Efetivada;51890164000172;51890164;0001;72;1;COOPAFBE;02;20230821;00;4633801;0111302,0119905,0119906,0121101,0141501,0142300,0153901,0155505,0159801,0321301,0322101,1031700,1033301,1033302,1041400,1063500,1064300,1065101,4623101,4623106,4623108,4623109,4631100,4632001,4632002,4633802,4637104,4692300,7020400,7490103,8211300;ACESSO;RR LAGOA FUNDA;SN;;DISTRITO DE SUCATINGA - ZONA RURAL;62840000;;;51890164000172;1343;2302206.0;Beberibe;BEBERIBE;Litoral Leste;Litoral Leste;LOTE 17;IMBRA;Beberibe;6.0;35.0;6.0;34.0;0.0;1.0;2.0;3.0;37.0;3.7;COOPERATIVA DOS PRODUTORES E AGRICULTORES FAMILIARES DE BEBERIBE LTDA;51890164000172.0;CAF Emitido;OCB;06/04/2025;22/01/2024 13:08:08;08/05/2025 10:19:05;41.0;39.0;100,00;51890164000172
4803;Instituto Manuel Braga;1284650;20250331001395500;11070.0;2025-03-31;51890164000172;COOPERATIVA DOS PRODUTORES E AGRICULTORES F. DE BEBERIBE LTDA.;Nota Fiscal;211;Gêneros Alimentícios ( Proteínas, Carboidratos, Hortaliças, Sódios e Lipídios);11070.0;628;11070.0;2025-04-01;1;1ªQuinzena;abr.;2025;Efetivada;51890164000172;51890164;0001;72;1;COOPAFBE;02;20230821;00;4633801;0111302,0119905,0119906,0121101,0141501,0142300,0153901,0155505,0159801,0321301,0322101,1031700,1033301,1033302,1041400,1063500,1064300,1065101,4623101,4623106,4623108,4623109,4631100,4632001,4632002,4633802,4637104,4692300,7020400,7490103,8211300;ACESSO;RR LAGOA FUNDA;SN;;DISTRITO DE SUCATINGA - ZONA RURAL;62840000;;;51890164000172;1343;2302206.0;Beberibe;BEBERIBE;Litoral Leste;Litoral Leste;LOTE 17;IMBRA;Beberibe;6.0;35.0;6.0;34.0;0.0;1.0;2.0;3.0;37.0;3.7;COOPERATIVA DOS PRODUTORES E AGRICULTORES FAMILIARES DE BEBERIBE LTDA;51890164000172.0;CAF Emitido;OCB;06/04/2025;22/01/2024 13:08:08;08/05/2025 10:19:05;41.0;39.0;100,00;51890164000172
4809;Instituto Manuel Braga;1284650;20250402001397100;4314.7;2025-04-02;51890164000172;COOPERATIVA DOS PRODUTORES E AGRICULTORES F. DE BEBERIBE LTDA.;Nota Fiscal;211;Gêneros Alimentícios ( Proteínas, Carboidratos, Hortaliças, Sódios e Lipídios);4314.7;651;4314.7;2025-04-03;3;1ªQuinzena;abr.;2025;Efetivada;51890164000172;51890164;0001;72;1;COOPAFBE;02;20230821;00;4633801;0111302,0119905,0119906,0121101,0141501,0142300,0153901,0155505,0159801,0321301,0322101,1031700,1033301,1033302,1041400,1063500,1064300,1065101,4623101,4623106,4623108,4623109,4631100,4632001,4632002,4633802,4637104,4692300,7020400,7490103,8211300;ACESSO;RR LAGOA FUNDA;SN;;DISTRITO DE SUCATINGA - ZONA RURAL;62840000;;;51890164000172;1343;2302206.0;Beberibe;BEBERIBE;Litoral Leste;Litoral Leste;LOTE 17;IMBRA;Beberibe;6.0;35.0;6.0;34.0;0.0;1.0;2.0;3.0;37.0;3.7;COOPERATIVA DOS PRODUTORES E AGRICULTORES FAMILIARES DE BEBERIBE LTDA;51890164000172.0;CAF Emitido;OCB;06/04/2025;22/01/2024 13:08:08;08/05/2025 10:19:05;41.0;39.0;100,00;51890164000172
4820;Instituto Manuel Braga;1284650;20250416001403100;10215.74;2025-04-16;51890164000172;COOPERATIVA DOS PRODUTORES E AGRICULTORES F. DE BEBERIBE LTDA.;Nota Fiscal;211;Gêneros Alimentícios ( Proteínas, Carboidratos, Hortaliças, Sódios e Lipídios);10215.74;681;10215.74;2025-04-17;17;2ªQuinzena;abr.;2025;Efetivada;51890164000172;51890164;0001;72;1;COOPAFBE;02;20230821;00;4633801;0111302,0119905,0119906,0121101,0141501,0142300,0153901,0155505,0159801,0321301,0322101,1031700,1033301,1033302,1041400,1063500,1064300,1065101,4623101,4623106,4623108,4623109,4631100,4632001,4632002,4633802,4637104,4692300,7020400,7490103,8211300;ACESSO;RR LAGOA FUNDA;SN;;DISTRITO DE SUCATINGA - ZONA RURAL;62840000;;;51890164000172;1343;2302206.0;Beberibe;BEBERIBE;Litoral Leste;Litoral Leste;LOTE 17;IMBRA;Beberibe;6.0;35.0;6.0;34.0;0.0;1.0;2.0;3.0;37.0;3.7;COOPERATIVA DOS PRODUTORES E AGRICULTORES FAMILIARES DE BEBERIBE LTDA;51890164000172.0;CAF Emitido;OCB;06/04/2025;22/01/2024 13:08:08;08/05/2025 10:19:05;41.0;39.0;100,00;51890164000172
4821;Instituto Manuel Braga;1284650;20250416001403100;10215.74;2025-04-16;51890164000172;COOPERATIVA DOS PRODUTORES E AGRICULTORES F. DE BEBERIBE LTDA.;Nota Fiscal;211;Gêneros Alimentícios ( Proteínas, Carboidratos, Hortaliças, Sódios e Lipídios);10215.74;685;10215.74;2025-04-17;17;2ªQuinzena;abr.;2025;Efetivada;51890164000172;51890164;0001;72;1;COOPAFBE;02;20230821;00;4633801;0111302,0119905,0119906,0121101,0141501,0142300,0153901,0155505,0159801,0321301,0322101,1031700,1033301,1033302,1041400,1063500,1064300,1065101,4623101,4623106,4623108,4623109,4631100,4632001,4632002,4633802,4637104,4692300,7020400,7490103,8211300;ACESSO;RR LAGOA FUNDA;SN;;DISTRITO DE SUCATINGA - ZONA RURAL;62840000;;;51890164000172;1343;2302206.0;Beberibe;BEBERIBE;Litoral Leste;Litoral Leste;LOTE 17;IMBRA;Beberibe;6.0;35.0;6.0;34.0;0.0;1.0;2.0;3.0;37.0;3.7;COOPERATIVA DOS PRODUTORES E AGRICULTORES FAMILIARES DE BEBERIBE LTDA;51890164000172.0;CAF Emitido;OCB;06/04/2025;22/01/2024 13:08:08;08/05/2025 10:19:05;41.0;39.0;100,00;51890164000172
4824;Instituto Manuel Braga;1284650;20250507001411300;11070.0;2025-05-07;51890164000172;COOPERATIVA DOS PRODUTORES E AGRICULTORES F. DE BEBERIBE LTDA.;Nota Fiscal;211;Gêneros Alimentícios ( Proteínas, Carboidratos, Hortaliças, Sódios e Lipídios);11070.0;691;11070.0;2025-05-08;8;1ªQuinzena;mai.;2025;Efetivada;51890164000172;51890164;0001;72;1;COOPAFBE;02;20230821;00;4633801;0111302,0119905,0119906,0121101,0141501,0142300,0153901,0155505,0159801,0321301,0322101,1031700,1033301,1033302,1041400,1063500,1064300,1065101,4623101,4623106,4623108,4623109,4631100,4632001,4632002,4633802,4637104,4692300,7020400,7490103,8211300;ACESSO;RR LAGOA FUNDA;SN;;DISTRITO DE SUCATINGA - ZONA RURAL;62840000;;;51890164000172;1343;2302206.0;Beberibe;BEBERIBE;Litoral Leste;Litoral Leste;LOTE 17;IMBRA;Beberibe;6.0;35.0;6.0;34.0;0.0;1.0;2.0;3.0;37.0;3.7;COOPERATIVA DOS PRODUTORES E AGRICULTORES FAMILIARES DE BEBERIBE LTDA;51890164000172.0;CAF Emitido;OCB;06/04/2025;22/01/2024 13:08:08;08/05/2025 10:19:05;41.0;39.0;100,00;51890164000172
4825;Instituto Manuel Braga;1284650;20250507001411300;8892.9;2025-05-07;51890164000172;COOPERATIVA DOS PRODUTORES E AGRICULTORES F. DE BEBERIBE LTDA.;Nota Fiscal;211;Gêneros Alimentícios ( Proteínas, Carboidratos, Hortaliças, Sódios e Lipídios);8892.9;695;8892.9;2025-05-08;8;1ªQuinzena;mai.;2025;Efetivada;51890164000172;51890164;0001;72;1;COOPAFBE;02;20230821;00;4633801;0111302,0119905,0119906,0121101,0141501,0142300,0153901,0155505,0159801,0321301,0322101,1031700,1033301,1033302,1041400,1063500,1064300,1065101,4623101,4623106,4623108,4623109,4631100,4632001,4632002,4633802,4637104,4692300,7020400,7490103,8211300;ACESSO;RR LAGOA FUNDA;SN;;DISTRITO DE SUCATINGA - ZONA RURAL;62840000;;;51890164000172;1343;2302206.0;Beberibe;BEBERIBE;Litoral Leste;Litoral Leste;LOTE 17;IMBRA;Beberibe;6.0;35.0;6.0;34.0;0.0;1.0;2.0;3.0;37.0;3.7;COOPERATIVA DOS PRODUTORES E AGRICULTORES FAMILIARES DE BEBERIBE LTDA;51890164000172.0;CAF Emitido;OCB;06/04/2025;22/01/2024 13:08:08;08/05/2025 10:19:05;41.0;39.0;100,00;51890164000172
4826;Instituto Manuel Braga;1284650;20250507001411300;8769.9;2025-05-07;51890164000172;COOPERATIVA DOS PRODUTORES E AGRICULTORES F. DE BEBERIBE LTDA.;Nota Fiscal;211;Gêneros Alimentícios ( Proteínas, Carboidratos, Hortaliças, Sódios e Lipídios);8769.9;699;8769.9;2025-05-08;8;1ªQuinzena;mai.;2025;Efetivada;51890164000172;51890164;0001;72;1;COOPAFBE;02;20230821;00;4633801;0111302,0119905,0119906,0121101,0141501,0142300,0153901,0155505,0159801,0321301,0322101,1031700,1033301,1033302,1041400,1063500,1064300,1065101,4623101,4623106,4623108,4623109,4631100,4632001,4632002,4633802,4637104,4692300,7020400,7490103,8211300;ACESSO;RR LAGOA FUNDA;SN;;DISTRITO DE SUCATINGA - ZONA RURAL;62840000;;;51890164000172;1343;2302206.0;Beberibe;BEBERIBE;Litoral Leste;Litoral Leste;LOTE 17;IMBRA;Beberibe;6.0;35.0;6.0;34.0;0.0;1.0;2.0;3.0;37.0;3.7;COOPERATIVA DOS PRODUTORES E AGRICULTORES FAMILIARES DE BEBERIBE LTDA;51890164000172.0;CAF Emitido;OCB;06/04/2025;22/01/2024 13:08:08;08/05/2025 10:19:05;41.0;39.0;100,00;51890164000172
4827;Instituto Manuel Braga;1284650;20250507001411300;8247.15;2025-05-07;51890164000172;COOPERATIVA DOS PRODUTORES E AGRICULTORES F. DE BEBERIBE LTDA.;Nota Fiscal;211;Gêneros Alimentícios ( Proteínas, Carboidratos, Hortaliças, Sódios e Lipídios);8247.15;703;8247.15;2025-05-08;8;1ªQuinzena;mai.;2025;Efetivada;51890164000172;51890164;0001;72;1;COOPAFBE;02;20230821;00;4633801;0111302,0119905,0119906,0121101,0141501,0142300,0153901,0155505,0159801,0321301,0322101,1031700,1033301,1033302,1041400,1063500,1064300,1065101,4623101,4623106,4623108,4623109,4631100,4632001,4632002,4633802,4637104,4692300,7020400,7490103,8211300;ACESSO;RR LAGOA FUNDA;SN;;DISTRITO DE SUCATINGA - ZONA RURAL;62840000;;;51890164000172;1343;2302206.0;Beberibe;BEBERIBE;Litoral Leste;Litoral Leste;LOTE 17;IMBRA;Beberibe;6.0;35.0;6.0;34.0;0.0;1.0;2.0;3.0;37.0;3.7;COOPERATIVA DOS PRODUTORES E AGRICULTORES FAMILIARES DE BEBERIBE LTDA;51890164000172.0;CAF Emitido;OCB;06/04/2025;22/01/2024 13:08:08;08/05/2025 10:19:05;41.0;39.0;100,00;51890164000172
4840;Instituto Manuel Braga;1284650;20250526001418500;11070.0;2025-05-26;51890164000172;COOPERATIVA DOS PRODUTORES E AGRICULTORES F. DE BEBERIBE LTDA.;Nota Fiscal;211;Gêneros Alimentícios ( Proteínas, Carboidratos, Hortaliças, Sódios e Lipídios);11070.0;738;11070.0;2025-05-27;27;2ªQuinzena;mai.;2025;Efetivada;51890164000172;51890164;0001;72;1;COOPAFBE;02;20230821;00;4633801;0111302,0119905,0119906,0121101,0141501,0142300,0153901,0155505,0159801,0321301,0322101,1031700,1033301,1033302,1041400,1063500,1064300,1065101,4623101,4623106,4623108,4623109,4631100,4632001,4632002,4633802,4637104,4692300,7020400,7490103,8211300;ACESSO;RR LAGOA FUNDA;SN;;DISTRITO DE SUCATINGA - ZONA RURAL;62840000;;;51890164000172;1343;2302206.0;Beberibe;BEBERIBE;Litoral Leste;Litoral Leste;LOTE 17;IMBRA;Beberibe;6.0;35.0;6.0;34.0;0.0;1.0;2.0;3.0;37.0;3.7;COOPERATIVA DOS PRODUTORES E AGRICULTORES FAMILIARES DE BEBERIBE LTDA;51890164000172.0;CAF Emitido;OCB;06/04/2025;22/01/2024 13:08:08;08/05/2025 10:19:05;41.0;39.0;100,00;51890164000172
4841;Instituto Manuel Braga;1284650;20250526001418500;10731.75;2025-05-26;51890164000172;COOPERATIVA DOS PRODUTORES E AGRICULTORES F. DE BEBERIBE LTDA.;Nota Fiscal;211;Gêneros Alimentícios ( Proteínas, Carboidratos, Hortaliças, Sódios e Lipídios);10731.75;742;10731.75;2025-05-27;27;2ªQuinzena;mai.;2025;Efetivada;51890164000172;51890164;0001;72;1;COOPAFBE;02;20230821;00;4633801;0111302,0119905,0119906,0121101,0141501,0142300,0153901,0155505,0159801,0321301,0322101,1031700,1033301,1033302,1041400,1063500,1064300,1065101,4623101,4623106,4623108,4623109,4631100,4632001,4632002,4633802,4637104,4692300,7020400,7490103,8211300;ACESSO;RR LAGOA FUNDA;SN;;DISTRITO DE SUCATINGA - ZONA RURAL;62840000;;;51890164000172;1343;2302206.0;Beberibe;BEBERIBE;Litoral Leste;Litoral Leste;LOTE 17;IMBRA;Beberibe;6.0;35.0;6.0;34.0;0.0;1.0;2.0;3.0;37.0;3.7;COOPERATIVA DOS PRODUTORES E AGRICULTORES FAMILIARES DE BEBERIBE LTDA;51890164000172.0;CAF Emitido;OCB;06/04/2025;22/01/2024 13:08:08;08/05/2025 10:19:05;41.0;39.0;100,00;51890164000172
4842;Instituto Manuel Braga;1284650;20250527001419300;11070.0;2025-05-27;51890164000172;COOPERATIVA DOS PRODUTORES E AGRICULTORES F. DE BEBERIBE LTDA.;Nota Fiscal;211;Gêneros Alimentícios ( Proteínas, Carboidratos, Hortaliças, Sódios e Lipídios);11070.0;746;11070.0;2025-05-28;28;2ªQuinzena;mai.;2025;Efetivada;51890164000172;51890164;0001;72;1;COOPAFBE;02;20230821;00;4633801;0111302,0119905,0119906,0121101,0141501,0142300,0153901,0155505,0159801,0321301,0322101,1031700,1033301,1033302,1041400,1063500,1064300,1065101,4623101,4623106,4623108,4623109,4631100,4632001,4632002,4633802,4637104,4692300,7020400,7490103,8211300;ACESSO;RR LAGOA FUNDA;SN;;DISTRITO DE SUCATINGA - ZONA RURAL;62840000;;;51890164000172;1343;2302206.0;Beberibe;BEBERIBE;Litoral Leste;Litoral Leste;LOTE 17;IMBRA;Beberibe;6.0;35.0;6.0;34.0;0.0;1.0;2.0;3.0;37.0;3.7;COOPERATIVA DOS PRODUTORES E AGRICULTORES FAMILIARES DE BEBERIBE LTDA;51890164000172.0;CAF Emitido;OCB;06/04/2025;22/01/2024 13:08:08;08/05/2025 10:19:05;41.0;39.0;100,00;51890164000172
4843;Instituto Manuel Braga;1284650;20250527001419300;10731.75;2025-05-27;51890164000172;COOPERATIVA DOS PRODUTORES E AGRICULTORES F. DE BEBERIBE LTDA.;Nota Fiscal;211;Gêneros Alimentícios ( Proteínas, Carboidratos, Hortaliças, Sódios e Lipídios);10731.75;750;10731.75;2025-05-28;28;2ªQuinzena;mai.;2025;Efetivada;51890164000172;51890164;0001;72;1;COOPAFBE;02;20230821;00;4633801;0111302,0119905,0119906,0121101,0141501,0142300,0153901,0155505,0159801,0321301,0322101,1031700,1033301,1033302,1041400,1063500,1064300,1065101,4623101,4623106,4623108,4623109,4631100,4632001,4632002,4633802,4637104,4692300,7020400,7490103,8211300;ACESSO;RR LAGOA FUNDA;SN;;DISTRITO DE SUCATINGA - ZONA RURAL;62840000;;;51890164000172;1343;2302206.0;Beberibe;BEBERIBE;Litoral Leste;Litoral Leste;LOTE 17;IMBRA;Beberibe;6.0;35.0;6.0;34.0;0.0;1.0;2.0;3.0;37.0;3.7;COOPERATIVA DOS PRODUTORES E AGRICULTORES FAMILIARES DE BEBERIBE LTDA;51890164000172.0;CAF Emitido;OCB;06/04/2025;22/01/2024 13:08:08;08/05/2025 10:19:05;41.0;39.0;100,00;51890164000172
4875;Instituto Manuel Braga;1284650;20250626001435100;11070.0;2025-06-26;51890164000172;COOPERATIVA DOS PRODUTORES E AGRICULTORES F. DE BEBERIBE LTDA.;Nota Fiscal;211;Gêneros Alimentícios ( Proteínas, Carboidratos, Hortaliças, Sódios e Lipídios);11070.0;799;11070.0;2025-06-27;27;2ªQuinzena;jun.;2025;Efetivada;51890164000172;51890164;0001;72;1;COOPAFBE;02;20230821;00;4633801;0111302,0119905,0119906,0121101,0141501,0142300,0153901,0155505,0159801,0321301,0322101,1031700,1033301,1033302,1041400,1063500,1064300,1065101,4623101,4623106,4623108,4623109,4631100,4632001,4632002,4633802,4637104,4692300,7020400,7490103,8211300;ACESSO;RR LAGOA FUNDA;SN;;DISTRITO DE SUCATINGA - ZONA RURAL;62840000;;;51890164000172;1343;2302206.0;Beberibe;BEBERIBE;Litoral Leste;Litoral Leste;LOTE 17;IMBRA;Beberibe;6.0;35.0;6.0;34.0;0.0;1.0;2.0;3.0;37.0;3.7;COOPERATIVA DOS PRODUTORES E AGRICULTORES FAMILIARES DE BEBERIBE LTDA;51890164000172.0;CAF Emitido;OCB;06/04/2025;22/01/2024 13:08:08;08/05/2025 10:19:05;41.0;39.0;100,00;51890164000172
4876;Instituto Manuel Braga;1284650;20250626001435100;10731.75;2025-06-26;51890164000172;COOPERATIVA DOS PRODUTORES E AGRICULTORES F. DE BEBERIBE LTDA.;Nota Fiscal;211;Gêneros Alimentícios ( Proteínas, Carboidratos, Hortaliças, Sódios e Lipídios);10731.75;803;10731.75;2025-06-27;27;2ªQuinzena;jun.;2025;Efetivada;51890164000172;51890164;0001;72;1;COOPAFBE;02;20230821;00;4633801;0111302,0119905,0119906,0121101,0141501,0142300,0153901,0155505,0159801,0321301,0322101,1031700,1033301,1033302,1041400,1063500,1064300,1065101,4623101,4623106,4623108,4623109,4631100,4632001,4632002,4633802,4637104,4692300,7020400,7490103,8211300;ACESSO;RR LAGOA FUNDA;SN;;DISTRITO DE SUCATINGA - ZONA RURAL;62840000;;;51890164000172;1343;2302206.0;Beberibe;BEBERIBE;Litoral Leste;Litoral Leste;LOTE 17;IMBRA;Beberibe;6.0;35.0;6.0;34.0;0.0;1.0;2.0;3.0;37.0;3.7;COOPERATIVA DOS PRODUTORES E AGRICULTORES FAMILIARES DE BEBERIBE LTDA;51890164000172.0;CAF Emitido;OCB;06/04/2025;22/01/2024 13:08:08;08/05/2025 10:19:05;41.0;39.0;100,00;51890164000172
4877;Instituto Manuel Braga;1284650;20250626001435100;8954.4;2025-06-26;51890164000172;COOPERATIVA DOS PRODUTORES E AGRICULTORES F. DE BEBERIBE LTDA.;Nota Fiscal;211;Gêneros Alimentícios ( Proteínas, Carboidratos, Hortaliças, Sódios e Lipídios);8954.4;822;8954.4;2025-06-27;27;2ªQuinzena;jun.;2025;Efetivada;51890164000172;51890164;0001;72;1;COOPAFBE;02;20230821;00;4633801;0111302,0119905,0119906,0121101,0141501,0142300,0153901,0155505,0159801,0321301,0322101,1031700,1033301,1033302,1041400,1063500,1064300,1065101,4623101,4623106,4623108,4623109,4631100,4632001,4632002,4633802,4637104,4692300,7020400,7490103,8211300;ACESSO;RR LAGOA FUNDA;SN;;DISTRITO DE SUCATINGA - ZONA RURAL;62840000;;;51890164000172;1343;2302206.0;Beberibe;BEBERIBE;Litoral Leste;Litoral Leste;LOTE 17;IMBRA;Beberibe;6.0;35.0;6.0;34.0;0.0;1.0;2.0;3.0;37.0;3.7;COOPERATIVA DOS PRODUTORES E AGRICULTORES FAMILIARES DE BEBERIBE LTDA;51890164000172.0;CAF Emitido;OCB;06/04/2025;22/01/2024 13:08:08;08/05/2025 10:19:05;41.0;39.0;100,00;51890164000172
4902;INSTITUTO FLOR DO PIQUI;1285130;20231025001108400;27490.81;2023-10-25;37954887000167;COOPERATIVA AGROINDUSTRIA SUL CEARENSE;Nota Fiscal;211;Gêneros Alimentícios ( Proteínas, Carboidratos, Hortaliças, Sódios e Lipídios);27490.81;198;3002.04;2023-10-26;26;2ªQuinzena;out.;2023;Efetivada;37954887000167;37954887;0001;67;1;COOPERSUL;02;20200803;00;1031700;0142300,0159801,0161099,0220906,1066000,3600601,4623101,4623106,4623109,4631100,4632002,4632003,4633801,4634601,4634602,4634699,4683400,4721103,4724500,4729699,4789004,7490103,8211300,8230001,8599604;RUA;INACIO FERREIRA TELES;101;;SAO JOSE;63133565;;;37954887000167;1385;2304202.0;Crato;CRATO;Cariri;Cariri;LOTE 23;FLOR DO PQUI;Crato;22.0;40.0;21.0;38.0;1.0;2.0;4.0;6.0;44.0;4.4;COOPERATIVA AGROINDUSTRIAL SUL CEARENSE ;37954887000167.0;CAF Emitido;UNICAFES;08/05/2026;21/02/2024 18:01:16;27/06/2025 18:56:15;425.0;62.0;100,00;37954887000167
4909;INSTITUTO FLOR DO PIQUI;1285130;20231113001120500;27490.81;2023-11-13;37954887000167;COOPERATIVA AGROINDUSTRIA SUL CEARENSE;Nota Fiscal;211;Gêneros Alimentícios ( Proteínas, Carboidratos, Hortaliças, Sódios e Lipídios);27490.81;244;3793.46;2023-11-14;14;1ªQuinzena;nov.;2023;Efetivada;37954887000167;37954887;0001;67;1;COOPERSUL;02;20200803;00;1031700;0142300,0159801,0161099,0220906,1066000,3600601,4623101,4623106,4623109,4631100,4632002,4632003,4633801,4634601,4634602,4634699,4683400,4721103,4724500,4729699,4789004,7490103,8211300,8230001,8599604;RUA;INACIO FERREIRA TELES;101;;SAO JOSE;63133565;;;37954887000167;1385;2304202.0;Crato;CRATO;Cariri;Cariri;LOTE 23;FLOR DO PQUI;Crato;22.0;40.0;21.0;38.0;1.0;2.0;4.0;6.0;44.0;4.4;COOPERATIVA AGROINDUSTRIAL SUL CEARENSE ;37954887000167.0;CAF Emitido;UNICAFES;08/05/2026;21/02/2024 18:01:16;27/06/2025 18:56:15;425.0;62.0;100,00;37954887000167
4915;INSTITUTO FLOR DO PIQUI;1285130;20231117001123500;54981.62;2023-11-17;37954887000167;COOPERATIVA AGROINDUSTRIA SUL CEARENSE;Nota Fiscal;211;Gêneros Alimentícios ( Proteínas, Carboidratos, Hortaliças, Sódios e Lipídios);54981.62;256;7586.92;2023-11-20;20;2ªQuinzena;nov.;2023;Efetivada;37954887000167;37954887;0001;67;1;COOPERSUL;02;20200803;00;1031700;0142300,0159801,0161099,0220906,1066000,3600601,4623101,4623106,4623109,4631100,4632002,4632003,4633801,4634601,4634602,4634699,4683400,4721103,4724500,4729699,4789004,7490103,8211300,8230001,8599604;RUA;INACIO FERREIRA TELES;101;;SAO JOSE;63133565;;;37954887000167;1385;2304202.0;Crato;CRATO;Cariri;Cariri;LOTE 23;FLOR DO PQUI;Crato;22.0;40.0;21.0;38.0;1.0;2.0;4.0;6.0;44.0;4.4;COOPERATIVA AGROINDUSTRIAL SUL CEARENSE ;37954887000167.0;CAF Emitido;UNICAFES;08/05/2026;21/02/2024 18:01:16;27/06/2025 18:56:15;425.0;62.0;100,00;37954887000167
4922;INSTITUTO FLOR DO PIQUI;1285130;20231227001158100;41620.08;2023-12-27;37954887000167;COOPERATIVA AGROINDUSTRIA SUL CEARENSE;Nota Fiscal;211;Gêneros Alimentícios ( Proteínas, Carboidratos, Hortaliças, Sódios e Lipídios);41620.08;336;3961.24;2023-12-28;28;2ªQuinzena;dez.;2023;Efetivada;37954887000167;37954887;0001;67;1;COOPERSUL;02;20200803;00;1031700;0142300,0159801,0161099,0220906,1066000,3600601,4623101,4623106,4623109,4631100,4632002,4632003,4633801,4634601,4634602,4634699,4683400,4721103,4724500,4729699,4789004,7490103,8211300,8230001,8599604;RUA;INACIO FERREIRA TELES;101;;SAO JOSE;63133565;;;37954887000167;1385;2304202.0;Crato;CRATO;Cariri;Cariri;LOTE 23;FLOR DO PQUI;Crato;22.0;40.0;21.0;38.0;1.0;2.0;4.0;6.0;44.0;4.4;COOPERATIVA AGROINDUSTRIAL SUL CEARENSE ;37954887000167.0;CAF Emitido;UNICAFES;08/05/2026;21/02/2024 18:01:16;27/06/2025 18:56:15;425.0;62.0;100,00;37954887000167
4936;INSTITUTO FLOR DO PIQUI;1285130;20240215001182500;78777.88;2024-02-15;37954887000167;COOPERATIVA AGROINDUSTRIA SUL CEARENSE;Nota Fiscal;211;Gêneros Alimentícios ( Proteínas, Carboidratos, Hortaliças, Sódios e Lipídios);78777.88;346;8027.8;2024-02-16;16;2ªQuinzena;fev.;2024;Efetivada;37954887000167;37954887;0001;67;1;COOPERSUL;02;20200803;00;1031700;0142300,0159801,0161099,0220906,1066000,3600601,4623101,4623106,4623109,4631100,4632002,4632003,4633801,4634601,4634602,4634699,4683400,4721103,4724500,4729699,4789004,7490103,8211300,8230001,8599604;RUA;INACIO FERREIRA TELES;101;;SAO JOSE;63133565;;;37954887000167;1385;2304202.0;Crato;CRATO;Cariri;Cariri;LOTE 23;FLOR DO PQUI;Crato;22.0;40.0;21.0;38.0;1.0;2.0;4.0;6.0;44.0;4.4;COOPERATIVA AGROINDUSTRIAL SUL CEARENSE ;37954887000167.0;CAF Emitido;UNICAFES;08/05/2026;21/02/2024 18:01:16;27/06/2025 18:56:15;425.0;62.0;100,00;37954887000167
4947;INSTITUTO FLOR DO PIQUI;1285130;20240311001197900;78777.88;2024-03-11;37954887000167;COOPERATIVA AGROINDUSTRIA SUL CEARENSE;Nota Fiscal;211;Gêneros Alimentícios ( Proteínas, Carboidratos, Hortaliças, Sódios e Lipídios);78777.88;381;8027.8;2024-03-12;12;1ªQuinzena;mar.;2024;Efetivada;37954887000167;37954887;0001;67;1;COOPERSUL;02;20200803;00;1031700;0142300,0159801,0161099,0220906,1066000,3600601,4623101,4623106,4623109,4631100,4632002,4632003,4633801,4634601,4634602,4634699,4683400,4721103,4724500,4729699,4789004,7490103,8211300,8230001,8599604;RUA;INACIO FERREIRA TELES;101;;SAO JOSE;63133565;;;37954887000167;1385;2304202.0;Crato;CRATO;Cariri;Cariri;LOTE 23;FLOR DO PQUI;Crato;22.0;40.0;21.0;38.0;1.0;2.0;4.0;6.0;44.0;4.4;COOPERATIVA AGROINDUSTRIAL SUL CEARENSE ;37954887000167.0;CAF Emitido;UNICAFES;08/05/2026;21/02/2024 18:01:16;27/06/2025 18:56:15;425.0;62.0;100,00;37954887000167
4957;INSTITUTO FLOR DO PIQUI;1285130;20240322001206100;78777.88;2024-03-22;37954887000167;COOPERATIVA AGROINDUSTRIA SUL CEARENSE;Nota Fiscal;211;Gêneros Alimentícios ( Proteínas, Carboidratos, Hortaliças, Sódios e Lipídios);78777.88;421;8027.8;2024-03-26;26;2ªQuinzena;mar.;2024;Efetivada;37954887000167;37954887;0001;67;1;COOPERSUL;02;20200803;00;1031700;0142300,0159801,0161099,0220906,1066000,3600601,4623101,4623106,4623109,4631100,4632002,4632003,4633801,4634601,4634602,4634699,4683400,4721103,4724500,4729699,4789004,7490103,8211300,8230001,8599604;RUA;INACIO FERREIRA TELES;101;;SAO JOSE;63133565;;;37954887000167;1385;2304202.0;Crato;CRATO;Cariri;Cariri;LOTE 23;FLOR DO PQUI;Crato;22.0;40.0;21.0;38.0;1.0;2.0;4.0;6.0;44.0;4.4;COOPERATIVA AGROINDUSTRIAL SUL CEARENSE ;37954887000167.0;CAF Emitido;UNICAFES;08/05/2026;21/02/2024 18:01:16;27/06/2025 18:56:15;425.0;62.0;100,00;37954887000167
4968;INSTITUTO FLOR DO PIQUI;1285130;20240515001233800;126591.27;2024-05-15;37954887000167;COOPERATIVA AGROINDUSTRIA SUL CEARENSE;Nota Fiscal;211;Gêneros Alimentícios ( Proteínas, Carboidratos, Hortaliças, Sódios e Lipídios);126591.27;553;16176.0;2024-05-16;16;2ªQuinzena;mai.;2024;Efetivada;37954887000167;37954887;0001;67;1;COOPERSUL;02;20200803;00;1031700;0142300,0159801,0161099,0220906,1066000,3600601,4623101,4623106,4623109,4631100,4632002,4632003,4633801,4634601,4634602,4634699,4683400,4721103,4724500,4729699,4789004,7490103,8211300,8230001,8599604;RUA;INACIO FERREIRA TELES;101;;SAO JOSE;63133565;;;37954887000167;1385;2304202.0;Crato;CRATO;Cariri;Cariri;LOTE 23;FLOR DO PQUI;Crato;22.0;40.0;21.0;38.0;1.0;2.0;4.0;6.0;44.0;4.4;COOPERATIVA AGROINDUSTRIAL SUL CEARENSE ;37954887000167.0;CAF Emitido;UNICAFES;08/05/2026;21/02/2024 18:01:16;27/06/2025 18:56:15;425.0;62.0;100,00;37954887000167
4978;INSTITUTO FLOR DO PIQUI;1285130;20240605001244500;126479.34;2024-06-05;37954887000167;COOPERATIVA AGROINDUSTRIA SUL CEARENSE;Nota Fiscal;211;Gêneros Alimentícios ( Proteínas, Carboidratos, Hortaliças, Sódios e Lipídios);126479.34;613;16176.0;2024-06-06;6;1ªQuinzena;jun.;2024;Efetivada;37954887000167;37954887;0001;67;1;COOPERSUL;02;20200803;00;1031700;0142300,0159801,0161099,0220906,1066000,3600601,4623101,4623106,4623109,4631100,4632002,4632003,4633801,4634601,4634602,4634699,4683400,4721103,4724500,4729699,4789004,7490103,8211300,8230001,8599604;RUA;INACIO FERREIRA TELES;101;;SAO JOSE;63133565;;;37954887000167;1385;2304202.0;Crato;CRATO;Cariri;Cariri;LOTE 23;FLOR DO PQUI;Crato;22.0;40.0;21.0;38.0;1.0;2.0;4.0;6.0;44.0;4.4;COOPERATIVA AGROINDUSTRIAL SUL CEARENSE ;37954887000167.0;CAF Emitido;UNICAFES;08/05/2026;21/02/2024 18:01:16;27/06/2025 18:56:15;425.0;62.0;100,00;37954887000167
4990;INSTITUTO FLOR DO PIQUI;1285130;20240705001261100;126775.23;2024-07-05;37954887000167;COOPERATIVA AGROINDUSTRIA SUL CEARENSE;Nota Fiscal;211;Gêneros Alimentícios ( Proteínas, Carboidratos, Hortaliças, Sódios e Lipídios);126775.23;659;16243.4;2024-07-08;8;1ªQuinzena;jul.;2024;Efetivada;37954887000167;37954887;0001;67;1;COOPERSUL;02;20200803;00;1031700;0142300,0159801,0161099,0220906,1066000,3600601,4623101,4623106,4623109,4631100,4632002,4632003,4633801,4634601,4634602,4634699,4683400,4721103,4724500,4729699,4789004,7490103,8211300,8230001,8599604;RUA;INACIO FERREIRA TELES;101;;SAO JOSE;63133565;;;37954887000167;1385;2304202.0;Crato;CRATO;Cariri;Cariri;LOTE 23;FLOR DO PQUI;Crato;22.0;40.0;21.0;38.0;1.0;2.0;4.0;6.0;44.0;4.4;COOPERATIVA AGROINDUSTRIAL SUL CEARENSE ;37954887000167.0;CAF Emitido;UNICAFES;08/05/2026;21/02/2024 18:01:16;27/06/2025 18:56:15;425.0;62.0;100,00;37954887000167
5004;INSTITUTO FLOR DO PIQUI;1285130;20240813001280200;104313.66;2024-08-13;37954887000167;COOPERATIVA AGROINDUSTRIA SUL CEARENSE;Nota Fiscal;211;Gêneros Alimentícios ( Proteínas, Carboidratos, Hortaliças, Sódios e Lipídios);104313.66;685;11002.5;2024-08-14;14;1ªQuinzena;ago.;2024;Efetivada;37954887000167;37954887;0001;67;1;COOPERSUL;02;20200803;00;1031700;0142300,0159801,0161099,0220906,1066000,3600601,4623101,4623106,4623109,4631100,4632002,4632003,4633801,4634601,4634602,4634699,4683400,4721103,4724500,4729699,4789004,7490103,8211300,8230001,8599604;RUA;INACIO FERREIRA TELES;101;;SAO JOSE;63133565;;;37954887000167;1385;2304202.0;Crato;CRATO;Cariri;Cariri;LOTE 23;FLOR DO PQUI;Crato;22.0;40.0;21.0;38.0;1.0;2.0;4.0;6.0;44.0;4.4;COOPERATIVA AGROINDUSTRIAL SUL CEARENSE ;37954887000167.0;CAF Emitido;UNICAFES;08/05/2026;21/02/2024 18:01:16;27/06/2025 18:56:15;425.0;62.0;100,00;37954887000167
5014;INSTITUTO FLOR DO PIQUI;1285130;20240830001289000;104313.66;2024-08-30;37954887000167;COOPERATIVA AGROINDUSTRIA SUL CEARENSE;Nota Fiscal;211;Gêneros Alimentícios ( Proteínas, Carboidratos, Hortaliças, Sódios e Lipídios);104313.66;715;11002.5;2024-09-02;2;1ªQuinzena;set.;2024;Efetivada;37954887000167;37954887;0001;67;1;COOPERSUL;02;20200803;00;1031700;0142300,0159801,0161099,0220906,1066000,3600601,4623101,4623106,4623109,4631100,4632002,4632003,4633801,4634601,4634602,4634699,4683400,4721103,4724500,4729699,4789004,7490103,8211300,8230001,8599604;RUA;INACIO FERREIRA TELES;101;;SAO JOSE;63133565;;;37954887000167;1385;2304202.0;Crato;CRATO;Cariri;Cariri;LOTE 23;FLOR DO PQUI;Crato;22.0;40.0;21.0;38.0;1.0;2.0;4.0;6.0;44.0;4.4;COOPERATIVA AGROINDUSTRIAL SUL CEARENSE ;37954887000167.0;CAF Emitido;UNICAFES;08/05/2026;21/02/2024 18:01:16;27/06/2025 18:56:15;425.0;62.0;100,00;37954887000167
5023;INSTITUTO FLOR DO PIQUI;1285130;20240923001299900;104197.08;2024-09-23;37954887000167;COOPERATIVA AGROINDUSTRIA SUL CEARENSE;Nota Fiscal;211;Gêneros Alimentícios ( Proteínas, Carboidratos, Hortaliças, Sódios e Lipídios);104197.08;737;10887.75;2024-09-24;24;2ªQuinzena;set.;2024;Efetivada;37954887000167;37954887;0001;67;1;COOPERSUL;02;20200803;00;1031700;0142300,0159801,0161099,0220906,1066000,3600601,4623101,4623106,4623109,4631100,4632002,4632003,4633801,4634601,4634602,4634699,4683400,4721103,4724500,4729699,4789004,7490103,8211300,8230001,8599604;RUA;INACIO FERREIRA TELES;101;;SAO JOSE;63133565;;;37954887000167;1385;2304202.0;Crato;CRATO;Cariri;Cariri;LOTE 23;FLOR DO PQUI;Crato;22.0;40.0;21.0;38.0;1.0;2.0;4.0;6.0;44.0;4.4;COOPERATIVA AGROINDUSTRIAL SUL CEARENSE ;37954887000167.0;CAF Emitido;UNICAFES;08/05/2026;21/02/2024 18:01:16;27/06/2025 18:56:15;425.0;62.0;100,00;37954887000167
5040;INSTITUTO FLOR DO PIQUI;1285130;20241025001316600;56315.87;2024-10-25;37954887000167;COOPERATIVA AGROINDUSTRIA SUL CEARENSE;Nota Fiscal;211;Gêneros Alimentícios ( Proteínas, Carboidratos, Hortaliças, Sódios e Lipídios);56315.87;832;14581.25;2024-10-28;28;2ªQuinzena;out.;2024;Efetivada;37954887000167;37954887;0001;67;1;COOPERSUL;02;20200803;00;1031700;0142300,0159801,0161099,0220906,1066000,3600601,4623101,4623106,4623109,4631100,4632002,4632003,4633801,4634601,4634602,4634699,4683400,4721103,4724500,4729699,4789004,7490103,8211300,8230001,8599604;RUA;INACIO FERREIRA TELES;101;;SAO JOSE;63133565;;;37954887000167;1385;2304202.0;Crato;CRATO;Cariri;Cariri;LOTE 23;FLOR DO PQUI;Crato;22.0;40.0;21.0;38.0;1.0;2.0;4.0;6.0;44.0;4.4;COOPERATIVA AGROINDUSTRIAL SUL CEARENSE ;37954887000167.0;CAF Emitido;UNICAFES;08/05/2026;21/02/2024 18:01:16;27/06/2025 18:56:15;425.0;62.0;100,00;37954887000167
5058;INSTITUTO FLOR DO PIQUI;1285130;20241119001330500;56891.87;2024-11-19;37954887000167;COOPERATIVA AGROINDUSTRIA SUL CEARENSE;Nota Fiscal;211;Gêneros Alimentícios ( Proteínas, Carboidratos, Hortaliças, Sódios e Lipídios);56891.87;865;14581.25;2024-11-21;21;2ªQuinzena;nov.;2024;Efetivada;37954887000167;37954887;0001;67;1;COOPERSUL;02;20200803;00;1031700;0142300,0159801,0161099,0220906,1066000,3600601,4623101,4623106,4623109,4631100,4632002,4632003,4633801,4634601,4634602,4634699,4683400,4721103,4724500,4729699,4789004,7490103,8211300,8230001,8599604;RUA;INACIO FERREIRA TELES;101;;SAO JOSE;63133565;;;37954887000167;1385;2304202.0;Crato;CRATO;Cariri;Cariri;LOTE 23;FLOR DO PQUI;Crato;22.0;40.0;21.0;38.0;1.0;2.0;4.0;6.0;44.0;4.4;COOPERATIVA AGROINDUSTRIAL SUL CEARENSE ;37954887000167.0;CAF Emitido;UNICAFES;08/05/2026;21/02/2024 18:01:16;27/06/2025 18:56:15;425.0;62.0;100,00;37954887000167
5070;INSTITUTO FLOR DO PIQUI;1285130;20241212001347700;55744.76;2024-12-12;37954887000167;COOPERATIVA AGROINDUSTRIA SUL CEARENSE;Nota Fiscal;211;Gêneros Alimentícios ( Proteínas, Carboidratos, Hortaliças, Sódios e Lipídios);55744.76;939;14587.5;2024-12-13;13;1ªQuinzena;dez.;2024;Efetivada;37954887000167;37954887;0001;67;1;COOPERSUL;02;20200803;00;1031700;0142300,0159801,0161099,0220906,1066000,3600601,4623101,4623106,4623109,4631100,4632002,4632003,4633801,4634601,4634602,4634699,4683400,4721103,4724500,4729699,4789004,7490103,8211300,8230001,8599604;RUA;INACIO FERREIRA TELES;101;;SAO JOSE;63133565;;;37954887000167;1385;2304202.0;Crato;CRATO;Cariri;Cariri;LOTE 23;FLOR DO PQUI;Crato;22.0;40.0;21.0;38.0;1.0;2.0;4.0;6.0;44.0;4.4;COOPERATIVA AGROINDUSTRIAL SUL CEARENSE ;37954887000167.0;CAF Emitido;UNICAFES;08/05/2026;21/02/2024 18:01:16;27/06/2025 18:56:15;425.0;62.0;100,00;37954887000167
5083;INSTITUTO FLOR DO PIQUI;1285130;20250129001369600;108869.35;2025-01-29;37954887000167;COOPERATIVA AGROINDUSTRIA SUL CEARENSE;Nota Fiscal;211;Gêneros Alimentícios ( Proteínas, Carboidratos, Hortaliças, Sódios e Lipídios);108869.35;969;16000.0;2025-01-30;30;2ªQuinzena;jan.;2025;Efetivada;37954887000167;37954887;0001;67;1;COOPERSUL;02;20200803;00;1031700;0142300,0159801,0161099,0220906,1066000,3600601,4623101,4623106,4623109,4631100,4632002,4632003,4633801,4634601,4634602,4634699,4683400,4721103,4724500,4729699,4789004,7490103,8211300,8230001,8599604;RUA;INACIO FERREIRA TELES;101;;SAO JOSE;63133565;;;37954887000167;1385;2304202.0;Crato;CRATO;Cariri;Cariri;LOTE 23;FLOR DO PQUI;Crato;22.0;40.0;21.0;38.0;1.0;2.0;4.0;6.0;44.0;4.4;COOPERATIVA AGROINDUSTRIAL SUL CEARENSE ;37954887000167.0;CAF Emitido;UNICAFES;08/05/2026;21/02/2024 18:01:16;27/06/2025 18:56:15;425.0;62.0;100,00;37954887000167
5100;INSTITUTO FLOR DO PIQUI;1285130;20250221001379000;108869.35;2025-02-21;37954887000167;COOPERATIVA AGROINDUSTRIA SUL CEARENSE;Nota Fiscal;211;Gêneros Alimentícios ( Proteínas, Carboidratos, Hortaliças, Sódios e Lipídios);108869.35;991;16000.0;2025-02-24;24;2ªQuinzena;fev.;2025;Efetivada;37954887000167;37954887;0001;67;1;COOPERSUL;02;20200803;00;1031700;0142300,0159801,0161099,0220906,1066000,3600601,4623101,4623106,4623109,4631100,4632002,4632003,4633801,4634601,4634602,4634699,4683400,4721103,4724500,4729699,4789004,7490103,8211300,8230001,8599604;RUA;INACIO FERREIRA TELES;101;;SAO JOSE;63133565;;;37954887000167;1385;2304202.0;Crato;CRATO;Cariri;Cariri;LOTE 23;FLOR DO PQUI;Crato;22.0;40.0;21.0;38.0;1.0;2.0;4.0;6.0;44.0;4.4;COOPERATIVA AGROINDUSTRIAL SUL CEARENSE ;37954887000167.0;CAF Emitido;UNICAFES;08/05/2026;21/02/2024 18:01:16;27/06/2025 18:56:15;425.0;62.0;100,00;37954887000167
5115;INSTITUTO FLOR DO PIQUI;1285130;20250313001388600;58011.5;2025-03-13;37954887000167;COOPERATIVA AGROINDUSTRIA SUL CEARENSE;Nota Fiscal;211;Gêneros Alimentícios ( Proteínas, Carboidratos, Hortaliças, Sódios e Lipídios);58011.5;1003;5220.0;2025-03-14;14;1ªQuinzena;mar.;2025;Efetivada;37954887000167;37954887;0001;67;1;COOPERSUL;02;20200803;00;1031700;0142300,0159801,0161099,0220906,1066000,3600601,4623101,4623106,4623109,4631100,4632002,4632003,4633801,4634601,4634602,4634699,4683400,4721103,4724500,4729699,4789004,7490103,8211300,8230001,8599604;RUA;INACIO FERREIRA TELES;101;;SAO JOSE;63133565;;;37954887000167;1385;2304202.0;Crato;CRATO;Cariri;Cariri;LOTE 23;FLOR DO PQUI;Crato;22.0;40.0;21.0;38.0;1.0;2.0;4.0;6.0;44.0;4.4;COOPERATIVA AGROINDUSTRIAL SUL CEARENSE ;37954887000167.0;CAF Emitido;UNICAFES;08/05/2026;21/02/2024 18:01:16;27/06/2025 18:56:15;425.0;62.0;100,00;37954887000167
5131;INSTITUTO FLOR DO PIQUI;1285130;20250402001397100;73729.5;2025-04-02;37954887000167;COOPERATIVA AGROINDUSTRIA SUL CEARENSE;Nota Fiscal;211;Gêneros Alimentícios ( Proteínas, Carboidratos, Hortaliças, Sódios e Lipídios);73729.5;1043;3660.0;2025-04-03;3;1ªQuinzena;abr.;2025;Efetivada;37954887000167;37954887;0001;67;1;COOPERSUL;02;20200803;00;1031700;0142300,0159801,0161099,0220906,1066000,3600601,4623101,4623106,4623109,4631100,4632002,4632003,4633801,4634601,4634602,4634699,4683400,4721103,4724500,4729699,4789004,7490103,8211300,8230001,8599604;RUA;INACIO FERREIRA TELES;101;;SAO JOSE;63133565;;;37954887000167;1385;2304202.0;Crato;CRATO;Cariri;Cariri;LOTE 23;FLOR DO PQUI;Crato;22.0;40.0;21.0;38.0;1.0;2.0;4.0;6.0;44.0;4.4;COOPERATIVA AGROINDUSTRIAL SUL CEARENSE ;37954887000167.0;CAF Emitido;UNICAFES;08/05/2026;21/02/2024 18:01:16;27/06/2025 18:56:15;425.0;62.0;100,00;37954887000167
5142;INSTITUTO FLOR DO PIQUI;1285130;20250429001408200;100609.7;2025-04-29;37954887000167;COOPERATIVA AGROINDUSTRIA SUL CEARENSE;Nota Fiscal;211;Gêneros Alimentícios ( Proteínas, Carboidratos, Hortaliças, Sódios e Lipídios);100609.7;1063;4688.75;2025-04-30;30;2ªQuinzena;abr.;2025;Efetivada;37954887000167;37954887;0001;67;1;COOPERSUL;02;20200803;00;1031700;0142300,0159801,0161099,0220906,1066000,3600601,4623101,4623106,4623109,4631100,4632002,4632003,4633801,4634601,4634602,4634699,4683400,4721103,4724500,4729699,4789004,7490103,8211300,8230001,8599604;RUA;INACIO FERREIRA TELES;101;;SAO JOSE;63133565;;;37954887000167;1385;2304202.0;Crato;CRATO;Cariri;Cariri;LOTE 23;FLOR DO PQUI;Crato;22.0;40.0;21.0;38.0;1.0;2.0;4.0;6.0;44.0;4.4;COOPERATIVA AGROINDUSTRIAL SUL CEARENSE ;37954887000167.0;CAF Emitido;UNICAFES;08/05/2026;21/02/2024 18:01:16;27/06/2025 18:56:15;425.0;62.0;100,00;37954887000167
5158;INSTITUTO FLOR DO PIQUI;1285130;20250517001415500;62156.9;2025-05-17;37954887000167;COOPERATIVA AGROINDUSTRIA SUL CEARENSE;Nota Fiscal;211;Gêneros Alimentícios ( Proteínas, Carboidratos, Hortaliças, Sódios e Lipídios);62156.9;1112;9300.0;2025-05-19;19;2ªQuinzena;mai.;2025;Efetivada;37954887000167;37954887;0001;67;1;COOPERSUL;02;20200803;00;1031700;0142300,0159801,0161099,0220906,1066000,3600601,4623101,4623106,4623109,4631100,4632002,4632003,4633801,4634601,4634602,4634699,4683400,4721103,4724500,4729699,4789004,7490103,8211300,8230001,8599604;RUA;INACIO FERREIRA TELES;101;;SAO JOSE;63133565;;;37954887000167;1385;2304202.0;Crato;CRATO;Cariri;Cariri;LOTE 23;FLOR DO PQUI;Crato;22.0;40.0;21.0;38.0;1.0;2.0;4.0;6.0;44.0;4.4;COOPERATIVA AGROINDUSTRIAL SUL CEARENSE ;37954887000167.0;CAF Emitido;UNICAFES;08/05/2026;21/02/2024 18:01:16;27/06/2025 18:56:15;425.0;62.0;100,00;37954887000167
5175;INSTITUTO FLOR DO PIQUI;1285130;20250612001430100;78069.1;2025-06-12;37954887000167;COOPERATIVA AGROINDUSTRIA SUL CEARENSE;Nota Fiscal;211;Gêneros Alimentícios ( Proteínas, Carboidratos, Hortaliças, Sódios e Lipídios);78069.1;1183;9300.0;2025-06-13;13;1ªQuinzena;jun.;2025;Efetivada;37954887000167;37954887;0001;67;1;COOPERSUL;02;20200803;00;1031700;0142300,0159801,0161099,0220906,1066000,3600601,4623101,4623106,4623109,4631100,4632002,4632003,4633801,4634601,4634602,4634699,4683400,4721103,4724500,4729699,4789004,7490103,8211300,8230001,8599604;RUA;INACIO FERREIRA TELES;101;;SAO JOSE;63133565;;;37954887000167;1385;2304202.0;Crato;CRATO;Cariri;Cariri;LOTE 23;FLOR DO PQUI;Crato;22.0;40.0;21.0;38.0;1.0;2.0;4.0;6.0;44.0;4.4;COOPERATIVA AGROINDUSTRIAL SUL CEARENSE ;37954887000167.0;CAF Emitido;UNICAFES;08/05/2026;21/02/2024 18:01:16;27/06/2025 18:56:15;425.0;62.0;100,00;37954887000167
5189;INSTITUTO FLOR DO PIQUI;1285130;20250627001436300;95115.55;2025-06-27;37954887000167;COOPERATIVA AGROINDUSTRIA SUL CEARENSE;Nota Fiscal;211;Gêneros Alimentícios ( Proteínas, Carboidratos, Hortaliças, Sódios e Lipídios);95115.55;1205;15190.0;2025-06-30;30;2ªQuinzena;jun.;2025;Efetivada;37954887000167;37954887;0001;67;1;COOPERSUL;02;20200803;00;1031700;0142300,0159801,0161099,0220906,1066000,3600601,4623101,4623106,4623109,4631100,4632002,4632003,4633801,4634601,4634602,4634699,4683400,4721103,4724500,4729699,4789004,7490103,8211300,8230001,8599604;RUA;INACIO FERREIRA TELES;101;;SAO JOSE;63133565;;;37954887000167;1385;2304202.0;Crato;CRATO;Cariri;Cariri;LOTE 23;FLOR DO PQUI;Crato;22.0;40.0;21.0;38.0;1.0;2.0;4.0;6.0;44.0;4.4;COOPERATIVA AGROINDUSTRIAL SUL CEARENSE ;37954887000167.0;CAF Emitido;UNICAFES;08/05/2026;21/02/2024 18:01:16;27/06/2025 18:56:15;425.0;62.0;100,00;37954887000167
5364;CARITAS DIOCESANA DE SOBRAL;1285417;20240604001243500;28722.96;2024-06-04;36365840000103;COOPSOL COOPERATIVA AGROPECUARIA DOS AGRICULTORES E AGRICULTORAS FAMILIARES DE SOBRAL E REGIAO LTDA;Nota Fiscal;211;Gêneros Alimentícios ( Proteínas, Carboidratos, Hortaliças, Sódios e Lipídios);28722.96;1292;28722.96;2024-06-05;5;1ªQuinzena;jun.;2024;Efetivada;36365840000103;36365840;0001;03;1;COOPSOL;02;20200213;00;0111302;0119906,0121101,0153901,0159801,0161099,0162899,1063500,1065101,1099699,4623109,4632002,4633801,4633802,4634601,4634602,4634699,4637104,4637199,4692300,4722902;DISTRITO;DT JAIBARAS, SETOR VI;000;;JAIBARAS;62107000;;;36365840000103;1559;2312908.0;Sobral;SOBRAL;Sertão de Sobral;Sertão de Sobral;LOTE 33;SAFS;Sobral;25.0;37.0;24.0;34.0;1.0;3.0;2.0;5.0;39.0;3.9;COOPSOL COOPERATIVA AGROPECUARIA DOS AGRICULTORES E AGRICULTORAS FAMILIARES DE SOBRAL E REGIAO;36365840000103.0;CAF Emitido;UNICAFES;10/02/2026;15/02/2020 13:40:12;23/05/2025 11:26:08;105.0;57.0;100,00;36365840000103
5380;CARITAS DIOCESANA DE SOBRAL;1285417;20240725001269000;31076.64;2024-07-25;36365840000103;COOPSOL COOPERATIVA AGROPECUARIA DOS AGRICULTORES E AGRICULTORAS FAMILIARES DE SOBRAL E REGIAO LTDA;Nota Fiscal;211;Gêneros Alimentícios ( Proteínas, Carboidratos, Hortaliças, Sódios e Lipídios);31076.64;1352;31076.64;2024-07-26;26;2ªQuinzena;jul.;2024;Efetivada;36365840000103;36365840;0001;03;1;COOPSOL;02;20200213;00;0111302;0119906,0121101,0153901,0159801,0161099,0162899,1063500,1065101,1099699,4623109,4632002,4633801,4633802,4634601,4634602,4634699,4637104,4637199,4692300,4722902;DISTRITO;DT JAIBARAS, SETOR VI;000;;JAIBARAS;62107000;;;36365840000103;1559;2312908.0;Sobral;SOBRAL;Sertão de Sobral;Sertão de Sobral;LOTE 33;SAFS;Sobral;25.0;37.0;24.0;34.0;1.0;3.0;2.0;5.0;39.0;3.9;COOPSOL COOPERATIVA AGROPECUARIA DOS AGRICULTORES E AGRICULTORAS FAMILIARES DE SOBRAL E REGIAO;36365840000103.0;CAF Emitido;UNICAFES;10/02/2026;15/02/2020 13:40:12;23/05/2025 11:26:08;105.0;57.0;100,00;36365840000103
5383;CARITAS DIOCESANA DE SOBRAL;1285417;20240802001275300;35100.98;2024-08-02;35851830000107;COOPERATIVA AGROPECUÁRIA FAMILIAR DE ALCÂNTARAS-CE COOPFAL;Nota Fiscal;211;Gêneros Alimentícios ( Proteínas, Carboidratos, Hortaliças, Sódios e Lipídios);35100.98;950;35100.98;2024-08-05;5;1ªQuinzena;ago.;2024;Efetivada;35851830000107;35851830;0001;07;1;COOPFAL;02;20191226;00;4633801;1012101,4631100,4632001,4632002,4634601,4634603,4634699,4639701,9499500;RUA;ALEXANDRO ALBUQUERQUE;501;;ESPIRITO SANTO;62120000;;;35851830000107;1309;2300507.0;Alcântaras;ALCÂNTARAS;Sertão de Sobral;Sertão de Sobral;LOTE 35;CÁRITAS BRASILEIRA REGIONAL CEARÁ;Alcântaras;2.0;22.0;2.0;20.0;0.0;2.0;4.0;6.0;26.0;2.6;COOPERATIVA AGROPECUARIA FAMILIAR DE ALCANTARAS - CE COOPFAL/ZONA NORTE;35851830000107.0;Finalizado;UNISOL;23/10/2025;26/06/2025 08:23:57;07/07/2025 11:40:08;30.0;23.0;100,00;35851830000107
5393;CARITAS DIOCESANA DE SOBRAL;1285417;20240821001282400;31076.64;2024-08-21;36365840000103;COOPSOL COOPERATIVA AGROPECUARIA DOS AGRICULTORES E AGRICULTORAS FAMILIARES DE SOBRAL E REGIAO LTDA;Nota Fiscal;211;Gêneros Alimentícios ( Proteínas, Carboidratos, Hortaliças, Sódios e Lipídios);31076.64;1435;31076.64;2024-08-22;22;2ªQuinzena;ago.;2024;Efetivada;36365840000103;36365840;0001;03;1;COOPSOL;02;20200213;00;0111302;0119906,0121101,0153901,0159801,0161099,0162899,1063500,1065101,1099699,4623109,4632002,4633801,4633802,4634601,4634602,4634699,4637104,4637199,4692300,4722902;DISTRITO;DT JAIBARAS, SETOR VI;000;;JAIBARAS;62107000;;;36365840000103;1559;2312908.0;Sobral;SOBRAL;Sertão de Sobral;Sertão de Sobral;LOTE 33;SAFS;Sobral;25.0;37.0;24.0;34.0;1.0;3.0;2.0;5.0;39.0;3.9;COOPSOL COOPERATIVA AGROPECUARIA DOS AGRICULTORES E AGRICULTORAS FAMILIARES DE SOBRAL E REGIAO;36365840000103.0;CAF Emitido;UNICAFES;10/02/2026;15/02/2020 13:40:12;23/05/2025 11:26:08;105.0;57.0;100,00;36365840000103
5396;CARITAS DIOCESANA DE SOBRAL;1285417;20240829001288700;34716.8;2024-08-29;36365840000103;COOPSOL COOPERATIVA AGROPECUARIA DOS AGRICULTORES E AGRICULTORAS FAMILIARES DE SOBRAL E REGIAO LTDA;Nota Fiscal;211;Gêneros Alimentícios ( Proteínas, Carboidratos, Hortaliças, Sódios e Lipídios);34716.8;1462;34716.8;2024-08-30;30;2ªQuinzena;ago.;2024;Efetivada;36365840000103;36365840;0001;03;1;COOPSOL;02;20200213;00;0111302;0119906,0121101,0153901,0159801,0161099,0162899,1063500,1065101,1099699,4623109,4632002,4633801,4633802,4634601,4634602,4634699,4637104,4637199,4692300,4722902;DISTRITO;DT JAIBARAS, SETOR VI;000;;JAIBARAS;62107000;;;36365840000103;1559;2312908.0;Sobral;SOBRAL;Sertão de Sobral;Sertão de Sobral;LOTE 33;SAFS;Sobral;25.0;37.0;24.0;34.0;1.0;3.0;2.0;5.0;39.0;3.9;COOPSOL COOPERATIVA AGROPECUARIA DOS AGRICULTORES E AGRICULTORAS FAMILIARES DE SOBRAL E REGIAO;36365840000103.0;CAF Emitido;UNICAFES;10/02/2026;15/02/2020 13:40:12;23/05/2025 11:26:08;105.0;57.0;100,00;36365840000103
5403;CARITAS DIOCESANA DE SOBRAL;1285417;20240916001296400;31076.64;2024-09-16;36365840000103;COOPSOL COOPERATIVA AGROPECUARIA DOS AGRICULTORES E AGRICULTORAS FAMILIARES DE SOBRAL E REGIAO LTDA;Nota Fiscal;211;Gêneros Alimentícios ( Proteínas, Carboidratos, Hortaliças, Sódios e Lipídios);31076.64;1494;31076.64;2024-09-17;17;2ªQuinzena;set.;2024;Efetivada;36365840000103;36365840;0001;03;1;COOPSOL;02;20200213;00;0111302;0119906,0121101,0153901,0159801,0161099,0162899,1063500,1065101,1099699,4623109,4632002,4633801,4633802,4634601,4634602,4634699,4637104,4637199,4692300,4722902;DISTRITO;DT JAIBARAS, SETOR VI;000;;JAIBARAS;62107000;;;36365840000103;1559;2312908.0;Sobral;SOBRAL;Sertão de Sobral;Sertão de Sobral;LOTE 33;SAFS;Sobral;25.0;37.0;24.0;34.0;1.0;3.0;2.0;5.0;39.0;3.9;COOPSOL COOPERATIVA AGROPECUARIA DOS AGRICULTORES E AGRICULTORAS FAMILIARES DE SOBRAL E REGIAO;36365840000103.0;CAF Emitido;UNICAFES;10/02/2026;15/02/2020 13:40:12;23/05/2025 11:26:08;105.0;57.0;100,00;36365840000103
5409;CARITAS DIOCESANA DE SOBRAL;1285417;20240926001301700;34716.8;2024-09-26;36365840000103;COOPSOL COOPERATIVA AGROPECUARIA DOS AGRICULTORES E AGRICULTORAS FAMILIARES DE SOBRAL E REGIAO LTDA;Nota Fiscal;211;Gêneros Alimentícios ( Proteínas, Carboidratos, Hortaliças, Sódios e Lipídios);34716.8;1516;34716.8;2024-09-27;27;2ªQuinzena;set.;2024;Efetivada;36365840000103;36365840;0001;03;1;COOPSOL;02;20200213;00;0111302;0119906,0121101,0153901,0159801,0161099,0162899,1063500,1065101,1099699,4623109,4632002,4633801,4633802,4634601,4634602,4634699,4637104,4637199,4692300,4722902;DISTRITO;DT JAIBARAS, SETOR VI;000;;JAIBARAS;62107000;;;36365840000103;1559;2312908.0;Sobral;SOBRAL;Sertão de Sobral;Sertão de Sobral;LOTE 33;SAFS;Sobral;25.0;37.0;24.0;34.0;1.0;3.0;2.0;5.0;39.0;3.9;COOPSOL COOPERATIVA AGROPECUARIA DOS AGRICULTORES E AGRICULTORAS FAMILIARES DE SOBRAL E REGIAO;36365840000103.0;CAF Emitido;UNICAFES;10/02/2026;15/02/2020 13:40:12;23/05/2025 11:26:08;105.0;57.0;100,00;36365840000103
5420;CARITAS DIOCESANA DE SOBRAL;1285417;20241030001319400;10432.8;2024-10-30;27108234000103;COOPFOR - COOPERATIVA DE AGRICULTORES FAMILIARES DE FORQUILHA E REGIAO LTDA;Nota Fiscal;211;Gêneros Alimentícios ( Proteínas, Carboidratos, Hortaliças, Sódios e Lipídios);10432.8;2060;10432.8;2024-10-31;31;2ªQuinzena;out.;2024;Efetivada;27108234000103;27108234;0001;03;1;COOPFOR;02;20170214;00;4721103;0161099,4721102,4722901,4729699;RUA;MONSENHOR DOMINGOS;000;SALA  10;CENTRO;62115000;;;27108234000103;1591;2304350.0;Forquilha;FORQUILHA;Sertão de Sobral;Sertão de Sobral;LOTE 33;SAFS;Forquilha;6.0;37.0;5.0;34.0;1.0;3.0;2.0;5.0;39.0;3.9;COOPFOR COOPERATIVA DE AGRICULTORES FAMILIARES DE FORQUILHA E REGIÃO LTDA;27108234000103.0;CAF Emitido;UNICAFES;31/12/2028;17/02/2017 16:35:49;29/05/2025 09:52:16;59.0;32.0;100,00;27108234000103
5425;CARITAS DIOCESANA DE SOBRAL;1285417;20241031001320500;80854.2;2024-10-31;36365840000103;COOPSOL COOPERATIVA AGROPECUARIA DOS AGRICULTORES E AGRICULTORAS FAMILIARES DE SOBRAL E REGIAO LTDA;Nota Fiscal;211;Gêneros Alimentícios ( Proteínas, Carboidratos, Hortaliças, Sódios e Lipídios);80854.2;1579;80854.2;2024-11-01;1;1ªQuinzena;nov.;2024;Efetivada;36365840000103;36365840;0001;03;1;COOPSOL;02;20200213;00;0111302;0119906,0121101,0153901,0159801,0161099,0162899,1063500,1065101,1099699,4623109,4632002,4633801,4633802,4634601,4634602,4634699,4637104,4637199,4692300,4722902;DISTRITO;DT JAIBARAS, SETOR VI;000;;JAIBARAS;62107000;;;36365840000103;1559;2312908.0;Sobral;SOBRAL;Sertão de Sobral;Sertão de Sobral;LOTE 33;SAFS;Sobral;25.0;37.0;24.0;34.0;1.0;3.0;2.0;5.0;39.0;3.9;COOPSOL COOPERATIVA AGROPECUARIA DOS AGRICULTORES E AGRICULTORAS FAMILIARES DE SOBRAL E REGIAO;36365840000103.0;CAF Emitido;UNICAFES;10/02/2026;15/02/2020 13:40:12;23/05/2025 11:26:08;105.0;57.0;100,00;36365840000103
5426;CARITAS DIOCESANA DE SOBRAL;1285417;20241105001323300;10432.8;2024-11-05;35851830000107;COOPERATIVA AGROPECUÁRIA FAMILIAR DE ALCÂNTARAS-CE COOPFAL;Nota Fiscal;211;Gêneros Alimentícios ( Proteínas, Carboidratos, Hortaliças, Sódios e Lipídios);10432.8;1030;10432.8;2024-11-06;6;1ªQuinzena;nov.;2024;Efetivada;35851830000107;35851830;0001;07;1;COOPFAL;02;20191226;00;4633801;1012101,4631100,4632001,4632002,4634601,4634603,4634699,4639701,9499500;RUA;ALEXANDRO ALBUQUERQUE;501;;ESPIRITO SANTO;62120000;;;35851830000107;1309;2300507.0;Alcântaras;ALCÂNTARAS;Sertão de Sobral;Sertão de Sobral;LOTE 35;CÁRITAS BRASILEIRA REGIONAL CEARÁ;Alcântaras;2.0;22.0;2.0;20.0;0.0;2.0;4.0;6.0;26.0;2.6;COOPERATIVA AGROPECUARIA FAMILIAR DE ALCANTARAS - CE COOPFAL/ZONA NORTE;35851830000107.0;Finalizado;UNISOL;23/10/2025;26/06/2025 08:23:57;07/07/2025 11:40:08;30.0;23.0;100,00;35851830000107
5437;CARITAS DIOCESANA DE SOBRAL;1285417;20241128001337000;80854.2;2024-11-28;36365840000103;COOPSOL COOPERATIVA AGROPECUARIA DOS AGRICULTORES E AGRICULTORAS FAMILIARES DE SOBRAL E REGIAO LTDA;Nota Fiscal;211;Gêneros Alimentícios ( Proteínas, Carboidratos, Hortaliças, Sódios e Lipídios);80854.2;1629;80854.2;2024-11-29;29;2ªQuinzena;nov.;2024;Efetivada;36365840000103;36365840;0001;03;1;COOPSOL;02;20200213;00;0111302;0119906,0121101,0153901,0159801,0161099,0162899,1063500,1065101,1099699,4623109,4632002,4633801,4633802,4634601,4634602,4634699,4637104,4637199,4692300,4722902;DISTRITO;DT JAIBARAS, SETOR VI;000;;JAIBARAS;62107000;;;36365840000103;1559;2312908.0;Sobral;SOBRAL;Sertão de Sobral;Sertão de Sobral;LOTE 33;SAFS;Sobral;25.0;37.0;24.0;34.0;1.0;3.0;2.0;5.0;39.0;3.9;COOPSOL COOPERATIVA AGROPECUARIA DOS AGRICULTORES E AGRICULTORAS FAMILIARES DE SOBRAL E REGIAO;36365840000103.0;CAF Emitido;UNICAFES;10/02/2026;15/02/2020 13:40:12;23/05/2025 11:26:08;105.0;57.0;100,00;36365840000103
5439;CARITAS DIOCESANA DE SOBRAL;1285417;20241202001339300;10432.8;2024-12-02;27108234000103;COOPFOR - COOPERATIVA DE AGRICULTORES FAMILIARES DE FORQUILHA E REGIAO LTDA;Nota Fiscal;211;Gêneros Alimentícios ( Proteínas, Carboidratos, Hortaliças, Sódios e Lipídios);10432.8;2145;10432.8;2024-12-03;3;1ªQuinzena;dez.;2024;Efetivada;27108234000103;27108234;0001;03;1;COOPFOR;02;20170214;00;4721103;0161099,4721102,4722901,4729699;RUA;MONSENHOR DOMINGOS;000;SALA  10;CENTRO;62115000;;;27108234000103;1591;2304350.0;Forquilha;FORQUILHA;Sertão de Sobral;Sertão de Sobral;LOTE 33;SAFS;Forquilha;6.0;37.0;5.0;34.0;1.0;3.0;2.0;5.0;39.0;3.9;COOPFOR COOPERATIVA DE AGRICULTORES FAMILIARES DE FORQUILHA E REGIÃO LTDA;27108234000103.0;CAF Emitido;UNICAFES;31/12/2028;17/02/2017 16:35:49;29/05/2025 09:52:16;59.0;32.0;100,00;27108234000103
5440;CARITAS DIOCESANA DE SOBRAL;1285417;20241205001342400;10432.8;2024-12-05;35851830000107;COOPERATIVA AGROPECUÁRIA FAMILIAR DE ALCÂNTARAS-CE COOPFAL;Nota Fiscal;211;Gêneros Alimentícios ( Proteínas, Carboidratos, Hortaliças, Sódios e Lipídios);10432.8;1091;10432.8;2024-12-06;6;1ªQuinzena;dez.;2024;Efetivada;35851830000107;35851830;0001;07;1;COOPFAL;02;20191226;00;4633801;1012101,4631100,4632001,4632002,4634601,4634603,4634699,4639701,9499500;RUA;ALEXANDRO ALBUQUERQUE;501;;ESPIRITO SANTO;62120000;;;35851830000107;1309;2300507.0;Alcântaras;ALCÂNTARAS;Sertão de Sobral;Sertão de Sobral;LOTE 35;CÁRITAS BRASILEIRA REGIONAL CEARÁ;Alcântaras;2.0;22.0;2.0;20.0;0.0;2.0;4.0;6.0;26.0;2.6;COOPERATIVA AGROPECUARIA FAMILIAR DE ALCANTARAS - CE COOPFAL/ZONA NORTE;35851830000107.0;Finalizado;UNISOL;23/10/2025;26/06/2025 08:23:57;07/07/2025 11:40:08;30.0;23.0;100,00;35851830000107
5449;CARITAS DIOCESANA DE SOBRAL;1285417;20241226001356800;10432.8;2024-12-26;27108234000103;COOPFOR - COOPERATIVA DE AGRICULTORES FAMILIARES DE FORQUILHA E REGIAO LTDA;Nota Fiscal;211;Gêneros Alimentícios ( Proteínas, Carboidratos, Hortaliças, Sódios e Lipídios);10432.8;2184;10432.8;2024-12-27;27;2ªQuinzena;dez.;2024;Efetivada;27108234000103;27108234;0001;03;1;COOPFOR;02;20170214;00;4721103;0161099,4721102,4722901,4729699;RUA;MONSENHOR DOMINGOS;000;SALA  10;CENTRO;62115000;;;27108234000103;1591;2304350.0;Forquilha;FORQUILHA;Sertão de Sobral;Sertão de Sobral;LOTE 33;SAFS;Forquilha;6.0;37.0;5.0;34.0;1.0;3.0;2.0;5.0;39.0;3.9;COOPFOR COOPERATIVA DE AGRICULTORES FAMILIARES DE FORQUILHA E REGIÃO LTDA;27108234000103.0;CAF Emitido;UNICAFES;31/12/2028;17/02/2017 16:35:49;29/05/2025 09:52:16;59.0;32.0;100,00;27108234000103
5450;CARITAS DIOCESANA DE SOBRAL;1285417;20241226001356900;80854.2;2024-12-26;36365840000103;COOPSOL COOPERATIVA AGROPECUARIA DOS AGRICULTORES E AGRICULTORAS FAMILIARES DE SOBRAL E REGIAO LTDA;Nota Fiscal;211;Gêneros Alimentícios ( Proteínas, Carboidratos, Hortaliças, Sódios e Lipídios);80854.2;1647;80854.2;2024-12-27;27;2ªQuinzena;dez.;2024;Efetivada;36365840000103;36365840;0001;03;1;COOPSOL;02;20200213;00;0111302;0119906,0121101,0153901,0159801,0161099,0162899,1063500,1065101,1099699,4623109,4632002,4633801,4633802,4634601,4634602,4634699,4637104,4637199,4692300,4722902;DISTRITO;DT JAIBARAS, SETOR VI;000;;JAIBARAS;62107000;;;36365840000103;1559;2312908.0;Sobral;SOBRAL;Sertão de Sobral;Sertão de Sobral;LOTE 33;SAFS;Sobral;25.0;37.0;24.0;34.0;1.0;3.0;2.0;5.0;39.0;3.9;COOPSOL COOPERATIVA AGROPECUARIA DOS AGRICULTORES E AGRICULTORAS FAMILIARES DE SOBRAL E REGIAO;36365840000103.0;CAF Emitido;UNICAFES;10/02/2026;15/02/2020 13:40:12;23/05/2025 11:26:08;105.0;57.0;100,00;36365840000103
5452;CARITAS DIOCESANA DE SOBRAL;1285417;20241227001358300;10432.8;2024-12-27;35851830000107;COOPERATIVA AGROPECUÁRIA FAMILIAR DE ALCÂNTARAS-CE COOPFAL;Nota Fiscal;211;Gêneros Alimentícios ( Proteínas, Carboidratos, Hortaliças, Sódios e Lipídios);10432.8;1138;10432.8;2024-12-30;30;2ªQuinzena;dez.;2024;Efetivada;35851830000107;35851830;0001;07;1;COOPFAL;02;20191226;00;4633801;1012101,4631100,4632001,4632002,4634601,4634603,4634699,4639701,9499500;RUA;ALEXANDRO ALBUQUERQUE;501;;ESPIRITO SANTO;62120000;;;35851830000107;1309;2300507.0;Alcântaras;ALCÂNTARAS;Sertão de Sobral;Sertão de Sobral;LOTE 35;CÁRITAS BRASILEIRA REGIONAL CEARÁ;Alcântaras;2.0;22.0;2.0;20.0;0.0;2.0;4.0;6.0;26.0;2.6;COOPERATIVA AGROPECUARIA FAMILIAR DE ALCANTARAS - CE COOPFAL/ZONA NORTE;35851830000107.0;Finalizado;UNISOL;23/10/2025;26/06/2025 08:23:57;07/07/2025 11:40:08;30.0;23.0;100,00;35851830000107
5461;CARITAS DIOCESANA DE SOBRAL;1285417;20250130001371400;75573.0;2025-01-30;36365840000103;COOPSOL COOPERATIVA AGROPECUARIA DOS AGRICULTORES E AGRICULTORAS FAMILIARES DE SOBRAL E REGIAO LTDA;Nota Fiscal;211;Gêneros Alimentícios ( Proteínas, Carboidratos, Hortaliças, Sódios e Lipídios);75573.0;1669;75573.0;2025-01-31;31;2ªQuinzena;jan.;2025;Efetivada;36365840000103;36365840;0001;03;1;COOPSOL;02;20200213;00;0111302;0119906,0121101,0153901,0159801,0161099,0162899,1063500,1065101,1099699,4623109,4632002,4633801,4633802,4634601,4634602,4634699,4637104,4637199,4692300,4722902;DISTRITO;DT JAIBARAS, SETOR VI;000;;JAIBARAS;62107000;;;36365840000103;1559;2312908.0;Sobral;SOBRAL;Sertão de Sobral;Sertão de Sobral;LOTE 33;SAFS;Sobral;25.0;37.0;24.0;34.0;1.0;3.0;2.0;5.0;39.0;3.9;COOPSOL COOPERATIVA AGROPECUARIA DOS AGRICULTORES E AGRICULTORAS FAMILIARES DE SOBRAL E REGIAO;36365840000103.0;CAF Emitido;UNICAFES;10/02/2026;15/02/2020 13:40:12;23/05/2025 11:26:08;105.0;57.0;100,00;36365840000103
5462;CARITAS DIOCESANA DE SOBRAL;1285417;20250131001372000;10240.8;2025-01-31;27108234000103;COOPFOR - COOPERATIVA DE AGRICULTORES FAMILIARES DE FORQUILHA E REGIAO LTDA;Nota Fiscal;211;Gêneros Alimentícios ( Proteínas, Carboidratos, Hortaliças, Sódios e Lipídios);10240.8;2195;10240.8;2025-02-03;3;1ªQuinzena;fev.;2025;Efetivada;27108234000103;27108234;0001;03;1;COOPFOR;02;20170214;00;4721103;0161099,4721102,4722901,4729699;RUA;MONSENHOR DOMINGOS;000;SALA  10;CENTRO;62115000;;;27108234000103;1591;2304350.0;Forquilha;FORQUILHA;Sertão de Sobral;Sertão de Sobral;LOTE 33;SAFS;Forquilha;6.0;37.0;5.0;34.0;1.0;3.0;2.0;5.0;39.0;3.9;COOPFOR COOPERATIVA DE AGRICULTORES FAMILIARES DE FORQUILHA E REGIÃO LTDA;27108234000103.0;CAF Emitido;UNICAFES;31/12/2028;17/02/2017 16:35:49;29/05/2025 09:52:16;59.0;32.0;100,00;27108234000103
5464;CARITAS DIOCESANA DE SOBRAL;1285417;20250203001372600;10240.8;2025-02-03;35851830000107;COOPERATIVA AGROPECUÁRIA FAMILIAR DE ALCÂNTARAS-CE COOPFAL;Nota Fiscal;211;Gêneros Alimentícios ( Proteínas, Carboidratos, Hortaliças, Sódios e Lipídios);10240.8;1157;10240.8;2025-02-04;4;1ªQuinzena;fev.;2025;Efetivada;35851830000107;35851830;0001;07;1;COOPFAL;02;20191226;00;4633801;1012101,4631100,4632001,4632002,4634601,4634603,4634699,4639701,9499500;RUA;ALEXANDRO ALBUQUERQUE;501;;ESPIRITO SANTO;62120000;;;35851830000107;1309;2300507.0;Alcântaras;ALCÂNTARAS;Sertão de Sobral;Sertão de Sobral;LOTE 35;CÁRITAS BRASILEIRA REGIONAL CEARÁ;Alcântaras;2.0;22.0;2.0;20.0;0.0;2.0;4.0;6.0;26.0;2.6;COOPERATIVA AGROPECUARIA FAMILIAR DE ALCANTARAS - CE COOPFAL/ZONA NORTE;35851830000107.0;Finalizado;UNISOL;23/10/2025;26/06/2025 08:23:57;07/07/2025 11:40:08;30.0;23.0;100,00;35851830000107
5472;CARITAS DIOCESANA DE SOBRAL;1285417;20250227001384200;75573.0;2025-02-27;36365840000103;COOPSOL COOPERATIVA AGROPECUARIA DOS AGRICULTORES E AGRICULTORAS FAMILIARES DE SOBRAL E REGIAO LTDA;Nota Fiscal;211;Gêneros Alimentícios ( Proteínas, Carboidratos, Hortaliças, Sódios e Lipídios);75573.0;1719;75573.0;2025-02-28;28;2ªQuinzena;fev.;2025;Efetivada;36365840000103;36365840;0001;03;1;COOPSOL;02;20200213;00;0111302;0119906,0121101,0153901,0159801,0161099,0162899,1063500,1065101,1099699,4623109,4632002,4633801,4633802,4634601,4634602,4634699,4637104,4637199,4692300,4722902;DISTRITO;DT JAIBARAS, SETOR VI;000;;JAIBARAS;62107000;;;36365840000103;1559;2312908.0;Sobral;SOBRAL;Sertão de Sobral;Sertão de Sobral;LOTE 33;SAFS;Sobral;25.0;37.0;24.0;34.0;1.0;3.0;2.0;5.0;39.0;3.9;COOPSOL COOPERATIVA AGROPECUARIA DOS AGRICULTORES E AGRICULTORAS FAMILIARES DE SOBRAL E REGIAO;36365840000103.0;CAF Emitido;UNICAFES;10/02/2026;15/02/2020 13:40:12;23/05/2025 11:26:08;105.0;57.0;100,00;36365840000103
5473;CARITAS DIOCESANA DE SOBRAL;1285417;20250227001384200;10240.8;2025-02-27;35851830000107;COOPERATIVA AGROPECUÁRIA FAMILIAR DE ALCÂNTARAS-CE COOPFAL;Nota Fiscal;211;Gêneros Alimentícios ( Proteínas, Carboidratos, Hortaliças, Sódios e Lipídios);10240.8;1176;10240.8;2025-02-28;28;2ªQuinzena;fev.;2025;Efetivada;35851830000107;35851830;0001;07;1;COOPFAL;02;20191226;00;4633801;1012101,4631100,4632001,4632002,4634601,4634603,4634699,4639701,9499500;RUA;ALEXANDRO ALBUQUERQUE;501;;ESPIRITO SANTO;62120000;;;35851830000107;1309;2300507.0;Alcântaras;ALCÂNTARAS;Sertão de Sobral;Sertão de Sobral;LOTE 35;CÁRITAS BRASILEIRA REGIONAL CEARÁ;Alcântaras;2.0;22.0;2.0;20.0;0.0;2.0;4.0;6.0;26.0;2.6;COOPERATIVA AGROPECUARIA FAMILIAR DE ALCANTARAS - CE COOPFAL/ZONA NORTE;35851830000107.0;Finalizado;UNISOL;23/10/2025;26/06/2025 08:23:57;07/07/2025 11:40:08;30.0;23.0;100,00;35851830000107
5474;CARITAS DIOCESANA DE SOBRAL;1285417;20250227001384200;10240.8;2025-02-27;27108234000103;COOPFOR - COOPERATIVA DE AGRICULTORES FAMILIARES DE FORQUILHA E REGIAO LTDA;Nota Fiscal;211;Gêneros Alimentícios ( Proteínas, Carboidratos, Hortaliças, Sódios e Lipídios);10240.8;2231;10240.8;2025-02-28;28;2ªQuinzena;fev.;2025;Efetivada;27108234000103;27108234;0001;03;1;COOPFOR;02;20170214;00;4721103;0161099,4721102,4722901,4729699;RUA;MONSENHOR DOMINGOS;000;SALA  10;CENTRO;62115000;;;27108234000103;1591;2304350.0;Forquilha;FORQUILHA;Sertão de Sobral;Sertão de Sobral;LOTE 33;SAFS;Forquilha;6.0;37.0;5.0;34.0;1.0;3.0;2.0;5.0;39.0;3.9;COOPFOR COOPERATIVA DE AGRICULTORES FAMILIARES DE FORQUILHA E REGIÃO LTDA;27108234000103.0;CAF Emitido;UNICAFES;31/12/2028;17/02/2017 16:35:49;29/05/2025 09:52:16;59.0;32.0;100,00;27108234000103
5483;CARITAS DIOCESANA DE SOBRAL;1285417;20250317001389700;33898.5;2025-03-17;36365840000103;COOPSOL COOPERATIVA AGROPECUARIA DOS AGRICULTORES E AGRICULTORAS FAMILIARES DE SOBRAL E REGIAO LTDA;Nota Fiscal;211;Gêneros Alimentícios ( Proteínas, Carboidratos, Hortaliças, Sódios e Lipídios);33898.5;1742;33898.5;2025-03-18;18;2ªQuinzena;mar.;2025;Efetivada;36365840000103;36365840;0001;03;1;COOPSOL;02;20200213;00;0111302;0119906,0121101,0153901,0159801,0161099,0162899,1063500,1065101,1099699,4623109,4632002,4633801,4633802,4634601,4634602,4634699,4637104,4637199,4692300,4722902;DISTRITO;DT JAIBARAS, SETOR VI;000;;JAIBARAS;62107000;;;36365840000103;1559;2312908.0;Sobral;SOBRAL;Sertão de Sobral;Sertão de Sobral;LOTE 33;SAFS;Sobral;25.0;37.0;24.0;34.0;1.0;3.0;2.0;5.0;39.0;3.9;COOPSOL COOPERATIVA AGROPECUARIA DOS AGRICULTORES E AGRICULTORAS FAMILIARES DE SOBRAL E REGIAO;36365840000103.0;CAF Emitido;UNICAFES;10/02/2026;15/02/2020 13:40:12;23/05/2025 11:26:08;105.0;57.0;100,00;36365840000103
5485;CARITAS DIOCESANA DE SOBRAL;1285417;20250317001389900;4602.0;2025-03-17;27108234000103;COOPFOR - COOPERATIVA DE AGRICULTORES FAMILIARES DE FORQUILHA E REGIAO LTDA;Nota Fiscal;211;Gêneros Alimentícios ( Proteínas, Carboidratos, Hortaliças, Sódios e Lipídios);4602.0;2254;4602.0;2025-03-18;18;2ªQuinzena;mar.;2025;Efetivada;27108234000103;27108234;0001;03;1;COOPFOR;02;20170214;00;4721103;0161099,4721102,4722901,4729699;RUA;MONSENHOR DOMINGOS;000;SALA  10;CENTRO;62115000;;;27108234000103;1591;2304350.0;Forquilha;FORQUILHA;Sertão de Sobral;Sertão de Sobral;LOTE 33;SAFS;Forquilha;6.0;37.0;5.0;34.0;1.0;3.0;2.0;5.0;39.0;3.9;COOPFOR COOPERATIVA DE AGRICULTORES FAMILIARES DE FORQUILHA E REGIÃO LTDA;27108234000103.0;CAF Emitido;UNICAFES;31/12/2028;17/02/2017 16:35:49;29/05/2025 09:52:16;59.0;32.0;100,00;27108234000103
5486;CARITAS DIOCESANA DE SOBRAL;1285417;20250317001389900;4602.0;2025-03-17;35851830000107;COOPERATIVA AGROPECUÁRIA FAMILIAR DE ALCÂNTARAS-CE COOPFAL;Nota Fiscal;211;Gêneros Alimentícios ( Proteínas, Carboidratos, Hortaliças, Sódios e Lipídios);4602.0;1195;4602.0;2025-03-18;18;2ªQuinzena;mar.;2025;Efetivada;35851830000107;35851830;0001;07;1;COOPFAL;02;20191226;00;4633801;1012101,4631100,4632001,4632002,4634601,4634603,4634699,4639701,9499500;RUA;ALEXANDRO ALBUQUERQUE;501;;ESPIRITO SANTO;62120000;;;35851830000107;1309;2300507.0;Alcântaras;ALCÂNTARAS;Sertão de Sobral;Sertão de Sobral;LOTE 35;CÁRITAS BRASILEIRA REGIONAL CEARÁ;Alcântaras;2.0;22.0;2.0;20.0;0.0;2.0;4.0;6.0;26.0;2.6;COOPERATIVA AGROPECUARIA FAMILIAR DE ALCANTARAS - CE COOPFAL/ZONA NORTE;35851830000107.0;Finalizado;UNISOL;23/10/2025;26/06/2025 08:23:57;07/07/2025 11:40:08;30.0;23.0;100,00;35851830000107
5497;CARITAS DIOCESANA DE SOBRAL;1285417;20250424001405200;72214.2;2025-04-24;36365840000103;COOPSOL COOPERATIVA AGROPECUARIA DOS AGRICULTORES E AGRICULTORAS FAMILIARES DE SOBRAL E REGIAO LTDA;Nota Fiscal;211;Gêneros Alimentícios ( Proteínas, Carboidratos, Hortaliças, Sódios e Lipídios);72214.2;1807;72214.2;2025-04-25;25;2ªQuinzena;abr.;2025;Efetivada;36365840000103;36365840;0001;03;1;COOPSOL;02;20200213;00;0111302;0119906,0121101,0153901,0159801,0161099,0162899,1063500,1065101,1099699,4623109,4632002,4633801,4633802,4634601,4634602,4634699,4637104,4637199,4692300,4722902;DISTRITO;DT JAIBARAS, SETOR VI;000;;JAIBARAS;62107000;;;36365840000103;1559;2312908.0;Sobral;SOBRAL;Sertão de Sobral;Sertão de Sobral;LOTE 33;SAFS;Sobral;25.0;37.0;24.0;34.0;1.0;3.0;2.0;5.0;39.0;3.9;COOPSOL COOPERATIVA AGROPECUARIA DOS AGRICULTORES E AGRICULTORAS FAMILIARES DE SOBRAL E REGIAO;36365840000103.0;CAF Emitido;UNICAFES;10/02/2026;15/02/2020 13:40:12;23/05/2025 11:26:08;105.0;57.0;100,00;36365840000103
5498;CARITAS DIOCESANA DE SOBRAL;1285417;20250428001407000;10240.8;2025-04-28;27108234000103;COOPFOR - COOPERATIVA DE AGRICULTORES FAMILIARES DE FORQUILHA E REGIAO LTDA;Nota Fiscal;211;Gêneros Alimentícios ( Proteínas, Carboidratos, Hortaliças, Sódios e Lipídios);10240.8;2313;10240.8;2025-04-29;29;2ªQuinzena;abr.;2025;Efetivada;27108234000103;27108234;0001;03;1;COOPFOR;02;20170214;00;4721103;0161099,4721102,4722901,4729699;RUA;MONSENHOR DOMINGOS;000;SALA  10;CENTRO;62115000;;;27108234000103;1591;2304350.0;Forquilha;FORQUILHA;Sertão de Sobral;Sertão de Sobral;LOTE 33;SAFS;Forquilha;6.0;37.0;5.0;34.0;1.0;3.0;2.0;5.0;39.0;3.9;COOPFOR COOPERATIVA DE AGRICULTORES FAMILIARES DE FORQUILHA E REGIÃO LTDA;27108234000103.0;CAF Emitido;UNICAFES;31/12/2028;17/02/2017 16:35:49;29/05/2025 09:52:16;59.0;32.0;100,00;27108234000103
5499;CARITAS DIOCESANA DE SOBRAL;1285417;20250428001407000;10240.8;2025-04-28;35851830000107;COOPERATIVA AGROPECUÁRIA FAMILIAR DE ALCÂNTARAS-CE COOPFAL;Nota Fiscal;211;Gêneros Alimentícios ( Proteínas, Carboidratos, Hortaliças, Sódios e Lipídios);10240.8;1214;10240.8;2025-04-29;29;2ªQuinzena;abr.;2025;Efetivada;35851830000107;35851830;0001;07;1;COOPFAL;02;20191226;00;4633801;1012101,4631100,4632001,4632002,4634601,4634603,4634699,4639701,9499500;RUA;ALEXANDRO ALBUQUERQUE;501;;ESPIRITO SANTO;62120000;;;35851830000107;1309;2300507.0;Alcântaras;ALCÂNTARAS;Sertão de Sobral;Sertão de Sobral;LOTE 35;CÁRITAS BRASILEIRA REGIONAL CEARÁ;Alcântaras;2.0;22.0;2.0;20.0;0.0;2.0;4.0;6.0;26.0;2.6;COOPERATIVA AGROPECUARIA FAMILIAR DE ALCANTARAS - CE COOPFAL/ZONA NORTE;35851830000107.0;Finalizado;UNISOL;23/10/2025;26/06/2025 08:23:57;07/07/2025 11:40:08;30.0;23.0;100,00;35851830000107
5507;CARITAS DIOCESANA DE SOBRAL;1285417;20250521001416600;50239.9;2025-05-21;36365840000103;COOPSOL COOPERATIVA AGROPECUARIA DOS AGRICULTORES E AGRICULTORAS FAMILIARES DE SOBRAL E REGIAO LTDA;Nota Fiscal;211;Gêneros Alimentícios ( Proteínas, Carboidratos, Hortaliças, Sódios e Lipídios);50239.9;1904;50239.9;2025-05-22;22;2ªQuinzena;mai.;2025;Efetivada;36365840000103;36365840;0001;03;1;COOPSOL;02;20200213;00;0111302;0119906,0121101,0153901,0159801,0161099,0162899,1063500,1065101,1099699,4623109,4632002,4633801,4633802,4634601,4634602,4634699,4637104,4637199,4692300,4722902;DISTRITO;DT JAIBARAS, SETOR VI;000;;JAIBARAS;62107000;;;36365840000103;1559;2312908.0;Sobral;SOBRAL;Sertão de Sobral;Sertão de Sobral;LOTE 33;SAFS;Sobral;25.0;37.0;24.0;34.0;1.0;3.0;2.0;5.0;39.0;3.9;COOPSOL COOPERATIVA AGROPECUARIA DOS AGRICULTORES E AGRICULTORAS FAMILIARES DE SOBRAL E REGIAO;36365840000103.0;CAF Emitido;UNICAFES;10/02/2026;15/02/2020 13:40:12;23/05/2025 11:26:08;105.0;57.0;100,00;36365840000103
5512;CARITAS DIOCESANA DE SOBRAL;1285417;20250523001417700;6925.5;2025-05-23;27108234000103;COOPFOR - COOPERATIVA DE AGRICULTORES FAMILIARES DE FORQUILHA E REGIAO LTDA;Nota Fiscal;211;Gêneros Alimentícios ( Proteínas, Carboidratos, Hortaliças, Sódios e Lipídios);6925.5;2352;6925.5;2025-05-26;26;2ªQuinzena;mai.;2025;Efetivada;27108234000103;27108234;0001;03;1;COOPFOR;02;20170214;00;4721103;0161099,4721102,4722901,4729699;RUA;MONSENHOR DOMINGOS;000;SALA  10;CENTRO;62115000;;;27108234000103;1591;2304350.0;Forquilha;FORQUILHA;Sertão de Sobral;Sertão de Sobral;LOTE 33;SAFS;Forquilha;6.0;37.0;5.0;34.0;1.0;3.0;2.0;5.0;39.0;3.9;COOPFOR COOPERATIVA DE AGRICULTORES FAMILIARES DE FORQUILHA E REGIÃO LTDA;27108234000103.0;CAF Emitido;UNICAFES;31/12/2028;17/02/2017 16:35:49;29/05/2025 09:52:16;59.0;32.0;100,00;27108234000103
5513;CARITAS DIOCESANA DE SOBRAL;1285417;20250526001418800;6925.5;2025-05-26;35851830000107;COOPERATIVA AGROPECUÁRIA FAMILIAR DE ALCÂNTARAS-CE COOPFAL;Nota Fiscal;211;Gêneros Alimentícios ( Proteínas, Carboidratos, Hortaliças, Sódios e Lipídios);6925.5;1255;6925.5;2025-05-27;27;2ªQuinzena;mai.;2025;Efetivada;35851830000107;35851830;0001;07;1;COOPFAL;02;20191226;00;4633801;1012101,4631100,4632001,4632002,4634601,4634603,4634699,4639701,9499500;RUA;ALEXANDRO ALBUQUERQUE;501;;ESPIRITO SANTO;62120000;;;35851830000107;1309;2300507.0;Alcântaras;ALCÂNTARAS;Sertão de Sobral;Sertão de Sobral;LOTE 35;CÁRITAS BRASILEIRA REGIONAL CEARÁ;Alcântaras;2.0;22.0;2.0;20.0;0.0;2.0;4.0;6.0;26.0;2.6;COOPERATIVA AGROPECUARIA FAMILIAR DE ALCANTARAS - CE COOPFAL/ZONA NORTE;35851830000107.0;Finalizado;UNISOL;23/10/2025;26/06/2025 08:23:57;07/07/2025 11:40:08;30.0;23.0;100,00;35851830000107
5523;CARITAS DIOCESANA DE SOBRAL;1285417;20250616001431200;71079.0;2025-06-16;36365840000103;COOPSOL COOPERATIVA AGROPECUARIA DOS AGRICULTORES E AGRICULTORAS FAMILIARES DE SOBRAL E REGIAO LTDA;Nota Fiscal;211;Gêneros Alimentícios ( Proteínas, Carboidratos, Hortaliças, Sódios e Lipídios);71079.0;1959;71079.0;2025-06-17;17;2ªQuinzena;jun.;2025;Efetivada;36365840000103;36365840;0001;03;1;COOPSOL;02;20200213;00;0111302;0119906,0121101,0153901,0159801,0161099,0162899,1063500,1065101,1099699,4623109,4632002,4633801,4633802,4634601,4634602,4634699,4637104,4637199,4692300,4722902;DISTRITO;DT JAIBARAS, SETOR VI;000;;JAIBARAS;62107000;;;36365840000103;1559;2312908.0;Sobral;SOBRAL;Sertão de Sobral;Sertão de Sobral;LOTE 33;SAFS;Sobral;25.0;37.0;24.0;34.0;1.0;3.0;2.0;5.0;39.0;3.9;COOPSOL COOPERATIVA AGROPECUARIA DOS AGRICULTORES E AGRICULTORAS FAMILIARES DE SOBRAL E REGIAO;36365840000103.0;CAF Emitido;UNICAFES;10/02/2026;15/02/2020 13:40:12;23/05/2025 11:26:08;105.0;57.0;100,00;36365840000103
5525;CARITAS DIOCESANA DE SOBRAL;1285417;20250618001432600;8534.0;2025-06-18;27108234000103;COOPFOR - COOPERATIVA DE AGRICULTORES FAMILIARES DE FORQUILHA E REGIAO LTDA;Nota Fiscal;211;Gêneros Alimentícios ( Proteínas, Carboidratos, Hortaliças, Sódios e Lipídios);8534.0;2461;8534.0;2025-06-20;20;2ªQuinzena;jun.;2025;Efetivada;27108234000103;27108234;0001;03;1;COOPFOR;02;20170214;00;4721103;0161099,4721102,4722901,4729699;RUA;MONSENHOR DOMINGOS;000;SALA  10;CENTRO;62115000;;;27108234000103;1591;2304350.0;Forquilha;FORQUILHA;Sertão de Sobral;Sertão de Sobral;LOTE 33;SAFS;Forquilha;6.0;37.0;5.0;34.0;1.0;3.0;2.0;5.0;39.0;3.9;COOPFOR COOPERATIVA DE AGRICULTORES FAMILIARES DE FORQUILHA E REGIÃO LTDA;27108234000103.0;CAF Emitido;UNICAFES;31/12/2028;17/02/2017 16:35:49;29/05/2025 09:52:16;59.0;32.0;100,00;27108234000103
5526;CARITAS DIOCESANA DE SOBRAL;1285417;20250620001432800;8534.0;2025-06-20;35851830000107;COOPERATIVA AGROPECUÁRIA FAMILIAR DE ALCÂNTARAS-CE COOPFAL;Nota Fiscal;211;Gêneros Alimentícios ( Proteínas, Carboidratos, Hortaliças, Sódios e Lipídios);8534.0;1296;8534.0;2025-06-23;23;2ªQuinzena;jun.;2025;Efetivada;35851830000107;35851830;0001;07;1;COOPFAL;02;20191226;00;4633801;1012101,4631100,4632001,4632002,4634601,4634603,4634699,4639701,9499500;RUA;ALEXANDRO ALBUQUERQUE;501;;ESPIRITO SANTO;62120000;;;35851830000107;1309;2300507.0;Alcântaras;ALCÂNTARAS;Sertão de Sobral;Sertão de Sobral;LOTE 35;CÁRITAS BRASILEIRA REGIONAL CEARÁ;Alcântaras;2.0;22.0;2.0;20.0;0.0;2.0;4.0;6.0;26.0;2.6;COOPERATIVA AGROPECUARIA FAMILIAR DE ALCANTARAS - CE COOPFAL/ZONA NORTE;35851830000107.0;Finalizado;UNISOL;23/10/2025;26/06/2025 08:23:57;07/07/2025 11:40:08;30.0;23.0;100,00;35851830000107
5784;Associação curumins;1284430;20240529001241300;10056.0;2024-05-29;35202279000170;COOPENORT;Nota Fiscal;211;Gêneros Alimentícios ( Proteínas, Carboidratos, Hortaliças, Sódios e Lipídios);10056.0;8647;6336.0;2024-05-31;31;2ªQuinzena;mai.;2024;Efetivada;35202279000170;35202279;0001;70;1;COOPENORT;02;20191016;00;4633801;0111302,0113000,0119902,0119904,0119905,0119906,0119907,0119908,0119909,0119999,0121101,0131800,0133402,0133403,0133408,0133409,0133410,0133499,0139399,0151201,0151202,0153901,0154700,0155501,0155505,0159801,0312401,0322101,1031700,1066000,4623106,4623109,4623199,4644302,4661300,4683400,4692300,4722902,4724500,4729699,4744001,4744099;RUA;DEPUTADO VICENTE RIBEIRO;438;;CENTRO;62375000;;;35202279000170;1367;2303402.0;Carnaubal;CARNAUBAL;Serra da Ibiapaba;Serra da Ibiapaba;LOTE 29;INSTITUTO VEREDAS DA CIDADANIA;Carnaubal;2.0;53.0;2.0;53.0;0.0;0.0;4.0;4.0;57.0;5.7;COOPERATIVA AGROPECUARIA DOS AGRICULTORES FAMILIARES DA REGIAO NORTE DO CEARA LT;35202279000170.0;CAF Emitido;;;29/09/2023 12:30:34;22/05/2025 08:50:46;75.0;42.0;97,33;35202279000170
5786;Associação curumins;1284430;20240612001248200;13754.5;2024-06-12;35202279000170;COOPENORT;Nota Fiscal;211;Gêneros Alimentícios ( Proteínas, Carboidratos, Hortaliças, Sódios e Lipídios);13754.5;9349;2656.5;2024-06-13;13;1ªQuinzena;jun.;2024;Efetivada;35202279000170;35202279;0001;70;1;COOPENORT;02;20191016;00;4633801;0111302,0113000,0119902,0119904,0119905,0119906,0119907,0119908,0119909,0119999,0121101,0131800,0133402,0133403,0133408,0133409,0133410,0133499,0139399,0151201,0151202,0153901,0154700,0155501,0155505,0159801,0312401,0322101,1031700,1066000,4623106,4623109,4623199,4644302,4661300,4683400,4692300,4722902,4724500,4729699,4744001,4744099;RUA;DEPUTADO VICENTE RIBEIRO;438;;CENTRO;62375000;;;35202279000170;1367;2303402.0;Carnaubal;CARNAUBAL;Serra da Ibiapaba;Serra da Ibiapaba;LOTE 29;INSTITUTO VEREDAS DA CIDADANIA;Carnaubal;2.0;53.0;2.0;53.0;0.0;0.0;4.0;4.0;57.0;5.7;COOPERATIVA AGROPECUARIA DOS AGRICULTORES FAMILIARES DA REGIAO NORTE DO CEARA LT;35202279000170.0;CAF Emitido;;;29/09/2023 12:30:34;22/05/2025 08:50:46;75.0;42.0;97,33;35202279000170
5804;Associação curumins;1284430;20240725001269300;8960.0;2024-07-25;51890164000172;COOPERATIVA DOS PRODUTORES E AGRICULTORES F. DE BEBERIBE LTDA.;Nota Fiscal;211;Gêneros Alimentícios ( Proteínas, Carboidratos, Hortaliças, Sódios e Lipídios);8960.0;128;4550.0;2024-07-26;26;2ªQuinzena;jul.;2024;Efetivada;51890164000172;51890164;0001;72;1;COOPAFBE;02;20230821;00;4633801;0111302,0119905,0119906,0121101,0141501,0142300,0153901,0155505,0159801,0321301,0322101,1031700,1033301,1033302,1041400,1063500,1064300,1065101,4623101,4623106,4623108,4623109,4631100,4632001,4632002,4633802,4637104,4692300,7020400,7490103,8211300;ACESSO;RR LAGOA FUNDA;SN;;DISTRITO DE SUCATINGA - ZONA RURAL;62840000;;;51890164000172;1343;2302206.0;Beberibe;BEBERIBE;Litoral Leste;Litoral Leste;LOTE 17;IMBRA;Beberibe;6.0;35.0;6.0;34.0;0.0;1.0;2.0;3.0;37.0;3.7;COOPERATIVA DOS PRODUTORES E AGRICULTORES FAMILIARES DE BEBERIBE LTDA;51890164000172.0;CAF Emitido;OCB;06/04/2025;22/01/2024 13:08:08;08/05/2025 10:19:05;41.0;39.0;100,00;51890164000172
5807;Associação curumins;1284430;20240807001277900;22590.75;2024-08-07;35202279000170;COOPENORT;Nota Fiscal;211;Gêneros Alimentícios ( Proteínas, Carboidratos, Hortaliças, Sódios e Lipídios);22590.75;10351;9956.25;2024-08-08;8;1ªQuinzena;ago.;2024;Efetivada;35202279000170;35202279;0001;70;1;COOPENORT;02;20191016;00;4633801;0111302,0113000,0119902,0119904,0119905,0119906,0119907,0119908,0119909,0119999,0121101,0131800,0133402,0133403,0133408,0133409,0133410,0133499,0139399,0151201,0151202,0153901,0154700,0155501,0155505,0159801,0312401,0322101,1031700,1066000,4623106,4623109,4623199,4644302,4661300,4683400,4692300,4722902,4724500,4729699,4744001,4744099;RUA;DEPUTADO VICENTE RIBEIRO;438;;CENTRO;62375000;;;35202279000170;1367;2303402.0;Carnaubal;CARNAUBAL;Serra da Ibiapaba;Serra da Ibiapaba;LOTE 29;INSTITUTO VEREDAS DA CIDADANIA;Carnaubal;2.0;53.0;2.0;53.0;0.0;0.0;4.0;4.0;57.0;5.7;COOPERATIVA AGROPECUARIA DOS AGRICULTORES FAMILIARES DA REGIAO NORTE DO CEARA LT;35202279000170.0;CAF Emitido;;;29/09/2023 12:30:34;22/05/2025 08:50:46;75.0;42.0;97,33;35202279000170
5834;Associação curumins;1284430;20241018001313900;23616.36;2024-10-18;35202279000170;COOPENORT;Nota Fiscal;211;Gêneros Alimentícios ( Proteínas, Carboidratos, Hortaliças, Sódios e Lipídios);23616.36;12629;1940.76;2024-10-21;21;2ªQuinzena;out.;2024;Efetivada;35202279000170;35202279;0001;70;1;COOPENORT;02;20191016;00;4633801;0111302,0113000,0119902,0119904,0119905,0119906,0119907,0119908,0119909,0119999,0121101,0131800,0133402,0133403,0133408,0133409,0133410,0133499,0139399,0151201,0151202,0153901,0154700,0155501,0155505,0159801,0312401,0322101,1031700,1066000,4623106,4623109,4623199,4644302,4661300,4683400,4692300,4722902,4724500,4729699,4744001,4744099;RUA;DEPUTADO VICENTE RIBEIRO;438;;CENTRO;62375000;;;35202279000170;1367;2303402.0;Carnaubal;CARNAUBAL;Serra da Ibiapaba;Serra da Ibiapaba;LOTE 29;INSTITUTO VEREDAS DA CIDADANIA;Carnaubal;2.0;53.0;2.0;53.0;0.0;0.0;4.0;4.0;57.0;5.7;COOPERATIVA AGROPECUARIA DOS AGRICULTORES FAMILIARES DA REGIAO NORTE DO CEARA LT;35202279000170.0;CAF Emitido;;;29/09/2023 12:30:34;22/05/2025 08:50:46;75.0;42.0;97,33;35202279000170
5843;Associação curumins;1284430;20241030001319800;4176.0;2024-10-30;44301510000174;COOPERATIVA DA AGRICULTURA FAMILIAR E ECONOMIA SOLIDÁRIA DE CASCAVEL E REGIÃO;Nota Fiscal;211;Gêneros Alimentícios ( Proteínas, Carboidratos, Hortaliças, Sódios e Lipídios);4176.0;66;4176.0;2024-10-31;31;2ªQuinzena;out.;2024;Efetivada;44301510000174;44301510;0001;74;1;COOPAVEL CE;02;20211119;00;0161099;0121101,0155505,1011201,1012101,1012102,1012103,1033302,4631100,4633801,4724500,4789004,4789099;SITIO;TIJUCUSSU I;SN;;ESTRADA DA CAPONGA;62850000;;;44301510000174;1369;2303501.0;Cascavel;CASCAVEL;Grande Fortaleza;Grande Fortaleza;LOTE 15;CURUMINS;Cascavel;9.0;54.0;9.0;50.0;0.0;4.0;2.0;6.0;56.0;5.6;COOPERATIVA DA AGRICULTURA FAMILIAR E ECONOMIA SOLIDÁRIA DE CASCAVEL CEARÁ E REGIÃO;44301510000174.0;CAF Emitido;;;19/07/2023 11:41:16;23/01/2025 15:10:07;50.0;38.0;100,00;44301510000174
5856;Associação curumins;1284430;20241119001330500;36947.85;2024-11-19;35202279000170;COOPENORT;Nota Fiscal;211;Gêneros Alimentícios ( Proteínas, Carboidratos, Hortaliças, Sódios e Lipídios);36947.85;13611;2713.47;2024-11-21;21;2ªQuinzena;nov.;2024;Efetivada;35202279000170;35202279;0001;70;1;COOPENORT;02;20191016;00;4633801;0111302,0113000,0119902,0119904,0119905,0119906,0119907,0119908,0119909,0119999,0121101,0131800,0133402,0133403,0133408,0133409,0133410,0133499,0139399,0151201,0151202,0153901,0154700,0155501,0155505,0159801,0312401,0322101,1031700,1066000,4623106,4623109,4623199,4644302,4661300,4683400,4692300,4722902,4724500,4729699,4744001,4744099;RUA;DEPUTADO VICENTE RIBEIRO;438;;CENTRO;62375000;;;35202279000170;1367;2303402.0;Carnaubal;CARNAUBAL;Serra da Ibiapaba;Serra da Ibiapaba;LOTE 29;INSTITUTO VEREDAS DA CIDADANIA;Carnaubal;2.0;53.0;2.0;53.0;0.0;0.0;4.0;4.0;57.0;5.7;COOPERATIVA AGROPECUARIA DOS AGRICULTORES FAMILIARES DA REGIAO NORTE DO CEARA LT;35202279000170.0;CAF Emitido;;;29/09/2023 12:30:34;22/05/2025 08:50:46;75.0;42.0;97,33;35202279000170
5875;Associação curumins;1284430;20241211001346100;18156.99;2024-12-11;35202279000170;COOPENORT;Nota Fiscal;211;Gêneros Alimentícios ( Proteínas, Carboidratos, Hortaliças, Sódios e Lipídios);18156.99;14403;1814.97;2024-12-12;12;1ªQuinzena;dez.;2024;Efetivada;35202279000170;35202279;0001;70;1;COOPENORT;02;20191016;00;4633801;0111302,0113000,0119902,0119904,0119905,0119906,0119907,0119908,0119909,0119999,0121101,0131800,0133402,0133403,0133408,0133409,0133410,0133499,0139399,0151201,0151202,0153901,0154700,0155501,0155505,0159801,0312401,0322101,1031700,1066000,4623106,4623109,4623199,4644302,4661300,4683400,4692300,4722902,4724500,4729699,4744001,4744099;RUA;DEPUTADO VICENTE RIBEIRO;438;;CENTRO;62375000;;;35202279000170;1367;2303402.0;Carnaubal;CARNAUBAL;Serra da Ibiapaba;Serra da Ibiapaba;LOTE 29;INSTITUTO VEREDAS DA CIDADANIA;Carnaubal;2.0;53.0;2.0;53.0;0.0;0.0;4.0;4.0;57.0;5.7;COOPERATIVA AGROPECUARIA DOS AGRICULTORES FAMILIARES DA REGIAO NORTE DO CEARA LT;35202279000170.0;CAF Emitido;;;29/09/2023 12:30:34;22/05/2025 08:50:46;75.0;42.0;97,33;35202279000170
5885;Associação curumins;1284430;20250125001367700;50539.51;2025-01-25;35202279000170;COOPENORT;Nota Fiscal;211;Gêneros Alimentícios ( Proteínas, Carboidratos, Hortaliças, Sódios e Lipídios);50539.51;15200;4331.25;2025-01-27;27;2ªQuinzena;jan.;2025;Efetivada;35202279000170;35202279;0001;70;1;COOPENORT;02;20191016;00;4633801;0111302,0113000,0119902,0119904,0119905,0119906,0119907,0119908,0119909,0119999,0121101,0131800,0133402,0133403,0133408,0133409,0133410,0133499,0139399,0151201,0151202,0153901,0154700,0155501,0155505,0159801,0312401,0322101,1031700,1066000,4623106,4623109,4623199,4644302,4661300,4683400,4692300,4722902,4724500,4729699,4744001,4744099;RUA;DEPUTADO VICENTE RIBEIRO;438;;CENTRO;62375000;;;35202279000170;1367;2303402.0;Carnaubal;CARNAUBAL;Serra da Ibiapaba;Serra da Ibiapaba;LOTE 29;INSTITUTO VEREDAS DA CIDADANIA;Carnaubal;2.0;53.0;2.0;53.0;0.0;0.0;4.0;4.0;57.0;5.7;COOPERATIVA AGROPECUARIA DOS AGRICULTORES FAMILIARES DA REGIAO NORTE DO CEARA LT;35202279000170.0;CAF Emitido;;;29/09/2023 12:30:34;22/05/2025 08:50:46;75.0;42.0;97,33;35202279000170
5893;Associação curumins;1284430;20250206001374300;24305.39;2025-02-06;35202279000170;COOPENORT;Nota Fiscal;211;Gêneros Alimentícios ( Proteínas, Carboidratos, Hortaliças, Sódios e Lipídios);24305.39;15305;2081.25;2025-02-07;7;1ªQuinzena;fev.;2025;Efetivada;35202279000170;35202279;0001;70;1;COOPENORT;02;20191016;00;4633801;0111302,0113000,0119902,0119904,0119905,0119906,0119907,0119908,0119909,0119999,0121101,0131800,0133402,0133403,0133408,0133409,0133410,0133499,0139399,0151201,0151202,0153901,0154700,0155501,0155505,0159801,0312401,0322101,1031700,1066000,4623106,4623109,4623199,4644302,4661300,4683400,4692300,4722902,4724500,4729699,4744001,4744099;RUA;DEPUTADO VICENTE RIBEIRO;438;;CENTRO;62375000;;;35202279000170;1367;2303402.0;Carnaubal;CARNAUBAL;Serra da Ibiapaba;Serra da Ibiapaba;LOTE 29;INSTITUTO VEREDAS DA CIDADANIA;Carnaubal;2.0;53.0;2.0;53.0;0.0;0.0;4.0;4.0;57.0;5.7;COOPERATIVA AGROPECUARIA DOS AGRICULTORES FAMILIARES DA REGIAO NORTE DO CEARA LT;35202279000170.0;CAF Emitido;;;29/09/2023 12:30:34;22/05/2025 08:50:46;75.0;42.0;97,33;35202279000170
5905;Associação curumins;1284430;20250225001380900;4176.0;2025-02-25;44301510000174;COOPERATIVA DA AGRICULTURA FAMILIAR E ECONOMIA SOLIDÁRIA DE CASCAVEL E REGIÃO;Nota Fiscal;211;Gêneros Alimentícios ( Proteínas, Carboidratos, Hortaliças, Sódios e Lipídios);4176.0;68;4176.0;2025-02-26;26;2ªQuinzena;fev.;2025;Efetivada;44301510000174;44301510;0001;74;1;COOPAVEL CE;02;20211119;00;0161099;0121101,0155505,1011201,1012101,1012102,1012103,1033302,4631100,4633801,4724500,4789004,4789099;SITIO;TIJUCUSSU I;SN;;ESTRADA DA CAPONGA;62850000;;;44301510000174;1369;2303501.0;Cascavel;CASCAVEL;Grande Fortaleza;Grande Fortaleza;LOTE 15;CURUMINS;Cascavel;9.0;54.0;9.0;50.0;0.0;4.0;2.0;6.0;56.0;5.6;COOPERATIVA DA AGRICULTURA FAMILIAR E ECONOMIA SOLIDÁRIA DE CASCAVEL CEARÁ E REGIÃO;44301510000174.0;CAF Emitido;;;19/07/2023 11:41:16;23/01/2025 15:10:07;50.0;38.0;100,00;44301510000174
5910;Associação curumins;1284430;20250313001388800;70025.3;2025-03-13;35202279000170;COOPENORT;Nota Fiscal;211;Gêneros Alimentícios ( Proteínas, Carboidratos, Hortaliças, Sódios e Lipídios);70025.3;16213;9928.0;2025-03-14;14;1ªQuinzena;mar.;2025;Efetivada;35202279000170;35202279;0001;70;1;COOPENORT;02;20191016;00;4633801;0111302,0113000,0119902,0119904,0119905,0119906,0119907,0119908,0119909,0119999,0121101,0131800,0133402,0133403,0133408,0133409,0133410,0133499,0139399,0151201,0151202,0153901,0154700,0155501,0155505,0159801,0312401,0322101,1031700,1066000,4623106,4623109,4623199,4644302,4661300,4683400,4692300,4722902,4724500,4729699,4744001,4744099;RUA;DEPUTADO VICENTE RIBEIRO;438;;CENTRO;62375000;;;35202279000170;1367;2303402.0;Carnaubal;CARNAUBAL;Serra da Ibiapaba;Serra da Ibiapaba;LOTE 29;INSTITUTO VEREDAS DA CIDADANIA;Carnaubal;2.0;53.0;2.0;53.0;0.0;0.0;4.0;4.0;57.0;5.7;COOPERATIVA AGROPECUARIA DOS AGRICULTORES FAMILIARES DA REGIAO NORTE DO CEARA LT;35202279000170.0;CAF Emitido;;;29/09/2023 12:30:34;22/05/2025 08:50:46;75.0;42.0;97,33;35202279000170
5922;Associação curumins;1284430;20250408001399900;77911.65;2025-04-08;35202279000170;COOPENORT;Nota Fiscal;211;Gêneros Alimentícios ( Proteínas, Carboidratos, Hortaliças, Sódios e Lipídios);77911.65;17009;10920.0;2025-04-09;9;1ªQuinzena;abr.;2025;Efetivada;35202279000170;35202279;0001;70;1;COOPENORT;02;20191016;00;4633801;0111302,0113000,0119902,0119904,0119905,0119906,0119907,0119908,0119909,0119999,0121101,0131800,0133402,0133403,0133408,0133409,0133410,0133499,0139399,0151201,0151202,0153901,0154700,0155501,0155505,0159801,0312401,0322101,1031700,1066000,4623106,4623109,4623199,4644302,4661300,4683400,4692300,4722902,4724500,4729699,4744001,4744099;RUA;DEPUTADO VICENTE RIBEIRO;438;;CENTRO;62375000;;;35202279000170;1367;2303402.0;Carnaubal;CARNAUBAL;Serra da Ibiapaba;Serra da Ibiapaba;LOTE 29;INSTITUTO VEREDAS DA CIDADANIA;Carnaubal;2.0;53.0;2.0;53.0;0.0;0.0;4.0;4.0;57.0;5.7;COOPERATIVA AGROPECUARIA DOS AGRICULTORES FAMILIARES DA REGIAO NORTE DO CEARA LT;35202279000170.0;CAF Emitido;;;29/09/2023 12:30:34;22/05/2025 08:50:46;75.0;42.0;97,33;35202279000170
5934;Associação curumins;1284430;20250508001412200;74477.01;2025-05-08;35202279000170;COOPENORT;Nota Fiscal;211;Gêneros Alimentícios ( Proteínas, Carboidratos, Hortaliças, Sódios e Lipídios);74477.01;17880;9360.0;2025-05-09;9;1ªQuinzena;mai.;2025;Efetivada;35202279000170;35202279;0001;70;1;COOPENORT;02;20191016;00;4633801;0111302,0113000,0119902,0119904,0119905,0119906,0119907,0119908,0119909,0119999,0121101,0131800,0133402,0133403,0133408,0133409,0133410,0133499,0139399,0151201,0151202,0153901,0154700,0155501,0155505,0159801,0312401,0322101,1031700,1066000,4623106,4623109,4623199,4644302,4661300,4683400,4692300,4722902,4724500,4729699,4744001,4744099;RUA;DEPUTADO VICENTE RIBEIRO;438;;CENTRO;62375000;;;35202279000170;1367;2303402.0;Carnaubal;CARNAUBAL;Serra da Ibiapaba;Serra da Ibiapaba;LOTE 29;INSTITUTO VEREDAS DA CIDADANIA;Carnaubal;2.0;53.0;2.0;53.0;0.0;0.0;4.0;4.0;57.0;5.7;COOPERATIVA AGROPECUARIA DOS AGRICULTORES FAMILIARES DA REGIAO NORTE DO CEARA LT;35202279000170.0;CAF Emitido;;;29/09/2023 12:30:34;22/05/2025 08:50:46;75.0;42.0;97,33;35202279000170
5947;Associação curumins;1284430;20250611001429400;176362.68;2025-06-11;35202279000170;COOPENORT;Nota Fiscal;211;Gêneros Alimentícios ( Proteínas, Carboidratos, Hortaliças, Sódios e Lipídios);176362.68;18890;26364.0;2025-06-12;12;1ªQuinzena;jun.;2025;Efetivada;35202279000170;35202279;0001;70;1;COOPENORT;02;20191016;00;4633801;0111302,0113000,0119902,0119904,0119905,0119906,0119907,0119908,0119909,0119999,0121101,0131800,0133402,0133403,0133408,0133409,0133410,0133499,0139399,0151201,0151202,0153901,0154700,0155501,0155505,0159801,0312401,0322101,1031700,1066000,4623106,4623109,4623199,4644302,4661300,4683400,4692300,4722902,4724500,4729699,4744001,4744099;RUA;DEPUTADO VICENTE RIBEIRO;438;;CENTRO;62375000;;;35202279000170;1367;2303402.0;Carnaubal;CARNAUBAL;Serra da Ibiapaba;Serra da Ibiapaba;LOTE 29;INSTITUTO VEREDAS DA CIDADANIA;Carnaubal;2.0;53.0;2.0;53.0;0.0;0.0;4.0;4.0;57.0;5.7;COOPERATIVA AGROPECUARIA DOS AGRICULTORES FAMILIARES DA REGIAO NORTE DO CEARA LT;35202279000170.0;CAF Emitido;;;29/09/2023 12:30:34;22/05/2025 08:50:46;75.0;42.0;97,33;35202279000170
6003;CONSELHO COMUNITARIO DO PARQUE SAO JOSE;1284597;20240627001255500;44736.95;2024-06-27;35202279000170;COOPENORT;Nota Fiscal;211;Gêneros Alimentícios ( Proteínas, Carboidratos, Hortaliças, Sódios e Lipídios);44736.95;9552;7614.0;2024-06-28;28;2ªQuinzena;jun.;2024;Efetivada;35202279000170;35202279;0001;70;1;COOPENORT;02;20191016;00;4633801;0111302,0113000,0119902,0119904,0119905,0119906,0119907,0119908,0119909,0119999,0121101,0131800,0133402,0133403,0133408,0133409,0133410,0133499,0139399,0151201,0151202,0153901,0154700,0155501,0155505,0159801,0312401,0322101,1031700,1066000,4623106,4623109,4623199,4644302,4661300,4683400,4692300,4722902,4724500,4729699,4744001,4744099;RUA;DEPUTADO VICENTE RIBEIRO;438;;CENTRO;62375000;;;35202279000170;1367;2303402.0;Carnaubal;CARNAUBAL;Serra da Ibiapaba;Serra da Ibiapaba;LOTE 29;INSTITUTO VEREDAS DA CIDADANIA;Carnaubal;2.0;53.0;2.0;53.0;0.0;0.0;4.0;4.0;57.0;5.7;COOPERATIVA AGROPECUARIA DOS AGRICULTORES FAMILIARES DA REGIAO NORTE DO CEARA LT;35202279000170.0;CAF Emitido;;;29/09/2023 12:30:34;22/05/2025 08:50:46;75.0;42.0;97,33;35202279000170
6007;CONSELHO COMUNITARIO DO PARQUE SAO JOSE;1284597;20240801001273900;64216.4;2024-08-01;35202279000170;COOPENORT;Nota Fiscal;211;Gêneros Alimentícios ( Proteínas, Carboidratos, Hortaliças, Sódios e Lipídios);64216.4;10422;9882.0;2024-08-02;2;1ªQuinzena;ago.;2024;Efetivada;35202279000170;35202279;0001;70;1;COOPENORT;02;20191016;00;4633801;0111302,0113000,0119902,0119904,0119905,0119906,0119907,0119908,0119909,0119999,0121101,0131800,0133402,0133403,0133408,0133409,0133410,0133499,0139399,0151201,0151202,0153901,0154700,0155501,0155505,0159801,0312401,0322101,1031700,1066000,4623106,4623109,4623199,4644302,4661300,4683400,4692300,4722902,4724500,4729699,4744001,4744099;RUA;DEPUTADO VICENTE RIBEIRO;438;;CENTRO;62375000;;;35202279000170;1367;2303402.0;Carnaubal;CARNAUBAL;Serra da Ibiapaba;Serra da Ibiapaba;LOTE 29;INSTITUTO VEREDAS DA CIDADANIA;Carnaubal;2.0;53.0;2.0;53.0;0.0;0.0;4.0;4.0;57.0;5.7;COOPERATIVA AGROPECUARIA DOS AGRICULTORES FAMILIARES DA REGIAO NORTE DO CEARA LT;35202279000170.0;CAF Emitido;;;29/09/2023 12:30:34;22/05/2025 08:50:46;75.0;42.0;97,33;35202279000170
6013;CONSELHO COMUNITARIO DO PARQUE SAO JOSE;1284597;20240829001287900;68502.3;2024-08-29;35202279000170;COOPENORT;Nota Fiscal;211;Gêneros Alimentícios ( Proteínas, Carboidratos, Hortaliças, Sódios e Lipídios);68502.3;11014;9882.0;2024-08-30;30;2ªQuinzena;ago.;2024;Efetivada;35202279000170;35202279;0001;70;1;COOPENORT;02;20191016;00;4633801;0111302,0113000,0119902,0119904,0119905,0119906,0119907,0119908,0119909,0119999,0121101,0131800,0133402,0133403,0133408,0133409,0133410,0133499,0139399,0151201,0151202,0153901,0154700,0155501,0155505,0159801,0312401,0322101,1031700,1066000,4623106,4623109,4623199,4644302,4661300,4683400,4692300,4722902,4724500,4729699,4744001,4744099;RUA;DEPUTADO VICENTE RIBEIRO;438;;CENTRO;62375000;;;35202279000170;1367;2303402.0;Carnaubal;CARNAUBAL;Serra da Ibiapaba;Serra da Ibiapaba;LOTE 29;INSTITUTO VEREDAS DA CIDADANIA;Carnaubal;2.0;53.0;2.0;53.0;0.0;0.0;4.0;4.0;57.0;5.7;COOPERATIVA AGROPECUARIA DOS AGRICULTORES FAMILIARES DA REGIAO NORTE DO CEARA LT;35202279000170.0;CAF Emitido;;;29/09/2023 12:30:34;22/05/2025 08:50:46;75.0;42.0;97,33;35202279000170
6020;CONSELHO COMUNITARIO DO PARQUE SAO JOSE;1284597;20240925001300300;69589.8;2024-09-25;35202279000170;COOPENORT;Nota Fiscal;211;Gêneros Alimentícios ( Proteínas, Carboidratos, Hortaliças, Sódios e Lipídios);69589.8;11992;11682.0;2024-09-26;26;2ªQuinzena;set.;2024;Efetivada;35202279000170;35202279;0001;70;1;COOPENORT;02;20191016;00;4633801;0111302,0113000,0119902,0119904,0119905,0119906,0119907,0119908,0119909,0119999,0121101,0131800,0133402,0133403,0133408,0133409,0133410,0133499,0139399,0151201,0151202,0153901,0154700,0155501,0155505,0159801,0312401,0322101,1031700,1066000,4623106,4623109,4623199,4644302,4661300,4683400,4692300,4722902,4724500,4729699,4744001,4744099;RUA;DEPUTADO VICENTE RIBEIRO;438;;CENTRO;62375000;;;35202279000170;1367;2303402.0;Carnaubal;CARNAUBAL;Serra da Ibiapaba;Serra da Ibiapaba;LOTE 29;INSTITUTO VEREDAS DA CIDADANIA;Carnaubal;2.0;53.0;2.0;53.0;0.0;0.0;4.0;4.0;57.0;5.7;COOPERATIVA AGROPECUARIA DOS AGRICULTORES FAMILIARES DA REGIAO NORTE DO CEARA LT;35202279000170.0;CAF Emitido;;;29/09/2023 12:30:34;22/05/2025 08:50:46;75.0;42.0;97,33;35202279000170
6026;CONSELHO COMUNITARIO DO PARQUE SAO JOSE;1284597;20241022001315000;81541.5;2024-10-22;35202279000170;COOPENORT;Nota Fiscal;211;Gêneros Alimentícios ( Proteínas, Carboidratos, Hortaliças, Sódios e Lipídios);81541.5;12796;12312.0;2024-10-23;23;2ªQuinzena;out.;2024;Efetivada;35202279000170;35202279;0001;70;1;COOPENORT;02;20191016;00;4633801;0111302,0113000,0119902,0119904,0119905,0119906,0119907,0119908,0119909,0119999,0121101,0131800,0133402,0133403,0133408,0133409,0133410,0133499,0139399,0151201,0151202,0153901,0154700,0155501,0155505,0159801,0312401,0322101,1031700,1066000,4623106,4623109,4623199,4644302,4661300,4683400,4692300,4722902,4724500,4729699,4744001,4744099;RUA;DEPUTADO VICENTE RIBEIRO;438;;CENTRO;62375000;;;35202279000170;1367;2303402.0;Carnaubal;CARNAUBAL;Serra da Ibiapaba;Serra da Ibiapaba;LOTE 29;INSTITUTO VEREDAS DA CIDADANIA;Carnaubal;2.0;53.0;2.0;53.0;0.0;0.0;4.0;4.0;57.0;5.7;COOPERATIVA AGROPECUARIA DOS AGRICULTORES FAMILIARES DA REGIAO NORTE DO CEARA LT;35202279000170.0;CAF Emitido;;;29/09/2023 12:30:34;22/05/2025 08:50:46;75.0;42.0;97,33;35202279000170
6033;CONSELHO COMUNITARIO DO PARQUE SAO JOSE;1284597;20241126001334400;66504.58;2024-11-26;35202279000170;COOPENORT;Nota Fiscal;211;Gêneros Alimentícios ( Proteínas, Carboidratos, Hortaliças, Sódios e Lipídios);66504.58;13665;9484.8;2024-11-28;28;2ªQuinzena;nov.;2024;Efetivada;35202279000170;35202279;0001;70;1;COOPENORT;02;20191016;00;4633801;0111302,0113000,0119902,0119904,0119905,0119906,0119907,0119908,0119909,0119999,0121101,0131800,0133402,0133403,0133408,0133409,0133410,0133499,0139399,0151201,0151202,0153901,0154700,0155501,0155505,0159801,0312401,0322101,1031700,1066000,4623106,4623109,4623199,4644302,4661300,4683400,4692300,4722902,4724500,4729699,4744001,4744099;RUA;DEPUTADO VICENTE RIBEIRO;438;;CENTRO;62375000;;;35202279000170;1367;2303402.0;Carnaubal;CARNAUBAL;Serra da Ibiapaba;Serra da Ibiapaba;LOTE 29;INSTITUTO VEREDAS DA CIDADANIA;Carnaubal;2.0;53.0;2.0;53.0;0.0;0.0;4.0;4.0;57.0;5.7;COOPERATIVA AGROPECUARIA DOS AGRICULTORES FAMILIARES DA REGIAO NORTE DO CEARA LT;35202279000170.0;CAF Emitido;;;29/09/2023 12:30:34;22/05/2025 08:50:46;75.0;42.0;97,33;35202279000170
6039;CONSELHO COMUNITARIO DO PARQUE SAO JOSE;1284597;20241226001355900;82644.2;2024-12-26;35202279000170;COOPENORT;Nota Fiscal;211;Gêneros Alimentícios ( Proteínas, Carboidratos, Hortaliças, Sódios e Lipídios);82644.2;14841;9462.0;2024-12-27;27;2ªQuinzena;dez.;2024;Efetivada;35202279000170;35202279;0001;70;1;COOPENORT;02;20191016;00;4633801;0111302,0113000,0119902,0119904,0119905,0119906,0119907,0119908,0119909,0119999,0121101,0131800,0133402,0133403,0133408,0133409,0133410,0133499,0139399,0151201,0151202,0153901,0154700,0155501,0155505,0159801,0312401,0322101,1031700,1066000,4623106,4623109,4623199,4644302,4661300,4683400,4692300,4722902,4724500,4729699,4744001,4744099;RUA;DEPUTADO VICENTE RIBEIRO;438;;CENTRO;62375000;;;35202279000170;1367;2303402.0;Carnaubal;CARNAUBAL;Serra da Ibiapaba;Serra da Ibiapaba;LOTE 29;INSTITUTO VEREDAS DA CIDADANIA;Carnaubal;2.0;53.0;2.0;53.0;0.0;0.0;4.0;4.0;57.0;5.7;COOPERATIVA AGROPECUARIA DOS AGRICULTORES FAMILIARES DA REGIAO NORTE DO CEARA LT;35202279000170.0;CAF Emitido;;;29/09/2023 12:30:34;22/05/2025 08:50:46;75.0;42.0;97,33;35202279000170
6045;CONSELHO COMUNITARIO DO PARQUE SAO JOSE;1284597;20250127001368600;85990.6;2025-01-27;35202279000170;COOPENORT;Nota Fiscal;211;Gêneros Alimentícios ( Proteínas, Carboidratos, Hortaliças, Sódios e Lipídios);85990.6;15212;13486.2;2025-01-28;28;2ªQuinzena;jan.;2025;Efetivada;35202279000170;35202279;0001;70;1;COOPENORT;02;20191016;00;4633801;0111302,0113000,0119902,0119904,0119905,0119906,0119907,0119908,0119909,0119999,0121101,0131800,0133402,0133403,0133408,0133409,0133410,0133499,0139399,0151201,0151202,0153901,0154700,0155501,0155505,0159801,0312401,0322101,1031700,1066000,4623106,4623109,4623199,4644302,4661300,4683400,4692300,4722902,4724500,4729699,4744001,4744099;RUA;DEPUTADO VICENTE RIBEIRO;438;;CENTRO;62375000;;;35202279000170;1367;2303402.0;Carnaubal;CARNAUBAL;Serra da Ibiapaba;Serra da Ibiapaba;LOTE 29;INSTITUTO VEREDAS DA CIDADANIA;Carnaubal;2.0;53.0;2.0;53.0;0.0;0.0;4.0;4.0;57.0;5.7;COOPERATIVA AGROPECUARIA DOS AGRICULTORES FAMILIARES DA REGIAO NORTE DO CEARA LT;35202279000170.0;CAF Emitido;;;29/09/2023 12:30:34;22/05/2025 08:50:46;75.0;42.0;97,33;35202279000170
6053;CONSELHO COMUNITARIO DO PARQUE SAO JOSE;1284597;20250310001386800;93672.0;2025-03-10;35202279000170;COOPENORT;Nota Fiscal;211;Gêneros Alimentícios ( Proteínas, Carboidratos, Hortaliças, Sódios e Lipídios);93672.0;15787;11628.0;2025-03-11;11;1ªQuinzena;mar.;2025;Efetivada;35202279000170;35202279;0001;70;1;COOPENORT;02;20191016;00;4633801;0111302,0113000,0119902,0119904,0119905,0119906,0119907,0119908,0119909,0119999,0121101,0131800,0133402,0133403,0133408,0133409,0133410,0133499,0139399,0151201,0151202,0153901,0154700,0155501,0155505,0159801,0312401,0322101,1031700,1066000,4623106,4623109,4623199,4644302,4661300,4683400,4692300,4722902,4724500,4729699,4744001,4744099;RUA;DEPUTADO VICENTE RIBEIRO;438;;CENTRO;62375000;;;35202279000170;1367;2303402.0;Carnaubal;CARNAUBAL;Serra da Ibiapaba;Serra da Ibiapaba;LOTE 29;INSTITUTO VEREDAS DA CIDADANIA;Carnaubal;2.0;53.0;2.0;53.0;0.0;0.0;4.0;4.0;57.0;5.7;COOPERATIVA AGROPECUARIA DOS AGRICULTORES FAMILIARES DA REGIAO NORTE DO CEARA LT;35202279000170.0;CAF Emitido;;;29/09/2023 12:30:34;22/05/2025 08:50:46;75.0;42.0;97,33;35202279000170
6056;CONSELHO COMUNITARIO DO PARQUE SAO JOSE;1284597;20250331001395900;54387.45;2025-03-31;35202279000170;COOPENORT;Nota Fiscal;211;Gêneros Alimentícios ( Proteínas, Carboidratos, Hortaliças, Sódios e Lipídios);54387.45;16673;9752.7;2025-04-01;1;1ªQuinzena;abr.;2025;Efetivada;35202279000170;35202279;0001;70;1;COOPENORT;02;20191016;00;4633801;0111302,0113000,0119902,0119904,0119905,0119906,0119907,0119908,0119909,0119999,0121101,0131800,0133402,0133403,0133408,0133409,0133410,0133499,0139399,0151201,0151202,0153901,0154700,0155501,0155505,0159801,0312401,0322101,1031700,1066000,4623106,4623109,4623199,4644302,4661300,4683400,4692300,4722902,4724500,4729699,4744001,4744099;RUA;DEPUTADO VICENTE RIBEIRO;438;;CENTRO;62375000;;;35202279000170;1367;2303402.0;Carnaubal;CARNAUBAL;Serra da Ibiapaba;Serra da Ibiapaba;LOTE 29;INSTITUTO VEREDAS DA CIDADANIA;Carnaubal;2.0;53.0;2.0;53.0;0.0;0.0;4.0;4.0;57.0;5.7;COOPERATIVA AGROPECUARIA DOS AGRICULTORES FAMILIARES DA REGIAO NORTE DO CEARA LT;35202279000170.0;CAF Emitido;;;29/09/2023 12:30:34;22/05/2025 08:50:46;75.0;42.0;97,33;35202279000170
6061;CONSELHO COMUNITARIO DO PARQUE SAO JOSE;1284597;20250428001406900;89908.7;2025-04-28;35202279000170;COOPENORT;Nota Fiscal;211;Gêneros Alimentícios ( Proteínas, Carboidratos, Hortaliças, Sódios e Lipídios);89908.7;17378;14877.0;2025-04-29;29;2ªQuinzena;abr.;2025;Efetivada;35202279000170;35202279;0001;70;1;COOPENORT;02;20191016;00;4633801;0111302,0113000,0119902,0119904,0119905,0119906,0119907,0119908,0119909,0119999,0121101,0131800,0133402,0133403,0133408,0133409,0133410,0133499,0139399,0151201,0151202,0153901,0154700,0155501,0155505,0159801,0312401,0322101,1031700,1066000,4623106,4623109,4623199,4644302,4661300,4683400,4692300,4722902,4724500,4729699,4744001,4744099;RUA;DEPUTADO VICENTE RIBEIRO;438;;CENTRO;62375000;;;35202279000170;1367;2303402.0;Carnaubal;CARNAUBAL;Serra da Ibiapaba;Serra da Ibiapaba;LOTE 29;INSTITUTO VEREDAS DA CIDADANIA;Carnaubal;2.0;53.0;2.0;53.0;0.0;0.0;4.0;4.0;57.0;5.7;COOPERATIVA AGROPECUARIA DOS AGRICULTORES FAMILIARES DA REGIAO NORTE DO CEARA LT;35202279000170.0;CAF Emitido;;;29/09/2023 12:30:34;22/05/2025 08:50:46;75.0;42.0;97,33;35202279000170
6069;CONSELHO COMUNITARIO DO PARQUE SAO JOSE;1284597;20250527001419700;77247.3;2025-05-27;35202279000170;COOPENORT;Nota Fiscal;211;Gêneros Alimentícios ( Proteínas, Carboidratos, Hortaliças, Sódios e Lipídios);77247.3;18366;11240.4;2025-05-28;28;2ªQuinzena;mai.;2025;Efetivada;35202279000170;35202279;0001;70;1;COOPENORT;02;20191016;00;4633801;0111302,0113000,0119902,0119904,0119905,0119906,0119907,0119908,0119909,0119999,0121101,0131800,0133402,0133403,0133408,0133409,0133410,0133499,0139399,0151201,0151202,0153901,0154700,0155501,0155505,0159801,0312401,0322101,1031700,1066000,4623106,4623109,4623199,4644302,4661300,4683400,4692300,4722902,4724500,4729699,4744001,4744099;RUA;DEPUTADO VICENTE RIBEIRO;438;;CENTRO;62375000;;;35202279000170;1367;2303402.0;Carnaubal;CARNAUBAL;Serra da Ibiapaba;Serra da Ibiapaba;LOTE 29;INSTITUTO VEREDAS DA CIDADANIA;Carnaubal;2.0;53.0;2.0;53.0;0.0;0.0;4.0;4.0;57.0;5.7;COOPERATIVA AGROPECUARIA DOS AGRICULTORES FAMILIARES DA REGIAO NORTE DO CEARA LT;35202279000170.0;CAF Emitido;;;29/09/2023 12:30:34;22/05/2025 08:50:46;75.0;42.0;97,33;35202279000170
6161;INSTITUTO SEMENTES DA SUSTENTABILIDADE - ISS;1284772;20240607001246300;3891.0;2024-06-07;11016960000166;COOPERATIVA DOS AGRICULTORES FAMILIARES DO BAIXO ACARAÚ;Nota Fiscal;211;Gêneros Alimentícios ( Proteínas, Carboidratos, Hortaliças, Sódios e Lipídios);3891.0;4058;3891.0;2024-06-10;10;1ªQuinzena;jun.;2024;Efetivada;11016960000166;11016960;0001;66;1;SEMENTES DA TERRA;02;20080526;00;1031700;0121101,0159801,1051100,1063500,1629301,1629302,2349499,4712100,4722901;RUA;PROFESSOR NICACIO;648;;CENTRO;62570000;;;11016960000166;1345;2302305.0;Bela Cruz;BELA CRUZ;Litoral Norte;Litoral Norte;LOTE 19;FREI HUMBERTO;Bela Cruz;1.0;21.0;1.0;21.0;0.0;0.0;4.0;4.0;25.0;2.5;COOPERATIVA DOS AGRICULTORES FAMILIARES DO BAIXO ACARAÚ;11016960000166.0;CAF Emitido;;;05/04/2023 10:20:41;13/12/2024 10:59:34;161.0;27.0;93,79;11016960000166
6165;INSTITUTO SEMENTES DA SUSTENTABILIDADE - ISS;1284772;20240613001248500;1876.05;2024-06-13;32623771000121;COOPERATIVA DE PRODUCAO E DE COMERCIALIZACAO DOS AGRICULTORES FAMILIARES E DOS PRODUTORES RURAIS DE SALITRE;Nota Fiscal;211;Gêneros Alimentícios ( Proteínas, Carboidratos, Hortaliças, Sódios e Lipídios);1876.05;408;1876.05;2024-06-14;14;1ªQuinzena;jun.;2024;Efetivada;32623771000121;32623771;0001;21;1;COORPARSAL;02;20190131;00;4632002;1066000,4632003,4930202,8211300,8230001;RUA;JOSE VALDO;SN;;ALTO ALEGRE;63155000;;;32623771000121;1273;2311959.0;Salitre;SALITRE;Cariri;Cariri;LOTE 25;VALE DO SALGADO INSTITUTO DE GESTÃO PÚBLICA;Salitre;3.0;26.0;3.0;26.0;0.0;0.0;5.0;5.0;31.0;3.1;COOPERATIVA DE PROD E DE COMERCIALIZAÇAO DOS AGRI FAMILIARES E DOS PROD RURAIS  ;32623771000121.0;CAF Emitido;UNICAFES;31/03/2026;09/01/2023 08:41:01;07/07/2025 08:47:46;42.0;31.0;100,00;32623771000121
6166;INSTITUTO SEMENTES DA SUSTENTABILIDADE - ISS;1284772;20240703001258500;4727.95;2024-07-03;32623771000121;COOPERATIVA DE PRODUCAO E DE COMERCIALIZACAO DOS AGRICULTORES FAMILIARES E DOS PRODUTORES RURAIS DE SALITRE;Nota Fiscal;211;Gêneros Alimentícios ( Proteínas, Carboidratos, Hortaliças, Sódios e Lipídios);4727.95;409;4727.95;2024-07-04;4;1ªQuinzena;jul.;2024;Efetivada;32623771000121;32623771;0001;21;1;COORPARSAL;02;20190131;00;4632002;1066000,4632003,4930202,8211300,8230001;RUA;JOSE VALDO;SN;;ALTO ALEGRE;63155000;;;32623771000121;1273;2311959.0;Salitre;SALITRE;Cariri;Cariri;LOTE 25;VALE DO SALGADO INSTITUTO DE GESTÃO PÚBLICA;Salitre;3.0;26.0;3.0;26.0;0.0;0.0;5.0;5.0;31.0;3.1;COOPERATIVA DE PROD E DE COMERCIALIZAÇAO DOS AGRI FAMILIARES E DOS PROD RURAIS  ;32623771000121.0;CAF Emitido;UNICAFES;31/03/2026;09/01/2023 08:41:01;07/07/2025 08:47:46;42.0;31.0;100,00;32623771000121
6176;INSTITUTO SEMENTES DA SUSTENTABILIDADE - ISS;1284772;20240628001256300;3699.0;2024-06-28;11016960000166;COOPERATIVA DOS AGRICULTORES FAMILIARES DO BAIXO ACARAÚ;Nota Fiscal;211;Gêneros Alimentícios ( Proteínas, Carboidratos, Hortaliças, Sódios e Lipídios);3699.0;4102;3699.0;2024-07-02;2;1ªQuinzena;jul.;2024;Efetivada;11016960000166;11016960;0001;66;1;SEMENTES DA TERRA;02;20080526;00;1031700;0121101,0159801,1051100,1063500,1629301,1629302,2349499,4712100,4722901;RUA;PROFESSOR NICACIO;648;;CENTRO;62570000;;;11016960000166;1345;2302305.0;Bela Cruz;BELA CRUZ;Litoral Norte;Litoral Norte;LOTE 19;FREI HUMBERTO;Bela Cruz;1.0;21.0;1.0;21.0;0.0;0.0;4.0;4.0;25.0;2.5;COOPERATIVA DOS AGRICULTORES FAMILIARES DO BAIXO ACARAÚ;11016960000166.0;CAF Emitido;;;05/04/2023 10:20:41;13/12/2024 10:59:34;161.0;27.0;93,79;11016960000166
6186;INSTITUTO SEMENTES DA SUSTENTABILIDADE - ISS;1284772;20240712001263400;3699.0;2024-07-12;11016960000166;COOPERATIVA DOS AGRICULTORES FAMILIARES DO BAIXO ACARAÚ;Nota Fiscal;211;Gêneros Alimentícios ( Proteínas, Carboidratos, Hortaliças, Sódios e Lipídios);3699.0;4107;3699.0;2024-07-15;15;1ªQuinzena;jul.;2024;Efetivada;11016960000166;11016960;0001;66;1;SEMENTES DA TERRA;02;20080526;00;1031700;0121101,0159801,1051100,1063500,1629301,1629302,2349499,4712100,4722901;RUA;PROFESSOR NICACIO;648;;CENTRO;62570000;;;11016960000166;1345;2302305.0;Bela Cruz;BELA CRUZ;Litoral Norte;Litoral Norte;LOTE 19;FREI HUMBERTO;Bela Cruz;1.0;21.0;1.0;21.0;0.0;0.0;4.0;4.0;25.0;2.5;COOPERATIVA DOS AGRICULTORES FAMILIARES DO BAIXO ACARAÚ;11016960000166.0;CAF Emitido;;;05/04/2023 10:20:41;13/12/2024 10:59:34;161.0;27.0;93,79;11016960000166
6188;INSTITUTO SEMENTES DA SUSTENTABILIDADE - ISS;1284772;20240723001267500;5808.45;2024-07-23;32623771000121;COOPERATIVA DE PRODUCAO E DE COMERCIALIZACAO DOS AGRICULTORES FAMILIARES E DOS PRODUTORES RURAIS DE SALITRE;Nota Fiscal;211;Gêneros Alimentícios ( Proteínas, Carboidratos, Hortaliças, Sódios e Lipídios);5808.45;433;5808.45;2024-07-24;24;2ªQuinzena;jul.;2024;Efetivada;32623771000121;32623771;0001;21;1;COORPARSAL;02;20190131;00;4632002;1066000,4632003,4930202,8211300,8230001;RUA;JOSE VALDO;SN;;ALTO ALEGRE;63155000;;;32623771000121;1273;2311959.0;Salitre;SALITRE;Cariri;Cariri;LOTE 25;VALE DO SALGADO INSTITUTO DE GESTÃO PÚBLICA;Salitre;3.0;26.0;3.0;26.0;0.0;0.0;5.0;5.0;31.0;3.1;COOPERATIVA DE PROD E DE COMERCIALIZAÇAO DOS AGRI FAMILIARES E DOS PROD RURAIS  ;32623771000121.0;CAF Emitido;UNICAFES;31/03/2026;09/01/2023 08:41:01;07/07/2025 08:47:46;42.0;31.0;100,00;32623771000121
6189;INSTITUTO SEMENTES DA SUSTENTABILIDADE - ISS;1284772;20240725001268900;3699.0;2024-07-25;11016960000166;COOPERATIVA DOS AGRICULTORES FAMILIARES DO BAIXO ACARAÚ;Nota Fiscal;211;Gêneros Alimentícios ( Proteínas, Carboidratos, Hortaliças, Sódios e Lipídios);3699.0;4109;3699.0;2024-07-26;26;2ªQuinzena;jul.;2024;Efetivada;11016960000166;11016960;0001;66;1;SEMENTES DA TERRA;02;20080526;00;1031700;0121101,0159801,1051100,1063500,1629301,1629302,2349499,4712100,4722901;RUA;PROFESSOR NICACIO;648;;CENTRO;62570000;;;11016960000166;1345;2302305.0;Bela Cruz;BELA CRUZ;Litoral Norte;Litoral Norte;LOTE 19;FREI HUMBERTO;Bela Cruz;1.0;21.0;1.0;21.0;0.0;0.0;4.0;4.0;25.0;2.5;COOPERATIVA DOS AGRICULTORES FAMILIARES DO BAIXO ACARAÚ;11016960000166.0;CAF Emitido;;;05/04/2023 10:20:41;13/12/2024 10:59:34;161.0;27.0;93,79;11016960000166
6202;INSTITUTO SEMENTES DA SUSTENTABILIDADE - ISS;1284772;20240813001280100;3699.0;2024-08-13;11016960000166;COOPERATIVA DOS AGRICULTORES FAMILIARES DO BAIXO ACARAÚ;Nota Fiscal;211;Gêneros Alimentícios ( Proteínas, Carboidratos, Hortaliças, Sódios e Lipídios);3699.0;4129;3699.0;2024-08-14;14;1ªQuinzena;ago.;2024;Efetivada;11016960000166;11016960;0001;66;1;SEMENTES DA TERRA;02;20080526;00;1031700;0121101,0159801,1051100,1063500,1629301,1629302,2349499,4712100,4722901;RUA;PROFESSOR NICACIO;648;;CENTRO;62570000;;;11016960000166;1345;2302305.0;Bela Cruz;BELA CRUZ;Litoral Norte;Litoral Norte;LOTE 19;FREI HUMBERTO;Bela Cruz;1.0;21.0;1.0;21.0;0.0;0.0;4.0;4.0;25.0;2.5;COOPERATIVA DOS AGRICULTORES FAMILIARES DO BAIXO ACARAÚ;11016960000166.0;CAF Emitido;;;05/04/2023 10:20:41;13/12/2024 10:59:34;161.0;27.0;93,79;11016960000166
6204;INSTITUTO SEMENTES DA SUSTENTABILIDADE - ISS;1284772;20240814001280300;5808.45;2024-08-14;32623771000121;COOPERATIVA DE PRODUCAO E DE COMERCIALIZACAO DOS AGRICULTORES FAMILIARES E DOS PRODUTORES RURAIS DE SALITRE;Nota Fiscal;211;Gêneros Alimentícios ( Proteínas, Carboidratos, Hortaliças, Sódios e Lipídios);5808.45;439;5808.45;2024-08-16;16;2ªQuinzena;ago.;2024;Efetivada;32623771000121;32623771;0001;21;1;COORPARSAL;02;20190131;00;4632002;1066000,4632003,4930202,8211300,8230001;RUA;JOSE VALDO;SN;;ALTO ALEGRE;63155000;;;32623771000121;1273;2311959.0;Salitre;SALITRE;Cariri;Cariri;LOTE 25;VALE DO SALGADO INSTITUTO DE GESTÃO PÚBLICA;Salitre;3.0;26.0;3.0;26.0;0.0;0.0;5.0;5.0;31.0;3.1;COOPERATIVA DE PROD E DE COMERCIALIZAÇAO DOS AGRI FAMILIARES E DOS PROD RURAIS  ;32623771000121.0;CAF Emitido;UNICAFES;31/03/2026;09/01/2023 08:41:01;07/07/2025 08:47:46;42.0;31.0;100,00;32623771000121
6209;INSTITUTO SEMENTES DA SUSTENTABILIDADE - ISS;1284772;20240828001286200;5808.45;2024-08-28;32623771000121;COOPERATIVA DE PRODUCAO E DE COMERCIALIZACAO DOS AGRICULTORES FAMILIARES E DOS PRODUTORES RURAIS DE SALITRE;Nota Fiscal;211;Gêneros Alimentícios ( Proteínas, Carboidratos, Hortaliças, Sódios e Lipídios);5808.45;447;5808.45;2024-08-29;29;2ªQuinzena;ago.;2024;Efetivada;32623771000121;32623771;0001;21;1;COORPARSAL;02;20190131;00;4632002;1066000,4632003,4930202,8211300,8230001;RUA;JOSE VALDO;SN;;ALTO ALEGRE;63155000;;;32623771000121;1273;2311959.0;Salitre;SALITRE;Cariri;Cariri;LOTE 25;VALE DO SALGADO INSTITUTO DE GESTÃO PÚBLICA;Salitre;3.0;26.0;3.0;26.0;0.0;0.0;5.0;5.0;31.0;3.1;COOPERATIVA DE PROD E DE COMERCIALIZAÇAO DOS AGRI FAMILIARES E DOS PROD RURAIS  ;32623771000121.0;CAF Emitido;UNICAFES;31/03/2026;09/01/2023 08:41:01;07/07/2025 08:47:46;42.0;31.0;100,00;32623771000121
6211;INSTITUTO SEMENTES DA SUSTENTABILIDADE - ISS;1284772;20240828001286400;3699.0;2024-08-28;11016960000166;COOPERATIVA DOS AGRICULTORES FAMILIARES DO BAIXO ACARAÚ;Nota Fiscal;211;Gêneros Alimentícios ( Proteínas, Carboidratos, Hortaliças, Sódios e Lipídios);3699.0;4167;3699.0;2024-08-29;29;2ªQuinzena;ago.;2024;Efetivada;11016960000166;11016960;0001;66;1;SEMENTES DA TERRA;02;20080526;00;1031700;0121101,0159801,1051100,1063500,1629301,1629302,2349499,4712100,4722901;RUA;PROFESSOR NICACIO;648;;CENTRO;62570000;;;11016960000166;1345;2302305.0;Bela Cruz;BELA CRUZ;Litoral Norte;Litoral Norte;LOTE 19;FREI HUMBERTO;Bela Cruz;1.0;21.0;1.0;21.0;0.0;0.0;4.0;4.0;25.0;2.5;COOPERATIVA DOS AGRICULTORES FAMILIARES DO BAIXO ACARAÚ;11016960000166.0;CAF Emitido;;;05/04/2023 10:20:41;13/12/2024 10:59:34;161.0;27.0;93,79;11016960000166
6220;INSTITUTO SEMENTES DA SUSTENTABILIDADE - ISS;1284772;20240911001295000;3699.0;2024-09-11;11016960000166;COOPERATIVA DOS AGRICULTORES FAMILIARES DO BAIXO ACARAÚ;Nota Fiscal;211;Gêneros Alimentícios ( Proteínas, Carboidratos, Hortaliças, Sódios e Lipídios);3699.0;4178;3699.0;2024-09-12;12;1ªQuinzena;set.;2024;Efetivada;11016960000166;11016960;0001;66;1;SEMENTES DA TERRA;02;20080526;00;1031700;0121101,0159801,1051100,1063500,1629301,1629302,2349499,4712100,4722901;RUA;PROFESSOR NICACIO;648;;CENTRO;62570000;;;11016960000166;1345;2302305.0;Bela Cruz;BELA CRUZ;Litoral Norte;Litoral Norte;LOTE 19;FREI HUMBERTO;Bela Cruz;1.0;21.0;1.0;21.0;0.0;0.0;4.0;4.0;25.0;2.5;COOPERATIVA DOS AGRICULTORES FAMILIARES DO BAIXO ACARAÚ;11016960000166.0;CAF Emitido;;;05/04/2023 10:20:41;13/12/2024 10:59:34;161.0;27.0;93,79;11016960000166
6221;INSTITUTO SEMENTES DA SUSTENTABILIDADE - ISS;1284772;20240911001295300;5808.45;2024-09-11;32623771000121;COOPERATIVA DE PRODUCAO E DE COMERCIALIZACAO DOS AGRICULTORES FAMILIARES E DOS PRODUTORES RURAIS DE SALITRE;Nota Fiscal;211;Gêneros Alimentícios ( Proteínas, Carboidratos, Hortaliças, Sódios e Lipídios);5808.45;451;5808.45;2024-09-12;12;1ªQuinzena;set.;2024;Efetivada;32623771000121;32623771;0001;21;1;COORPARSAL;02;20190131;00;4632002;1066000,4632003,4930202,8211300,8230001;RUA;JOSE VALDO;SN;;ALTO ALEGRE;63155000;;;32623771000121;1273;2311959.0;Salitre;SALITRE;Cariri;Cariri;LOTE 25;VALE DO SALGADO INSTITUTO DE GESTÃO PÚBLICA;Salitre;3.0;26.0;3.0;26.0;0.0;0.0;5.0;5.0;31.0;3.1;COOPERATIVA DE PROD E DE COMERCIALIZAÇAO DOS AGRI FAMILIARES E DOS PROD RURAIS  ;32623771000121.0;CAF Emitido;UNICAFES;31/03/2026;09/01/2023 08:41:01;07/07/2025 08:47:46;42.0;31.0;100,00;32623771000121
6223;INSTITUTO SEMENTES DA SUSTENTABILIDADE - ISS;1284772;20240920001298800;3699.0;2024-09-20;11016960000166;COOPERATIVA DOS AGRICULTORES FAMILIARES DO BAIXO ACARAÚ;Nota Fiscal;211;Gêneros Alimentícios ( Proteínas, Carboidratos, Hortaliças, Sódios e Lipídios);3699.0;4190;3699.0;2024-09-23;23;2ªQuinzena;set.;2024;Efetivada;11016960000166;11016960;0001;66;1;SEMENTES DA TERRA;02;20080526;00;1031700;0121101,0159801,1051100,1063500,1629301,1629302,2349499,4712100,4722901;RUA;PROFESSOR NICACIO;648;;CENTRO;62570000;;;11016960000166;1345;2302305.0;Bela Cruz;BELA CRUZ;Litoral Norte;Litoral Norte;LOTE 19;FREI HUMBERTO;Bela Cruz;1.0;21.0;1.0;21.0;0.0;0.0;4.0;4.0;25.0;2.5;COOPERATIVA DOS AGRICULTORES FAMILIARES DO BAIXO ACARAÚ;11016960000166.0;CAF Emitido;;;05/04/2023 10:20:41;13/12/2024 10:59:34;161.0;27.0;93,79;11016960000166
6227;INSTITUTO SEMENTES DA SUSTENTABILIDADE - ISS;1284772;20240925001300500;5808.45;2024-09-25;32623771000121;COOPERATIVA DE PRODUCAO E DE COMERCIALIZACAO DOS AGRICULTORES FAMILIARES E DOS PRODUTORES RURAIS DE SALITRE;Nota Fiscal;211;Gêneros Alimentícios ( Proteínas, Carboidratos, Hortaliças, Sódios e Lipídios);5808.45;453;5808.45;2024-09-26;26;2ªQuinzena;set.;2024;Efetivada;32623771000121;32623771;0001;21;1;COORPARSAL;02;20190131;00;4632002;1066000,4632003,4930202,8211300,8230001;RUA;JOSE VALDO;SN;;ALTO ALEGRE;63155000;;;32623771000121;1273;2311959.0;Salitre;SALITRE;Cariri;Cariri;LOTE 25;VALE DO SALGADO INSTITUTO DE GESTÃO PÚBLICA;Salitre;3.0;26.0;3.0;26.0;0.0;0.0;5.0;5.0;31.0;3.1;COOPERATIVA DE PROD E DE COMERCIALIZAÇAO DOS AGRI FAMILIARES E DOS PROD RURAIS  ;32623771000121.0;CAF Emitido;UNICAFES;31/03/2026;09/01/2023 08:41:01;07/07/2025 08:47:46;42.0;31.0;100,00;32623771000121
6245;INSTITUTO SEMENTES DA SUSTENTABILIDADE - ISS;1284772;20241112001326600;3699.0;2024-11-12;11016960000166;COOPERATIVA DOS AGRICULTORES FAMILIARES DO BAIXO ACARAÚ;Nota Fiscal;211;Gêneros Alimentícios ( Proteínas, Carboidratos, Hortaliças, Sódios e Lipídios);3699.0;4315;3699.0;2024-11-13;13;1ªQuinzena;nov.;2024;Efetivada;11016960000166;11016960;0001;66;1;SEMENTES DA TERRA;02;20080526;00;1031700;0121101,0159801,1051100,1063500,1629301,1629302,2349499,4712100,4722901;RUA;PROFESSOR NICACIO;648;;CENTRO;62570000;;;11016960000166;1345;2302305.0;Bela Cruz;BELA CRUZ;Litoral Norte;Litoral Norte;LOTE 19;FREI HUMBERTO;Bela Cruz;1.0;21.0;1.0;21.0;0.0;0.0;4.0;4.0;25.0;2.5;COOPERATIVA DOS AGRICULTORES FAMILIARES DO BAIXO ACARAÚ;11016960000166.0;CAF Emitido;;;05/04/2023 10:20:41;13/12/2024 10:59:34;161.0;27.0;93,79;11016960000166
6246;INSTITUTO SEMENTES DA SUSTENTABILIDADE - ISS;1284772;20241121001331300;6023.5;2024-11-21;32623771000121;COOPERATIVA DE PRODUCAO E DE COMERCIALIZACAO DOS AGRICULTORES FAMILIARES E DOS PRODUTORES RURAIS DE SALITRE;Nota Fiscal;211;Gêneros Alimentícios ( Proteínas, Carboidratos, Hortaliças, Sódios e Lipídios);6023.5;462;6023.5;2024-11-22;22;2ªQuinzena;nov.;2024;Efetivada;32623771000121;32623771;0001;21;1;COORPARSAL;02;20190131;00;4632002;1066000,4632003,4930202,8211300,8230001;RUA;JOSE VALDO;SN;;ALTO ALEGRE;63155000;;;32623771000121;1273;2311959.0;Salitre;SALITRE;Cariri;Cariri;LOTE 25;VALE DO SALGADO INSTITUTO DE GESTÃO PÚBLICA;Salitre;3.0;26.0;3.0;26.0;0.0;0.0;5.0;5.0;31.0;3.1;COOPERATIVA DE PROD E DE COMERCIALIZAÇAO DOS AGRI FAMILIARES E DOS PROD RURAIS  ;32623771000121.0;CAF Emitido;UNICAFES;31/03/2026;09/01/2023 08:41:01;07/07/2025 08:47:46;42.0;31.0;100,00;32623771000121
6248;INSTITUTO SEMENTES DA SUSTENTABILIDADE - ISS;1284772;20241122001331900;3317.5;2024-11-22;11016960000166;COOPERATIVA DOS AGRICULTORES FAMILIARES DO BAIXO ACARAÚ;Nota Fiscal;211;Gêneros Alimentícios ( Proteínas, Carboidratos, Hortaliças, Sódios e Lipídios);3317.5;4318;3317.5;2024-11-25;25;2ªQuinzena;nov.;2024;Efetivada;11016960000166;11016960;0001;66;1;SEMENTES DA TERRA;02;20080526;00;1031700;0121101,0159801,1051100,1063500,1629301,1629302,2349499,4712100,4722901;RUA;PROFESSOR NICACIO;648;;CENTRO;62570000;;;11016960000166;1345;2302305.0;Bela Cruz;BELA CRUZ;Litoral Norte;Litoral Norte;LOTE 19;FREI HUMBERTO;Bela Cruz;1.0;21.0;1.0;21.0;0.0;0.0;4.0;4.0;25.0;2.5;COOPERATIVA DOS AGRICULTORES FAMILIARES DO BAIXO ACARAÚ;11016960000166.0;CAF Emitido;;;05/04/2023 10:20:41;13/12/2024 10:59:34;161.0;27.0;93,79;11016960000166
6249;INSTITUTO SEMENTES DA SUSTENTABILIDADE - ISS;1284772;20241203001339800;6023.5;2024-12-03;32623771000121;COOPERATIVA DE PRODUCAO E DE COMERCIALIZACAO DOS AGRICULTORES FAMILIARES E DOS PRODUTORES RURAIS DE SALITRE;Nota Fiscal;211;Gêneros Alimentícios ( Proteínas, Carboidratos, Hortaliças, Sódios e Lipídios);6023.5;470;6023.5;2024-12-04;4;1ªQuinzena;dez.;2024;Efetivada;32623771000121;32623771;0001;21;1;COORPARSAL;02;20190131;00;4632002;1066000,4632003,4930202,8211300,8230001;RUA;JOSE VALDO;SN;;ALTO ALEGRE;63155000;;;32623771000121;1273;2311959.0;Salitre;SALITRE;Cariri;Cariri;LOTE 25;VALE DO SALGADO INSTITUTO DE GESTÃO PÚBLICA;Salitre;3.0;26.0;3.0;26.0;0.0;0.0;5.0;5.0;31.0;3.1;COOPERATIVA DE PROD E DE COMERCIALIZAÇAO DOS AGRI FAMILIARES E DOS PROD RURAIS  ;32623771000121.0;CAF Emitido;UNICAFES;31/03/2026;09/01/2023 08:41:01;07/07/2025 08:47:46;42.0;31.0;100,00;32623771000121
6252;INSTITUTO SEMENTES DA SUSTENTABILIDADE - ISS;1284772;20241206001343000;3317.5;2024-12-06;11016960000166;COOPERATIVA DOS AGRICULTORES FAMILIARES DO BAIXO ACARAÚ;Nota Fiscal;211;Gêneros Alimentícios ( Proteínas, Carboidratos, Hortaliças, Sódios e Lipídios);3317.5;4335;3317.5;2024-12-09;9;1ªQuinzena;dez.;2024;Efetivada;11016960000166;11016960;0001;66;1;SEMENTES DA TERRA;02;20080526;00;1031700;0121101,0159801,1051100,1063500,1629301,1629302,2349499,4712100,4722901;RUA;PROFESSOR NICACIO;648;;CENTRO;62570000;;;11016960000166;1345;2302305.0;Bela Cruz;BELA CRUZ;Litoral Norte;Litoral Norte;LOTE 19;FREI HUMBERTO;Bela Cruz;1.0;21.0;1.0;21.0;0.0;0.0;4.0;4.0;25.0;2.5;COOPERATIVA DOS AGRICULTORES FAMILIARES DO BAIXO ACARAÚ;11016960000166.0;CAF Emitido;;;05/04/2023 10:20:41;13/12/2024 10:59:34;161.0;27.0;93,79;11016960000166
6256;INSTITUTO SEMENTES DA SUSTENTABILIDADE - ISS;1284772;20241220001353900;6023.5;2024-12-20;32623771000121;COOPERATIVA DE PRODUCAO E DE COMERCIALIZACAO DOS AGRICULTORES FAMILIARES E DOS PRODUTORES RURAIS DE SALITRE;Nota Fiscal;211;Gêneros Alimentícios ( Proteínas, Carboidratos, Hortaliças, Sódios e Lipídios);6023.5;473;6023.5;2024-12-23;23;2ªQuinzena;dez.;2024;Efetivada;32623771000121;32623771;0001;21;1;COORPARSAL;02;20190131;00;4632002;1066000,4632003,4930202,8211300,8230001;RUA;JOSE VALDO;SN;;ALTO ALEGRE;63155000;;;32623771000121;1273;2311959.0;Salitre;SALITRE;Cariri;Cariri;LOTE 25;VALE DO SALGADO INSTITUTO DE GESTÃO PÚBLICA;Salitre;3.0;26.0;3.0;26.0;0.0;0.0;5.0;5.0;31.0;3.1;COOPERATIVA DE PROD E DE COMERCIALIZAÇAO DOS AGRI FAMILIARES E DOS PROD RURAIS  ;32623771000121.0;CAF Emitido;UNICAFES;31/03/2026;09/01/2023 08:41:01;07/07/2025 08:47:46;42.0;31.0;100,00;32623771000121
6260;INSTITUTO SEMENTES DA SUSTENTABILIDADE - ISS;1284772;20241226001356700;6635.0;2024-12-26;11016960000166;COOPERATIVA DOS AGRICULTORES FAMILIARES DO BAIXO ACARAÚ;Nota Fiscal;211;Gêneros Alimentícios ( Proteínas, Carboidratos, Hortaliças, Sódios e Lipídios);6635.0;4370;6635.0;2024-12-27;27;2ªQuinzena;dez.;2024;Efetivada;11016960000166;11016960;0001;66;1;SEMENTES DA TERRA;02;20080526;00;1031700;0121101,0159801,1051100,1063500,1629301,1629302,2349499,4712100,4722901;RUA;PROFESSOR NICACIO;648;;CENTRO;62570000;;;11016960000166;1345;2302305.0;Bela Cruz;BELA CRUZ;Litoral Norte;Litoral Norte;LOTE 19;FREI HUMBERTO;Bela Cruz;1.0;21.0;1.0;21.0;0.0;0.0;4.0;4.0;25.0;2.5;COOPERATIVA DOS AGRICULTORES FAMILIARES DO BAIXO ACARAÚ;11016960000166.0;CAF Emitido;;;05/04/2023 10:20:41;13/12/2024 10:59:34;161.0;27.0;93,79;11016960000166
6261;INSTITUTO SEMENTES DA SUSTENTABILIDADE - ISS;1284772;20241230001358800;6023.5;2024-12-30;32623771000121;COOPERATIVA DE PRODUCAO E DE COMERCIALIZACAO DOS AGRICULTORES FAMILIARES E DOS PRODUTORES RURAIS DE SALITRE;Nota Fiscal;211;Gêneros Alimentícios ( Proteínas, Carboidratos, Hortaliças, Sódios e Lipídios);6023.5;475;6023.5;2025-01-02;2;1ªQuinzena;jan.;2025;Efetivada;32623771000121;32623771;0001;21;1;COORPARSAL;02;20190131;00;4632002;1066000,4632003,4930202,8211300,8230001;RUA;JOSE VALDO;SN;;ALTO ALEGRE;63155000;;;32623771000121;1273;2311959.0;Salitre;SALITRE;Cariri;Cariri;LOTE 25;VALE DO SALGADO INSTITUTO DE GESTÃO PÚBLICA;Salitre;3.0;26.0;3.0;26.0;0.0;0.0;5.0;5.0;31.0;3.1;COOPERATIVA DE PROD E DE COMERCIALIZAÇAO DOS AGRI FAMILIARES E DOS PROD RURAIS  ;32623771000121.0;CAF Emitido;UNICAFES;31/03/2026;09/01/2023 08:41:01;07/07/2025 08:47:46;42.0;31.0;100,00;32623771000121
6269;INSTITUTO SEMENTES DA SUSTENTABILIDADE - ISS;1284772;20250114001363800;6023.5;2025-01-14;32623771000121;COOPERATIVA DE PRODUCAO E DE COMERCIALIZACAO DOS AGRICULTORES FAMILIARES E DOS PRODUTORES RURAIS DE SALITRE;Nota Fiscal;211;Gêneros Alimentícios ( Proteínas, Carboidratos, Hortaliças, Sódios e Lipídios);6023.5;476;6023.5;2025-01-15;15;1ªQuinzena;jan.;2025;Efetivada;32623771000121;32623771;0001;21;1;COORPARSAL;02;20190131;00;4632002;1066000,4632003,4930202,8211300,8230001;RUA;JOSE VALDO;SN;;ALTO ALEGRE;63155000;;;32623771000121;1273;2311959.0;Salitre;SALITRE;Cariri;Cariri;LOTE 25;VALE DO SALGADO INSTITUTO DE GESTÃO PÚBLICA;Salitre;3.0;26.0;3.0;26.0;0.0;0.0;5.0;5.0;31.0;3.1;COOPERATIVA DE PROD E DE COMERCIALIZAÇAO DOS AGRI FAMILIARES E DOS PROD RURAIS  ;32623771000121.0;CAF Emitido;UNICAFES;31/03/2026;09/01/2023 08:41:01;07/07/2025 08:47:46;42.0;31.0;100,00;32623771000121
6273;INSTITUTO SEMENTES DA SUSTENTABILIDADE - ISS;1284772;20250130001370800;7285.5;2025-01-30;32623771000121;COOPERATIVA DE PRODUCAO E DE COMERCIALIZACAO DOS AGRICULTORES FAMILIARES E DOS PRODUTORES RURAIS DE SALITRE;Nota Fiscal;211;Gêneros Alimentícios ( Proteínas, Carboidratos, Hortaliças, Sódios e Lipídios);7285.5;477;7285.5;2025-01-31;31;2ªQuinzena;jan.;2025;Efetivada;32623771000121;32623771;0001;21;1;COORPARSAL;02;20190131;00;4632002;1066000,4632003,4930202,8211300,8230001;RUA;JOSE VALDO;SN;;ALTO ALEGRE;63155000;;;32623771000121;1273;2311959.0;Salitre;SALITRE;Cariri;Cariri;LOTE 25;VALE DO SALGADO INSTITUTO DE GESTÃO PÚBLICA;Salitre;3.0;26.0;3.0;26.0;0.0;0.0;5.0;5.0;31.0;3.1;COOPERATIVA DE PROD E DE COMERCIALIZAÇAO DOS AGRI FAMILIARES E DOS PROD RURAIS  ;32623771000121.0;CAF Emitido;UNICAFES;31/03/2026;09/01/2023 08:41:01;07/07/2025 08:47:46;42.0;31.0;100,00;32623771000121
6276;INSTITUTO SEMENTES DA SUSTENTABILIDADE - ISS;1284772;20250131001371800;6635.0;2025-01-31;11016960000166;COOPERATIVA DOS AGRICULTORES FAMILIARES DO BAIXO ACARAÚ;Nota Fiscal;211;Gêneros Alimentícios ( Proteínas, Carboidratos, Hortaliças, Sódios e Lipídios);6635.0;4375;6635.0;2025-02-03;3;1ªQuinzena;fev.;2025;Efetivada;11016960000166;11016960;0001;66;1;SEMENTES DA TERRA;02;20080526;00;1031700;0121101,0159801,1051100,1063500,1629301,1629302,2349499,4712100,4722901;RUA;PROFESSOR NICACIO;648;;CENTRO;62570000;;;11016960000166;1345;2302305.0;Bela Cruz;BELA CRUZ;Litoral Norte;Litoral Norte;LOTE 19;FREI HUMBERTO;Bela Cruz;1.0;21.0;1.0;21.0;0.0;0.0;4.0;4.0;25.0;2.5;COOPERATIVA DOS AGRICULTORES FAMILIARES DO BAIXO ACARAÚ;11016960000166.0;CAF Emitido;;;05/04/2023 10:20:41;13/12/2024 10:59:34;161.0;27.0;93,79;11016960000166
6284;INSTITUTO SEMENTES DA SUSTENTABILIDADE - ISS;1284772;20250218001377700;7285.5;2025-02-18;32623771000121;COOPERATIVA DE PRODUCAO E DE COMERCIALIZACAO DOS AGRICULTORES FAMILIARES E DOS PRODUTORES RURAIS DE SALITRE;Nota Fiscal;211;Gêneros Alimentícios ( Proteínas, Carboidratos, Hortaliças, Sódios e Lipídios);7285.5;480;7285.5;2025-02-19;19;2ªQuinzena;fev.;2025;Efetivada;32623771000121;32623771;0001;21;1;COORPARSAL;02;20190131;00;4632002;1066000,4632003,4930202,8211300,8230001;RUA;JOSE VALDO;SN;;ALTO ALEGRE;63155000;;;32623771000121;1273;2311959.0;Salitre;SALITRE;Cariri;Cariri;LOTE 25;VALE DO SALGADO INSTITUTO DE GESTÃO PÚBLICA;Salitre;3.0;26.0;3.0;26.0;0.0;0.0;5.0;5.0;31.0;3.1;COOPERATIVA DE PROD E DE COMERCIALIZAÇAO DOS AGRI FAMILIARES E DOS PROD RURAIS  ;32623771000121.0;CAF Emitido;UNICAFES;31/03/2026;09/01/2023 08:41:01;07/07/2025 08:47:46;42.0;31.0;100,00;32623771000121
6287;INSTITUTO SEMENTES DA SUSTENTABILIDADE - ISS;1284772;20250227001382400;8072.0;2025-02-27;11016960000166;COOPERATIVA DOS AGRICULTORES FAMILIARES DO BAIXO ACARAÚ;Nota Fiscal;211;Gêneros Alimentícios ( Proteínas, Carboidratos, Hortaliças, Sódios e Lipídios);8072.0;4383;8072.0;2025-02-28;28;2ªQuinzena;fev.;2025;Efetivada;11016960000166;11016960;0001;66;1;SEMENTES DA TERRA;02;20080526;00;1031700;0121101,0159801,1051100,1063500,1629301,1629302,2349499,4712100,4722901;RUA;PROFESSOR NICACIO;648;;CENTRO;62570000;;;11016960000166;1345;2302305.0;Bela Cruz;BELA CRUZ;Litoral Norte;Litoral Norte;LOTE 19;FREI HUMBERTO;Bela Cruz;1.0;21.0;1.0;21.0;0.0;0.0;4.0;4.0;25.0;2.5;COOPERATIVA DOS AGRICULTORES FAMILIARES DO BAIXO ACARAÚ;11016960000166.0;CAF Emitido;;;05/04/2023 10:20:41;13/12/2024 10:59:34;161.0;27.0;93,79;11016960000166
6295;INSTITUTO SEMENTES DA SUSTENTABILIDADE - ISS;1284772;20250311001387200;7285.5;2025-03-11;32623771000121;COOPERATIVA DE PRODUCAO E DE COMERCIALIZACAO DOS AGRICULTORES FAMILIARES E DOS PRODUTORES RURAIS DE SALITRE;Nota Fiscal;211;Gêneros Alimentícios ( Proteínas, Carboidratos, Hortaliças, Sódios e Lipídios);7285.5;486;7285.5;2025-03-12;12;1ªQuinzena;mar.;2025;Efetivada;32623771000121;32623771;0001;21;1;COORPARSAL;02;20190131;00;4632002;1066000,4632003,4930202,8211300,8230001;RUA;JOSE VALDO;SN;;ALTO ALEGRE;63155000;;;32623771000121;1273;2311959.0;Salitre;SALITRE;Cariri;Cariri;LOTE 25;VALE DO SALGADO INSTITUTO DE GESTÃO PÚBLICA;Salitre;3.0;26.0;3.0;26.0;0.0;0.0;5.0;5.0;31.0;3.1;COOPERATIVA DE PROD E DE COMERCIALIZAÇAO DOS AGRI FAMILIARES E DOS PROD RURAIS  ;32623771000121.0;CAF Emitido;UNICAFES;31/03/2026;09/01/2023 08:41:01;07/07/2025 08:47:46;42.0;31.0;100,00;32623771000121
6298;INSTITUTO SEMENTES DA SUSTENTABILIDADE - ISS;1284772;20250321001391000;7285.5;2025-03-21;32623771000121;COOPERATIVA DE PRODUCAO E DE COMERCIALIZACAO DOS AGRICULTORES FAMILIARES E DOS PRODUTORES RURAIS DE SALITRE;Nota Fiscal;211;Gêneros Alimentícios ( Proteínas, Carboidratos, Hortaliças, Sódios e Lipídios);7285.5;489;7285.5;2025-03-24;24;2ªQuinzena;mar.;2025;Efetivada;32623771000121;32623771;0001;21;1;COORPARSAL;02;20190131;00;4632002;1066000,4632003,4930202,8211300,8230001;RUA;JOSE VALDO;SN;;ALTO ALEGRE;63155000;;;32623771000121;1273;2311959.0;Salitre;SALITRE;Cariri;Cariri;LOTE 25;VALE DO SALGADO INSTITUTO DE GESTÃO PÚBLICA;Salitre;3.0;26.0;3.0;26.0;0.0;0.0;5.0;5.0;31.0;3.1;COOPERATIVA DE PROD E DE COMERCIALIZAÇAO DOS AGRI FAMILIARES E DOS PROD RURAIS  ;32623771000121.0;CAF Emitido;UNICAFES;31/03/2026;09/01/2023 08:41:01;07/07/2025 08:47:46;42.0;31.0;100,00;32623771000121
6301;INSTITUTO SEMENTES DA SUSTENTABILIDADE - ISS;1284772;20250401001396300;8072.0;2025-04-01;11016960000166;COOPERATIVA DOS AGRICULTORES FAMILIARES DO BAIXO ACARAÚ;Nota Fiscal;211;Gêneros Alimentícios ( Proteínas, Carboidratos, Hortaliças, Sódios e Lipídios);8072.0;4398;8072.0;2025-04-02;2;1ªQuinzena;abr.;2025;Efetivada;11016960000166;11016960;0001;66;1;SEMENTES DA TERRA;02;20080526;00;1031700;0121101,0159801,1051100,1063500,1629301,1629302,2349499,4712100,4722901;RUA;PROFESSOR NICACIO;648;;CENTRO;62570000;;;11016960000166;1345;2302305.0;Bela Cruz;BELA CRUZ;Litoral Norte;Litoral Norte;LOTE 19;FREI HUMBERTO;Bela Cruz;1.0;21.0;1.0;21.0;0.0;0.0;4.0;4.0;25.0;2.5;COOPERATIVA DOS AGRICULTORES FAMILIARES DO BAIXO ACARAÚ;11016960000166.0;CAF Emitido;;;05/04/2023 10:20:41;13/12/2024 10:59:34;161.0;27.0;93,79;11016960000166
6302;INSTITUTO SEMENTES DA SUSTENTABILIDADE - ISS;1284772;20250407001399100;7285.5;2025-04-07;32623771000121;COOPERATIVA DE PRODUCAO E DE COMERCIALIZACAO DOS AGRICULTORES FAMILIARES E DOS PRODUTORES RURAIS DE SALITRE;Nota Fiscal;211;Gêneros Alimentícios ( Proteínas, Carboidratos, Hortaliças, Sódios e Lipídios);7285.5;492;7285.5;2025-04-08;8;1ªQuinzena;abr.;2025;Efetivada;32623771000121;32623771;0001;21;1;COORPARSAL;02;20190131;00;4632002;1066000,4632003,4930202,8211300,8230001;RUA;JOSE VALDO;SN;;ALTO ALEGRE;63155000;;;32623771000121;1273;2311959.0;Salitre;SALITRE;Cariri;Cariri;LOTE 25;VALE DO SALGADO INSTITUTO DE GESTÃO PÚBLICA;Salitre;3.0;26.0;3.0;26.0;0.0;0.0;5.0;5.0;31.0;3.1;COOPERATIVA DE PROD E DE COMERCIALIZAÇAO DOS AGRI FAMILIARES E DOS PROD RURAIS  ;32623771000121.0;CAF Emitido;UNICAFES;31/03/2026;09/01/2023 08:41:01;07/07/2025 08:47:46;42.0;31.0;100,00;32623771000121
6313;INSTITUTO SEMENTES DA SUSTENTABILIDADE - ISS;1284772;20250424001405100;7285.5;2025-04-24;32623771000121;COOPERATIVA DE PRODUCAO E DE COMERCIALIZACAO DOS AGRICULTORES FAMILIARES E DOS PRODUTORES RURAIS DE SALITRE;Nota Fiscal;211;Gêneros Alimentícios ( Proteínas, Carboidratos, Hortaliças, Sódios e Lipídios);7285.5;495;7285.5;2025-04-25;25;2ªQuinzena;abr.;2025;Efetivada;32623771000121;32623771;0001;21;1;COORPARSAL;02;20190131;00;4632002;1066000,4632003,4930202,8211300,8230001;RUA;JOSE VALDO;SN;;ALTO ALEGRE;63155000;;;32623771000121;1273;2311959.0;Salitre;SALITRE;Cariri;Cariri;LOTE 25;VALE DO SALGADO INSTITUTO DE GESTÃO PÚBLICA;Salitre;3.0;26.0;3.0;26.0;0.0;0.0;5.0;5.0;31.0;3.1;COOPERATIVA DE PROD E DE COMERCIALIZAÇAO DOS AGRI FAMILIARES E DOS PROD RURAIS  ;32623771000121.0;CAF Emitido;UNICAFES;31/03/2026;09/01/2023 08:41:01;07/07/2025 08:47:46;42.0;31.0;100,00;32623771000121
6314;INSTITUTO SEMENTES DA SUSTENTABILIDADE - ISS;1284772;20250425001405600;8072.0;2025-04-25;11016960000166;COOPERATIVA DOS AGRICULTORES FAMILIARES DO BAIXO ACARAÚ;Nota Fiscal;211;Gêneros Alimentícios ( Proteínas, Carboidratos, Hortaliças, Sódios e Lipídios);8072.0;4481;8072.0;2025-04-28;28;2ªQuinzena;abr.;2025;Efetivada;11016960000166;11016960;0001;66;1;SEMENTES DA TERRA;02;20080526;00;1031700;0121101,0159801,1051100,1063500,1629301,1629302,2349499,4712100,4722901;RUA;PROFESSOR NICACIO;648;;CENTRO;62570000;;;11016960000166;1345;2302305.0;Bela Cruz;BELA CRUZ;Litoral Norte;Litoral Norte;LOTE 19;FREI HUMBERTO;Bela Cruz;1.0;21.0;1.0;21.0;0.0;0.0;4.0;4.0;25.0;2.5;COOPERATIVA DOS AGRICULTORES FAMILIARES DO BAIXO ACARAÚ;11016960000166.0;CAF Emitido;;;05/04/2023 10:20:41;13/12/2024 10:59:34;161.0;27.0;93,79;11016960000166
6323;INSTITUTO SEMENTES DA SUSTENTABILIDADE - ISS;1284772;20250509001412700;7285.5;2025-05-09;32623771000121;COOPERATIVA DE PRODUCAO E DE COMERCIALIZACAO DOS AGRICULTORES FAMILIARES E DOS PRODUTORES RURAIS DE SALITRE;Nota Fiscal;211;Gêneros Alimentícios ( Proteínas, Carboidratos, Hortaliças, Sódios e Lipídios);7285.5;496;7285.5;2025-05-12;12;1ªQuinzena;mai.;2025;Efetivada;32623771000121;32623771;0001;21;1;COORPARSAL;02;20190131;00;4632002;1066000,4632003,4930202,8211300,8230001;RUA;JOSE VALDO;SN;;ALTO ALEGRE;63155000;;;32623771000121;1273;2311959.0;Salitre;SALITRE;Cariri;Cariri;LOTE 25;VALE DO SALGADO INSTITUTO DE GESTÃO PÚBLICA;Salitre;3.0;26.0;3.0;26.0;0.0;0.0;5.0;5.0;31.0;3.1;COOPERATIVA DE PROD E DE COMERCIALIZAÇAO DOS AGRI FAMILIARES E DOS PROD RURAIS  ;32623771000121.0;CAF Emitido;UNICAFES;31/03/2026;09/01/2023 08:41:01;07/07/2025 08:47:46;42.0;31.0;100,00;32623771000121
6328;INSTITUTO SEMENTES DA SUSTENTABILIDADE - ISS;1284772;20250522001417000;8072.0;2025-05-22;11016960000166;COOPERATIVA DOS AGRICULTORES FAMILIARES DO BAIXO ACARAÚ;Nota Fiscal;211;Gêneros Alimentícios ( Proteínas, Carboidratos, Hortaliças, Sódios e Lipídios);8072.0;4532;8072.0;2025-05-23;23;2ªQuinzena;mai.;2025;Efetivada;11016960000166;11016960;0001;66;1;SEMENTES DA TERRA;02;20080526;00;1031700;0121101,0159801,1051100,1063500,1629301,1629302,2349499,4712100,4722901;RUA;PROFESSOR NICACIO;648;;CENTRO;62570000;;;11016960000166;1345;2302305.0;Bela Cruz;BELA CRUZ;Litoral Norte;Litoral Norte;LOTE 19;FREI HUMBERTO;Bela Cruz;1.0;21.0;1.0;21.0;0.0;0.0;4.0;4.0;25.0;2.5;COOPERATIVA DOS AGRICULTORES FAMILIARES DO BAIXO ACARAÚ;11016960000166.0;CAF Emitido;;;05/04/2023 10:20:41;13/12/2024 10:59:34;161.0;27.0;93,79;11016960000166
6330;INSTITUTO SEMENTES DA SUSTENTABILIDADE - ISS;1284772;20250527001419500;7285.5;2025-05-27;32623771000121;COOPERATIVA DE PRODUCAO E DE COMERCIALIZACAO DOS AGRICULTORES FAMILIARES E DOS PRODUTORES RURAIS DE SALITRE;Nota Fiscal;211;Gêneros Alimentícios ( Proteínas, Carboidratos, Hortaliças, Sódios e Lipídios);7285.5;497;7285.5;2025-05-28;28;2ªQuinzena;mai.;2025;Efetivada;32623771000121;32623771;0001;21;1;COORPARSAL;02;20190131;00;4632002;1066000,4632003,4930202,8211300,8230001;RUA;JOSE VALDO;SN;;ALTO ALEGRE;63155000;;;32623771000121;1273;2311959.0;Salitre;SALITRE;Cariri;Cariri;LOTE 25;VALE DO SALGADO INSTITUTO DE GESTÃO PÚBLICA;Salitre;3.0;26.0;3.0;26.0;0.0;0.0;5.0;5.0;31.0;3.1;COOPERATIVA DE PROD E DE COMERCIALIZAÇAO DOS AGRI FAMILIARES E DOS PROD RURAIS  ;32623771000121.0;CAF Emitido;UNICAFES;31/03/2026;09/01/2023 08:41:01;07/07/2025 08:47:46;42.0;31.0;100,00;32623771000121
6341;INSTITUTO SEMENTES DA SUSTENTABILIDADE - ISS;1284772;20250613001430800;7285.5;2025-06-13;32623771000121;COOPERATIVA DE PRODUCAO E DE COMERCIALIZACAO DOS AGRICULTORES FAMILIARES E DOS PRODUTORES RURAIS DE SALITRE;Nota Fiscal;211;Gêneros Alimentícios ( Proteínas, Carboidratos, Hortaliças, Sódios e Lipídios);7285.5;498;7285.5;2025-06-16;16;2ªQuinzena;jun.;2025;Efetivada;32623771000121;32623771;0001;21;1;COORPARSAL;02;20190131;00;4632002;1066000,4632003,4930202,8211300,8230001;RUA;JOSE VALDO;SN;;ALTO ALEGRE;63155000;;;32623771000121;1273;2311959.0;Salitre;SALITRE;Cariri;Cariri;LOTE 25;VALE DO SALGADO INSTITUTO DE GESTÃO PÚBLICA;Salitre;3.0;26.0;3.0;26.0;0.0;0.0;5.0;5.0;31.0;3.1;COOPERATIVA DE PROD E DE COMERCIALIZAÇAO DOS AGRI FAMILIARES E DOS PROD RURAIS  ;32623771000121.0;CAF Emitido;UNICAFES;31/03/2026;09/01/2023 08:41:01;07/07/2025 08:47:46;42.0;31.0;100,00;32623771000121
6348;INSTITUTO SEMENTES DA SUSTENTABILIDADE - ISS;1284772;20250626001434700;8072.0;2025-06-26;11016960000166;COOPERATIVA DOS AGRICULTORES FAMILIARES DO BAIXO ACARAÚ;Nota Fiscal;211;Gêneros Alimentícios ( Proteínas, Carboidratos, Hortaliças, Sódios e Lipídios);8072.0;4621;8072.0;2025-06-27;27;2ªQuinzena;jun.;2025;Efetivada;11016960000166;11016960;0001;66;1;SEMENTES DA TERRA;02;20080526;00;1031700;0121101,0159801,1051100,1063500,1629301,1629302,2349499,4712100,4722901;RUA;PROFESSOR NICACIO;648;;CENTRO;62570000;;;11016960000166;1345;2302305.0;Bela Cruz;BELA CRUZ;Litoral Norte;Litoral Norte;LOTE 19;FREI HUMBERTO;Bela Cruz;1.0;21.0;1.0;21.0;0.0;0.0;4.0;4.0;25.0;2.5;COOPERATIVA DOS AGRICULTORES FAMILIARES DO BAIXO ACARAÚ;11016960000166.0;CAF Emitido;;;05/04/2023 10:20:41;13/12/2024 10:59:34;161.0;27.0;93,79;11016960000166
6440;INSTITUTO DE ARTE, CULTURA, LAZER E EDUCAÇÃO;1285431;20240117001168500;2972.0;2024-01-17;17071170000160;COOPERATIVA SERTANEJA CEARENSE - FAPE;Nota Fiscal;211;Gêneros Alimentícios ( Proteínas, Carboidratos, Hortaliças, Sódios e Lipídios);2972.0;7104;2972.0;2024-01-18;18;2ªQuinzena;jan.;2024;Efetivada;17071170000160;17071170;0001;60;1;FAPE;02;20121025;00;4724500;0119999,0122900,0159801,1031700,1042200,1051100,1052000,1064300,1065101,1065103,1071600,1091101,4623199,4631100,4633801,4637104,4721102,4789099,8211300;RUA;ROMEU MARTINS;446;;CENTRO;62700000;;;17071170000160;1355;2302800.0;Canindé;CANINDÉ;Sertão de Canindé;Sertão de Canindé;LOTE 32;CACTUS;Canindé;10.0;31.0;10.0;31.0;0.0;0.0;2.0;2.0;33.0;3.3;COOPERATIVA SERTANEJA CEARENSE FAPE;17071170000160.0;Processo Enviado;OCB;22/07/2027;06/02/2025 15:13:33;23/05/2025 10:54:40;294.0;42.0;97,62;17071170000160
6441;INSTITUTO DE ARTE, CULTURA, LAZER E EDUCAÇÃO;1285431;20240117001168500;6650.76;2024-01-17;17071170000160;COOPERATIVA SERTANEJA CEARENSE - FAPE;Nota Fiscal;211;Gêneros Alimentícios ( Proteínas, Carboidratos, Hortaliças, Sódios e Lipídios);6650.76;7105;6650.76;2024-01-18;18;2ªQuinzena;jan.;2024;Efetivada;17071170000160;17071170;0001;60;1;FAPE;02;20121025;00;4724500;0119999,0122900,0159801,1031700,1042200,1051100,1052000,1064300,1065101,1065103,1071600,1091101,4623199,4631100,4633801,4637104,4721102,4789099,8211300;RUA;ROMEU MARTINS;446;;CENTRO;62700000;;;17071170000160;1355;2302800.0;Canindé;CANINDÉ;Sertão de Canindé;Sertão de Canindé;LOTE 32;CACTUS;Canindé;10.0;31.0;10.0;31.0;0.0;0.0;2.0;2.0;33.0;3.3;COOPERATIVA SERTANEJA CEARENSE FAPE;17071170000160.0;Processo Enviado;OCB;22/07/2027;06/02/2025 15:13:33;23/05/2025 10:54:40;294.0;42.0;97,62;17071170000160
6442;INSTITUTO DE ARTE, CULTURA, LAZER E EDUCAÇÃO;1285431;20240117001168500;5943.15;2024-01-17;17071170000160;COOPERATIVA SERTANEJA CEARENSE - FAPE;Nota Fiscal;211;Gêneros Alimentícios ( Proteínas, Carboidratos, Hortaliças, Sódios e Lipídios);5943.15;7106;5943.15;2024-01-18;18;2ªQuinzena;jan.;2024;Efetivada;17071170000160;17071170;0001;60;1;FAPE;02;20121025;00;4724500;0119999,0122900,0159801,1031700,1042200,1051100,1052000,1064300,1065101,1065103,1071600,1091101,4623199,4631100,4633801,4637104,4721102,4789099,8211300;RUA;ROMEU MARTINS;446;;CENTRO;62700000;;;17071170000160;1355;2302800.0;Canindé;CANINDÉ;Sertão de Canindé;Sertão de Canindé;LOTE 32;CACTUS;Canindé;10.0;31.0;10.0;31.0;0.0;0.0;2.0;2.0;33.0;3.3;COOPERATIVA SERTANEJA CEARENSE FAPE;17071170000160.0;Processo Enviado;OCB;22/07/2027;06/02/2025 15:13:33;23/05/2025 10:54:40;294.0;42.0;97,62;17071170000160
6443;INSTITUTO DE ARTE, CULTURA, LAZER E EDUCAÇÃO;1285431;20240117001168500;4396.35;2024-01-17;17071170000160;COOPERATIVA SERTANEJA CEARENSE - FAPE;Nota Fiscal;211;Gêneros Alimentícios ( Proteínas, Carboidratos, Hortaliças, Sódios e Lipídios);4396.35;7107;4396.35;2024-01-18;18;2ªQuinzena;jan.;2024;Efetivada;17071170000160;17071170;0001;60;1;FAPE;02;20121025;00;4724500;0119999,0122900,0159801,1031700,1042200,1051100,1052000,1064300,1065101,1065103,1071600,1091101,4623199,4631100,4633801,4637104,4721102,4789099,8211300;RUA;ROMEU MARTINS;446;;CENTRO;62700000;;;17071170000160;1355;2302800.0;Canindé;CANINDÉ;Sertão de Canindé;Sertão de Canindé;LOTE 32;CACTUS;Canindé;10.0;31.0;10.0;31.0;0.0;0.0;2.0;2.0;33.0;3.3;COOPERATIVA SERTANEJA CEARENSE FAPE;17071170000160.0;Processo Enviado;OCB;22/07/2027;06/02/2025 15:13:33;23/05/2025 10:54:40;294.0;42.0;97,62;17071170000160
6444;INSTITUTO DE ARTE, CULTURA, LAZER E EDUCAÇÃO;1285431;20240117001168500;10828.8;2024-01-17;17071170000160;COOPERATIVA SERTANEJA CEARENSE - FAPE;Nota Fiscal;211;Gêneros Alimentícios ( Proteínas, Carboidratos, Hortaliças, Sódios e Lipídios);10828.8;7108;10828.8;2024-01-18;18;2ªQuinzena;jan.;2024;Efetivada;17071170000160;17071170;0001;60;1;FAPE;02;20121025;00;4724500;0119999,0122900,0159801,1031700,1042200,1051100,1052000,1064300,1065101,1065103,1071600,1091101,4623199,4631100,4633801,4637104,4721102,4789099,8211300;RUA;ROMEU MARTINS;446;;CENTRO;62700000;;;17071170000160;1355;2302800.0;Canindé;CANINDÉ;Sertão de Canindé;Sertão de Canindé;LOTE 32;CACTUS;Canindé;10.0;31.0;10.0;31.0;0.0;0.0;2.0;2.0;33.0;3.3;COOPERATIVA SERTANEJA CEARENSE FAPE;17071170000160.0;Processo Enviado;OCB;22/07/2027;06/02/2025 15:13:33;23/05/2025 10:54:40;294.0;42.0;97,62;17071170000160
6445;INSTITUTO DE ARTE, CULTURA, LAZER E EDUCAÇÃO;1285431;20240117001168500;4534.35;2024-01-17;17071170000160;COOPERATIVA SERTANEJA CEARENSE - FAPE;Nota Fiscal;211;Gêneros Alimentícios ( Proteínas, Carboidratos, Hortaliças, Sódios e Lipídios);4534.35;7109;4534.35;2024-01-18;18;2ªQuinzena;jan.;2024;Efetivada;17071170000160;17071170;0001;60;1;FAPE;02;20121025;00;4724500;0119999,0122900,0159801,1031700,1042200,1051100,1052000,1064300,1065101,1065103,1071600,1091101,4623199,4631100,4633801,4637104,4721102,4789099,8211300;RUA;ROMEU MARTINS;446;;CENTRO;62700000;;;17071170000160;1355;2302800.0;Canindé;CANINDÉ;Sertão de Canindé;Sertão de Canindé;LOTE 32;CACTUS;Canindé;10.0;31.0;10.0;31.0;0.0;0.0;2.0;2.0;33.0;3.3;COOPERATIVA SERTANEJA CEARENSE FAPE;17071170000160.0;Processo Enviado;OCB;22/07/2027;06/02/2025 15:13:33;23/05/2025 10:54:40;294.0;42.0;97,62;17071170000160
6488;INSTITUTO DE ARTE, CULTURA, LAZER E EDUCAÇÃO;1285431;20240209001181800;1588.05;2024-02-09;17071170000160;COOPERATIVA SERTANEJA CEARENSE - FAPE;Nota Fiscal;211;Gêneros Alimentícios ( Proteínas, Carboidratos, Hortaliças, Sódios e Lipídios);1588.05;7195;1588.05;2024-02-14;14;1ªQuinzena;fev.;2024;Efetivada;17071170000160;17071170;0001;60;1;FAPE;02;20121025;00;4724500;0119999,0122900,0159801,1031700,1042200,1051100,1052000,1064300,1065101,1065103,1071600,1091101,4623199,4631100,4633801,4637104,4721102,4789099,8211300;RUA;ROMEU MARTINS;446;;CENTRO;62700000;;;17071170000160;1355;2302800.0;Canindé;CANINDÉ;Sertão de Canindé;Sertão de Canindé;LOTE 32;CACTUS;Canindé;10.0;31.0;10.0;31.0;0.0;0.0;2.0;2.0;33.0;3.3;COOPERATIVA SERTANEJA CEARENSE FAPE;17071170000160.0;Processo Enviado;OCB;22/07/2027;06/02/2025 15:13:33;23/05/2025 10:54:40;294.0;42.0;97,62;17071170000160
6489;INSTITUTO DE ARTE, CULTURA, LAZER E EDUCAÇÃO;1285431;20240209001181800;3776.88;2024-02-09;17071170000160;COOPERATIVA SERTANEJA CEARENSE - FAPE;Nota Fiscal;211;Gêneros Alimentícios ( Proteínas, Carboidratos, Hortaliças, Sódios e Lipídios);3776.88;7196;3776.88;2024-02-14;14;1ªQuinzena;fev.;2024;Efetivada;17071170000160;17071170;0001;60;1;FAPE;02;20121025;00;4724500;0119999,0122900,0159801,1031700,1042200,1051100,1052000,1064300,1065101,1065103,1071600,1091101,4623199,4631100,4633801,4637104,4721102,4789099,8211300;RUA;ROMEU MARTINS;446;;CENTRO;62700000;;;17071170000160;1355;2302800.0;Canindé;CANINDÉ;Sertão de Canindé;Sertão de Canindé;LOTE 32;CACTUS;Canindé;10.0;31.0;10.0;31.0;0.0;0.0;2.0;2.0;33.0;3.3;COOPERATIVA SERTANEJA CEARENSE FAPE;17071170000160.0;Processo Enviado;OCB;22/07/2027;06/02/2025 15:13:33;23/05/2025 10:54:40;294.0;42.0;97,62;17071170000160
6490;INSTITUTO DE ARTE, CULTURA, LAZER E EDUCAÇÃO;1285431;20240209001181800;2117.4;2024-02-09;17071170000160;COOPERATIVA SERTANEJA CEARENSE - FAPE;Nota Fiscal;211;Gêneros Alimentícios ( Proteínas, Carboidratos, Hortaliças, Sódios e Lipídios);2117.4;7198;2117.4;2024-02-14;14;1ªQuinzena;fev.;2024;Efetivada;17071170000160;17071170;0001;60;1;FAPE;02;20121025;00;4724500;0119999,0122900,0159801,1031700,1042200,1051100,1052000,1064300,1065101,1065103,1071600,1091101,4623199,4631100,4633801,4637104,4721102,4789099,8211300;RUA;ROMEU MARTINS;446;;CENTRO;62700000;;;17071170000160;1355;2302800.0;Canindé;CANINDÉ;Sertão de Canindé;Sertão de Canindé;LOTE 32;CACTUS;Canindé;10.0;31.0;10.0;31.0;0.0;0.0;2.0;2.0;33.0;3.3;COOPERATIVA SERTANEJA CEARENSE FAPE;17071170000160.0;Processo Enviado;OCB;22/07/2027;06/02/2025 15:13:33;23/05/2025 10:54:40;294.0;42.0;97,62;17071170000160
6491;INSTITUTO DE ARTE, CULTURA, LAZER E EDUCAÇÃO;1285431;20240209001181800;1883.4;2024-02-09;17071170000160;COOPERATIVA SERTANEJA CEARENSE - FAPE;Nota Fiscal;211;Gêneros Alimentícios ( Proteínas, Carboidratos, Hortaliças, Sódios e Lipídios);1883.4;7199;1883.4;2024-02-14;14;1ªQuinzena;fev.;2024;Efetivada;17071170000160;17071170;0001;60;1;FAPE;02;20121025;00;4724500;0119999,0122900,0159801,1031700,1042200,1051100,1052000,1064300,1065101,1065103,1071600,1091101,4623199,4631100,4633801,4637104,4721102,4789099,8211300;RUA;ROMEU MARTINS;446;;CENTRO;62700000;;;17071170000160;1355;2302800.0;Canindé;CANINDÉ;Sertão de Canindé;Sertão de Canindé;LOTE 32;CACTUS;Canindé;10.0;31.0;10.0;31.0;0.0;0.0;2.0;2.0;33.0;3.3;COOPERATIVA SERTANEJA CEARENSE FAPE;17071170000160.0;Processo Enviado;OCB;22/07/2027;06/02/2025 15:13:33;23/05/2025 10:54:40;294.0;42.0;97,62;17071170000160
6492;INSTITUTO DE ARTE, CULTURA, LAZER E EDUCAÇÃO;1285431;20240209001181800;1034.6;2024-02-09;17071170000160;COOPERATIVA SERTANEJA CEARENSE - FAPE;Nota Fiscal;211;Gêneros Alimentícios ( Proteínas, Carboidratos, Hortaliças, Sódios e Lipídios);1034.6;7200;1034.6;2024-02-14;14;1ªQuinzena;fev.;2024;Efetivada;17071170000160;17071170;0001;60;1;FAPE;02;20121025;00;4724500;0119999,0122900,0159801,1031700,1042200,1051100,1052000,1064300,1065101,1065103,1071600,1091101,4623199,4631100,4633801,4637104,4721102,4789099,8211300;RUA;ROMEU MARTINS;446;;CENTRO;62700000;;;17071170000160;1355;2302800.0;Canindé;CANINDÉ;Sertão de Canindé;Sertão de Canindé;LOTE 32;CACTUS;Canindé;10.0;31.0;10.0;31.0;0.0;0.0;2.0;2.0;33.0;3.3;COOPERATIVA SERTANEJA CEARENSE FAPE;17071170000160.0;Processo Enviado;OCB;22/07/2027;06/02/2025 15:13:33;23/05/2025 10:54:40;294.0;42.0;97,62;17071170000160
6493;INSTITUTO DE ARTE, CULTURA, LAZER E EDUCAÇÃO;1285431;20240209001181800;1516.05;2024-02-09;17071170000160;COOPERATIVA SERTANEJA CEARENSE - FAPE;Nota Fiscal;211;Gêneros Alimentícios ( Proteínas, Carboidratos, Hortaliças, Sódios e Lipídios);1516.05;7201;1516.05;2024-02-14;14;1ªQuinzena;fev.;2024;Efetivada;17071170000160;17071170;0001;60;1;FAPE;02;20121025;00;4724500;0119999,0122900,0159801,1031700,1042200,1051100,1052000,1064300,1065101,1065103,1071600,1091101,4623199,4631100,4633801,4637104,4721102,4789099,8211300;RUA;ROMEU MARTINS;446;;CENTRO;62700000;;;17071170000160;1355;2302800.0;Canindé;CANINDÉ;Sertão de Canindé;Sertão de Canindé;LOTE 32;CACTUS;Canindé;10.0;31.0;10.0;31.0;0.0;0.0;2.0;2.0;33.0;3.3;COOPERATIVA SERTANEJA CEARENSE FAPE;17071170000160.0;Processo Enviado;OCB;22/07/2027;06/02/2025 15:13:33;23/05/2025 10:54:40;294.0;42.0;97,62;17071170000160
6498;INSTITUTO DE ARTE, CULTURA, LAZER E EDUCAÇÃO;1285431;20240219001184400;3304.7;2024-02-19;17071170000160;COOPERATIVA SERTANEJA CEARENSE - FAPE;Nota Fiscal;211;Gêneros Alimentícios ( Proteínas, Carboidratos, Hortaliças, Sódios e Lipídios);3304.7;7130;3304.7;2024-02-20;20;2ªQuinzena;fev.;2024;Efetivada;17071170000160;17071170;0001;60;1;FAPE;02;20121025;00;4724500;0119999,0122900,0159801,1031700,1042200,1051100,1052000,1064300,1065101,1065103,1071600,1091101,4623199,4631100,4633801,4637104,4721102,4789099,8211300;RUA;ROMEU MARTINS;446;;CENTRO;62700000;;;17071170000160;1355;2302800.0;Canindé;CANINDÉ;Sertão de Canindé;Sertão de Canindé;LOTE 32;CACTUS;Canindé;10.0;31.0;10.0;31.0;0.0;0.0;2.0;2.0;33.0;3.3;COOPERATIVA SERTANEJA CEARENSE FAPE;17071170000160.0;Processo Enviado;OCB;22/07/2027;06/02/2025 15:13:33;23/05/2025 10:54:40;294.0;42.0;97,62;17071170000160
6499;INSTITUTO DE ARTE, CULTURA, LAZER E EDUCAÇÃO;1285431;20240219001184400;4520.25;2024-02-19;17071170000160;COOPERATIVA SERTANEJA CEARENSE - FAPE;Nota Fiscal;211;Gêneros Alimentícios ( Proteínas, Carboidratos, Hortaliças, Sódios e Lipídios);4520.25;7122;4520.25;2024-02-20;20;2ªQuinzena;fev.;2024;Efetivada;17071170000160;17071170;0001;60;1;FAPE;02;20121025;00;4724500;0119999,0122900,0159801,1031700,1042200,1051100,1052000,1064300,1065101,1065103,1071600,1091101,4623199,4631100,4633801,4637104,4721102,4789099,8211300;RUA;ROMEU MARTINS;446;;CENTRO;62700000;;;17071170000160;1355;2302800.0;Canindé;CANINDÉ;Sertão de Canindé;Sertão de Canindé;LOTE 32;CACTUS;Canindé;10.0;31.0;10.0;31.0;0.0;0.0;2.0;2.0;33.0;3.3;COOPERATIVA SERTANEJA CEARENSE FAPE;17071170000160.0;Processo Enviado;OCB;22/07/2027;06/02/2025 15:13:33;23/05/2025 10:54:40;294.0;42.0;97,62;17071170000160
6500;INSTITUTO DE ARTE, CULTURA, LAZER E EDUCAÇÃO;1285431;20240219001184400;9037.25;2024-02-19;17071170000160;COOPERATIVA SERTANEJA CEARENSE - FAPE;Nota Fiscal;211;Gêneros Alimentícios ( Proteínas, Carboidratos, Hortaliças, Sódios e Lipídios);9037.25;7124;9037.25;2024-02-20;20;2ªQuinzena;fev.;2024;Efetivada;17071170000160;17071170;0001;60;1;FAPE;02;20121025;00;4724500;0119999,0122900,0159801,1031700,1042200,1051100,1052000,1064300,1065101,1065103,1071600,1091101,4623199,4631100,4633801,4637104,4721102,4789099,8211300;RUA;ROMEU MARTINS;446;;CENTRO;62700000;;;17071170000160;1355;2302800.0;Canindé;CANINDÉ;Sertão de Canindé;Sertão de Canindé;LOTE 32;CACTUS;Canindé;10.0;31.0;10.0;31.0;0.0;0.0;2.0;2.0;33.0;3.3;COOPERATIVA SERTANEJA CEARENSE FAPE;17071170000160.0;Processo Enviado;OCB;22/07/2027;06/02/2025 15:13:33;23/05/2025 10:54:40;294.0;42.0;97,62;17071170000160
6501;INSTITUTO DE ARTE, CULTURA, LAZER E EDUCAÇÃO;1285431;20240219001184400;3388.7;2024-02-19;17071170000160;COOPERATIVA SERTANEJA CEARENSE - FAPE;Nota Fiscal;211;Gêneros Alimentícios ( Proteínas, Carboidratos, Hortaliças, Sódios e Lipídios);3388.7;7120;3388.7;2024-02-20;20;2ªQuinzena;fev.;2024;Efetivada;17071170000160;17071170;0001;60;1;FAPE;02;20121025;00;4724500;0119999,0122900,0159801,1031700,1042200,1051100,1052000,1064300,1065101,1065103,1071600,1091101,4623199,4631100,4633801,4637104,4721102,4789099,8211300;RUA;ROMEU MARTINS;446;;CENTRO;62700000;;;17071170000160;1355;2302800.0;Canindé;CANINDÉ;Sertão de Canindé;Sertão de Canindé;LOTE 32;CACTUS;Canindé;10.0;31.0;10.0;31.0;0.0;0.0;2.0;2.0;33.0;3.3;COOPERATIVA SERTANEJA CEARENSE FAPE;17071170000160.0;Processo Enviado;OCB;22/07/2027;06/02/2025 15:13:33;23/05/2025 10:54:40;294.0;42.0;97,62;17071170000160
6503;INSTITUTO DE ARTE, CULTURA, LAZER E EDUCAÇÃO;1285431;20240219001184400;4520.6;2024-02-19;17071170000160;COOPERATIVA SERTANEJA CEARENSE - FAPE;Nota Fiscal;211;Gêneros Alimentícios ( Proteínas, Carboidratos, Hortaliças, Sódios e Lipídios);4520.6;7126;4520.6;2024-02-20;20;2ªQuinzena;fev.;2024;Efetivada;17071170000160;17071170;0001;60;1;FAPE;02;20121025;00;4724500;0119999,0122900,0159801,1031700,1042200,1051100,1052000,1064300,1065101,1065103,1071600,1091101,4623199,4631100,4633801,4637104,4721102,4789099,8211300;RUA;ROMEU MARTINS;446;;CENTRO;62700000;;;17071170000160;1355;2302800.0;Canindé;CANINDÉ;Sertão de Canindé;Sertão de Canindé;LOTE 32;CACTUS;Canindé;10.0;31.0;10.0;31.0;0.0;0.0;2.0;2.0;33.0;3.3;COOPERATIVA SERTANEJA CEARENSE FAPE;17071170000160.0;Processo Enviado;OCB;22/07/2027;06/02/2025 15:13:33;23/05/2025 10:54:40;294.0;42.0;97,62;17071170000160
6505;INSTITUTO DE ARTE, CULTURA, LAZER E EDUCAÇÃO;1285431;20240219001184400;2235.8;2024-02-19;17071170000160;COOPERATIVA SERTANEJA CEARENSE - FAPE;Nota Fiscal;211;Gêneros Alimentícios ( Proteínas, Carboidratos, Hortaliças, Sódios e Lipídios);2235.8;7128;2235.8;2024-02-20;20;2ªQuinzena;fev.;2024;Efetivada;17071170000160;17071170;0001;60;1;FAPE;02;20121025;00;4724500;0119999,0122900,0159801,1031700,1042200,1051100,1052000,1064300,1065101,1065103,1071600,1091101,4623199,4631100,4633801,4637104,4721102,4789099,8211300;RUA;ROMEU MARTINS;446;;CENTRO;62700000;;;17071170000160;1355;2302800.0;Canindé;CANINDÉ;Sertão de Canindé;Sertão de Canindé;LOTE 32;CACTUS;Canindé;10.0;31.0;10.0;31.0;0.0;0.0;2.0;2.0;33.0;3.3;COOPERATIVA SERTANEJA CEARENSE FAPE;17071170000160.0;Processo Enviado;OCB;22/07/2027;06/02/2025 15:13:33;23/05/2025 10:54:40;294.0;42.0;97,62;17071170000160
6523;INSTITUTO DE ARTE, CULTURA, LAZER E EDUCAÇÃO;1285431;20240223001187500;14408.43;2024-02-23;17071170000160;COOPERATIVA SERTANEJA CEARENSE - FAPE;Nota Fiscal;211;Gêneros Alimentícios ( Proteínas, Carboidratos, Hortaliças, Sódios e Lipídios);14408.43;7226;14408.43;2024-02-26;26;2ªQuinzena;fev.;2024;Efetivada;17071170000160;17071170;0001;60;1;FAPE;02;20121025;00;4724500;0119999,0122900,0159801,1031700,1042200,1051100,1052000,1064300,1065101,1065103,1071600,1091101,4623199,4631100,4633801,4637104,4721102,4789099,8211300;RUA;ROMEU MARTINS;446;;CENTRO;62700000;;;17071170000160;1355;2302800.0;Canindé;CANINDÉ;Sertão de Canindé;Sertão de Canindé;LOTE 32;CACTUS;Canindé;10.0;31.0;10.0;31.0;0.0;0.0;2.0;2.0;33.0;3.3;COOPERATIVA SERTANEJA CEARENSE FAPE;17071170000160.0;Processo Enviado;OCB;22/07/2027;06/02/2025 15:13:33;23/05/2025 10:54:40;294.0;42.0;97,62;17071170000160
6524;INSTITUTO DE ARTE, CULTURA, LAZER E EDUCAÇÃO;1285431;20240223001187500;10788.65;2024-02-23;17071170000160;COOPERATIVA SERTANEJA CEARENSE - FAPE;Nota Fiscal;211;Gêneros Alimentícios ( Proteínas, Carboidratos, Hortaliças, Sódios e Lipídios);10788.65;7227;10788.65;2024-02-26;26;2ªQuinzena;fev.;2024;Efetivada;17071170000160;17071170;0001;60;1;FAPE;02;20121025;00;4724500;0119999,0122900,0159801,1031700,1042200,1051100,1052000,1064300,1065101,1065103,1071600,1091101,4623199,4631100,4633801,4637104,4721102,4789099,8211300;RUA;ROMEU MARTINS;446;;CENTRO;62700000;;;17071170000160;1355;2302800.0;Canindé;CANINDÉ;Sertão de Canindé;Sertão de Canindé;LOTE 32;CACTUS;Canindé;10.0;31.0;10.0;31.0;0.0;0.0;2.0;2.0;33.0;3.3;COOPERATIVA SERTANEJA CEARENSE FAPE;17071170000160.0;Processo Enviado;OCB;22/07/2027;06/02/2025 15:13:33;23/05/2025 10:54:40;294.0;42.0;97,62;17071170000160
6525;INSTITUTO DE ARTE, CULTURA, LAZER E EDUCAÇÃO;1285431;20240223001187500;11052.63;2024-02-23;17071170000160;COOPERATIVA SERTANEJA CEARENSE - FAPE;Nota Fiscal;211;Gêneros Alimentícios ( Proteínas, Carboidratos, Hortaliças, Sódios e Lipídios);11052.63;7225;11052.63;2024-02-26;26;2ªQuinzena;fev.;2024;Efetivada;17071170000160;17071170;0001;60;1;FAPE;02;20121025;00;4724500;0119999,0122900,0159801,1031700,1042200,1051100,1052000,1064300,1065101,1065103,1071600,1091101,4623199,4631100,4633801,4637104,4721102,4789099,8211300;RUA;ROMEU MARTINS;446;;CENTRO;62700000;;;17071170000160;1355;2302800.0;Canindé;CANINDÉ;Sertão de Canindé;Sertão de Canindé;LOTE 32;CACTUS;Canindé;10.0;31.0;10.0;31.0;0.0;0.0;2.0;2.0;33.0;3.3;COOPERATIVA SERTANEJA CEARENSE FAPE;17071170000160.0;Processo Enviado;OCB;22/07/2027;06/02/2025 15:13:33;23/05/2025 10:54:40;294.0;42.0;97,62;17071170000160
6526;INSTITUTO DE ARTE, CULTURA, LAZER E EDUCAÇÃO;1285431;20240223001187500;6663.7;2024-02-23;17071170000160;COOPERATIVA SERTANEJA CEARENSE - FAPE;Nota Fiscal;211;Gêneros Alimentícios ( Proteínas, Carboidratos, Hortaliças, Sódios e Lipídios);6663.7;7228;6663.7;2024-02-26;26;2ªQuinzena;fev.;2024;Efetivada;17071170000160;17071170;0001;60;1;FAPE;02;20121025;00;4724500;0119999,0122900,0159801,1031700,1042200,1051100,1052000,1064300,1065101,1065103,1071600,1091101,4623199,4631100,4633801,4637104,4721102,4789099,8211300;RUA;ROMEU MARTINS;446;;CENTRO;62700000;;;17071170000160;1355;2302800.0;Canindé;CANINDÉ;Sertão de Canindé;Sertão de Canindé;LOTE 32;CACTUS;Canindé;10.0;31.0;10.0;31.0;0.0;0.0;2.0;2.0;33.0;3.3;COOPERATIVA SERTANEJA CEARENSE FAPE;17071170000160.0;Processo Enviado;OCB;22/07/2027;06/02/2025 15:13:33;23/05/2025 10:54:40;294.0;42.0;97,62;17071170000160
6527;INSTITUTO DE ARTE, CULTURA, LAZER E EDUCAÇÃO;1285431;20240223001187500;14408.41;2024-02-23;17071170000160;COOPERATIVA SERTANEJA CEARENSE - FAPE;Nota Fiscal;211;Gêneros Alimentícios ( Proteínas, Carboidratos, Hortaliças, Sódios e Lipídios);14408.41;7229;14408.41;2024-02-26;26;2ªQuinzena;fev.;2024;Efetivada;17071170000160;17071170;0001;60;1;FAPE;02;20121025;00;4724500;0119999,0122900,0159801,1031700,1042200,1051100,1052000,1064300,1065101,1065103,1071600,1091101,4623199,4631100,4633801,4637104,4721102,4789099,8211300;RUA;ROMEU MARTINS;446;;CENTRO;62700000;;;17071170000160;1355;2302800.0;Canindé;CANINDÉ;Sertão de Canindé;Sertão de Canindé;LOTE 32;CACTUS;Canindé;10.0;31.0;10.0;31.0;0.0;0.0;2.0;2.0;33.0;3.3;COOPERATIVA SERTANEJA CEARENSE FAPE;17071170000160.0;Processo Enviado;OCB;22/07/2027;06/02/2025 15:13:33;23/05/2025 10:54:40;294.0;42.0;97,62;17071170000160
6528;INSTITUTO DE ARTE, CULTURA, LAZER E EDUCAÇÃO;1285431;20240223001187500;29337.6;2024-02-23;17071170000160;COOPERATIVA SERTANEJA CEARENSE - FAPE;Nota Fiscal;211;Gêneros Alimentícios ( Proteínas, Carboidratos, Hortaliças, Sódios e Lipídios);29337.6;7230;29337.6;2024-02-26;26;2ªQuinzena;fev.;2024;Efetivada;17071170000160;17071170;0001;60;1;FAPE;02;20121025;00;4724500;0119999,0122900,0159801,1031700,1042200,1051100,1052000,1064300,1065101,1065103,1071600,1091101,4623199,4631100,4633801,4637104,4721102,4789099,8211300;RUA;ROMEU MARTINS;446;;CENTRO;62700000;;;17071170000160;1355;2302800.0;Canindé;CANINDÉ;Sertão de Canindé;Sertão de Canindé;LOTE 32;CACTUS;Canindé;10.0;31.0;10.0;31.0;0.0;0.0;2.0;2.0;33.0;3.3;COOPERATIVA SERTANEJA CEARENSE FAPE;17071170000160.0;Processo Enviado;OCB;22/07/2027;06/02/2025 15:13:33;23/05/2025 10:54:40;294.0;42.0;97,62;17071170000160
6531;INSTITUTO DE ARTE, CULTURA, LAZER E EDUCAÇÃO;1285431;20240228001189700;8362.31;2024-02-28;17071170000160;COOPERATIVA SERTANEJA CEARENSE - FAPE;Nota Fiscal;211;Gêneros Alimentícios ( Proteínas, Carboidratos, Hortaliças, Sódios e Lipídios);8362.31;7253;8362.31;2024-02-29;29;2ªQuinzena;fev.;2024;Efetivada;17071170000160;17071170;0001;60;1;FAPE;02;20121025;00;4724500;0119999,0122900,0159801,1031700,1042200,1051100,1052000,1064300,1065101,1065103,1071600,1091101,4623199,4631100,4633801,4637104,4721102,4789099,8211300;RUA;ROMEU MARTINS;446;;CENTRO;62700000;;;17071170000160;1355;2302800.0;Canindé;CANINDÉ;Sertão de Canindé;Sertão de Canindé;LOTE 32;CACTUS;Canindé;10.0;31.0;10.0;31.0;0.0;0.0;2.0;2.0;33.0;3.3;COOPERATIVA SERTANEJA CEARENSE FAPE;17071170000160.0;Processo Enviado;OCB;22/07/2027;06/02/2025 15:13:33;23/05/2025 10:54:40;294.0;42.0;97,62;17071170000160
6532;INSTITUTO DE ARTE, CULTURA, LAZER E EDUCAÇÃO;1285431;20240228001189700;16412.79;2024-02-28;17071170000160;COOPERATIVA SERTANEJA CEARENSE - FAPE;Nota Fiscal;211;Gêneros Alimentícios ( Proteínas, Carboidratos, Hortaliças, Sódios e Lipídios);16412.79;7251;16412.79;2024-02-29;29;2ªQuinzena;fev.;2024;Efetivada;17071170000160;17071170;0001;60;1;FAPE;02;20121025;00;4724500;0119999,0122900,0159801,1031700,1042200,1051100,1052000,1064300,1065101,1065103,1071600,1091101,4623199,4631100,4633801,4637104,4721102,4789099,8211300;RUA;ROMEU MARTINS;446;;CENTRO;62700000;;;17071170000160;1355;2302800.0;Canindé;CANINDÉ;Sertão de Canindé;Sertão de Canindé;LOTE 32;CACTUS;Canindé;10.0;31.0;10.0;31.0;0.0;0.0;2.0;2.0;33.0;3.3;COOPERATIVA SERTANEJA CEARENSE FAPE;17071170000160.0;Processo Enviado;OCB;22/07/2027;06/02/2025 15:13:33;23/05/2025 10:54:40;294.0;42.0;97,62;17071170000160
6533;INSTITUTO DE ARTE, CULTURA, LAZER E EDUCAÇÃO;1285431;20240228001189700;10849.57;2024-02-28;17071170000160;COOPERATIVA SERTANEJA CEARENSE - FAPE;Nota Fiscal;211;Gêneros Alimentícios ( Proteínas, Carboidratos, Hortaliças, Sódios e Lipídios);10849.57;7249;10849.57;2024-02-29;29;2ªQuinzena;fev.;2024;Efetivada;17071170000160;17071170;0001;60;1;FAPE;02;20121025;00;4724500;0119999,0122900,0159801,1031700,1042200,1051100,1052000,1064300,1065101,1065103,1071600,1091101,4623199,4631100,4633801,4637104,4721102,4789099,8211300;RUA;ROMEU MARTINS;446;;CENTRO;62700000;;;17071170000160;1355;2302800.0;Canindé;CANINDÉ;Sertão de Canindé;Sertão de Canindé;LOTE 32;CACTUS;Canindé;10.0;31.0;10.0;31.0;0.0;0.0;2.0;2.0;33.0;3.3;COOPERATIVA SERTANEJA CEARENSE FAPE;17071170000160.0;Processo Enviado;OCB;22/07/2027;06/02/2025 15:13:33;23/05/2025 10:54:40;294.0;42.0;97,62;17071170000160
6534;INSTITUTO DE ARTE, CULTURA, LAZER E EDUCAÇÃO;1285431;20240228001189700;5000.06;2024-02-28;17071170000160;COOPERATIVA SERTANEJA CEARENSE - FAPE;Nota Fiscal;211;Gêneros Alimentícios ( Proteínas, Carboidratos, Hortaliças, Sódios e Lipídios);5000.06;7247;5000.06;2024-02-29;29;2ªQuinzena;fev.;2024;Efetivada;17071170000160;17071170;0001;60;1;FAPE;02;20121025;00;4724500;0119999,0122900,0159801,1031700,1042200,1051100,1052000,1064300,1065101,1065103,1071600,1091101,4623199,4631100,4633801,4637104,4721102,4789099,8211300;RUA;ROMEU MARTINS;446;;CENTRO;62700000;;;17071170000160;1355;2302800.0;Canindé;CANINDÉ;Sertão de Canindé;Sertão de Canindé;LOTE 32;CACTUS;Canindé;10.0;31.0;10.0;31.0;0.0;0.0;2.0;2.0;33.0;3.3;COOPERATIVA SERTANEJA CEARENSE FAPE;17071170000160.0;Processo Enviado;OCB;22/07/2027;06/02/2025 15:13:33;23/05/2025 10:54:40;294.0;42.0;97,62;17071170000160
6535;INSTITUTO DE ARTE, CULTURA, LAZER E EDUCAÇÃO;1285431;20240228001189700;11825.55;2024-02-28;17071170000160;COOPERATIVA SERTANEJA CEARENSE - FAPE;Nota Fiscal;211;Gêneros Alimentícios ( Proteínas, Carboidratos, Hortaliças, Sódios e Lipídios);11825.55;7255;11825.55;2024-02-29;29;2ªQuinzena;fev.;2024;Efetivada;17071170000160;17071170;0001;60;1;FAPE;02;20121025;00;4724500;0119999,0122900,0159801,1031700,1042200,1051100,1052000,1064300,1065101,1065103,1071600,1091101,4623199,4631100,4633801,4637104,4721102,4789099,8211300;RUA;ROMEU MARTINS;446;;CENTRO;62700000;;;17071170000160;1355;2302800.0;Canindé;CANINDÉ;Sertão de Canindé;Sertão de Canindé;LOTE 32;CACTUS;Canindé;10.0;31.0;10.0;31.0;0.0;0.0;2.0;2.0;33.0;3.3;COOPERATIVA SERTANEJA CEARENSE FAPE;17071170000160.0;Processo Enviado;OCB;22/07/2027;06/02/2025 15:13:33;23/05/2025 10:54:40;294.0;42.0;97,62;17071170000160
6547;INSTITUTO DE ARTE, CULTURA, LAZER E EDUCAÇÃO;1285431;20240306001195500;3990.03;2024-03-06;17071170000160;COOPERATIVA SERTANEJA CEARENSE - FAPE;Nota Fiscal;211;Gêneros Alimentícios ( Proteínas, Carboidratos, Hortaliças, Sódios e Lipídios);3990.03;7273;3990.03;2024-03-07;7;1ªQuinzena;mar.;2024;Efetivada;17071170000160;17071170;0001;60;1;FAPE;02;20121025;00;4724500;0119999,0122900,0159801,1031700,1042200,1051100,1052000,1064300,1065101,1065103,1071600,1091101,4623199,4631100,4633801,4637104,4721102,4789099,8211300;RUA;ROMEU MARTINS;446;;CENTRO;62700000;;;17071170000160;1355;2302800.0;Canindé;CANINDÉ;Sertão de Canindé;Sertão de Canindé;LOTE 32;CACTUS;Canindé;10.0;31.0;10.0;31.0;0.0;0.0;2.0;2.0;33.0;3.3;COOPERATIVA SERTANEJA CEARENSE FAPE;17071170000160.0;Processo Enviado;OCB;22/07/2027;06/02/2025 15:13:33;23/05/2025 10:54:40;294.0;42.0;97,62;17071170000160
6548;INSTITUTO DE ARTE, CULTURA, LAZER E EDUCAÇÃO;1285431;20240306001195500;4672.01;2024-03-06;17071170000160;COOPERATIVA SERTANEJA CEARENSE - FAPE;Nota Fiscal;211;Gêneros Alimentícios ( Proteínas, Carboidratos, Hortaliças, Sódios e Lipídios);4672.01;7267;4672.01;2024-03-07;7;1ªQuinzena;mar.;2024;Efetivada;17071170000160;17071170;0001;60;1;FAPE;02;20121025;00;4724500;0119999,0122900,0159801,1031700,1042200,1051100,1052000,1064300,1065101,1065103,1071600,1091101,4623199,4631100,4633801,4637104,4721102,4789099,8211300;RUA;ROMEU MARTINS;446;;CENTRO;62700000;;;17071170000160;1355;2302800.0;Canindé;CANINDÉ;Sertão de Canindé;Sertão de Canindé;LOTE 32;CACTUS;Canindé;10.0;31.0;10.0;31.0;0.0;0.0;2.0;2.0;33.0;3.3;COOPERATIVA SERTANEJA CEARENSE FAPE;17071170000160.0;Processo Enviado;OCB;22/07/2027;06/02/2025 15:13:33;23/05/2025 10:54:40;294.0;42.0;97,62;17071170000160
6549;INSTITUTO DE ARTE, CULTURA, LAZER E EDUCAÇÃO;1285431;20240306001195500;3485.0;2024-03-06;17071170000160;COOPERATIVA SERTANEJA CEARENSE - FAPE;Nota Fiscal;211;Gêneros Alimentícios ( Proteínas, Carboidratos, Hortaliças, Sódios e Lipídios);3485.0;7271;3485.0;2024-03-07;7;1ªQuinzena;mar.;2024;Efetivada;17071170000160;17071170;0001;60;1;FAPE;02;20121025;00;4724500;0119999,0122900,0159801,1031700,1042200,1051100,1052000,1064300,1065101,1065103,1071600,1091101,4623199,4631100,4633801,4637104,4721102,4789099,8211300;RUA;ROMEU MARTINS;446;;CENTRO;62700000;;;17071170000160;1355;2302800.0;Canindé;CANINDÉ;Sertão de Canindé;Sertão de Canindé;LOTE 32;CACTUS;Canindé;10.0;31.0;10.0;31.0;0.0;0.0;2.0;2.0;33.0;3.3;COOPERATIVA SERTANEJA CEARENSE FAPE;17071170000160.0;Processo Enviado;OCB;22/07/2027;06/02/2025 15:13:33;23/05/2025 10:54:40;294.0;42.0;97,62;17071170000160
6550;INSTITUTO DE ARTE, CULTURA, LAZER E EDUCAÇÃO;1285431;20240306001195500;11746.85;2024-03-06;17071170000160;COOPERATIVA SERTANEJA CEARENSE - FAPE;Nota Fiscal;211;Gêneros Alimentícios ( Proteínas, Carboidratos, Hortaliças, Sódios e Lipídios);11746.85;7269;11746.85;2024-03-07;7;1ªQuinzena;mar.;2024;Efetivada;17071170000160;17071170;0001;60;1;FAPE;02;20121025;00;4724500;0119999,0122900,0159801,1031700,1042200,1051100,1052000,1064300,1065101,1065103,1071600,1091101,4623199,4631100,4633801,4637104,4721102,4789099,8211300;RUA;ROMEU MARTINS;446;;CENTRO;62700000;;;17071170000160;1355;2302800.0;Canindé;CANINDÉ;Sertão de Canindé;Sertão de Canindé;LOTE 32;CACTUS;Canindé;10.0;31.0;10.0;31.0;0.0;0.0;2.0;2.0;33.0;3.3;COOPERATIVA SERTANEJA CEARENSE FAPE;17071170000160.0;Processo Enviado;OCB;22/07/2027;06/02/2025 15:13:33;23/05/2025 10:54:40;294.0;42.0;97,62;17071170000160
6551;INSTITUTO DE ARTE, CULTURA, LAZER E EDUCAÇÃO;1285431;20240306001195500;5596.06;2024-03-06;17071170000160;COOPERATIVA SERTANEJA CEARENSE - FAPE;Nota Fiscal;211;Gêneros Alimentícios ( Proteínas, Carboidratos, Hortaliças, Sódios e Lipídios);5596.06;7275;5596.06;2024-03-07;7;1ªQuinzena;mar.;2024;Efetivada;17071170000160;17071170;0001;60;1;FAPE;02;20121025;00;4724500;0119999,0122900,0159801,1031700,1042200,1051100,1052000,1064300,1065101,1065103,1071600,1091101,4623199,4631100,4633801,4637104,4721102,4789099,8211300;RUA;ROMEU MARTINS;446;;CENTRO;62700000;;;17071170000160;1355;2302800.0;Canindé;CANINDÉ;Sertão de Canindé;Sertão de Canindé;LOTE 32;CACTUS;Canindé;10.0;31.0;10.0;31.0;0.0;0.0;2.0;2.0;33.0;3.3;COOPERATIVA SERTANEJA CEARENSE FAPE;17071170000160.0;Processo Enviado;OCB;22/07/2027;06/02/2025 15:13:33;23/05/2025 10:54:40;294.0;42.0;97,62;17071170000160
6552;INSTITUTO DE ARTE, CULTURA, LAZER E EDUCAÇÃO;1285431;20240306001195500;2499.01;2024-03-06;17071170000160;COOPERATIVA SERTANEJA CEARENSE - FAPE;Nota Fiscal;211;Gêneros Alimentícios ( Proteínas, Carboidratos, Hortaliças, Sódios e Lipídios);2499.01;7277;2499.01;2024-03-07;7;1ªQuinzena;mar.;2024;Efetivada;17071170000160;17071170;0001;60;1;FAPE;02;20121025;00;4724500;0119999,0122900,0159801,1031700,1042200,1051100,1052000,1064300,1065101,1065103,1071600,1091101,4623199,4631100,4633801,4637104,4721102,4789099,8211300;RUA;ROMEU MARTINS;446;;CENTRO;62700000;;;17071170000160;1355;2302800.0;Canindé;CANINDÉ;Sertão de Canindé;Sertão de Canindé;LOTE 32;CACTUS;Canindé;10.0;31.0;10.0;31.0;0.0;0.0;2.0;2.0;33.0;3.3;COOPERATIVA SERTANEJA CEARENSE FAPE;17071170000160.0;Processo Enviado;OCB;22/07/2027;06/02/2025 15:13:33;23/05/2025 10:54:40;294.0;42.0;97,62;17071170000160
6582;INSTITUTO DE ARTE, CULTURA, LAZER E EDUCAÇÃO;1285431;20240322001206100;9729.49;2024-03-22;17071170000160;COOPERATIVA SERTANEJA CEARENSE - FAPE;Nota Fiscal;211;Gêneros Alimentícios ( Proteínas, Carboidratos, Hortaliças, Sódios e Lipídios);9729.49;7335;9729.49;2024-03-26;26;2ªQuinzena;mar.;2024;Efetivada;17071170000160;17071170;0001;60;1;FAPE;02;20121025;00;4724500;0119999,0122900,0159801,1031700,1042200,1051100,1052000,1064300,1065101,1065103,1071600,1091101,4623199,4631100,4633801,4637104,4721102,4789099,8211300;RUA;ROMEU MARTINS;446;;CENTRO;62700000;;;17071170000160;1355;2302800.0;Canindé;CANINDÉ;Sertão de Canindé;Sertão de Canindé;LOTE 32;CACTUS;Canindé;10.0;31.0;10.0;31.0;0.0;0.0;2.0;2.0;33.0;3.3;COOPERATIVA SERTANEJA CEARENSE FAPE;17071170000160.0;Processo Enviado;OCB;22/07/2027;06/02/2025 15:13:33;23/05/2025 10:54:40;294.0;42.0;97,62;17071170000160
6583;INSTITUTO DE ARTE, CULTURA, LAZER E EDUCAÇÃO;1285431;20240410001216500;22402.5;2024-04-10;17071170000160;COOPERATIVA SERTANEJA CEARENSE - FAPE;Nota Fiscal;211;Gêneros Alimentícios ( Proteínas, Carboidratos, Hortaliças, Sódios e Lipídios);22402.5;7337;22402.5;2024-04-11;11;1ªQuinzena;abr.;2024;Efetivada;17071170000160;17071170;0001;60;1;FAPE;02;20121025;00;4724500;0119999,0122900,0159801,1031700,1042200,1051100,1052000,1064300,1065101,1065103,1071600,1091101,4623199,4631100,4633801,4637104,4721102,4789099,8211300;RUA;ROMEU MARTINS;446;;CENTRO;62700000;;;17071170000160;1355;2302800.0;Canindé;CANINDÉ;Sertão de Canindé;Sertão de Canindé;LOTE 32;CACTUS;Canindé;10.0;31.0;10.0;31.0;0.0;0.0;2.0;2.0;33.0;3.3;COOPERATIVA SERTANEJA CEARENSE FAPE;17071170000160.0;Processo Enviado;OCB;22/07/2027;06/02/2025 15:13:33;23/05/2025 10:54:40;294.0;42.0;97,62;17071170000160
6653;INSTITUTO DE ARTE, CULTURA, LAZER E EDUCAÇÃO;1285431;20240606001246100;4729.2;2024-06-06;17071170000160;COOPERATIVA SERTANEJA CEARENSE - FAPE;Nota Fiscal;211;Gêneros Alimentícios ( Proteínas, Carboidratos, Hortaliças, Sódios e Lipídios);4729.2;7663;4729.2;2024-06-07;7;1ªQuinzena;jun.;2024;Efetivada;17071170000160;17071170;0001;60;1;FAPE;02;20121025;00;4724500;0119999,0122900,0159801,1031700,1042200,1051100,1052000,1064300,1065101,1065103,1071600,1091101,4623199,4631100,4633801,4637104,4721102,4789099,8211300;RUA;ROMEU MARTINS;446;;CENTRO;62700000;;;17071170000160;1355;2302800.0;Canindé;CANINDÉ;Sertão de Canindé;Sertão de Canindé;LOTE 32;CACTUS;Canindé;10.0;31.0;10.0;31.0;0.0;0.0;2.0;2.0;33.0;3.3;COOPERATIVA SERTANEJA CEARENSE FAPE;17071170000160.0;Processo Enviado;OCB;22/07/2027;06/02/2025 15:13:33;23/05/2025 10:54:40;294.0;42.0;97,62;17071170000160
6654;INSTITUTO DE ARTE, CULTURA, LAZER E EDUCAÇÃO;1285431;20240606001246100;7513.6;2024-06-06;17071170000160;COOPERATIVA SERTANEJA CEARENSE - FAPE;Nota Fiscal;211;Gêneros Alimentícios ( Proteínas, Carboidratos, Hortaliças, Sódios e Lipídios);7513.6;7664;7513.6;2024-06-07;7;1ªQuinzena;jun.;2024;Efetivada;17071170000160;17071170;0001;60;1;FAPE;02;20121025;00;4724500;0119999,0122900,0159801,1031700,1042200,1051100,1052000,1064300,1065101,1065103,1071600,1091101,4623199,4631100,4633801,4637104,4721102,4789099,8211300;RUA;ROMEU MARTINS;446;;CENTRO;62700000;;;17071170000160;1355;2302800.0;Canindé;CANINDÉ;Sertão de Canindé;Sertão de Canindé;LOTE 32;CACTUS;Canindé;10.0;31.0;10.0;31.0;0.0;0.0;2.0;2.0;33.0;3.3;COOPERATIVA SERTANEJA CEARENSE FAPE;17071170000160.0;Processo Enviado;OCB;22/07/2027;06/02/2025 15:13:33;23/05/2025 10:54:40;294.0;42.0;97,62;17071170000160
6655;INSTITUTO DE ARTE, CULTURA, LAZER E EDUCAÇÃO;1285431;20240606001246100;12603.7;2024-06-06;17071170000160;COOPERATIVA SERTANEJA CEARENSE - FAPE;Nota Fiscal;211;Gêneros Alimentícios ( Proteínas, Carboidratos, Hortaliças, Sódios e Lipídios);12603.7;7666;12603.7;2024-06-07;7;1ªQuinzena;jun.;2024;Efetivada;17071170000160;17071170;0001;60;1;FAPE;02;20121025;00;4724500;0119999,0122900,0159801,1031700,1042200,1051100,1052000,1064300,1065101,1065103,1071600,1091101,4623199,4631100,4633801,4637104,4721102,4789099,8211300;RUA;ROMEU MARTINS;446;;CENTRO;62700000;;;17071170000160;1355;2302800.0;Canindé;CANINDÉ;Sertão de Canindé;Sertão de Canindé;LOTE 32;CACTUS;Canindé;10.0;31.0;10.0;31.0;0.0;0.0;2.0;2.0;33.0;3.3;COOPERATIVA SERTANEJA CEARENSE FAPE;17071170000160.0;Processo Enviado;OCB;22/07/2027;06/02/2025 15:13:33;23/05/2025 10:54:40;294.0;42.0;97,62;17071170000160
6656;INSTITUTO DE ARTE, CULTURA, LAZER E EDUCAÇÃO;1285431;20240606001246100;3756.8;2024-06-06;17071170000160;COOPERATIVA SERTANEJA CEARENSE - FAPE;Nota Fiscal;211;Gêneros Alimentícios ( Proteínas, Carboidratos, Hortaliças, Sódios e Lipídios);3756.8;7668;3756.8;2024-06-07;7;1ªQuinzena;jun.;2024;Efetivada;17071170000160;17071170;0001;60;1;FAPE;02;20121025;00;4724500;0119999,0122900,0159801,1031700,1042200,1051100,1052000,1064300,1065101,1065103,1071600,1091101,4623199,4631100,4633801,4637104,4721102,4789099,8211300;RUA;ROMEU MARTINS;446;;CENTRO;62700000;;;17071170000160;1355;2302800.0;Canindé;CANINDÉ;Sertão de Canindé;Sertão de Canindé;LOTE 32;CACTUS;Canindé;10.0;31.0;10.0;31.0;0.0;0.0;2.0;2.0;33.0;3.3;COOPERATIVA SERTANEJA CEARENSE FAPE;17071170000160.0;Processo Enviado;OCB;22/07/2027;06/02/2025 15:13:33;23/05/2025 10:54:40;294.0;42.0;97,62;17071170000160
6657;INSTITUTO DE ARTE, CULTURA, LAZER E EDUCAÇÃO;1285431;20240607001246300;4748.2;2024-06-07;17071170000160;COOPERATIVA SERTANEJA CEARENSE - FAPE;Nota Fiscal;211;Gêneros Alimentícios ( Proteínas, Carboidratos, Hortaliças, Sódios e Lipídios);4748.2;7665;4748.2;2024-06-10;10;1ªQuinzena;jun.;2024;Efetivada;17071170000160;17071170;0001;60;1;FAPE;02;20121025;00;4724500;0119999,0122900,0159801,1031700,1042200,1051100,1052000,1064300,1065101,1065103,1071600,1091101,4623199,4631100,4633801,4637104,4721102,4789099,8211300;RUA;ROMEU MARTINS;446;;CENTRO;62700000;;;17071170000160;1355;2302800.0;Canindé;CANINDÉ;Sertão de Canindé;Sertão de Canindé;LOTE 32;CACTUS;Canindé;10.0;31.0;10.0;31.0;0.0;0.0;2.0;2.0;33.0;3.3;COOPERATIVA SERTANEJA CEARENSE FAPE;17071170000160.0;Processo Enviado;OCB;22/07/2027;06/02/2025 15:13:33;23/05/2025 10:54:40;294.0;42.0;97,62;17071170000160
6658;INSTITUTO DE ARTE, CULTURA, LAZER E EDUCAÇÃO;1285431;20240607001246300;7513.6;2024-06-07;17071170000160;COOPERATIVA SERTANEJA CEARENSE - FAPE;Nota Fiscal;211;Gêneros Alimentícios ( Proteínas, Carboidratos, Hortaliças, Sódios e Lipídios);7513.6;7667;7513.6;2024-06-10;10;1ªQuinzena;jun.;2024;Efetivada;17071170000160;17071170;0001;60;1;FAPE;02;20121025;00;4724500;0119999,0122900,0159801,1031700,1042200,1051100,1052000,1064300,1065101,1065103,1071600,1091101,4623199,4631100,4633801,4637104,4721102,4789099,8211300;RUA;ROMEU MARTINS;446;;CENTRO;62700000;;;17071170000160;1355;2302800.0;Canindé;CANINDÉ;Sertão de Canindé;Sertão de Canindé;LOTE 32;CACTUS;Canindé;10.0;31.0;10.0;31.0;0.0;0.0;2.0;2.0;33.0;3.3;COOPERATIVA SERTANEJA CEARENSE FAPE;17071170000160.0;Processo Enviado;OCB;22/07/2027;06/02/2025 15:13:33;23/05/2025 10:54:40;294.0;42.0;97,62;17071170000160
6695;INSTITUTO DE ARTE, CULTURA, LAZER E EDUCAÇÃO;1285431;20240626001253800;4276.8;2024-06-26;17071170000160;COOPERATIVA SERTANEJA CEARENSE - FAPE;Nota Fiscal;211;Gêneros Alimentícios ( Proteínas, Carboidratos, Hortaliças, Sódios e Lipídios);4276.8;7698;4276.8;2024-06-27;27;2ªQuinzena;jun.;2024;Efetivada;17071170000160;17071170;0001;60;1;FAPE;02;20121025;00;4724500;0119999,0122900,0159801,1031700,1042200,1051100,1052000,1064300,1065101,1065103,1071600,1091101,4623199,4631100,4633801,4637104,4721102,4789099,8211300;RUA;ROMEU MARTINS;446;;CENTRO;62700000;;;17071170000160;1355;2302800.0;Canindé;CANINDÉ;Sertão de Canindé;Sertão de Canindé;LOTE 32;CACTUS;Canindé;10.0;31.0;10.0;31.0;0.0;0.0;2.0;2.0;33.0;3.3;COOPERATIVA SERTANEJA CEARENSE FAPE;17071170000160.0;Processo Enviado;OCB;22/07/2027;06/02/2025 15:13:33;23/05/2025 10:54:40;294.0;42.0;97,62;17071170000160
6696;INSTITUTO DE ARTE, CULTURA, LAZER E EDUCAÇÃO;1285431;20240626001253800;9222.4;2024-06-26;17071170000160;COOPERATIVA SERTANEJA CEARENSE - FAPE;Nota Fiscal;211;Gêneros Alimentícios ( Proteínas, Carboidratos, Hortaliças, Sódios e Lipídios);9222.4;7701;9222.4;2024-06-27;27;2ªQuinzena;jun.;2024;Efetivada;17071170000160;17071170;0001;60;1;FAPE;02;20121025;00;4724500;0119999,0122900,0159801,1031700,1042200,1051100,1052000,1064300,1065101,1065103,1071600,1091101,4623199,4631100,4633801,4637104,4721102,4789099,8211300;RUA;ROMEU MARTINS;446;;CENTRO;62700000;;;17071170000160;1355;2302800.0;Canindé;CANINDÉ;Sertão de Canindé;Sertão de Canindé;LOTE 32;CACTUS;Canindé;10.0;31.0;10.0;31.0;0.0;0.0;2.0;2.0;33.0;3.3;COOPERATIVA SERTANEJA CEARENSE FAPE;17071170000160.0;Processo Enviado;OCB;22/07/2027;06/02/2025 15:13:33;23/05/2025 10:54:40;294.0;42.0;97,62;17071170000160
6697;INSTITUTO DE ARTE, CULTURA, LAZER E EDUCAÇÃO;1285431;20240626001253800;1711.8;2024-06-26;17071170000160;COOPERATIVA SERTANEJA CEARENSE - FAPE;Nota Fiscal;211;Gêneros Alimentícios ( Proteínas, Carboidratos, Hortaliças, Sódios e Lipídios);1711.8;7703;1711.8;2024-06-27;27;2ªQuinzena;jun.;2024;Efetivada;17071170000160;17071170;0001;60;1;FAPE;02;20121025;00;4724500;0119999,0122900,0159801,1031700,1042200,1051100,1052000,1064300,1065101,1065103,1071600,1091101,4623199,4631100,4633801,4637104,4721102,4789099,8211300;RUA;ROMEU MARTINS;446;;CENTRO;62700000;;;17071170000160;1355;2302800.0;Canindé;CANINDÉ;Sertão de Canindé;Sertão de Canindé;LOTE 32;CACTUS;Canindé;10.0;31.0;10.0;31.0;0.0;0.0;2.0;2.0;33.0;3.3;COOPERATIVA SERTANEJA CEARENSE FAPE;17071170000160.0;Processo Enviado;OCB;22/07/2027;06/02/2025 15:13:33;23/05/2025 10:54:40;294.0;42.0;97,62;17071170000160
6698;INSTITUTO DE ARTE, CULTURA, LAZER E EDUCAÇÃO;1285431;20240626001253800;3423.6;2024-06-26;17071170000160;COOPERATIVA SERTANEJA CEARENSE - FAPE;Nota Fiscal;211;Gêneros Alimentícios ( Proteínas, Carboidratos, Hortaliças, Sódios e Lipídios);3423.6;7699;3423.6;2024-06-27;27;2ªQuinzena;jun.;2024;Efetivada;17071170000160;17071170;0001;60;1;FAPE;02;20121025;00;4724500;0119999,0122900,0159801,1031700,1042200,1051100,1052000,1064300,1065101,1065103,1071600,1091101,4623199,4631100,4633801,4637104,4721102,4789099,8211300;RUA;ROMEU MARTINS;446;;CENTRO;62700000;;;17071170000160;1355;2302800.0;Canindé;CANINDÉ;Sertão de Canindé;Sertão de Canindé;LOTE 32;CACTUS;Canindé;10.0;31.0;10.0;31.0;0.0;0.0;2.0;2.0;33.0;3.3;COOPERATIVA SERTANEJA CEARENSE FAPE;17071170000160.0;Processo Enviado;OCB;22/07/2027;06/02/2025 15:13:33;23/05/2025 10:54:40;294.0;42.0;97,62;17071170000160
6699;INSTITUTO DE ARTE, CULTURA, LAZER E EDUCAÇÃO;1285431;20240626001253800;3445.6;2024-06-26;17071170000160;COOPERATIVA SERTANEJA CEARENSE - FAPE;Nota Fiscal;211;Gêneros Alimentícios ( Proteínas, Carboidratos, Hortaliças, Sódios e Lipídios);3445.6;7702;3445.6;2024-06-27;27;2ªQuinzena;jun.;2024;Efetivada;17071170000160;17071170;0001;60;1;FAPE;02;20121025;00;4724500;0119999,0122900,0159801,1031700,1042200,1051100,1052000,1064300,1065101,1065103,1071600,1091101,4623199,4631100,4633801,4637104,4721102,4789099,8211300;RUA;ROMEU MARTINS;446;;CENTRO;62700000;;;17071170000160;1355;2302800.0;Canindé;CANINDÉ;Sertão de Canindé;Sertão de Canindé;LOTE 32;CACTUS;Canindé;10.0;31.0;10.0;31.0;0.0;0.0;2.0;2.0;33.0;3.3;COOPERATIVA SERTANEJA CEARENSE FAPE;17071170000160.0;Processo Enviado;OCB;22/07/2027;06/02/2025 15:13:33;23/05/2025 10:54:40;294.0;42.0;97,62;17071170000160
6700;INSTITUTO DE ARTE, CULTURA, LAZER E EDUCAÇÃO;1285431;20240626001253800;3442.8;2024-06-26;17071170000160;COOPERATIVA SERTANEJA CEARENSE - FAPE;Nota Fiscal;211;Gêneros Alimentícios ( Proteínas, Carboidratos, Hortaliças, Sódios e Lipídios);3442.8;7700;3442.8;2024-06-27;27;2ªQuinzena;jun.;2024;Efetivada;17071170000160;17071170;0001;60;1;FAPE;02;20121025;00;4724500;0119999,0122900,0159801,1031700,1042200,1051100,1052000,1064300,1065101,1065103,1071600,1091101,4623199,4631100,4633801,4637104,4721102,4789099,8211300;RUA;ROMEU MARTINS;446;;CENTRO;62700000;;;17071170000160;1355;2302800.0;Canindé;CANINDÉ;Sertão de Canindé;Sertão de Canindé;LOTE 32;CACTUS;Canindé;10.0;31.0;10.0;31.0;0.0;0.0;2.0;2.0;33.0;3.3;COOPERATIVA SERTANEJA CEARENSE FAPE;17071170000160.0;Processo Enviado;OCB;22/07/2027;06/02/2025 15:13:33;23/05/2025 10:54:40;294.0;42.0;97,62;17071170000160
6748;INSTITUTO DE ARTE, CULTURA, LAZER E EDUCAÇÃO;1285431;20240802001275100;31620.6;2024-08-02;17071170000160;COOPERATIVA SERTANEJA CEARENSE - FAPE;Nota Fiscal;211;Gêneros Alimentícios ( Proteínas, Carboidratos, Hortaliças, Sódios e Lipídios);31620.6;7753;31620.6;2024-08-05;5;1ªQuinzena;ago.;2024;Efetivada;17071170000160;17071170;0001;60;1;FAPE;02;20121025;00;4724500;0119999,0122900,0159801,1031700,1042200,1051100,1052000,1064300,1065101,1065103,1071600,1091101,4623199,4631100,4633801,4637104,4721102,4789099,8211300;RUA;ROMEU MARTINS;446;;CENTRO;62700000;;;17071170000160;1355;2302800.0;Canindé;CANINDÉ;Sertão de Canindé;Sertão de Canindé;LOTE 32;CACTUS;Canindé;10.0;31.0;10.0;31.0;0.0;0.0;2.0;2.0;33.0;3.3;COOPERATIVA SERTANEJA CEARENSE FAPE;17071170000160.0;Processo Enviado;OCB;22/07/2027;06/02/2025 15:13:33;23/05/2025 10:54:40;294.0;42.0;97,62;17071170000160
6749;INSTITUTO DE ARTE, CULTURA, LAZER E EDUCAÇÃO;1285431;20240802001275100;21668.3;2024-08-02;17071170000160;COOPERATIVA SERTANEJA CEARENSE - FAPE;Nota Fiscal;211;Gêneros Alimentícios ( Proteínas, Carboidratos, Hortaliças, Sódios e Lipídios);21668.3;7751;21668.3;2024-08-05;5;1ªQuinzena;ago.;2024;Efetivada;17071170000160;17071170;0001;60;1;FAPE;02;20121025;00;4724500;0119999,0122900,0159801,1031700,1042200,1051100,1052000,1064300,1065101,1065103,1071600,1091101,4623199,4631100,4633801,4637104,4721102,4789099,8211300;RUA;ROMEU MARTINS;446;;CENTRO;62700000;;;17071170000160;1355;2302800.0;Canindé;CANINDÉ;Sertão de Canindé;Sertão de Canindé;LOTE 32;CACTUS;Canindé;10.0;31.0;10.0;31.0;0.0;0.0;2.0;2.0;33.0;3.3;COOPERATIVA SERTANEJA CEARENSE FAPE;17071170000160.0;Processo Enviado;OCB;22/07/2027;06/02/2025 15:13:33;23/05/2025 10:54:40;294.0;42.0;97,62;17071170000160
6750;INSTITUTO DE ARTE, CULTURA, LAZER E EDUCAÇÃO;1285431;20240802001275200;6445.4;2024-08-02;17071170000160;COOPERATIVA SERTANEJA CEARENSE - FAPE;Nota Fiscal;211;Gêneros Alimentícios ( Proteínas, Carboidratos, Hortaliças, Sódios e Lipídios);6445.4;7755;6445.4;2024-08-05;5;1ªQuinzena;ago.;2024;Efetivada;17071170000160;17071170;0001;60;1;FAPE;02;20121025;00;4724500;0119999,0122900,0159801,1031700,1042200,1051100,1052000,1064300,1065101,1065103,1071600,1091101,4623199,4631100,4633801,4637104,4721102,4789099,8211300;RUA;ROMEU MARTINS;446;;CENTRO;62700000;;;17071170000160;1355;2302800.0;Canindé;CANINDÉ;Sertão de Canindé;Sertão de Canindé;LOTE 32;CACTUS;Canindé;10.0;31.0;10.0;31.0;0.0;0.0;2.0;2.0;33.0;3.3;COOPERATIVA SERTANEJA CEARENSE FAPE;17071170000160.0;Processo Enviado;OCB;22/07/2027;06/02/2025 15:13:33;23/05/2025 10:54:40;294.0;42.0;97,62;17071170000160
6751;INSTITUTO DE ARTE, CULTURA, LAZER E EDUCAÇÃO;1285431;20240802001275100;15564.1;2024-08-02;17071170000160;COOPERATIVA SERTANEJA CEARENSE - FAPE;Nota Fiscal;211;Gêneros Alimentícios ( Proteínas, Carboidratos, Hortaliças, Sódios e Lipídios);15564.1;7750;15564.1;2024-08-05;5;1ªQuinzena;ago.;2024;Efetivada;17071170000160;17071170;0001;60;1;FAPE;02;20121025;00;4724500;0119999,0122900,0159801,1031700,1042200,1051100,1052000,1064300,1065101,1065103,1071600,1091101,4623199,4631100,4633801,4637104,4721102,4789099,8211300;RUA;ROMEU MARTINS;446;;CENTRO;62700000;;;17071170000160;1355;2302800.0;Canindé;CANINDÉ;Sertão de Canindé;Sertão de Canindé;LOTE 32;CACTUS;Canindé;10.0;31.0;10.0;31.0;0.0;0.0;2.0;2.0;33.0;3.3;COOPERATIVA SERTANEJA CEARENSE FAPE;17071170000160.0;Processo Enviado;OCB;22/07/2027;06/02/2025 15:13:33;23/05/2025 10:54:40;294.0;42.0;97,62;17071170000160
6752;INSTITUTO DE ARTE, CULTURA, LAZER E EDUCAÇÃO;1285431;20240802001275200;9622.1;2024-08-02;17071170000160;COOPERATIVA SERTANEJA CEARENSE - FAPE;Nota Fiscal;211;Gêneros Alimentícios ( Proteínas, Carboidratos, Hortaliças, Sódios e Lipídios);9622.1;7752;9622.1;2024-08-05;5;1ªQuinzena;ago.;2024;Efetivada;17071170000160;17071170;0001;60;1;FAPE;02;20121025;00;4724500;0119999,0122900,0159801,1031700,1042200,1051100,1052000,1064300,1065101,1065103,1071600,1091101,4623199,4631100,4633801,4637104,4721102,4789099,8211300;RUA;ROMEU MARTINS;446;;CENTRO;62700000;;;17071170000160;1355;2302800.0;Canindé;CANINDÉ;Sertão de Canindé;Sertão de Canindé;LOTE 32;CACTUS;Canindé;10.0;31.0;10.0;31.0;0.0;0.0;2.0;2.0;33.0;3.3;COOPERATIVA SERTANEJA CEARENSE FAPE;17071170000160.0;Processo Enviado;OCB;22/07/2027;06/02/2025 15:13:33;23/05/2025 10:54:40;294.0;42.0;97,62;17071170000160
6753;INSTITUTO DE ARTE, CULTURA, LAZER E EDUCAÇÃO;1285431;20240802001275100;12890.8;2024-08-02;17071170000160;COOPERATIVA SERTANEJA CEARENSE - FAPE;Nota Fiscal;211;Gêneros Alimentícios ( Proteínas, Carboidratos, Hortaliças, Sódios e Lipídios);12890.8;7754;12890.8;2024-08-05;5;1ªQuinzena;ago.;2024;Efetivada;17071170000160;17071170;0001;60;1;FAPE;02;20121025;00;4724500;0119999,0122900,0159801,1031700,1042200,1051100,1052000,1064300,1065101,1065103,1071600,1091101,4623199,4631100,4633801,4637104,4721102,4789099,8211300;RUA;ROMEU MARTINS;446;;CENTRO;62700000;;;17071170000160;1355;2302800.0;Canindé;CANINDÉ;Sertão de Canindé;Sertão de Canindé;LOTE 32;CACTUS;Canindé;10.0;31.0;10.0;31.0;0.0;0.0;2.0;2.0;33.0;3.3;COOPERATIVA SERTANEJA CEARENSE FAPE;17071170000160.0;Processo Enviado;OCB;22/07/2027;06/02/2025 15:13:33;23/05/2025 10:54:40;294.0;42.0;97,62;17071170000160
6809;INSTITUTO DE ARTE, CULTURA, LAZER E EDUCAÇÃO;1285431;20240830001289400;12153.2;2024-08-30;17071170000160;COOPERATIVA SERTANEJA CEARENSE - FAPE;Nota Fiscal;211;Gêneros Alimentícios ( Proteínas, Carboidratos, Hortaliças, Sódios e Lipídios);12153.2;7837;12153.2;2024-09-02;2;1ªQuinzena;set.;2024;Efetivada;17071170000160;17071170;0001;60;1;FAPE;02;20121025;00;4724500;0119999,0122900,0159801,1031700,1042200,1051100,1052000,1064300,1065101,1065103,1071600,1091101,4623199,4631100,4633801,4637104,4721102,4789099,8211300;RUA;ROMEU MARTINS;446;;CENTRO;62700000;;;17071170000160;1355;2302800.0;Canindé;CANINDÉ;Sertão de Canindé;Sertão de Canindé;LOTE 32;CACTUS;Canindé;10.0;31.0;10.0;31.0;0.0;0.0;2.0;2.0;33.0;3.3;COOPERATIVA SERTANEJA CEARENSE FAPE;17071170000160.0;Processo Enviado;OCB;22/07/2027;06/02/2025 15:13:33;23/05/2025 10:54:40;294.0;42.0;97,62;17071170000160
6810;INSTITUTO DE ARTE, CULTURA, LAZER E EDUCAÇÃO;1285431;20240830001289400;9131.4;2024-08-30;17071170000160;COOPERATIVA SERTANEJA CEARENSE - FAPE;Nota Fiscal;211;Gêneros Alimentícios ( Proteínas, Carboidratos, Hortaliças, Sódios e Lipídios);9131.4;7835;9131.4;2024-09-02;2;1ªQuinzena;set.;2024;Efetivada;17071170000160;17071170;0001;60;1;FAPE;02;20121025;00;4724500;0119999,0122900,0159801,1031700,1042200,1051100,1052000,1064300,1065101,1065103,1071600,1091101,4623199,4631100,4633801,4637104,4721102,4789099,8211300;RUA;ROMEU MARTINS;446;;CENTRO;62700000;;;17071170000160;1355;2302800.0;Canindé;CANINDÉ;Sertão de Canindé;Sertão de Canindé;LOTE 32;CACTUS;Canindé;10.0;31.0;10.0;31.0;0.0;0.0;2.0;2.0;33.0;3.3;COOPERATIVA SERTANEJA CEARENSE FAPE;17071170000160.0;Processo Enviado;OCB;22/07/2027;06/02/2025 15:13:33;23/05/2025 10:54:40;294.0;42.0;97,62;17071170000160
6811;INSTITUTO DE ARTE, CULTURA, LAZER E EDUCAÇÃO;1285431;20240830001289400;6087.6;2024-08-30;17071170000160;COOPERATIVA SERTANEJA CEARENSE - FAPE;Nota Fiscal;211;Gêneros Alimentícios ( Proteínas, Carboidratos, Hortaliças, Sódios e Lipídios);6087.6;7838;6087.6;2024-09-02;2;1ªQuinzena;set.;2024;Efetivada;17071170000160;17071170;0001;60;1;FAPE;02;20121025;00;4724500;0119999,0122900,0159801,1031700,1042200,1051100,1052000,1064300,1065101,1065103,1071600,1091101,4623199,4631100,4633801,4637104,4721102,4789099,8211300;RUA;ROMEU MARTINS;446;;CENTRO;62700000;;;17071170000160;1355;2302800.0;Canindé;CANINDÉ;Sertão de Canindé;Sertão de Canindé;LOTE 32;CACTUS;Canindé;10.0;31.0;10.0;31.0;0.0;0.0;2.0;2.0;33.0;3.3;COOPERATIVA SERTANEJA CEARENSE FAPE;17071170000160.0;Processo Enviado;OCB;22/07/2027;06/02/2025 15:13:33;23/05/2025 10:54:40;294.0;42.0;97,62;17071170000160
6818;INSTITUTO DE ARTE, CULTURA, LAZER E EDUCAÇÃO;1285431;20240905001292800;4117.0;2024-09-05;17071170000160;COOPERATIVA SERTANEJA CEARENSE - FAPE;Nota Fiscal;211;Gêneros Alimentícios ( Proteínas, Carboidratos, Hortaliças, Sódios e Lipídios);4117.0;7887;4117.0;2024-09-06;6;1ªQuinzena;set.;2024;Efetivada;17071170000160;17071170;0001;60;1;FAPE;02;20121025;00;4724500;0119999,0122900,0159801,1031700,1042200,1051100,1052000,1064300,1065101,1065103,1071600,1091101,4623199,4631100,4633801,4637104,4721102,4789099,8211300;RUA;ROMEU MARTINS;446;;CENTRO;62700000;;;17071170000160;1355;2302800.0;Canindé;CANINDÉ;Sertão de Canindé;Sertão de Canindé;LOTE 32;CACTUS;Canindé;10.0;31.0;10.0;31.0;0.0;0.0;2.0;2.0;33.0;3.3;COOPERATIVA SERTANEJA CEARENSE FAPE;17071170000160.0;Processo Enviado;OCB;22/07/2027;06/02/2025 15:13:33;23/05/2025 10:54:40;294.0;42.0;97,62;17071170000160
6819;INSTITUTO DE ARTE, CULTURA, LAZER E EDUCAÇÃO;1285431;20240905001292800;17440.0;2024-09-05;17071170000160;COOPERATIVA SERTANEJA CEARENSE - FAPE;Nota Fiscal;211;Gêneros Alimentícios ( Proteínas, Carboidratos, Hortaliças, Sódios e Lipídios);17440.0;7888;17440.0;2024-09-06;6;1ªQuinzena;set.;2024;Efetivada;17071170000160;17071170;0001;60;1;FAPE;02;20121025;00;4724500;0119999,0122900,0159801,1031700,1042200,1051100,1052000,1064300,1065101,1065103,1071600,1091101,4623199,4631100,4633801,4637104,4721102,4789099,8211300;RUA;ROMEU MARTINS;446;;CENTRO;62700000;;;17071170000160;1355;2302800.0;Canindé;CANINDÉ;Sertão de Canindé;Sertão de Canindé;LOTE 32;CACTUS;Canindé;10.0;31.0;10.0;31.0;0.0;0.0;2.0;2.0;33.0;3.3;COOPERATIVA SERTANEJA CEARENSE FAPE;17071170000160.0;Processo Enviado;OCB;22/07/2027;06/02/2025 15:13:33;23/05/2025 10:54:40;294.0;42.0;97,62;17071170000160
6820;INSTITUTO DE ARTE, CULTURA, LAZER E EDUCAÇÃO;1285431;20240905001292800;2970.0;2024-09-05;17071170000160;COOPERATIVA SERTANEJA CEARENSE - FAPE;Nota Fiscal;211;Gêneros Alimentícios ( Proteínas, Carboidratos, Hortaliças, Sódios e Lipídios);2970.0;7886;2970.0;2024-09-06;6;1ªQuinzena;set.;2024;Efetivada;17071170000160;17071170;0001;60;1;FAPE;02;20121025;00;4724500;0119999,0122900,0159801,1031700,1042200,1051100,1052000,1064300,1065101,1065103,1071600,1091101,4623199,4631100,4633801,4637104,4721102,4789099,8211300;RUA;ROMEU MARTINS;446;;CENTRO;62700000;;;17071170000160;1355;2302800.0;Canindé;CANINDÉ;Sertão de Canindé;Sertão de Canindé;LOTE 32;CACTUS;Canindé;10.0;31.0;10.0;31.0;0.0;0.0;2.0;2.0;33.0;3.3;COOPERATIVA SERTANEJA CEARENSE FAPE;17071170000160.0;Processo Enviado;OCB;22/07/2027;06/02/2025 15:13:33;23/05/2025 10:54:40;294.0;42.0;97,62;17071170000160
6845;INSTITUTO DE ARTE, CULTURA, LAZER E EDUCAÇÃO;1285431;20241003001306800;12954.0;2024-10-03;17071170000160;COOPERATIVA SERTANEJA CEARENSE - FAPE;Nota Fiscal;211;Gêneros Alimentícios ( Proteínas, Carboidratos, Hortaliças, Sódios e Lipídios);12954.0;7949;12954.0;2024-10-04;4;1ªQuinzena;out.;2024;Efetivada;17071170000160;17071170;0001;60;1;FAPE;02;20121025;00;4724500;0119999,0122900,0159801,1031700,1042200,1051100,1052000,1064300,1065101,1065103,1071600,1091101,4623199,4631100,4633801,4637104,4721102,4789099,8211300;RUA;ROMEU MARTINS;446;;CENTRO;62700000;;;17071170000160;1355;2302800.0;Canindé;CANINDÉ;Sertão de Canindé;Sertão de Canindé;LOTE 32;CACTUS;Canindé;10.0;31.0;10.0;31.0;0.0;0.0;2.0;2.0;33.0;3.3;COOPERATIVA SERTANEJA CEARENSE FAPE;17071170000160.0;Processo Enviado;OCB;22/07/2027;06/02/2025 15:13:33;23/05/2025 10:54:40;294.0;42.0;97,62;17071170000160
6849;INSTITUTO DE ARTE, CULTURA, LAZER E EDUCAÇÃO;1285431;20241004001307900;4773.05;2024-10-04;17071170000160;COOPERATIVA SERTANEJA CEARENSE - FAPE;Nota Fiscal;211;Gêneros Alimentícios ( Proteínas, Carboidratos, Hortaliças, Sódios e Lipídios);4773.05;7989;4773.05;2024-10-07;7;1ªQuinzena;out.;2024;Efetivada;17071170000160;17071170;0001;60;1;FAPE;02;20121025;00;4724500;0119999,0122900,0159801,1031700,1042200,1051100,1052000,1064300,1065101,1065103,1071600,1091101,4623199,4631100,4633801,4637104,4721102,4789099,8211300;RUA;ROMEU MARTINS;446;;CENTRO;62700000;;;17071170000160;1355;2302800.0;Canindé;CANINDÉ;Sertão de Canindé;Sertão de Canindé;LOTE 32;CACTUS;Canindé;10.0;31.0;10.0;31.0;0.0;0.0;2.0;2.0;33.0;3.3;COOPERATIVA SERTANEJA CEARENSE FAPE;17071170000160.0;Processo Enviado;OCB;22/07/2027;06/02/2025 15:13:33;23/05/2025 10:54:40;294.0;42.0;97,62;17071170000160
6850;INSTITUTO DE ARTE, CULTURA, LAZER E EDUCAÇÃO;1285431;20241004001307900;9903.05;2024-10-04;17071170000160;COOPERATIVA SERTANEJA CEARENSE - FAPE;Nota Fiscal;211;Gêneros Alimentícios ( Proteínas, Carboidratos, Hortaliças, Sódios e Lipídios);9903.05;7990;9903.05;2024-10-07;7;1ªQuinzena;out.;2024;Efetivada;17071170000160;17071170;0001;60;1;FAPE;02;20121025;00;4724500;0119999,0122900,0159801,1031700,1042200,1051100,1052000,1064300,1065101,1065103,1071600,1091101,4623199,4631100,4633801,4637104,4721102,4789099,8211300;RUA;ROMEU MARTINS;446;;CENTRO;62700000;;;17071170000160;1355;2302800.0;Canindé;CANINDÉ;Sertão de Canindé;Sertão de Canindé;LOTE 32;CACTUS;Canindé;10.0;31.0;10.0;31.0;0.0;0.0;2.0;2.0;33.0;3.3;COOPERATIVA SERTANEJA CEARENSE FAPE;17071170000160.0;Processo Enviado;OCB;22/07/2027;06/02/2025 15:13:33;23/05/2025 10:54:40;294.0;42.0;97,62;17071170000160
6851;INSTITUTO DE ARTE, CULTURA, LAZER E EDUCAÇÃO;1285431;20241004001307900;7485.5;2024-10-04;17071170000160;COOPERATIVA SERTANEJA CEARENSE - FAPE;Nota Fiscal;211;Gêneros Alimentícios ( Proteínas, Carboidratos, Hortaliças, Sódios e Lipídios);7485.5;7987;7485.5;2024-10-07;7;1ªQuinzena;out.;2024;Efetivada;17071170000160;17071170;0001;60;1;FAPE;02;20121025;00;4724500;0119999,0122900,0159801,1031700,1042200,1051100,1052000,1064300,1065101,1065103,1071600,1091101,4623199,4631100,4633801,4637104,4721102,4789099,8211300;RUA;ROMEU MARTINS;446;;CENTRO;62700000;;;17071170000160;1355;2302800.0;Canindé;CANINDÉ;Sertão de Canindé;Sertão de Canindé;LOTE 32;CACTUS;Canindé;10.0;31.0;10.0;31.0;0.0;0.0;2.0;2.0;33.0;3.3;COOPERATIVA SERTANEJA CEARENSE FAPE;17071170000160.0;Processo Enviado;OCB;22/07/2027;06/02/2025 15:13:33;23/05/2025 10:54:40;294.0;42.0;97,62;17071170000160
6852;INSTITUTO DE ARTE, CULTURA, LAZER E EDUCAÇÃO;1285431;20241004001307900;4951.9;2024-10-04;17071170000160;COOPERATIVA SERTANEJA CEARENSE - FAPE;Nota Fiscal;211;Gêneros Alimentícios ( Proteínas, Carboidratos, Hortaliças, Sódios e Lipídios);4951.9;7988;4951.9;2024-10-07;7;1ªQuinzena;out.;2024;Efetivada;17071170000160;17071170;0001;60;1;FAPE;02;20121025;00;4724500;0119999,0122900,0159801,1031700,1042200,1051100,1052000,1064300,1065101,1065103,1071600,1091101,4623199,4631100,4633801,4637104,4721102,4789099,8211300;RUA;ROMEU MARTINS;446;;CENTRO;62700000;;;17071170000160;1355;2302800.0;Canindé;CANINDÉ;Sertão de Canindé;Sertão de Canindé;LOTE 32;CACTUS;Canindé;10.0;31.0;10.0;31.0;0.0;0.0;2.0;2.0;33.0;3.3;COOPERATIVA SERTANEJA CEARENSE FAPE;17071170000160.0;Processo Enviado;OCB;22/07/2027;06/02/2025 15:13:33;23/05/2025 10:54:40;294.0;42.0;97,62;17071170000160
6853;INSTITUTO DE ARTE, CULTURA, LAZER E EDUCAÇÃO;1285431;20241004001307900;6889.9;2024-10-04;17071170000160;COOPERATIVA SERTANEJA CEARENSE - FAPE;Nota Fiscal;211;Gêneros Alimentícios ( Proteínas, Carboidratos, Hortaliças, Sódios e Lipídios);6889.9;7986;6889.9;2024-10-07;7;1ªQuinzena;out.;2024;Efetivada;17071170000160;17071170;0001;60;1;FAPE;02;20121025;00;4724500;0119999,0122900,0159801,1031700,1042200,1051100,1052000,1064300,1065101,1065103,1071600,1091101,4623199,4631100,4633801,4637104,4721102,4789099,8211300;RUA;ROMEU MARTINS;446;;CENTRO;62700000;;;17071170000160;1355;2302800.0;Canindé;CANINDÉ;Sertão de Canindé;Sertão de Canindé;LOTE 32;CACTUS;Canindé;10.0;31.0;10.0;31.0;0.0;0.0;2.0;2.0;33.0;3.3;COOPERATIVA SERTANEJA CEARENSE FAPE;17071170000160.0;Processo Enviado;OCB;22/07/2027;06/02/2025 15:13:33;23/05/2025 10:54:40;294.0;42.0;97,62;17071170000160
6854;INSTITUTO DE ARTE, CULTURA, LAZER E EDUCAÇÃO;1285431;20241004001307900;9183.75;2024-10-04;17071170000160;COOPERATIVA SERTANEJA CEARENSE - FAPE;Nota Fiscal;211;Gêneros Alimentícios ( Proteínas, Carboidratos, Hortaliças, Sódios e Lipídios);9183.75;7985;9183.75;2024-10-07;7;1ªQuinzena;out.;2024;Efetivada;17071170000160;17071170;0001;60;1;FAPE;02;20121025;00;4724500;0119999,0122900,0159801,1031700,1042200,1051100,1052000,1064300,1065101,1065103,1071600,1091101,4623199,4631100,4633801,4637104,4721102,4789099,8211300;RUA;ROMEU MARTINS;446;;CENTRO;62700000;;;17071170000160;1355;2302800.0;Canindé;CANINDÉ;Sertão de Canindé;Sertão de Canindé;LOTE 32;CACTUS;Canindé;10.0;31.0;10.0;31.0;0.0;0.0;2.0;2.0;33.0;3.3;COOPERATIVA SERTANEJA CEARENSE FAPE;17071170000160.0;Processo Enviado;OCB;22/07/2027;06/02/2025 15:13:33;23/05/2025 10:54:40;294.0;42.0;97,62;17071170000160
6893;INSTITUTO DE ARTE, CULTURA, LAZER E EDUCAÇÃO;1285431;20241030001319600;32197.4;2024-10-30;17071170000160;COOPERATIVA SERTANEJA CEARENSE - FAPE;Nota Fiscal;211;Gêneros Alimentícios ( Proteínas, Carboidratos, Hortaliças, Sódios e Lipídios);32197.4;8064;32197.4;2024-10-31;31;2ªQuinzena;out.;2024;Efetivada;17071170000160;17071170;0001;60;1;FAPE;02;20121025;00;4724500;0119999,0122900,0159801,1031700,1042200,1051100,1052000,1064300,1065101,1065103,1071600,1091101,4623199,4631100,4633801,4637104,4721102,4789099,8211300;RUA;ROMEU MARTINS;446;;CENTRO;62700000;;;17071170000160;1355;2302800.0;Canindé;CANINDÉ;Sertão de Canindé;Sertão de Canindé;LOTE 32;CACTUS;Canindé;10.0;31.0;10.0;31.0;0.0;0.0;2.0;2.0;33.0;3.3;COOPERATIVA SERTANEJA CEARENSE FAPE;17071170000160.0;Processo Enviado;OCB;22/07/2027;06/02/2025 15:13:33;23/05/2025 10:54:40;294.0;42.0;97,62;17071170000160
6894;INSTITUTO DE ARTE, CULTURA, LAZER E EDUCAÇÃO;1285431;20241030001319600;43510.6;2024-10-30;17071170000160;COOPERATIVA SERTANEJA CEARENSE - FAPE;Nota Fiscal;211;Gêneros Alimentícios ( Proteínas, Carboidratos, Hortaliças, Sódios e Lipídios);43510.6;8065;43510.6;2024-10-31;31;2ªQuinzena;out.;2024;Efetivada;17071170000160;17071170;0001;60;1;FAPE;02;20121025;00;4724500;0119999,0122900,0159801,1031700,1042200,1051100,1052000,1064300,1065101,1065103,1071600,1091101,4623199,4631100,4633801,4637104,4721102,4789099,8211300;RUA;ROMEU MARTINS;446;;CENTRO;62700000;;;17071170000160;1355;2302800.0;Canindé;CANINDÉ;Sertão de Canindé;Sertão de Canindé;LOTE 32;CACTUS;Canindé;10.0;31.0;10.0;31.0;0.0;0.0;2.0;2.0;33.0;3.3;COOPERATIVA SERTANEJA CEARENSE FAPE;17071170000160.0;Processo Enviado;OCB;22/07/2027;06/02/2025 15:13:33;23/05/2025 10:54:40;294.0;42.0;97,62;17071170000160
6895;INSTITUTO DE ARTE, CULTURA, LAZER E EDUCAÇÃO;1285431;20241030001319700;19453.8;2024-10-30;17071170000160;COOPERATIVA SERTANEJA CEARENSE - FAPE;Nota Fiscal;211;Gêneros Alimentícios ( Proteínas, Carboidratos, Hortaliças, Sódios e Lipídios);19453.8;8066;19453.8;2024-10-31;31;2ªQuinzena;out.;2024;Efetivada;17071170000160;17071170;0001;60;1;FAPE;02;20121025;00;4724500;0119999,0122900,0159801,1031700,1042200,1051100,1052000,1064300,1065101,1065103,1071600,1091101,4623199,4631100,4633801,4637104,4721102,4789099,8211300;RUA;ROMEU MARTINS;446;;CENTRO;62700000;;;17071170000160;1355;2302800.0;Canindé;CANINDÉ;Sertão de Canindé;Sertão de Canindé;LOTE 32;CACTUS;Canindé;10.0;31.0;10.0;31.0;0.0;0.0;2.0;2.0;33.0;3.3;COOPERATIVA SERTANEJA CEARENSE FAPE;17071170000160.0;Processo Enviado;OCB;22/07/2027;06/02/2025 15:13:33;23/05/2025 10:54:40;294.0;42.0;97,62;17071170000160
6896;INSTITUTO DE ARTE, CULTURA, LAZER E EDUCAÇÃO;1285431;20241030001319700;24643.6;2024-10-30;17071170000160;COOPERATIVA SERTANEJA CEARENSE - FAPE;Nota Fiscal;211;Gêneros Alimentícios ( Proteínas, Carboidratos, Hortaliças, Sódios e Lipídios);24643.6;8068;24643.6;2024-10-31;31;2ªQuinzena;out.;2024;Efetivada;17071170000160;17071170;0001;60;1;FAPE;02;20121025;00;4724500;0119999,0122900,0159801,1031700,1042200,1051100,1052000,1064300,1065101,1065103,1071600,1091101,4623199,4631100,4633801,4637104,4721102,4789099,8211300;RUA;ROMEU MARTINS;446;;CENTRO;62700000;;;17071170000160;1355;2302800.0;Canindé;CANINDÉ;Sertão de Canindé;Sertão de Canindé;LOTE 32;CACTUS;Canindé;10.0;31.0;10.0;31.0;0.0;0.0;2.0;2.0;33.0;3.3;COOPERATIVA SERTANEJA CEARENSE FAPE;17071170000160.0;Processo Enviado;OCB;22/07/2027;06/02/2025 15:13:33;23/05/2025 10:54:40;294.0;42.0;97,62;17071170000160
6897;INSTITUTO DE ARTE, CULTURA, LAZER E EDUCAÇÃO;1285431;20241030001319700;64020.4;2024-10-30;17071170000160;COOPERATIVA SERTANEJA CEARENSE - FAPE;Nota Fiscal;211;Gêneros Alimentícios ( Proteínas, Carboidratos, Hortaliças, Sódios e Lipídios);64020.4;8067;64020.4;2024-10-31;31;2ªQuinzena;out.;2024;Efetivada;17071170000160;17071170;0001;60;1;FAPE;02;20121025;00;4724500;0119999,0122900,0159801,1031700,1042200,1051100,1052000,1064300,1065101,1065103,1071600,1091101,4623199,4631100,4633801,4637104,4721102,4789099,8211300;RUA;ROMEU MARTINS;446;;CENTRO;62700000;;;17071170000160;1355;2302800.0;Canindé;CANINDÉ;Sertão de Canindé;Sertão de Canindé;LOTE 32;CACTUS;Canindé;10.0;31.0;10.0;31.0;0.0;0.0;2.0;2.0;33.0;3.3;COOPERATIVA SERTANEJA CEARENSE FAPE;17071170000160.0;Processo Enviado;OCB;22/07/2027;06/02/2025 15:13:33;23/05/2025 10:54:40;294.0;42.0;97,62;17071170000160
6898;INSTITUTO DE ARTE, CULTURA, LAZER E EDUCAÇÃO;1285431;20241030001319700;13046.0;2024-10-30;17071170000160;COOPERATIVA SERTANEJA CEARENSE - FAPE;Nota Fiscal;211;Gêneros Alimentícios ( Proteínas, Carboidratos, Hortaliças, Sódios e Lipídios);13046.0;8069;13046.0;2024-10-31;31;2ªQuinzena;out.;2024;Efetivada;17071170000160;17071170;0001;60;1;FAPE;02;20121025;00;4724500;0119999,0122900,0159801,1031700,1042200,1051100,1052000,1064300,1065101,1065103,1071600,1091101,4623199,4631100,4633801,4637104,4721102,4789099,8211300;RUA;ROMEU MARTINS;446;;CENTRO;62700000;;;17071170000160;1355;2302800.0;Canindé;CANINDÉ;Sertão de Canindé;Sertão de Canindé;LOTE 32;CACTUS;Canindé;10.0;31.0;10.0;31.0;0.0;0.0;2.0;2.0;33.0;3.3;COOPERATIVA SERTANEJA CEARENSE FAPE;17071170000160.0;Processo Enviado;OCB;22/07/2027;06/02/2025 15:13:33;23/05/2025 10:54:40;294.0;42.0;97,62;17071170000160
6928;INSTITUTO DE ARTE, CULTURA, LAZER E EDUCAÇÃO;1285431;20241114001327700;3161.4;2024-11-14;17071170000160;COOPERATIVA SERTANEJA CEARENSE - FAPE;Nota Fiscal;211;Gêneros Alimentícios ( Proteínas, Carboidratos, Hortaliças, Sódios e Lipídios);3161.4;8097;3161.4;2024-11-18;18;2ªQuinzena;nov.;2024;Efetivada;17071170000160;17071170;0001;60;1;FAPE;02;20121025;00;4724500;0119999,0122900,0159801,1031700,1042200,1051100,1052000,1064300,1065101,1065103,1071600,1091101,4623199,4631100,4633801,4637104,4721102,4789099,8211300;RUA;ROMEU MARTINS;446;;CENTRO;62700000;;;17071170000160;1355;2302800.0;Canindé;CANINDÉ;Sertão de Canindé;Sertão de Canindé;LOTE 32;CACTUS;Canindé;10.0;31.0;10.0;31.0;0.0;0.0;2.0;2.0;33.0;3.3;COOPERATIVA SERTANEJA CEARENSE FAPE;17071170000160.0;Processo Enviado;OCB;22/07/2027;06/02/2025 15:13:33;23/05/2025 10:54:40;294.0;42.0;97,62;17071170000160
6929;INSTITUTO DE ARTE, CULTURA, LAZER E EDUCAÇÃO;1285431;20241114001327700;11021.5;2024-11-14;17071170000160;COOPERATIVA SERTANEJA CEARENSE - FAPE;Nota Fiscal;211;Gêneros Alimentícios ( Proteínas, Carboidratos, Hortaliças, Sódios e Lipídios);11021.5;8101;11021.5;2024-11-18;18;2ªQuinzena;nov.;2024;Efetivada;17071170000160;17071170;0001;60;1;FAPE;02;20121025;00;4724500;0119999,0122900,0159801,1031700,1042200,1051100,1052000,1064300,1065101,1065103,1071600,1091101,4623199,4631100,4633801,4637104,4721102,4789099,8211300;RUA;ROMEU MARTINS;446;;CENTRO;62700000;;;17071170000160;1355;2302800.0;Canindé;CANINDÉ;Sertão de Canindé;Sertão de Canindé;LOTE 32;CACTUS;Canindé;10.0;31.0;10.0;31.0;0.0;0.0;2.0;2.0;33.0;3.3;COOPERATIVA SERTANEJA CEARENSE FAPE;17071170000160.0;Processo Enviado;OCB;22/07/2027;06/02/2025 15:13:33;23/05/2025 10:54:40;294.0;42.0;97,62;17071170000160
6930;INSTITUTO DE ARTE, CULTURA, LAZER E EDUCAÇÃO;1285431;20241114001327700;7802.7;2024-11-14;17071170000160;COOPERATIVA SERTANEJA CEARENSE - FAPE;Nota Fiscal;211;Gêneros Alimentícios ( Proteínas, Carboidratos, Hortaliças, Sódios e Lipídios);7802.7;8096;7802.7;2024-11-18;18;2ªQuinzena;nov.;2024;Efetivada;17071170000160;17071170;0001;60;1;FAPE;02;20121025;00;4724500;0119999,0122900,0159801,1031700,1042200,1051100,1052000,1064300,1065101,1065103,1071600,1091101,4623199,4631100,4633801,4637104,4721102,4789099,8211300;RUA;ROMEU MARTINS;446;;CENTRO;62700000;;;17071170000160;1355;2302800.0;Canindé;CANINDÉ;Sertão de Canindé;Sertão de Canindé;LOTE 32;CACTUS;Canindé;10.0;31.0;10.0;31.0;0.0;0.0;2.0;2.0;33.0;3.3;COOPERATIVA SERTANEJA CEARENSE FAPE;17071170000160.0;Processo Enviado;OCB;22/07/2027;06/02/2025 15:13:33;23/05/2025 10:54:40;294.0;42.0;97,62;17071170000160
6931;INSTITUTO DE ARTE, CULTURA, LAZER E EDUCAÇÃO;1285431;20241114001327700;6255.6;2024-11-14;17071170000160;COOPERATIVA SERTANEJA CEARENSE - FAPE;Nota Fiscal;211;Gêneros Alimentícios ( Proteínas, Carboidratos, Hortaliças, Sódios e Lipídios);6255.6;8098;6255.6;2024-11-18;18;2ªQuinzena;nov.;2024;Efetivada;17071170000160;17071170;0001;60;1;FAPE;02;20121025;00;4724500;0119999,0122900,0159801,1031700,1042200,1051100,1052000,1064300,1065101,1065103,1071600,1091101,4623199,4631100,4633801,4637104,4721102,4789099,8211300;RUA;ROMEU MARTINS;446;;CENTRO;62700000;;;17071170000160;1355;2302800.0;Canindé;CANINDÉ;Sertão de Canindé;Sertão de Canindé;LOTE 32;CACTUS;Canindé;10.0;31.0;10.0;31.0;0.0;0.0;2.0;2.0;33.0;3.3;COOPERATIVA SERTANEJA CEARENSE FAPE;17071170000160.0;Processo Enviado;OCB;22/07/2027;06/02/2025 15:13:33;23/05/2025 10:54:40;294.0;42.0;97,62;17071170000160
6932;INSTITUTO DE ARTE, CULTURA, LAZER E EDUCAÇÃO;1285431;20241114001327700;15538.2;2024-11-14;17071170000160;COOPERATIVA SERTANEJA CEARENSE - FAPE;Nota Fiscal;211;Gêneros Alimentícios ( Proteínas, Carboidratos, Hortaliças, Sódios e Lipídios);15538.2;8099;15538.2;2024-11-18;18;2ªQuinzena;nov.;2024;Efetivada;17071170000160;17071170;0001;60;1;FAPE;02;20121025;00;4724500;0119999,0122900,0159801,1031700,1042200,1051100,1052000,1064300,1065101,1065103,1071600,1091101,4623199,4631100,4633801,4637104,4721102,4789099,8211300;RUA;ROMEU MARTINS;446;;CENTRO;62700000;;;17071170000160;1355;2302800.0;Canindé;CANINDÉ;Sertão de Canindé;Sertão de Canindé;LOTE 32;CACTUS;Canindé;10.0;31.0;10.0;31.0;0.0;0.0;2.0;2.0;33.0;3.3;COOPERATIVA SERTANEJA CEARENSE FAPE;17071170000160.0;Processo Enviado;OCB;22/07/2027;06/02/2025 15:13:33;23/05/2025 10:54:40;294.0;42.0;97,62;17071170000160
6933;INSTITUTO DE ARTE, CULTURA, LAZER E EDUCAÇÃO;1285431;20241114001327700;4708.5;2024-11-14;17071170000160;COOPERATIVA SERTANEJA CEARENSE - FAPE;Nota Fiscal;211;Gêneros Alimentícios ( Proteínas, Carboidratos, Hortaliças, Sódios e Lipídios);4708.5;8100;4708.5;2024-11-18;18;2ªQuinzena;nov.;2024;Efetivada;17071170000160;17071170;0001;60;1;FAPE;02;20121025;00;4724500;0119999,0122900,0159801,1031700,1042200,1051100,1052000,1064300,1065101,1065103,1071600,1091101,4623199,4631100,4633801,4637104,4721102,4789099,8211300;RUA;ROMEU MARTINS;446;;CENTRO;62700000;;;17071170000160;1355;2302800.0;Canindé;CANINDÉ;Sertão de Canindé;Sertão de Canindé;LOTE 32;CACTUS;Canindé;10.0;31.0;10.0;31.0;0.0;0.0;2.0;2.0;33.0;3.3;COOPERATIVA SERTANEJA CEARENSE FAPE;17071170000160.0;Processo Enviado;OCB;22/07/2027;06/02/2025 15:13:33;23/05/2025 10:54:40;294.0;42.0;97,62;17071170000160
6958;INSTITUTO DE ARTE, CULTURA, LAZER E EDUCAÇÃO;1285431;20241122001332200;16225.0;2024-11-22;17071170000160;COOPERATIVA SERTANEJA CEARENSE - FAPE;Nota Fiscal;211;Gêneros Alimentícios ( Proteínas, Carboidratos, Hortaliças, Sódios e Lipídios);16225.0;8182;16225.0;2024-11-25;25;2ªQuinzena;nov.;2024;Efetivada;17071170000160;17071170;0001;60;1;FAPE;02;20121025;00;4724500;0119999,0122900,0159801,1031700,1042200,1051100,1052000,1064300,1065101,1065103,1071600,1091101,4623199,4631100,4633801,4637104,4721102,4789099,8211300;RUA;ROMEU MARTINS;446;;CENTRO;62700000;;;17071170000160;1355;2302800.0;Canindé;CANINDÉ;Sertão de Canindé;Sertão de Canindé;LOTE 32;CACTUS;Canindé;10.0;31.0;10.0;31.0;0.0;0.0;2.0;2.0;33.0;3.3;COOPERATIVA SERTANEJA CEARENSE FAPE;17071170000160.0;Processo Enviado;OCB;22/07/2027;06/02/2025 15:13:33;23/05/2025 10:54:40;294.0;42.0;97,62;17071170000160
6959;INSTITUTO DE ARTE, CULTURA, LAZER E EDUCAÇÃO;1285431;20241122001332200;6490.0;2024-11-22;17071170000160;COOPERATIVA SERTANEJA CEARENSE - FAPE;Nota Fiscal;211;Gêneros Alimentícios ( Proteínas, Carboidratos, Hortaliças, Sódios e Lipídios);6490.0;8183;6490.0;2024-11-25;25;2ªQuinzena;nov.;2024;Efetivada;17071170000160;17071170;0001;60;1;FAPE;02;20121025;00;4724500;0119999,0122900,0159801,1031700,1042200,1051100,1052000,1064300,1065101,1065103,1071600,1091101,4623199,4631100,4633801,4637104,4721102,4789099,8211300;RUA;ROMEU MARTINS;446;;CENTRO;62700000;;;17071170000160;1355;2302800.0;Canindé;CANINDÉ;Sertão de Canindé;Sertão de Canindé;LOTE 32;CACTUS;Canindé;10.0;31.0;10.0;31.0;0.0;0.0;2.0;2.0;33.0;3.3;COOPERATIVA SERTANEJA CEARENSE FAPE;17071170000160.0;Processo Enviado;OCB;22/07/2027;06/02/2025 15:13:33;23/05/2025 10:54:40;294.0;42.0;97,62;17071170000160
6960;INSTITUTO DE ARTE, CULTURA, LAZER E EDUCAÇÃO;1285431;20241122001332200;8112.5;2024-11-22;17071170000160;COOPERATIVA SERTANEJA CEARENSE - FAPE;Nota Fiscal;211;Gêneros Alimentícios ( Proteínas, Carboidratos, Hortaliças, Sódios e Lipídios);8112.5;8179;8112.5;2024-11-25;25;2ªQuinzena;nov.;2024;Efetivada;17071170000160;17071170;0001;60;1;FAPE;02;20121025;00;4724500;0119999,0122900,0159801,1031700,1042200,1051100,1052000,1064300,1065101,1065103,1071600,1091101,4623199,4631100,4633801,4637104,4721102,4789099,8211300;RUA;ROMEU MARTINS;446;;CENTRO;62700000;;;17071170000160;1355;2302800.0;Canindé;CANINDÉ;Sertão de Canindé;Sertão de Canindé;LOTE 32;CACTUS;Canindé;10.0;31.0;10.0;31.0;0.0;0.0;2.0;2.0;33.0;3.3;COOPERATIVA SERTANEJA CEARENSE FAPE;17071170000160.0;Processo Enviado;OCB;22/07/2027;06/02/2025 15:13:33;23/05/2025 10:54:40;294.0;42.0;97,62;17071170000160
6961;INSTITUTO DE ARTE, CULTURA, LAZER E EDUCAÇÃO;1285431;20241122001332200;3245.0;2024-11-22;17071170000160;COOPERATIVA SERTANEJA CEARENSE - FAPE;Nota Fiscal;211;Gêneros Alimentícios ( Proteínas, Carboidratos, Hortaliças, Sódios e Lipídios);3245.0;8184;3245.0;2024-11-25;25;2ªQuinzena;nov.;2024;Efetivada;17071170000160;17071170;0001;60;1;FAPE;02;20121025;00;4724500;0119999,0122900,0159801,1031700,1042200,1051100,1052000,1064300,1065101,1065103,1071600,1091101,4623199,4631100,4633801,4637104,4721102,4789099,8211300;RUA;ROMEU MARTINS;446;;CENTRO;62700000;;;17071170000160;1355;2302800.0;Canindé;CANINDÉ;Sertão de Canindé;Sertão de Canindé;LOTE 32;CACTUS;Canindé;10.0;31.0;10.0;31.0;0.0;0.0;2.0;2.0;33.0;3.3;COOPERATIVA SERTANEJA CEARENSE FAPE;17071170000160.0;Processo Enviado;OCB;22/07/2027;06/02/2025 15:13:33;23/05/2025 10:54:40;294.0;42.0;97,62;17071170000160
6962;INSTITUTO DE ARTE, CULTURA, LAZER E EDUCAÇÃO;1285431;20241122001332200;4867.5;2024-11-22;17071170000160;COOPERATIVA SERTANEJA CEARENSE - FAPE;Nota Fiscal;211;Gêneros Alimentícios ( Proteínas, Carboidratos, Hortaliças, Sódios e Lipídios);4867.5;8181;4867.5;2024-11-25;25;2ªQuinzena;nov.;2024;Efetivada;17071170000160;17071170;0001;60;1;FAPE;02;20121025;00;4724500;0119999,0122900,0159801,1031700,1042200,1051100,1052000,1064300,1065101,1065103,1071600,1091101,4623199,4631100,4633801,4637104,4721102,4789099,8211300;RUA;ROMEU MARTINS;446;;CENTRO;62700000;;;17071170000160;1355;2302800.0;Canindé;CANINDÉ;Sertão de Canindé;Sertão de Canindé;LOTE 32;CACTUS;Canindé;10.0;31.0;10.0;31.0;0.0;0.0;2.0;2.0;33.0;3.3;COOPERATIVA SERTANEJA CEARENSE FAPE;17071170000160.0;Processo Enviado;OCB;22/07/2027;06/02/2025 15:13:33;23/05/2025 10:54:40;294.0;42.0;97,62;17071170000160
6963;INSTITUTO DE ARTE, CULTURA, LAZER E EDUCAÇÃO;1285431;20241122001332200;11021.5;2024-11-22;17071170000160;COOPERATIVA SERTANEJA CEARENSE - FAPE;Nota Fiscal;211;Gêneros Alimentícios ( Proteínas, Carboidratos, Hortaliças, Sódios e Lipídios);11021.5;8180;11021.5;2024-11-25;25;2ªQuinzena;nov.;2024;Efetivada;17071170000160;17071170;0001;60;1;FAPE;02;20121025;00;4724500;0119999,0122900,0159801,1031700,1042200,1051100,1052000,1064300,1065101,1065103,1071600,1091101,4623199,4631100,4633801,4637104,4721102,4789099,8211300;RUA;ROMEU MARTINS;446;;CENTRO;62700000;;;17071170000160;1355;2302800.0;Canindé;CANINDÉ;Sertão de Canindé;Sertão de Canindé;LOTE 32;CACTUS;Canindé;10.0;31.0;10.0;31.0;0.0;0.0;2.0;2.0;33.0;3.3;COOPERATIVA SERTANEJA CEARENSE FAPE;17071170000160.0;Processo Enviado;OCB;22/07/2027;06/02/2025 15:13:33;23/05/2025 10:54:40;294.0;42.0;97,62;17071170000160
6974;INSTITUTO DE ARTE, CULTURA, LAZER E EDUCAÇÃO;1285431;20241205001341600;3069.0;2024-12-05;17071170000160;COOPERATIVA SERTANEJA CEARENSE - FAPE;Nota Fiscal;211;Gêneros Alimentícios ( Proteínas, Carboidratos, Hortaliças, Sódios e Lipídios);3069.0;8199;3069.0;2024-12-06;6;1ªQuinzena;dez.;2024;Efetivada;17071170000160;17071170;0001;60;1;FAPE;02;20121025;00;4724500;0119999,0122900,0159801,1031700,1042200,1051100,1052000,1064300,1065101,1065103,1071600,1091101,4623199,4631100,4633801,4637104,4721102,4789099,8211300;RUA;ROMEU MARTINS;446;;CENTRO;62700000;;;17071170000160;1355;2302800.0;Canindé;CANINDÉ;Sertão de Canindé;Sertão de Canindé;LOTE 32;CACTUS;Canindé;10.0;31.0;10.0;31.0;0.0;0.0;2.0;2.0;33.0;3.3;COOPERATIVA SERTANEJA CEARENSE FAPE;17071170000160.0;Processo Enviado;OCB;22/07/2027;06/02/2025 15:13:33;23/05/2025 10:54:40;294.0;42.0;97,62;17071170000160
6975;INSTITUTO DE ARTE, CULTURA, LAZER E EDUCAÇÃO;1285431;20241205001341600;10405.5;2024-12-05;17071170000160;COOPERATIVA SERTANEJA CEARENSE - FAPE;Nota Fiscal;211;Gêneros Alimentícios ( Proteínas, Carboidratos, Hortaliças, Sódios e Lipídios);10405.5;8195;10405.5;2024-12-06;6;1ªQuinzena;dez.;2024;Efetivada;17071170000160;17071170;0001;60;1;FAPE;02;20121025;00;4724500;0119999,0122900,0159801,1031700,1042200,1051100,1052000,1064300,1065101,1065103,1071600,1091101,4623199,4631100,4633801,4637104,4721102,4789099,8211300;RUA;ROMEU MARTINS;446;;CENTRO;62700000;;;17071170000160;1355;2302800.0;Canindé;CANINDÉ;Sertão de Canindé;Sertão de Canindé;LOTE 32;CACTUS;Canindé;10.0;31.0;10.0;31.0;0.0;0.0;2.0;2.0;33.0;3.3;COOPERATIVA SERTANEJA CEARENSE FAPE;17071170000160.0;Processo Enviado;OCB;22/07/2027;06/02/2025 15:13:33;23/05/2025 10:54:40;294.0;42.0;97,62;17071170000160
6977;INSTITUTO DE ARTE, CULTURA, LAZER E EDUCAÇÃO;1285431;20241205001341600;6138.0;2024-12-05;17071170000160;COOPERATIVA SERTANEJA CEARENSE - FAPE;Nota Fiscal;211;Gêneros Alimentícios ( Proteínas, Carboidratos, Hortaliças, Sódios e Lipídios);6138.0;8198;6138.0;2024-12-06;6;1ªQuinzena;dez.;2024;Efetivada;17071170000160;17071170;0001;60;1;FAPE;02;20121025;00;4724500;0119999,0122900,0159801,1031700,1042200,1051100,1052000,1064300,1065101,1065103,1071600,1091101,4623199,4631100,4633801,4637104,4721102,4789099,8211300;RUA;ROMEU MARTINS;446;;CENTRO;62700000;;;17071170000160;1355;2302800.0;Canindé;CANINDÉ;Sertão de Canindé;Sertão de Canindé;LOTE 32;CACTUS;Canindé;10.0;31.0;10.0;31.0;0.0;0.0;2.0;2.0;33.0;3.3;COOPERATIVA SERTANEJA CEARENSE FAPE;17071170000160.0;Processo Enviado;OCB;22/07/2027;06/02/2025 15:13:33;23/05/2025 10:54:40;294.0;42.0;97,62;17071170000160
6978;INSTITUTO DE ARTE, CULTURA, LAZER E EDUCAÇÃO;1285431;20241205001341600;4603.5;2024-12-05;17071170000160;COOPERATIVA SERTANEJA CEARENSE - FAPE;Nota Fiscal;211;Gêneros Alimentícios ( Proteínas, Carboidratos, Hortaliças, Sódios e Lipídios);4603.5;8196;4603.5;2024-12-06;6;1ªQuinzena;dez.;2024;Efetivada;17071170000160;17071170;0001;60;1;FAPE;02;20121025;00;4724500;0119999,0122900,0159801,1031700,1042200,1051100,1052000,1064300,1065101,1065103,1071600,1091101,4623199,4631100,4633801,4637104,4721102,4789099,8211300;RUA;ROMEU MARTINS;446;;CENTRO;62700000;;;17071170000160;1355;2302800.0;Canindé;CANINDÉ;Sertão de Canindé;Sertão de Canindé;LOTE 32;CACTUS;Canindé;10.0;31.0;10.0;31.0;0.0;0.0;2.0;2.0;33.0;3.3;COOPERATIVA SERTANEJA CEARENSE FAPE;17071170000160.0;Processo Enviado;OCB;22/07/2027;06/02/2025 15:13:33;23/05/2025 10:54:40;294.0;42.0;97,62;17071170000160
6979;INSTITUTO DE ARTE, CULTURA, LAZER E EDUCAÇÃO;1285431;20241205001341600;7672.5;2024-12-05;17071170000160;COOPERATIVA SERTANEJA CEARENSE - FAPE;Nota Fiscal;211;Gêneros Alimentícios ( Proteínas, Carboidratos, Hortaliças, Sódios e Lipídios);7672.5;8194;7672.5;2024-12-06;6;1ªQuinzena;dez.;2024;Efetivada;17071170000160;17071170;0001;60;1;FAPE;02;20121025;00;4724500;0119999,0122900,0159801,1031700,1042200,1051100,1052000,1064300,1065101,1065103,1071600,1091101,4623199,4631100,4633801,4637104,4721102,4789099,8211300;RUA;ROMEU MARTINS;446;;CENTRO;62700000;;;17071170000160;1355;2302800.0;Canindé;CANINDÉ;Sertão de Canindé;Sertão de Canindé;LOTE 32;CACTUS;Canindé;10.0;31.0;10.0;31.0;0.0;0.0;2.0;2.0;33.0;3.3;COOPERATIVA SERTANEJA CEARENSE FAPE;17071170000160.0;Processo Enviado;OCB;22/07/2027;06/02/2025 15:13:33;23/05/2025 10:54:40;294.0;42.0;97,62;17071170000160
6980;INSTITUTO DE ARTE, CULTURA, LAZER E EDUCAÇÃO;1285431;20241205001341600;15345.0;2024-12-05;17071170000160;COOPERATIVA SERTANEJA CEARENSE - FAPE;Nota Fiscal;211;Gêneros Alimentícios ( Proteínas, Carboidratos, Hortaliças, Sódios e Lipídios);15345.0;8197;15345.0;2024-12-06;6;1ªQuinzena;dez.;2024;Efetivada;17071170000160;17071170;0001;60;1;FAPE;02;20121025;00;4724500;0119999,0122900,0159801,1031700,1042200,1051100,1052000,1064300,1065101,1065103,1071600,1091101,4623199,4631100,4633801,4637104,4721102,4789099,8211300;RUA;ROMEU MARTINS;446;;CENTRO;62700000;;;17071170000160;1355;2302800.0;Canindé;CANINDÉ;Sertão de Canindé;Sertão de Canindé;LOTE 32;CACTUS;Canindé;10.0;31.0;10.0;31.0;0.0;0.0;2.0;2.0;33.0;3.3;COOPERATIVA SERTANEJA CEARENSE FAPE;17071170000160.0;Processo Enviado;OCB;22/07/2027;06/02/2025 15:13:33;23/05/2025 10:54:40;294.0;42.0;97,62;17071170000160
6992;INSTITUTO DE ARTE, CULTURA, LAZER E EDUCAÇÃO;1285431;20241218001352500;9861.7;2024-12-18;17071170000160;COOPERATIVA SERTANEJA CEARENSE - FAPE;Nota Fiscal;211;Gêneros Alimentícios ( Proteínas, Carboidratos, Hortaliças, Sódios e Lipídios);9861.7;8230;9861.7;2024-12-19;19;2ªQuinzena;dez.;2024;Efetivada;17071170000160;17071170;0001;60;1;FAPE;02;20121025;00;4724500;0119999,0122900,0159801,1031700,1042200,1051100,1052000,1064300,1065101,1065103,1071600,1091101,4623199,4631100,4633801,4637104,4721102,4789099,8211300;RUA;ROMEU MARTINS;446;;CENTRO;62700000;;;17071170000160;1355;2302800.0;Canindé;CANINDÉ;Sertão de Canindé;Sertão de Canindé;LOTE 32;CACTUS;Canindé;10.0;31.0;10.0;31.0;0.0;0.0;2.0;2.0;33.0;3.3;COOPERATIVA SERTANEJA CEARENSE FAPE;17071170000160.0;Processo Enviado;OCB;22/07/2027;06/02/2025 15:13:33;23/05/2025 10:54:40;294.0;42.0;97,62;17071170000160
6993;INSTITUTO DE ARTE, CULTURA, LAZER E EDUCAÇÃO;1285431;20241218001352500;3973.0;2024-12-18;17071170000160;COOPERATIVA SERTANEJA CEARENSE - FAPE;Nota Fiscal;211;Gêneros Alimentícios ( Proteínas, Carboidratos, Hortaliças, Sódios e Lipídios);3973.0;8235;3973.0;2024-12-19;19;2ªQuinzena;dez.;2024;Efetivada;17071170000160;17071170;0001;60;1;FAPE;02;20121025;00;4724500;0119999,0122900,0159801,1031700,1042200,1051100,1052000,1064300,1065101,1065103,1071600,1091101,4623199,4631100,4633801,4637104,4721102,4789099,8211300;RUA;ROMEU MARTINS;446;;CENTRO;62700000;;;17071170000160;1355;2302800.0;Canindé;CANINDÉ;Sertão de Canindé;Sertão de Canindé;LOTE 32;CACTUS;Canindé;10.0;31.0;10.0;31.0;0.0;0.0;2.0;2.0;33.0;3.3;COOPERATIVA SERTANEJA CEARENSE FAPE;17071170000160.0;Processo Enviado;OCB;22/07/2027;06/02/2025 15:13:33;23/05/2025 10:54:40;294.0;42.0;97,62;17071170000160
6994;INSTITUTO DE ARTE, CULTURA, LAZER E EDUCAÇÃO;1285431;20241218001352400;7946.0;2024-12-18;17071170000160;COOPERATIVA SERTANEJA CEARENSE - FAPE;Nota Fiscal;211;Gêneros Alimentícios ( Proteínas, Carboidratos, Hortaliças, Sódios e Lipídios);7946.0;8234;7946.0;2024-12-19;19;2ªQuinzena;dez.;2024;Efetivada;17071170000160;17071170;0001;60;1;FAPE;02;20121025;00;4724500;0119999,0122900,0159801,1031700,1042200,1051100,1052000,1064300,1065101,1065103,1071600,1091101,4623199,4631100,4633801,4637104,4721102,4789099,8211300;RUA;ROMEU MARTINS;446;;CENTRO;62700000;;;17071170000160;1355;2302800.0;Canindé;CANINDÉ;Sertão de Canindé;Sertão de Canindé;LOTE 32;CACTUS;Canindé;10.0;31.0;10.0;31.0;0.0;0.0;2.0;2.0;33.0;3.3;COOPERATIVA SERTANEJA CEARENSE FAPE;17071170000160.0;Processo Enviado;OCB;22/07/2027;06/02/2025 15:13:33;23/05/2025 10:54:40;294.0;42.0;97,62;17071170000160
6995;INSTITUTO DE ARTE, CULTURA, LAZER E EDUCAÇÃO;1285431;20241218001352400;19856.0;2024-12-18;17071170000160;COOPERATIVA SERTANEJA CEARENSE - FAPE;Nota Fiscal;211;Gêneros Alimentícios ( Proteínas, Carboidratos, Hortaliças, Sódios e Lipídios);19856.0;8233;19856.0;2024-12-19;19;2ªQuinzena;dez.;2024;Efetivada;17071170000160;17071170;0001;60;1;FAPE;02;20121025;00;4724500;0119999,0122900,0159801,1031700,1042200,1051100,1052000,1064300,1065101,1065103,1071600,1091101,4623199,4631100,4633801,4637104,4721102,4789099,8211300;RUA;ROMEU MARTINS;446;;CENTRO;62700000;;;17071170000160;1355;2302800.0;Canindé;CANINDÉ;Sertão de Canindé;Sertão de Canindé;LOTE 32;CACTUS;Canindé;10.0;31.0;10.0;31.0;0.0;0.0;2.0;2.0;33.0;3.3;COOPERATIVA SERTANEJA CEARENSE FAPE;17071170000160.0;Processo Enviado;OCB;22/07/2027;06/02/2025 15:13:33;23/05/2025 10:54:40;294.0;42.0;97,62;17071170000160
6996;INSTITUTO DE ARTE, CULTURA, LAZER E EDUCAÇÃO;1285431;20241218001352400;5959.5;2024-12-18;17071170000160;COOPERATIVA SERTANEJA CEARENSE - FAPE;Nota Fiscal;211;Gêneros Alimentícios ( Proteínas, Carboidratos, Hortaliças, Sódios e Lipídios);5959.5;8232;5959.5;2024-12-19;19;2ªQuinzena;dez.;2024;Efetivada;17071170000160;17071170;0001;60;1;FAPE;02;20121025;00;4724500;0119999,0122900,0159801,1031700,1042200,1051100,1052000,1064300,1065101,1065103,1071600,1091101,4623199,4631100,4633801,4637104,4721102,4789099,8211300;RUA;ROMEU MARTINS;446;;CENTRO;62700000;;;17071170000160;1355;2302800.0;Canindé;CANINDÉ;Sertão de Canindé;Sertão de Canindé;LOTE 32;CACTUS;Canindé;10.0;31.0;10.0;31.0;0.0;0.0;2.0;2.0;33.0;3.3;COOPERATIVA SERTANEJA CEARENSE FAPE;17071170000160.0;Processo Enviado;OCB;22/07/2027;06/02/2025 15:13:33;23/05/2025 10:54:40;294.0;42.0;97,62;17071170000160
6997;INSTITUTO DE ARTE, CULTURA, LAZER E EDUCAÇÃO;1285431;20241218001352500;13569.5;2024-12-18;17071170000160;COOPERATIVA SERTANEJA CEARENSE - FAPE;Nota Fiscal;211;Gêneros Alimentícios ( Proteínas, Carboidratos, Hortaliças, Sódios e Lipídios);13569.5;8231;13569.5;2024-12-19;19;2ªQuinzena;dez.;2024;Efetivada;17071170000160;17071170;0001;60;1;FAPE;02;20121025;00;4724500;0119999,0122900,0159801,1031700,1042200,1051100,1052000,1064300,1065101,1065103,1071600,1091101,4623199,4631100,4633801,4637104,4721102,4789099,8211300;RUA;ROMEU MARTINS;446;;CENTRO;62700000;;;17071170000160;1355;2302800.0;Canindé;CANINDÉ;Sertão de Canindé;Sertão de Canindé;LOTE 32;CACTUS;Canindé;10.0;31.0;10.0;31.0;0.0;0.0;2.0;2.0;33.0;3.3;COOPERATIVA SERTANEJA CEARENSE FAPE;17071170000160.0;Processo Enviado;OCB;22/07/2027;06/02/2025 15:13:33;23/05/2025 10:54:40;294.0;42.0;97,62;17071170000160
7024;INSTITUTO DE ARTE, CULTURA, LAZER E EDUCAÇÃO;1285431;20250130001370700;4867.5;2025-01-30;17071170000160;COOPERATIVA SERTANEJA CEARENSE - FAPE;Nota Fiscal;211;Gêneros Alimentícios ( Proteínas, Carboidratos, Hortaliças, Sódios e Lipídios);4867.5;8249;4867.5;2025-01-31;31;2ªQuinzena;jan.;2025;Efetivada;17071170000160;17071170;0001;60;1;FAPE;02;20121025;00;4724500;0119999,0122900,0159801,1031700,1042200,1051100,1052000,1064300,1065101,1065103,1071600,1091101,4623199,4631100,4633801,4637104,4721102,4789099,8211300;RUA;ROMEU MARTINS;446;;CENTRO;62700000;;;17071170000160;1355;2302800.0;Canindé;CANINDÉ;Sertão de Canindé;Sertão de Canindé;LOTE 32;CACTUS;Canindé;10.0;31.0;10.0;31.0;0.0;0.0;2.0;2.0;33.0;3.3;COOPERATIVA SERTANEJA CEARENSE FAPE;17071170000160.0;Processo Enviado;OCB;22/07/2027;06/02/2025 15:13:33;23/05/2025 10:54:40;294.0;42.0;97,62;17071170000160
7025;INSTITUTO DE ARTE, CULTURA, LAZER E EDUCAÇÃO;1285431;20250130001370700;16225.0;2025-01-30;17071170000160;COOPERATIVA SERTANEJA CEARENSE - FAPE;Nota Fiscal;211;Gêneros Alimentícios ( Proteínas, Carboidratos, Hortaliças, Sódios e Lipídios);16225.0;8250;16225.0;2025-01-31;31;2ªQuinzena;jan.;2025;Efetivada;17071170000160;17071170;0001;60;1;FAPE;02;20121025;00;4724500;0119999,0122900,0159801,1031700,1042200,1051100,1052000,1064300,1065101,1065103,1071600,1091101,4623199,4631100,4633801,4637104,4721102,4789099,8211300;RUA;ROMEU MARTINS;446;;CENTRO;62700000;;;17071170000160;1355;2302800.0;Canindé;CANINDÉ;Sertão de Canindé;Sertão de Canindé;LOTE 32;CACTUS;Canindé;10.0;31.0;10.0;31.0;0.0;0.0;2.0;2.0;33.0;3.3;COOPERATIVA SERTANEJA CEARENSE FAPE;17071170000160.0;Processo Enviado;OCB;22/07/2027;06/02/2025 15:13:33;23/05/2025 10:54:40;294.0;42.0;97,62;17071170000160
7026;INSTITUTO DE ARTE, CULTURA, LAZER E EDUCAÇÃO;1285431;20250127001368300;6490.0;2025-01-27;17071170000160;COOPERATIVA SERTANEJA CEARENSE - FAPE;Nota Fiscal;211;Gêneros Alimentícios ( Proteínas, Carboidratos, Hortaliças, Sódios e Lipídios);6490.0;8251;6490.0;2025-01-28;28;2ªQuinzena;jan.;2025;Efetivada;17071170000160;17071170;0001;60;1;FAPE;02;20121025;00;4724500;0119999,0122900,0159801,1031700,1042200,1051100,1052000,1064300,1065101,1065103,1071600,1091101,4623199,4631100,4633801,4637104,4721102,4789099,8211300;RUA;ROMEU MARTINS;446;;CENTRO;62700000;;;17071170000160;1355;2302800.0;Canindé;CANINDÉ;Sertão de Canindé;Sertão de Canindé;LOTE 32;CACTUS;Canindé;10.0;31.0;10.0;31.0;0.0;0.0;2.0;2.0;33.0;3.3;COOPERATIVA SERTANEJA CEARENSE FAPE;17071170000160.0;Processo Enviado;OCB;22/07/2027;06/02/2025 15:13:33;23/05/2025 10:54:40;294.0;42.0;97,62;17071170000160
7027;INSTITUTO DE ARTE, CULTURA, LAZER E EDUCAÇÃO;1285431;20250127001368300;8112.5;2025-01-27;17071170000160;COOPERATIVA SERTANEJA CEARENSE - FAPE;Nota Fiscal;211;Gêneros Alimentícios ( Proteínas, Carboidratos, Hortaliças, Sódios e Lipídios);8112.5;8247;8112.5;2025-01-28;28;2ªQuinzena;jan.;2025;Efetivada;17071170000160;17071170;0001;60;1;FAPE;02;20121025;00;4724500;0119999,0122900,0159801,1031700,1042200,1051100,1052000,1064300,1065101,1065103,1071600,1091101,4623199,4631100,4633801,4637104,4721102,4789099,8211300;RUA;ROMEU MARTINS;446;;CENTRO;62700000;;;17071170000160;1355;2302800.0;Canindé;CANINDÉ;Sertão de Canindé;Sertão de Canindé;LOTE 32;CACTUS;Canindé;10.0;31.0;10.0;31.0;0.0;0.0;2.0;2.0;33.0;3.3;COOPERATIVA SERTANEJA CEARENSE FAPE;17071170000160.0;Processo Enviado;OCB;22/07/2027;06/02/2025 15:13:33;23/05/2025 10:54:40;294.0;42.0;97,62;17071170000160
7028;INSTITUTO DE ARTE, CULTURA, LAZER E EDUCAÇÃO;1285431;20250130001370700;11021.5;2025-01-30;17071170000160;COOPERATIVA SERTANEJA CEARENSE - FAPE;Nota Fiscal;211;Gêneros Alimentícios ( Proteínas, Carboidratos, Hortaliças, Sódios e Lipídios);11021.5;8248;11021.5;2025-01-31;31;2ªQuinzena;jan.;2025;Efetivada;17071170000160;17071170;0001;60;1;FAPE;02;20121025;00;4724500;0119999,0122900,0159801,1031700,1042200,1051100,1052000,1064300,1065101,1065103,1071600,1091101,4623199,4631100,4633801,4637104,4721102,4789099,8211300;RUA;ROMEU MARTINS;446;;CENTRO;62700000;;;17071170000160;1355;2302800.0;Canindé;CANINDÉ;Sertão de Canindé;Sertão de Canindé;LOTE 32;CACTUS;Canindé;10.0;31.0;10.0;31.0;0.0;0.0;2.0;2.0;33.0;3.3;COOPERATIVA SERTANEJA CEARENSE FAPE;17071170000160.0;Processo Enviado;OCB;22/07/2027;06/02/2025 15:13:33;23/05/2025 10:54:40;294.0;42.0;97,62;17071170000160
7029;INSTITUTO DE ARTE, CULTURA, LAZER E EDUCAÇÃO;1285431;20250127001368300;3245.0;2025-01-27;17071170000160;COOPERATIVA SERTANEJA CEARENSE - FAPE;Nota Fiscal;211;Gêneros Alimentícios ( Proteínas, Carboidratos, Hortaliças, Sódios e Lipídios);3245.0;8252;3245.0;2025-01-28;28;2ªQuinzena;jan.;2025;Efetivada;17071170000160;17071170;0001;60;1;FAPE;02;20121025;00;4724500;0119999,0122900,0159801,1031700,1042200,1051100,1052000,1064300,1065101,1065103,1071600,1091101,4623199,4631100,4633801,4637104,4721102,4789099,8211300;RUA;ROMEU MARTINS;446;;CENTRO;62700000;;;17071170000160;1355;2302800.0;Canindé;CANINDÉ;Sertão de Canindé;Sertão de Canindé;LOTE 32;CACTUS;Canindé;10.0;31.0;10.0;31.0;0.0;0.0;2.0;2.0;33.0;3.3;COOPERATIVA SERTANEJA CEARENSE FAPE;17071170000160.0;Processo Enviado;OCB;22/07/2027;06/02/2025 15:13:33;23/05/2025 10:54:40;294.0;42.0;97,62;17071170000160
7031;INSTITUTO DE ARTE, CULTURA, LAZER E EDUCAÇÃO;1285431;20250130001370700;3245.0;2025-01-30;17071170000160;COOPERATIVA SERTANEJA CEARENSE - FAPE;Nota Fiscal;211;Gêneros Alimentícios ( Proteínas, Carboidratos, Hortaliças, Sódios e Lipídios);3245.0;8267;3245.0;2025-01-31;31;2ªQuinzena;jan.;2025;Efetivada;17071170000160;17071170;0001;60;1;FAPE;02;20121025;00;4724500;0119999,0122900,0159801,1031700,1042200,1051100,1052000,1064300,1065101,1065103,1071600,1091101,4623199,4631100,4633801,4637104,4721102,4789099,8211300;RUA;ROMEU MARTINS;446;;CENTRO;62700000;;;17071170000160;1355;2302800.0;Canindé;CANINDÉ;Sertão de Canindé;Sertão de Canindé;LOTE 32;CACTUS;Canindé;10.0;31.0;10.0;31.0;0.0;0.0;2.0;2.0;33.0;3.3;COOPERATIVA SERTANEJA CEARENSE FAPE;17071170000160.0;Processo Enviado;OCB;22/07/2027;06/02/2025 15:13:33;23/05/2025 10:54:40;294.0;42.0;97,62;17071170000160
7032;INSTITUTO DE ARTE, CULTURA, LAZER E EDUCAÇÃO;1285431;20250127001368400;16225.0;2025-01-27;17071170000160;COOPERATIVA SERTANEJA CEARENSE - FAPE;Nota Fiscal;211;Gêneros Alimentícios ( Proteínas, Carboidratos, Hortaliças, Sódios e Lipídios);16225.0;8265;16225.0;2025-01-28;28;2ªQuinzena;jan.;2025;Efetivada;17071170000160;17071170;0001;60;1;FAPE;02;20121025;00;4724500;0119999,0122900,0159801,1031700,1042200,1051100,1052000,1064300,1065101,1065103,1071600,1091101,4623199,4631100,4633801,4637104,4721102,4789099,8211300;RUA;ROMEU MARTINS;446;;CENTRO;62700000;;;17071170000160;1355;2302800.0;Canindé;CANINDÉ;Sertão de Canindé;Sertão de Canindé;LOTE 32;CACTUS;Canindé;10.0;31.0;10.0;31.0;0.0;0.0;2.0;2.0;33.0;3.3;COOPERATIVA SERTANEJA CEARENSE FAPE;17071170000160.0;Processo Enviado;OCB;22/07/2027;06/02/2025 15:13:33;23/05/2025 10:54:40;294.0;42.0;97,62;17071170000160
7033;INSTITUTO DE ARTE, CULTURA, LAZER E EDUCAÇÃO;1285431;20250127001368400;4867.5;2025-01-27;17071170000160;COOPERATIVA SERTANEJA CEARENSE - FAPE;Nota Fiscal;211;Gêneros Alimentícios ( Proteínas, Carboidratos, Hortaliças, Sódios e Lipídios);4867.5;8264;4867.5;2025-01-28;28;2ªQuinzena;jan.;2025;Efetivada;17071170000160;17071170;0001;60;1;FAPE;02;20121025;00;4724500;0119999,0122900,0159801,1031700,1042200,1051100,1052000,1064300,1065101,1065103,1071600,1091101,4623199,4631100,4633801,4637104,4721102,4789099,8211300;RUA;ROMEU MARTINS;446;;CENTRO;62700000;;;17071170000160;1355;2302800.0;Canindé;CANINDÉ;Sertão de Canindé;Sertão de Canindé;LOTE 32;CACTUS;Canindé;10.0;31.0;10.0;31.0;0.0;0.0;2.0;2.0;33.0;3.3;COOPERATIVA SERTANEJA CEARENSE FAPE;17071170000160.0;Processo Enviado;OCB;22/07/2027;06/02/2025 15:13:33;23/05/2025 10:54:40;294.0;42.0;97,62;17071170000160
7034;INSTITUTO DE ARTE, CULTURA, LAZER E EDUCAÇÃO;1285431;20250127001368400;11021.5;2025-01-27;17071170000160;COOPERATIVA SERTANEJA CEARENSE - FAPE;Nota Fiscal;211;Gêneros Alimentícios ( Proteínas, Carboidratos, Hortaliças, Sódios e Lipídios);11021.5;8263;11021.5;2025-01-28;28;2ªQuinzena;jan.;2025;Efetivada;17071170000160;17071170;0001;60;1;FAPE;02;20121025;00;4724500;0119999,0122900,0159801,1031700,1042200,1051100,1052000,1064300,1065101,1065103,1071600,1091101,4623199,4631100,4633801,4637104,4721102,4789099,8211300;RUA;ROMEU MARTINS;446;;CENTRO;62700000;;;17071170000160;1355;2302800.0;Canindé;CANINDÉ;Sertão de Canindé;Sertão de Canindé;LOTE 32;CACTUS;Canindé;10.0;31.0;10.0;31.0;0.0;0.0;2.0;2.0;33.0;3.3;COOPERATIVA SERTANEJA CEARENSE FAPE;17071170000160.0;Processo Enviado;OCB;22/07/2027;06/02/2025 15:13:33;23/05/2025 10:54:40;294.0;42.0;97,62;17071170000160
7035;INSTITUTO DE ARTE, CULTURA, LAZER E EDUCAÇÃO;1285431;20250130001370600;8112.5;2025-01-30;17071170000160;COOPERATIVA SERTANEJA CEARENSE - FAPE;Nota Fiscal;211;Gêneros Alimentícios ( Proteínas, Carboidratos, Hortaliças, Sódios e Lipídios);8112.5;8262;8112.5;2025-01-31;31;2ªQuinzena;jan.;2025;Efetivada;17071170000160;17071170;0001;60;1;FAPE;02;20121025;00;4724500;0119999,0122900,0159801,1031700,1042200,1051100,1052000,1064300,1065101,1065103,1071600,1091101,4623199,4631100,4633801,4637104,4721102,4789099,8211300;RUA;ROMEU MARTINS;446;;CENTRO;62700000;;;17071170000160;1355;2302800.0;Canindé;CANINDÉ;Sertão de Canindé;Sertão de Canindé;LOTE 32;CACTUS;Canindé;10.0;31.0;10.0;31.0;0.0;0.0;2.0;2.0;33.0;3.3;COOPERATIVA SERTANEJA CEARENSE FAPE;17071170000160.0;Processo Enviado;OCB;22/07/2027;06/02/2025 15:13:33;23/05/2025 10:54:40;294.0;42.0;97,62;17071170000160
7060;INSTITUTO DE ARTE, CULTURA, LAZER E EDUCAÇÃO;1285431;20250212001376300;3245.0;2025-02-12;17071170000160;COOPERATIVA SERTANEJA CEARENSE - FAPE;Nota Fiscal;211;Gêneros Alimentícios ( Proteínas, Carboidratos, Hortaliças, Sódios e Lipídios);3245.0;8288;3245.0;2025-02-13;13;1ªQuinzena;fev.;2025;Efetivada;17071170000160;17071170;0001;60;1;FAPE;02;20121025;00;4724500;0119999,0122900,0159801,1031700,1042200,1051100,1052000,1064300,1065101,1065103,1071600,1091101,4623199,4631100,4633801,4637104,4721102,4789099,8211300;RUA;ROMEU MARTINS;446;;CENTRO;62700000;;;17071170000160;1355;2302800.0;Canindé;CANINDÉ;Sertão de Canindé;Sertão de Canindé;LOTE 32;CACTUS;Canindé;10.0;31.0;10.0;31.0;0.0;0.0;2.0;2.0;33.0;3.3;COOPERATIVA SERTANEJA CEARENSE FAPE;17071170000160.0;Processo Enviado;OCB;22/07/2027;06/02/2025 15:13:33;23/05/2025 10:54:40;294.0;42.0;97,62;17071170000160
7061;INSTITUTO DE ARTE, CULTURA, LAZER E EDUCAÇÃO;1285431;20250212001376300;8112.5;2025-02-12;17071170000160;COOPERATIVA SERTANEJA CEARENSE - FAPE;Nota Fiscal;211;Gêneros Alimentícios ( Proteínas, Carboidratos, Hortaliças, Sódios e Lipídios);8112.5;8283;8112.5;2025-02-13;13;1ªQuinzena;fev.;2025;Efetivada;17071170000160;17071170;0001;60;1;FAPE;02;20121025;00;4724500;0119999,0122900,0159801,1031700,1042200,1051100,1052000,1064300,1065101,1065103,1071600,1091101,4623199,4631100,4633801,4637104,4721102,4789099,8211300;RUA;ROMEU MARTINS;446;;CENTRO;62700000;;;17071170000160;1355;2302800.0;Canindé;CANINDÉ;Sertão de Canindé;Sertão de Canindé;LOTE 32;CACTUS;Canindé;10.0;31.0;10.0;31.0;0.0;0.0;2.0;2.0;33.0;3.3;COOPERATIVA SERTANEJA CEARENSE FAPE;17071170000160.0;Processo Enviado;OCB;22/07/2027;06/02/2025 15:13:33;23/05/2025 10:54:40;294.0;42.0;97,62;17071170000160
7062;INSTITUTO DE ARTE, CULTURA, LAZER E EDUCAÇÃO;1285431;20250212001376300;11021.5;2025-02-12;17071170000160;COOPERATIVA SERTANEJA CEARENSE - FAPE;Nota Fiscal;211;Gêneros Alimentícios ( Proteínas, Carboidratos, Hortaliças, Sódios e Lipídios);11021.5;8284;11021.5;2025-02-13;13;1ªQuinzena;fev.;2025;Efetivada;17071170000160;17071170;0001;60;1;FAPE;02;20121025;00;4724500;0119999,0122900,0159801,1031700,1042200,1051100,1052000,1064300,1065101,1065103,1071600,1091101,4623199,4631100,4633801,4637104,4721102,4789099,8211300;RUA;ROMEU MARTINS;446;;CENTRO;62700000;;;17071170000160;1355;2302800.0;Canindé;CANINDÉ;Sertão de Canindé;Sertão de Canindé;LOTE 32;CACTUS;Canindé;10.0;31.0;10.0;31.0;0.0;0.0;2.0;2.0;33.0;3.3;COOPERATIVA SERTANEJA CEARENSE FAPE;17071170000160.0;Processo Enviado;OCB;22/07/2027;06/02/2025 15:13:33;23/05/2025 10:54:40;294.0;42.0;97,62;17071170000160
7063;INSTITUTO DE ARTE, CULTURA, LAZER E EDUCAÇÃO;1285431;20250212001376300;4867.5;2025-02-12;17071170000160;COOPERATIVA SERTANEJA CEARENSE - FAPE;Nota Fiscal;211;Gêneros Alimentícios ( Proteínas, Carboidratos, Hortaliças, Sódios e Lipídios);4867.5;8285;4867.5;2025-02-13;13;1ªQuinzena;fev.;2025;Efetivada;17071170000160;17071170;0001;60;1;FAPE;02;20121025;00;4724500;0119999,0122900,0159801,1031700,1042200,1051100,1052000,1064300,1065101,1065103,1071600,1091101,4623199,4631100,4633801,4637104,4721102,4789099,8211300;RUA;ROMEU MARTINS;446;;CENTRO;62700000;;;17071170000160;1355;2302800.0;Canindé;CANINDÉ;Sertão de Canindé;Sertão de Canindé;LOTE 32;CACTUS;Canindé;10.0;31.0;10.0;31.0;0.0;0.0;2.0;2.0;33.0;3.3;COOPERATIVA SERTANEJA CEARENSE FAPE;17071170000160.0;Processo Enviado;OCB;22/07/2027;06/02/2025 15:13:33;23/05/2025 10:54:40;294.0;42.0;97,62;17071170000160
7064;INSTITUTO DE ARTE, CULTURA, LAZER E EDUCAÇÃO;1285431;20250212001376300;16225.0;2025-02-12;17071170000160;COOPERATIVA SERTANEJA CEARENSE - FAPE;Nota Fiscal;211;Gêneros Alimentícios ( Proteínas, Carboidratos, Hortaliças, Sódios e Lipídios);16225.0;8286;16225.0;2025-02-13;13;1ªQuinzena;fev.;2025;Efetivada;17071170000160;17071170;0001;60;1;FAPE;02;20121025;00;4724500;0119999,0122900,0159801,1031700,1042200,1051100,1052000,1064300,1065101,1065103,1071600,1091101,4623199,4631100,4633801,4637104,4721102,4789099,8211300;RUA;ROMEU MARTINS;446;;CENTRO;62700000;;;17071170000160;1355;2302800.0;Canindé;CANINDÉ;Sertão de Canindé;Sertão de Canindé;LOTE 32;CACTUS;Canindé;10.0;31.0;10.0;31.0;0.0;0.0;2.0;2.0;33.0;3.3;COOPERATIVA SERTANEJA CEARENSE FAPE;17071170000160.0;Processo Enviado;OCB;22/07/2027;06/02/2025 15:13:33;23/05/2025 10:54:40;294.0;42.0;97,62;17071170000160
7065;INSTITUTO DE ARTE, CULTURA, LAZER E EDUCAÇÃO;1285431;20250212001376300;6490.0;2025-02-12;17071170000160;COOPERATIVA SERTANEJA CEARENSE - FAPE;Nota Fiscal;211;Gêneros Alimentícios ( Proteínas, Carboidratos, Hortaliças, Sódios e Lipídios);6490.0;8287;6490.0;2025-02-13;13;1ªQuinzena;fev.;2025;Efetivada;17071170000160;17071170;0001;60;1;FAPE;02;20121025;00;4724500;0119999,0122900,0159801,1031700,1042200,1051100,1052000,1064300,1065101,1065103,1071600,1091101,4623199,4631100,4633801,4637104,4721102,4789099,8211300;RUA;ROMEU MARTINS;446;;CENTRO;62700000;;;17071170000160;1355;2302800.0;Canindé;CANINDÉ;Sertão de Canindé;Sertão de Canindé;LOTE 32;CACTUS;Canindé;10.0;31.0;10.0;31.0;0.0;0.0;2.0;2.0;33.0;3.3;COOPERATIVA SERTANEJA CEARENSE FAPE;17071170000160.0;Processo Enviado;OCB;22/07/2027;06/02/2025 15:13:33;23/05/2025 10:54:40;294.0;42.0;97,62;17071170000160
7066;INSTITUTO DE ARTE, CULTURA, LAZER E EDUCAÇÃO;1285431;20250221001379200;6490.0;2025-02-21;17071170000160;COOPERATIVA SERTANEJA CEARENSE - FAPE;Nota Fiscal;211;Gêneros Alimentícios ( Proteínas, Carboidratos, Hortaliças, Sódios e Lipídios);6490.0;8266;6490.0;2025-02-24;24;2ªQuinzena;fev.;2025;Efetivada;17071170000160;17071170;0001;60;1;FAPE;02;20121025;00;4724500;0119999,0122900,0159801,1031700,1042200,1051100,1052000,1064300,1065101,1065103,1071600,1091101,4623199,4631100,4633801,4637104,4721102,4789099,8211300;RUA;ROMEU MARTINS;446;;CENTRO;62700000;;;17071170000160;1355;2302800.0;Canindé;CANINDÉ;Sertão de Canindé;Sertão de Canindé;LOTE 32;CACTUS;Canindé;10.0;31.0;10.0;31.0;0.0;0.0;2.0;2.0;33.0;3.3;COOPERATIVA SERTANEJA CEARENSE FAPE;17071170000160.0;Processo Enviado;OCB;22/07/2027;06/02/2025 15:13:33;23/05/2025 10:54:40;294.0;42.0;97,62;17071170000160
7072;INSTITUTO DE ARTE, CULTURA, LAZER E EDUCAÇÃO;1285431;20250221001379200;16225.0;2025-02-21;17071170000160;COOPERATIVA SERTANEJA CEARENSE - FAPE;Nota Fiscal;211;Gêneros Alimentícios ( Proteínas, Carboidratos, Hortaliças, Sódios e Lipídios);16225.0;8299;16225.0;2025-02-24;24;2ªQuinzena;fev.;2025;Efetivada;17071170000160;17071170;0001;60;1;FAPE;02;20121025;00;4724500;0119999,0122900,0159801,1031700,1042200,1051100,1052000,1064300,1065101,1065103,1071600,1091101,4623199,4631100,4633801,4637104,4721102,4789099,8211300;RUA;ROMEU MARTINS;446;;CENTRO;62700000;;;17071170000160;1355;2302800.0;Canindé;CANINDÉ;Sertão de Canindé;Sertão de Canindé;LOTE 32;CACTUS;Canindé;10.0;31.0;10.0;31.0;0.0;0.0;2.0;2.0;33.0;3.3;COOPERATIVA SERTANEJA CEARENSE FAPE;17071170000160.0;Processo Enviado;OCB;22/07/2027;06/02/2025 15:13:33;23/05/2025 10:54:40;294.0;42.0;97,62;17071170000160
7073;INSTITUTO DE ARTE, CULTURA, LAZER E EDUCAÇÃO;1285431;20250221001379200;5059.5;2025-02-21;17071170000160;COOPERATIVA SERTANEJA CEARENSE - FAPE;Nota Fiscal;211;Gêneros Alimentícios ( Proteínas, Carboidratos, Hortaliças, Sódios e Lipídios);5059.5;8298;5059.5;2025-02-24;24;2ªQuinzena;fev.;2025;Efetivada;17071170000160;17071170;0001;60;1;FAPE;02;20121025;00;4724500;0119999,0122900,0159801,1031700,1042200,1051100,1052000,1064300,1065101,1065103,1071600,1091101,4623199,4631100,4633801,4637104,4721102,4789099,8211300;RUA;ROMEU MARTINS;446;;CENTRO;62700000;;;17071170000160;1355;2302800.0;Canindé;CANINDÉ;Sertão de Canindé;Sertão de Canindé;LOTE 32;CACTUS;Canindé;10.0;31.0;10.0;31.0;0.0;0.0;2.0;2.0;33.0;3.3;COOPERATIVA SERTANEJA CEARENSE FAPE;17071170000160.0;Processo Enviado;OCB;22/07/2027;06/02/2025 15:13:33;23/05/2025 10:54:40;294.0;42.0;97,62;17071170000160
7074;INSTITUTO DE ARTE, CULTURA, LAZER E EDUCAÇÃO;1285431;20250223001379300;6490.0;2025-02-23;17071170000160;COOPERATIVA SERTANEJA CEARENSE - FAPE;Nota Fiscal;211;Gêneros Alimentícios ( Proteínas, Carboidratos, Hortaliças, Sódios e Lipídios);6490.0;8300;6490.0;2025-02-25;25;2ªQuinzena;fev.;2025;Efetivada;17071170000160;17071170;0001;60;1;FAPE;02;20121025;00;4724500;0119999,0122900,0159801,1031700,1042200,1051100,1052000,1064300,1065101,1065103,1071600,1091101,4623199,4631100,4633801,4637104,4721102,4789099,8211300;RUA;ROMEU MARTINS;446;;CENTRO;62700000;;;17071170000160;1355;2302800.0;Canindé;CANINDÉ;Sertão de Canindé;Sertão de Canindé;LOTE 32;CACTUS;Canindé;10.0;31.0;10.0;31.0;0.0;0.0;2.0;2.0;33.0;3.3;COOPERATIVA SERTANEJA CEARENSE FAPE;17071170000160.0;Processo Enviado;OCB;22/07/2027;06/02/2025 15:13:33;23/05/2025 10:54:40;294.0;42.0;97,62;17071170000160
7075;INSTITUTO DE ARTE, CULTURA, LAZER E EDUCAÇÃO;1285431;20250221001379200;11021.5;2025-02-21;17071170000160;COOPERATIVA SERTANEJA CEARENSE - FAPE;Nota Fiscal;211;Gêneros Alimentícios ( Proteínas, Carboidratos, Hortaliças, Sódios e Lipídios);11021.5;8297;11021.5;2025-02-24;24;2ªQuinzena;fev.;2025;Efetivada;17071170000160;17071170;0001;60;1;FAPE;02;20121025;00;4724500;0119999,0122900,0159801,1031700,1042200,1051100,1052000,1064300,1065101,1065103,1071600,1091101,4623199,4631100,4633801,4637104,4721102,4789099,8211300;RUA;ROMEU MARTINS;446;;CENTRO;62700000;;;17071170000160;1355;2302800.0;Canindé;CANINDÉ;Sertão de Canindé;Sertão de Canindé;LOTE 32;CACTUS;Canindé;10.0;31.0;10.0;31.0;0.0;0.0;2.0;2.0;33.0;3.3;COOPERATIVA SERTANEJA CEARENSE FAPE;17071170000160.0;Processo Enviado;OCB;22/07/2027;06/02/2025 15:13:33;23/05/2025 10:54:40;294.0;42.0;97,62;17071170000160
7076;INSTITUTO DE ARTE, CULTURA, LAZER E EDUCAÇÃO;1285431;20250221001379300;3373.0;2025-02-21;17071170000160;COOPERATIVA SERTANEJA CEARENSE - FAPE;Nota Fiscal;211;Gêneros Alimentícios ( Proteínas, Carboidratos, Hortaliças, Sódios e Lipídios);3373.0;8301;3373.0;2025-02-24;24;2ªQuinzena;fev.;2025;Efetivada;17071170000160;17071170;0001;60;1;FAPE;02;20121025;00;4724500;0119999,0122900,0159801,1031700,1042200,1051100,1052000,1064300,1065101,1065103,1071600,1091101,4623199,4631100,4633801,4637104,4721102,4789099,8211300;RUA;ROMEU MARTINS;446;;CENTRO;62700000;;;17071170000160;1355;2302800.0;Canindé;CANINDÉ;Sertão de Canindé;Sertão de Canindé;LOTE 32;CACTUS;Canindé;10.0;31.0;10.0;31.0;0.0;0.0;2.0;2.0;33.0;3.3;COOPERATIVA SERTANEJA CEARENSE FAPE;17071170000160.0;Processo Enviado;OCB;22/07/2027;06/02/2025 15:13:33;23/05/2025 10:54:40;294.0;42.0;97,62;17071170000160
7077;INSTITUTO DE ARTE, CULTURA, LAZER E EDUCAÇÃO;1285431;20250221001379300;8128.5;2025-02-21;17071170000160;COOPERATIVA SERTANEJA CEARENSE - FAPE;Nota Fiscal;211;Gêneros Alimentícios ( Proteínas, Carboidratos, Hortaliças, Sódios e Lipídios);8128.5;8296;8128.5;2025-02-24;24;2ªQuinzena;fev.;2025;Efetivada;17071170000160;17071170;0001;60;1;FAPE;02;20121025;00;4724500;0119999,0122900,0159801,1031700,1042200,1051100,1052000,1064300,1065101,1065103,1071600,1091101,4623199,4631100,4633801,4637104,4721102,4789099,8211300;RUA;ROMEU MARTINS;446;;CENTRO;62700000;;;17071170000160;1355;2302800.0;Canindé;CANINDÉ;Sertão de Canindé;Sertão de Canindé;LOTE 32;CACTUS;Canindé;10.0;31.0;10.0;31.0;0.0;0.0;2.0;2.0;33.0;3.3;COOPERATIVA SERTANEJA CEARENSE FAPE;17071170000160.0;Processo Enviado;OCB;22/07/2027;06/02/2025 15:13:33;23/05/2025 10:54:40;294.0;42.0;97,62;17071170000160
7128;INSTITUTO DE ARTE, CULTURA, LAZER E EDUCAÇÃO;1285431;20250313001388300;5220.4;2025-03-13;17071170000160;COOPERATIVA SERTANEJA CEARENSE - FAPE;Nota Fiscal;211;Gêneros Alimentícios ( Proteínas, Carboidratos, Hortaliças, Sódios e Lipídios);5220.4;8332;5220.4;2025-03-14;14;1ªQuinzena;mar.;2025;Efetivada;17071170000160;17071170;0001;60;1;FAPE;02;20121025;00;4724500;0119999,0122900,0159801,1031700,1042200,1051100,1052000,1064300,1065101,1065103,1071600,1091101,4623199,4631100,4633801,4637104,4721102,4789099,8211300;RUA;ROMEU MARTINS;446;;CENTRO;62700000;;;17071170000160;1355;2302800.0;Canindé;CANINDÉ;Sertão de Canindé;Sertão de Canindé;LOTE 32;CACTUS;Canindé;10.0;31.0;10.0;31.0;0.0;0.0;2.0;2.0;33.0;3.3;COOPERATIVA SERTANEJA CEARENSE FAPE;17071170000160.0;Processo Enviado;OCB;22/07/2027;06/02/2025 15:13:33;23/05/2025 10:54:40;294.0;42.0;97,62;17071170000160
7130;INSTITUTO DE ARTE, CULTURA, LAZER E EDUCAÇÃO;1285431;20250327001393100;12811.0;2025-03-27;17071170000160;COOPERATIVA SERTANEJA CEARENSE - FAPE;Nota Fiscal;211;Gêneros Alimentícios ( Proteínas, Carboidratos, Hortaliças, Sódios e Lipídios);12811.0;8329;12811.0;2025-03-28;28;2ªQuinzena;mar.;2025;Efetivada;17071170000160;17071170;0001;60;1;FAPE;02;20121025;00;4724500;0119999,0122900,0159801,1031700,1042200,1051100,1052000,1064300,1065101,1065103,1071600,1091101,4623199,4631100,4633801,4637104,4721102,4789099,8211300;RUA;ROMEU MARTINS;446;;CENTRO;62700000;;;17071170000160;1355;2302800.0;Canindé;CANINDÉ;Sertão de Canindé;Sertão de Canindé;LOTE 32;CACTUS;Canindé;10.0;31.0;10.0;31.0;0.0;0.0;2.0;2.0;33.0;3.3;COOPERATIVA SERTANEJA CEARENSE FAPE;17071170000160.0;Processo Enviado;OCB;22/07/2027;06/02/2025 15:13:33;23/05/2025 10:54:40;294.0;42.0;97,62;17071170000160
7131;INSTITUTO DE ARTE, CULTURA, LAZER E EDUCAÇÃO;1285431;20250327001393100;3891.3;2025-03-27;17071170000160;COOPERATIVA SERTANEJA CEARENSE - FAPE;Nota Fiscal;211;Gêneros Alimentícios ( Proteínas, Carboidratos, Hortaliças, Sódios e Lipídios);3891.3;8331;3891.3;2025-03-28;28;2ªQuinzena;mar.;2025;Efetivada;17071170000160;17071170;0001;60;1;FAPE;02;20121025;00;4724500;0119999,0122900,0159801,1031700,1042200,1051100,1052000,1064300,1065101,1065103,1071600,1091101,4623199,4631100,4633801,4637104,4721102,4789099,8211300;RUA;ROMEU MARTINS;446;;CENTRO;62700000;;;17071170000160;1355;2302800.0;Canindé;CANINDÉ;Sertão de Canindé;Sertão de Canindé;LOTE 32;CACTUS;Canindé;10.0;31.0;10.0;31.0;0.0;0.0;2.0;2.0;33.0;3.3;COOPERATIVA SERTANEJA CEARENSE FAPE;17071170000160.0;Processo Enviado;OCB;22/07/2027;06/02/2025 15:13:33;23/05/2025 10:54:40;294.0;42.0;97,62;17071170000160
7132;INSTITUTO DE ARTE, CULTURA, LAZER E EDUCAÇÃO;1285431;20250327001393200;6421.5;2025-03-27;17071170000160;COOPERATIVA SERTANEJA CEARENSE - FAPE;Nota Fiscal;211;Gêneros Alimentícios ( Proteínas, Carboidratos, Hortaliças, Sódios e Lipídios);6421.5;8328;6421.5;2025-03-28;28;2ªQuinzena;mar.;2025;Efetivada;17071170000160;17071170;0001;60;1;FAPE;02;20121025;00;4724500;0119999,0122900,0159801,1031700,1042200,1051100,1052000,1064300,1065101,1065103,1071600,1091101,4623199,4631100,4633801,4637104,4721102,4789099,8211300;RUA;ROMEU MARTINS;446;;CENTRO;62700000;;;17071170000160;1355;2302800.0;Canindé;CANINDÉ;Sertão de Canindé;Sertão de Canindé;LOTE 32;CACTUS;Canindé;10.0;31.0;10.0;31.0;0.0;0.0;2.0;2.0;33.0;3.3;COOPERATIVA SERTANEJA CEARENSE FAPE;17071170000160.0;Processo Enviado;OCB;22/07/2027;06/02/2025 15:13:33;23/05/2025 10:54:40;294.0;42.0;97,62;17071170000160
7133;INSTITUTO DE ARTE, CULTURA, LAZER E EDUCAÇÃO;1285431;20250327001393200;8631.7;2025-03-27;17071170000160;COOPERATIVA SERTANEJA CEARENSE - FAPE;Nota Fiscal;211;Gêneros Alimentícios ( Proteínas, Carboidratos, Hortaliças, Sódios e Lipídios);8631.7;8330;8631.7;2025-03-28;28;2ªQuinzena;mar.;2025;Efetivada;17071170000160;17071170;0001;60;1;FAPE;02;20121025;00;4724500;0119999,0122900,0159801,1031700,1042200,1051100,1052000,1064300,1065101,1065103,1071600,1091101,4623199,4631100,4633801,4637104,4721102,4789099,8211300;RUA;ROMEU MARTINS;446;;CENTRO;62700000;;;17071170000160;1355;2302800.0;Canindé;CANINDÉ;Sertão de Canindé;Sertão de Canindé;LOTE 32;CACTUS;Canindé;10.0;31.0;10.0;31.0;0.0;0.0;2.0;2.0;33.0;3.3;COOPERATIVA SERTANEJA CEARENSE FAPE;17071170000160.0;Processo Enviado;OCB;22/07/2027;06/02/2025 15:13:33;23/05/2025 10:54:40;294.0;42.0;97,62;17071170000160
7134;INSTITUTO DE ARTE, CULTURA, LAZER E EDUCAÇÃO;1285431;20250327001393200;2738.2;2025-03-27;17071170000160;COOPERATIVA SERTANEJA CEARENSE - FAPE;Nota Fiscal;211;Gêneros Alimentícios ( Proteínas, Carboidratos, Hortaliças, Sódios e Lipídios);2738.2;8333;2738.2;2025-03-28;28;2ªQuinzena;mar.;2025;Efetivada;17071170000160;17071170;0001;60;1;FAPE;02;20121025;00;4724500;0119999,0122900,0159801,1031700,1042200,1051100,1052000,1064300,1065101,1065103,1071600,1091101,4623199,4631100,4633801,4637104,4721102,4789099,8211300;RUA;ROMEU MARTINS;446;;CENTRO;62700000;;;17071170000160;1355;2302800.0;Canindé;CANINDÉ;Sertão de Canindé;Sertão de Canindé;LOTE 32;CACTUS;Canindé;10.0;31.0;10.0;31.0;0.0;0.0;2.0;2.0;33.0;3.3;COOPERATIVA SERTANEJA CEARENSE FAPE;17071170000160.0;Processo Enviado;OCB;22/07/2027;06/02/2025 15:13:33;23/05/2025 10:54:40;294.0;42.0;97,62;17071170000160
7162;INSTITUTO DE ARTE, CULTURA, LAZER E EDUCAÇÃO;1285431;20250401001396400;2841.0;2025-04-01;17071170000160;COOPERATIVA SERTANEJA CEARENSE - FAPE;Nota Fiscal;211;Gêneros Alimentícios ( Proteínas, Carboidratos, Hortaliças, Sódios e Lipídios);2841.0;8392;2841.0;2025-04-02;2;1ªQuinzena;abr.;2025;Efetivada;17071170000160;17071170;0001;60;1;FAPE;02;20121025;00;4724500;0119999,0122900,0159801,1031700,1042200,1051100,1052000,1064300,1065101,1065103,1071600,1091101,4623199,4631100,4633801,4637104,4721102,4789099,8211300;RUA;ROMEU MARTINS;446;;CENTRO;62700000;;;17071170000160;1355;2302800.0;Canindé;CANINDÉ;Sertão de Canindé;Sertão de Canindé;LOTE 32;CACTUS;Canindé;10.0;31.0;10.0;31.0;0.0;0.0;2.0;2.0;33.0;3.3;COOPERATIVA SERTANEJA CEARENSE FAPE;17071170000160.0;Processo Enviado;OCB;22/07/2027;06/02/2025 15:13:33;23/05/2025 10:54:40;294.0;42.0;97,62;17071170000160
7163;INSTITUTO DE ARTE, CULTURA, LAZER E EDUCAÇÃO;1285431;20250401001396400;3121.0;2025-04-01;17071170000160;COOPERATIVA SERTANEJA CEARENSE - FAPE;Nota Fiscal;211;Gêneros Alimentícios ( Proteínas, Carboidratos, Hortaliças, Sódios e Lipídios);3121.0;8383;3121.0;2025-04-02;2;1ªQuinzena;abr.;2025;Efetivada;17071170000160;17071170;0001;60;1;FAPE;02;20121025;00;4724500;0119999,0122900,0159801,1031700,1042200,1051100,1052000,1064300,1065101,1065103,1071600,1091101,4623199,4631100,4633801,4637104,4721102,4789099,8211300;RUA;ROMEU MARTINS;446;;CENTRO;62700000;;;17071170000160;1355;2302800.0;Canindé;CANINDÉ;Sertão de Canindé;Sertão de Canindé;LOTE 32;CACTUS;Canindé;10.0;31.0;10.0;31.0;0.0;0.0;2.0;2.0;33.0;3.3;COOPERATIVA SERTANEJA CEARENSE FAPE;17071170000160.0;Processo Enviado;OCB;22/07/2027;06/02/2025 15:13:33;23/05/2025 10:54:40;294.0;42.0;97,62;17071170000160
7164;INSTITUTO DE ARTE, CULTURA, LAZER E EDUCAÇÃO;1285431;20250401001396400;10363.5;2025-04-01;17071170000160;COOPERATIVA SERTANEJA CEARENSE - FAPE;Nota Fiscal;211;Gêneros Alimentícios ( Proteínas, Carboidratos, Hortaliças, Sódios e Lipídios);10363.5;8380;10363.5;2025-04-02;2;1ªQuinzena;abr.;2025;Efetivada;17071170000160;17071170;0001;60;1;FAPE;02;20121025;00;4724500;0119999,0122900,0159801,1031700,1042200,1051100,1052000,1064300,1065101,1065103,1071600,1091101,4623199,4631100,4633801,4637104,4721102,4789099,8211300;RUA;ROMEU MARTINS;446;;CENTRO;62700000;;;17071170000160;1355;2302800.0;Canindé;CANINDÉ;Sertão de Canindé;Sertão de Canindé;LOTE 32;CACTUS;Canindé;10.0;31.0;10.0;31.0;0.0;0.0;2.0;2.0;33.0;3.3;COOPERATIVA SERTANEJA CEARENSE FAPE;17071170000160.0;Processo Enviado;OCB;22/07/2027;06/02/2025 15:13:33;23/05/2025 10:54:40;294.0;42.0;97,62;17071170000160
7165;INSTITUTO DE ARTE, CULTURA, LAZER E EDUCAÇÃO;1285431;20250401001396400;9383.5;2025-04-01;17071170000160;COOPERATIVA SERTANEJA CEARENSE - FAPE;Nota Fiscal;211;Gêneros Alimentícios ( Proteínas, Carboidratos, Hortaliças, Sódios e Lipídios);9383.5;8389;9383.5;2025-04-02;2;1ªQuinzena;abr.;2025;Efetivada;17071170000160;17071170;0001;60;1;FAPE;02;20121025;00;4724500;0119999,0122900,0159801,1031700,1042200,1051100,1052000,1064300,1065101,1065103,1071600,1091101,4623199,4631100,4633801,4637104,4721102,4789099,8211300;RUA;ROMEU MARTINS;446;;CENTRO;62700000;;;17071170000160;1355;2302800.0;Canindé;CANINDÉ;Sertão de Canindé;Sertão de Canindé;LOTE 32;CACTUS;Canindé;10.0;31.0;10.0;31.0;0.0;0.0;2.0;2.0;33.0;3.3;COOPERATIVA SERTANEJA CEARENSE FAPE;17071170000160.0;Processo Enviado;OCB;22/07/2027;06/02/2025 15:13:33;23/05/2025 10:54:40;294.0;42.0;97,62;17071170000160
7166;INSTITUTO DE ARTE, CULTURA, LAZER E EDUCAÇÃO;1285431;20250401001396400;7722.5;2025-04-01;17071170000160;COOPERATIVA SERTANEJA CEARENSE - FAPE;Nota Fiscal;211;Gêneros Alimentícios ( Proteínas, Carboidratos, Hortaliças, Sódios e Lipídios);7722.5;8378;7722.5;2025-04-02;2;1ªQuinzena;abr.;2025;Efetivada;17071170000160;17071170;0001;60;1;FAPE;02;20121025;00;4724500;0119999,0122900,0159801,1031700,1042200,1051100,1052000,1064300,1065101,1065103,1071600,1091101,4623199,4631100,4633801,4637104,4721102,4789099,8211300;RUA;ROMEU MARTINS;446;;CENTRO;62700000;;;17071170000160;1355;2302800.0;Canindé;CANINDÉ;Sertão de Canindé;Sertão de Canindé;LOTE 32;CACTUS;Canindé;10.0;31.0;10.0;31.0;0.0;0.0;2.0;2.0;33.0;3.3;COOPERATIVA SERTANEJA CEARENSE FAPE;17071170000160.0;Processo Enviado;OCB;22/07/2027;06/02/2025 15:13:33;23/05/2025 10:54:40;294.0;42.0;97,62;17071170000160
7167;INSTITUTO DE ARTE, CULTURA, LAZER E EDUCAÇÃO;1285431;20250401001396400;7022.5;2025-04-01;17071170000160;COOPERATIVA SERTANEJA CEARENSE - FAPE;Nota Fiscal;211;Gêneros Alimentícios ( Proteínas, Carboidratos, Hortaliças, Sódios e Lipídios);7022.5;8387;7022.5;2025-04-02;2;1ªQuinzena;abr.;2025;Efetivada;17071170000160;17071170;0001;60;1;FAPE;02;20121025;00;4724500;0119999,0122900,0159801,1031700,1042200,1051100,1052000,1064300,1065101,1065103,1071600,1091101,4623199,4631100,4633801,4637104,4721102,4789099,8211300;RUA;ROMEU MARTINS;446;;CENTRO;62700000;;;17071170000160;1355;2302800.0;Canindé;CANINDÉ;Sertão de Canindé;Sertão de Canindé;LOTE 32;CACTUS;Canindé;10.0;31.0;10.0;31.0;0.0;0.0;2.0;2.0;33.0;3.3;COOPERATIVA SERTANEJA CEARENSE FAPE;17071170000160.0;Processo Enviado;OCB;22/07/2027;06/02/2025 15:13:33;23/05/2025 10:54:40;294.0;42.0;97,62;17071170000160
7168;INSTITUTO DE ARTE, CULTURA, LAZER E EDUCAÇÃO;1285431;20250401001396400;5618.0;2025-04-01;17071170000160;COOPERATIVA SERTANEJA CEARENSE - FAPE;Nota Fiscal;211;Gêneros Alimentícios ( Proteínas, Carboidratos, Hortaliças, Sódios e Lipídios);5618.0;8391;5618.0;2025-04-02;2;1ªQuinzena;abr.;2025;Efetivada;17071170000160;17071170;0001;60;1;FAPE;02;20121025;00;4724500;0119999,0122900,0159801,1031700,1042200,1051100,1052000,1064300,1065101,1065103,1071600,1091101,4623199,4631100,4633801,4637104,4721102,4789099,8211300;RUA;ROMEU MARTINS;446;;CENTRO;62700000;;;17071170000160;1355;2302800.0;Canindé;CANINDÉ;Sertão de Canindé;Sertão de Canindé;LOTE 32;CACTUS;Canindé;10.0;31.0;10.0;31.0;0.0;0.0;2.0;2.0;33.0;3.3;COOPERATIVA SERTANEJA CEARENSE FAPE;17071170000160.0;Processo Enviado;OCB;22/07/2027;06/02/2025 15:13:33;23/05/2025 10:54:40;294.0;42.0;97,62;17071170000160
7169;INSTITUTO DE ARTE, CULTURA, LAZER E EDUCAÇÃO;1285431;20250401001396400;6178.0;2025-04-01;17071170000160;COOPERATIVA SERTANEJA CEARENSE - FAPE;Nota Fiscal;211;Gêneros Alimentícios ( Proteínas, Carboidratos, Hortaliças, Sódios e Lipídios);6178.0;8382;6178.0;2025-04-02;2;1ªQuinzena;abr.;2025;Efetivada;17071170000160;17071170;0001;60;1;FAPE;02;20121025;00;4724500;0119999,0122900,0159801,1031700,1042200,1051100,1052000,1064300,1065101,1065103,1071600,1091101,4623199,4631100,4633801,4637104,4721102,4789099,8211300;RUA;ROMEU MARTINS;446;;CENTRO;62700000;;;17071170000160;1355;2302800.0;Canindé;CANINDÉ;Sertão de Canindé;Sertão de Canindé;LOTE 32;CACTUS;Canindé;10.0;31.0;10.0;31.0;0.0;0.0;2.0;2.0;33.0;3.3;COOPERATIVA SERTANEJA CEARENSE FAPE;17071170000160.0;Processo Enviado;OCB;22/07/2027;06/02/2025 15:13:33;23/05/2025 10:54:40;294.0;42.0;97,62;17071170000160
7170;INSTITUTO DE ARTE, CULTURA, LAZER E EDUCAÇÃO;1285431;20250401001396400;13949.0;2025-04-01;17071170000160;COOPERATIVA SERTANEJA CEARENSE - FAPE;Nota Fiscal;211;Gêneros Alimentícios ( Proteínas, Carboidratos, Hortaliças, Sódios e Lipídios);13949.0;8388;13949.0;2025-04-02;2;1ªQuinzena;abr.;2025;Efetivada;17071170000160;17071170;0001;60;1;FAPE;02;20121025;00;4724500;0119999,0122900,0159801,1031700,1042200,1051100,1052000,1064300,1065101,1065103,1071600,1091101,4623199,4631100,4633801,4637104,4721102,4789099,8211300;RUA;ROMEU MARTINS;446;;CENTRO;62700000;;;17071170000160;1355;2302800.0;Canindé;CANINDÉ;Sertão de Canindé;Sertão de Canindé;LOTE 32;CACTUS;Canindé;10.0;31.0;10.0;31.0;0.0;0.0;2.0;2.0;33.0;3.3;COOPERATIVA SERTANEJA CEARENSE FAPE;17071170000160.0;Processo Enviado;OCB;22/07/2027;06/02/2025 15:13:33;23/05/2025 10:54:40;294.0;42.0;97,62;17071170000160
7171;INSTITUTO DE ARTE, CULTURA, LAZER E EDUCAÇÃO;1285431;20250401001396400;15349.0;2025-04-01;17071170000160;COOPERATIVA SERTANEJA CEARENSE - FAPE;Nota Fiscal;211;Gêneros Alimentícios ( Proteínas, Carboidratos, Hortaliças, Sódios e Lipídios);15349.0;8379;15349.0;2025-04-02;2;1ªQuinzena;abr.;2025;Efetivada;17071170000160;17071170;0001;60;1;FAPE;02;20121025;00;4724500;0119999,0122900,0159801,1031700,1042200,1051100,1052000,1064300,1065101,1065103,1071600,1091101,4623199,4631100,4633801,4637104,4721102,4789099,8211300;RUA;ROMEU MARTINS;446;;CENTRO;62700000;;;17071170000160;1355;2302800.0;Canindé;CANINDÉ;Sertão de Canindé;Sertão de Canindé;LOTE 32;CACTUS;Canindé;10.0;31.0;10.0;31.0;0.0;0.0;2.0;2.0;33.0;3.3;COOPERATIVA SERTANEJA CEARENSE FAPE;17071170000160.0;Processo Enviado;OCB;22/07/2027;06/02/2025 15:13:33;23/05/2025 10:54:40;294.0;42.0;97,62;17071170000160
7172;INSTITUTO DE ARTE, CULTURA, LAZER E EDUCAÇÃO;1285431;20250401001396400;4229.5;2025-04-01;17071170000160;COOPERATIVA SERTANEJA CEARENSE - FAPE;Nota Fiscal;211;Gêneros Alimentícios ( Proteínas, Carboidratos, Hortaliças, Sódios e Lipídios);4229.5;8390;4229.5;2025-04-02;2;1ªQuinzena;abr.;2025;Efetivada;17071170000160;17071170;0001;60;1;FAPE;02;20121025;00;4724500;0119999,0122900,0159801,1031700,1042200,1051100,1052000,1064300,1065101,1065103,1071600,1091101,4623199,4631100,4633801,4637104,4721102,4789099,8211300;RUA;ROMEU MARTINS;446;;CENTRO;62700000;;;17071170000160;1355;2302800.0;Canindé;CANINDÉ;Sertão de Canindé;Sertão de Canindé;LOTE 32;CACTUS;Canindé;10.0;31.0;10.0;31.0;0.0;0.0;2.0;2.0;33.0;3.3;COOPERATIVA SERTANEJA CEARENSE FAPE;17071170000160.0;Processo Enviado;OCB;22/07/2027;06/02/2025 15:13:33;23/05/2025 10:54:40;294.0;42.0;97,62;17071170000160
7174;INSTITUTO DE ARTE, CULTURA, LAZER E EDUCAÇÃO;1285431;20250401001396400;4649.5;2025-04-01;17071170000160;COOPERATIVA SERTANEJA CEARENSE - FAPE;Nota Fiscal;211;Gêneros Alimentícios ( Proteínas, Carboidratos, Hortaliças, Sódios e Lipídios);4649.5;8381;4649.5;2025-04-02;2;1ªQuinzena;abr.;2025;Efetivada;17071170000160;17071170;0001;60;1;FAPE;02;20121025;00;4724500;0119999,0122900,0159801,1031700,1042200,1051100,1052000,1064300,1065101,1065103,1071600,1091101,4623199,4631100,4633801,4637104,4721102,4789099,8211300;RUA;ROMEU MARTINS;446;;CENTRO;62700000;;;17071170000160;1355;2302800.0;Canindé;CANINDÉ;Sertão de Canindé;Sertão de Canindé;LOTE 32;CACTUS;Canindé;10.0;31.0;10.0;31.0;0.0;0.0;2.0;2.0;33.0;3.3;COOPERATIVA SERTANEJA CEARENSE FAPE;17071170000160.0;Processo Enviado;OCB;22/07/2027;06/02/2025 15:13:33;23/05/2025 10:54:40;294.0;42.0;97,62;17071170000160
7179;INSTITUTO DE ARTE, CULTURA, LAZER E EDUCAÇÃO;1285431;20250402001397300;4850.28;2025-04-02;17071170000160;COOPERATIVA SERTANEJA CEARENSE - FAPE;Nota Fiscal;211;Gêneros Alimentícios ( Proteínas, Carboidratos, Hortaliças, Sódios e Lipídios);4850.28;8358;4850.28;2025-04-03;3;1ªQuinzena;abr.;2025;Efetivada;17071170000160;17071170;0001;60;1;FAPE;02;20121025;00;4724500;0119999,0122900,0159801,1031700,1042200,1051100,1052000,1064300,1065101,1065103,1071600,1091101,4623199,4631100,4633801,4637104,4721102,4789099,8211300;RUA;ROMEU MARTINS;446;;CENTRO;62700000;;;17071170000160;1355;2302800.0;Canindé;CANINDÉ;Sertão de Canindé;Sertão de Canindé;LOTE 32;CACTUS;Canindé;10.0;31.0;10.0;31.0;0.0;0.0;2.0;2.0;33.0;3.3;COOPERATIVA SERTANEJA CEARENSE FAPE;17071170000160.0;Processo Enviado;OCB;22/07/2027;06/02/2025 15:13:33;23/05/2025 10:54:40;294.0;42.0;97,62;17071170000160
7197;INSTITUTO DE ARTE, CULTURA, LAZER E EDUCAÇÃO;1285431;20250430001408400;2627.4;2025-04-30;17071170000160;COOPERATIVA SERTANEJA CEARENSE - FAPE;Nota Fiscal;211;Gêneros Alimentícios ( Proteínas, Carboidratos, Hortaliças, Sódios e Lipídios);2627.4;8427;2627.4;2025-05-02;2;1ªQuinzena;mai.;2025;Efetivada;17071170000160;17071170;0001;60;1;FAPE;02;20121025;00;4724500;0119999,0122900,0159801,1031700,1042200,1051100,1052000,1064300,1065101,1065103,1071600,1091101,4623199,4631100,4633801,4637104,4721102,4789099,8211300;RUA;ROMEU MARTINS;446;;CENTRO;62700000;;;17071170000160;1355;2302800.0;Canindé;CANINDÉ;Sertão de Canindé;Sertão de Canindé;LOTE 32;CACTUS;Canindé;10.0;31.0;10.0;31.0;0.0;0.0;2.0;2.0;33.0;3.3;COOPERATIVA SERTANEJA CEARENSE FAPE;17071170000160.0;Processo Enviado;OCB;22/07/2027;06/02/2025 15:13:33;23/05/2025 10:54:40;294.0;42.0;97,62;17071170000160
7198;INSTITUTO DE ARTE, CULTURA, LAZER E EDUCAÇÃO;1285431;20250430001408400;3909.1;2025-04-30;17071170000160;COOPERATIVA SERTANEJA CEARENSE - FAPE;Nota Fiscal;211;Gêneros Alimentícios ( Proteínas, Carboidratos, Hortaliças, Sódios e Lipídios);3909.1;8425;3909.1;2025-05-02;2;1ªQuinzena;mai.;2025;Efetivada;17071170000160;17071170;0001;60;1;FAPE;02;20121025;00;4724500;0119999,0122900,0159801,1031700,1042200,1051100,1052000,1064300,1065101,1065103,1071600,1091101,4623199,4631100,4633801,4637104,4721102,4789099,8211300;RUA;ROMEU MARTINS;446;;CENTRO;62700000;;;17071170000160;1355;2302800.0;Canindé;CANINDÉ;Sertão de Canindé;Sertão de Canindé;LOTE 32;CACTUS;Canindé;10.0;31.0;10.0;31.0;0.0;0.0;2.0;2.0;33.0;3.3;COOPERATIVA SERTANEJA CEARENSE FAPE;17071170000160.0;Processo Enviado;OCB;22/07/2027;06/02/2025 15:13:33;23/05/2025 10:54:40;294.0;42.0;97,62;17071170000160
7199;INSTITUTO DE ARTE, CULTURA, LAZER E EDUCAÇÃO;1285431;20250430001408400;6488.5;2025-04-30;17071170000160;COOPERATIVA SERTANEJA CEARENSE - FAPE;Nota Fiscal;211;Gêneros Alimentícios ( Proteínas, Carboidratos, Hortaliças, Sódios e Lipídios);6488.5;8422;6488.5;2025-05-02;2;1ªQuinzena;mai.;2025;Efetivada;17071170000160;17071170;0001;60;1;FAPE;02;20121025;00;4724500;0119999,0122900,0159801,1031700,1042200,1051100,1052000,1064300,1065101,1065103,1071600,1091101,4623199,4631100,4633801,4637104,4721102,4789099,8211300;RUA;ROMEU MARTINS;446;;CENTRO;62700000;;;17071170000160;1355;2302800.0;Canindé;CANINDÉ;Sertão de Canindé;Sertão de Canindé;LOTE 32;CACTUS;Canindé;10.0;31.0;10.0;31.0;0.0;0.0;2.0;2.0;33.0;3.3;COOPERATIVA SERTANEJA CEARENSE FAPE;17071170000160.0;Processo Enviado;OCB;22/07/2027;06/02/2025 15:13:33;23/05/2025 10:54:40;294.0;42.0;97,62;17071170000160
7216;INSTITUTO DE ARTE, CULTURA, LAZER E EDUCAÇÃO;1285431;20250502001409100;12881.0;2025-05-02;17071170000160;COOPERATIVA SERTANEJA CEARENSE - FAPE;Nota Fiscal;211;Gêneros Alimentícios ( Proteínas, Carboidratos, Hortaliças, Sódios e Lipídios);12881.0;8423;12881.0;2025-05-05;5;1ªQuinzena;mai.;2025;Efetivada;17071170000160;17071170;0001;60;1;FAPE;02;20121025;00;4724500;0119999,0122900,0159801,1031700,1042200,1051100,1052000,1064300,1065101,1065103,1071600,1091101,4623199,4631100,4633801,4637104,4721102,4789099,8211300;RUA;ROMEU MARTINS;446;;CENTRO;62700000;;;17071170000160;1355;2302800.0;Canindé;CANINDÉ;Sertão de Canindé;Sertão de Canindé;LOTE 32;CACTUS;Canindé;10.0;31.0;10.0;31.0;0.0;0.0;2.0;2.0;33.0;3.3;COOPERATIVA SERTANEJA CEARENSE FAPE;17071170000160.0;Processo Enviado;OCB;22/07/2027;06/02/2025 15:13:33;23/05/2025 10:54:40;294.0;42.0;97,62;17071170000160
7217;INSTITUTO DE ARTE, CULTURA, LAZER E EDUCAÇÃO;1285431;20250502001409100;8635.0;2025-05-02;17071170000160;COOPERATIVA SERTANEJA CEARENSE - FAPE;Nota Fiscal;211;Gêneros Alimentícios ( Proteínas, Carboidratos, Hortaliças, Sódios e Lipídios);8635.0;8424;8635.0;2025-05-05;5;1ªQuinzena;mai.;2025;Efetivada;17071170000160;17071170;0001;60;1;FAPE;02;20121025;00;4724500;0119999,0122900,0159801,1031700,1042200,1051100,1052000,1064300,1065101,1065103,1071600,1091101,4623199,4631100,4633801,4637104,4721102,4789099,8211300;RUA;ROMEU MARTINS;446;;CENTRO;62700000;;;17071170000160;1355;2302800.0;Canindé;CANINDÉ;Sertão de Canindé;Sertão de Canindé;LOTE 32;CACTUS;Canindé;10.0;31.0;10.0;31.0;0.0;0.0;2.0;2.0;33.0;3.3;COOPERATIVA SERTANEJA CEARENSE FAPE;17071170000160.0;Processo Enviado;OCB;22/07/2027;06/02/2025 15:13:33;23/05/2025 10:54:40;294.0;42.0;97,62;17071170000160
7218;INSTITUTO DE ARTE, CULTURA, LAZER E EDUCAÇÃO;1285431;20250502001409100;5190.8;2025-05-02;17071170000160;COOPERATIVA SERTANEJA CEARENSE - FAPE;Nota Fiscal;211;Gêneros Alimentícios ( Proteínas, Carboidratos, Hortaliças, Sódios e Lipídios);5190.8;8426;5190.8;2025-05-05;5;1ªQuinzena;mai.;2025;Efetivada;17071170000160;17071170;0001;60;1;FAPE;02;20121025;00;4724500;0119999,0122900,0159801,1031700,1042200,1051100,1052000,1064300,1065101,1065103,1071600,1091101,4623199,4631100,4633801,4637104,4721102,4789099,8211300;RUA;ROMEU MARTINS;446;;CENTRO;62700000;;;17071170000160;1355;2302800.0;Canindé;CANINDÉ;Sertão de Canindé;Sertão de Canindé;LOTE 32;CACTUS;Canindé;10.0;31.0;10.0;31.0;0.0;0.0;2.0;2.0;33.0;3.3;COOPERATIVA SERTANEJA CEARENSE FAPE;17071170000160.0;Processo Enviado;OCB;22/07/2027;06/02/2025 15:13:33;23/05/2025 10:54:40;294.0;42.0;97,62;17071170000160
7219;INSTITUTO DE ARTE, CULTURA, LAZER E EDUCAÇÃO;1285431;20250502001409100;7935.5;2025-05-02;17071170000160;COOPERATIVA SERTANEJA CEARENSE - FAPE;Nota Fiscal;211;Gêneros Alimentícios ( Proteínas, Carboidratos, Hortaliças, Sódios e Lipídios);7935.5;8442;7935.5;2025-05-05;5;1ªQuinzena;mai.;2025;Efetivada;17071170000160;17071170;0001;60;1;FAPE;02;20121025;00;4724500;0119999,0122900,0159801,1031700,1042200,1051100,1052000,1064300,1065101,1065103,1071600,1091101,4623199,4631100,4633801,4637104,4721102,4789099,8211300;RUA;ROMEU MARTINS;446;;CENTRO;62700000;;;17071170000160;1355;2302800.0;Canindé;CANINDÉ;Sertão de Canindé;Sertão de Canindé;LOTE 32;CACTUS;Canindé;10.0;31.0;10.0;31.0;0.0;0.0;2.0;2.0;33.0;3.3;COOPERATIVA SERTANEJA CEARENSE FAPE;17071170000160.0;Processo Enviado;OCB;22/07/2027;06/02/2025 15:13:33;23/05/2025 10:54:40;294.0;42.0;97,62;17071170000160
7220;INSTITUTO DE ARTE, CULTURA, LAZER E EDUCAÇÃO;1285431;20250502001409100;10773.7;2025-05-02;17071170000160;COOPERATIVA SERTANEJA CEARENSE - FAPE;Nota Fiscal;211;Gêneros Alimentícios ( Proteínas, Carboidratos, Hortaliças, Sódios e Lipídios);10773.7;8443;10773.7;2025-05-05;5;1ªQuinzena;mai.;2025;Efetivada;17071170000160;17071170;0001;60;1;FAPE;02;20121025;00;4724500;0119999,0122900,0159801,1031700,1042200,1051100,1052000,1064300,1065101,1065103,1071600,1091101,4623199,4631100,4633801,4637104,4721102,4789099,8211300;RUA;ROMEU MARTINS;446;;CENTRO;62700000;;;17071170000160;1355;2302800.0;Canindé;CANINDÉ;Sertão de Canindé;Sertão de Canindé;LOTE 32;CACTUS;Canindé;10.0;31.0;10.0;31.0;0.0;0.0;2.0;2.0;33.0;3.3;COOPERATIVA SERTANEJA CEARENSE FAPE;17071170000160.0;Processo Enviado;OCB;22/07/2027;06/02/2025 15:13:33;23/05/2025 10:54:40;294.0;42.0;97,62;17071170000160
7221;INSTITUTO DE ARTE, CULTURA, LAZER E EDUCAÇÃO;1285431;20250502001409100;16031.0;2025-05-02;17071170000160;COOPERATIVA SERTANEJA CEARENSE - FAPE;Nota Fiscal;211;Gêneros Alimentícios ( Proteínas, Carboidratos, Hortaliças, Sódios e Lipídios);16031.0;8444;16031.0;2025-05-05;5;1ªQuinzena;mai.;2025;Efetivada;17071170000160;17071170;0001;60;1;FAPE;02;20121025;00;4724500;0119999,0122900,0159801,1031700,1042200,1051100,1052000,1064300,1065101,1065103,1071600,1091101,4623199,4631100,4633801,4637104,4721102,4789099,8211300;RUA;ROMEU MARTINS;446;;CENTRO;62700000;;;17071170000160;1355;2302800.0;Canindé;CANINDÉ;Sertão de Canindé;Sertão de Canindé;LOTE 32;CACTUS;Canindé;10.0;31.0;10.0;31.0;0.0;0.0;2.0;2.0;33.0;3.3;COOPERATIVA SERTANEJA CEARENSE FAPE;17071170000160.0;Processo Enviado;OCB;22/07/2027;06/02/2025 15:13:33;23/05/2025 10:54:40;294.0;42.0;97,62;17071170000160
7222;INSTITUTO DE ARTE, CULTURA, LAZER E EDUCAÇÃO;1285431;20250502001409100;4809.3;2025-05-02;17071170000160;COOPERATIVA SERTANEJA CEARENSE - FAPE;Nota Fiscal;211;Gêneros Alimentícios ( Proteínas, Carboidratos, Hortaliças, Sódios e Lipídios);4809.3;8445;4809.3;2025-05-05;5;1ªQuinzena;mai.;2025;Efetivada;17071170000160;17071170;0001;60;1;FAPE;02;20121025;00;4724500;0119999,0122900,0159801,1031700,1042200,1051100,1052000,1064300,1065101,1065103,1071600,1091101,4623199,4631100,4633801,4637104,4721102,4789099,8211300;RUA;ROMEU MARTINS;446;;CENTRO;62700000;;;17071170000160;1355;2302800.0;Canindé;CANINDÉ;Sertão de Canindé;Sertão de Canindé;LOTE 32;CACTUS;Canindé;10.0;31.0;10.0;31.0;0.0;0.0;2.0;2.0;33.0;3.3;COOPERATIVA SERTANEJA CEARENSE FAPE;17071170000160.0;Processo Enviado;OCB;22/07/2027;06/02/2025 15:13:33;23/05/2025 10:54:40;294.0;42.0;97,62;17071170000160
7223;INSTITUTO DE ARTE, CULTURA, LAZER E EDUCAÇÃO;1285431;20250502001409100;6412.4;2025-05-02;17071170000160;COOPERATIVA SERTANEJA CEARENSE - FAPE;Nota Fiscal;211;Gêneros Alimentícios ( Proteínas, Carboidratos, Hortaliças, Sódios e Lipídios);6412.4;8446;6412.4;2025-05-05;5;1ªQuinzena;mai.;2025;Efetivada;17071170000160;17071170;0001;60;1;FAPE;02;20121025;00;4724500;0119999,0122900,0159801,1031700,1042200,1051100,1052000,1064300,1065101,1065103,1071600,1091101,4623199,4631100,4633801,4637104,4721102,4789099,8211300;RUA;ROMEU MARTINS;446;;CENTRO;62700000;;;17071170000160;1355;2302800.0;Canindé;CANINDÉ;Sertão de Canindé;Sertão de Canindé;LOTE 32;CACTUS;Canindé;10.0;31.0;10.0;31.0;0.0;0.0;2.0;2.0;33.0;3.3;COOPERATIVA SERTANEJA CEARENSE FAPE;17071170000160.0;Processo Enviado;OCB;22/07/2027;06/02/2025 15:13:33;23/05/2025 10:54:40;294.0;42.0;97,62;17071170000160
7224;INSTITUTO DE ARTE, CULTURA, LAZER E EDUCAÇÃO;1285431;20250502001409100;3238.2;2025-05-02;17071170000160;COOPERATIVA SERTANEJA CEARENSE - FAPE;Nota Fiscal;211;Gêneros Alimentícios ( Proteínas, Carboidratos, Hortaliças, Sódios e Lipídios);3238.2;8447;3238.2;2025-05-05;5;1ªQuinzena;mai.;2025;Efetivada;17071170000160;17071170;0001;60;1;FAPE;02;20121025;00;4724500;0119999,0122900,0159801,1031700,1042200,1051100,1052000,1064300,1065101,1065103,1071600,1091101,4623199,4631100,4633801,4637104,4721102,4789099,8211300;RUA;ROMEU MARTINS;446;;CENTRO;62700000;;;17071170000160;1355;2302800.0;Canindé;CANINDÉ;Sertão de Canindé;Sertão de Canindé;LOTE 32;CACTUS;Canindé;10.0;31.0;10.0;31.0;0.0;0.0;2.0;2.0;33.0;3.3;COOPERATIVA SERTANEJA CEARENSE FAPE;17071170000160.0;Processo Enviado;OCB;22/07/2027;06/02/2025 15:13:33;23/05/2025 10:54:40;294.0;42.0;97,62;17071170000160
7233;INSTITUTO DE ARTE, CULTURA, LAZER E EDUCAÇÃO;1285431;20250513001413600;3245.0;2025-05-13;17071170000160;COOPERATIVA SERTANEJA CEARENSE - FAPE;Nota Fiscal;211;Gêneros Alimentícios ( Proteínas, Carboidratos, Hortaliças, Sódios e Lipídios);3245.0;8497;3245.0;2025-05-14;14;1ªQuinzena;mai.;2025;Efetivada;17071170000160;17071170;0001;60;1;FAPE;02;20121025;00;4724500;0119999,0122900,0159801,1031700,1042200,1051100,1052000,1064300,1065101,1065103,1071600,1091101,4623199,4631100,4633801,4637104,4721102,4789099,8211300;RUA;ROMEU MARTINS;446;;CENTRO;62700000;;;17071170000160;1355;2302800.0;Canindé;CANINDÉ;Sertão de Canindé;Sertão de Canindé;LOTE 32;CACTUS;Canindé;10.0;31.0;10.0;31.0;0.0;0.0;2.0;2.0;33.0;3.3;COOPERATIVA SERTANEJA CEARENSE FAPE;17071170000160.0;Processo Enviado;OCB;22/07/2027;06/02/2025 15:13:33;23/05/2025 10:54:40;294.0;42.0;97,62;17071170000160
7234;INSTITUTO DE ARTE, CULTURA, LAZER E EDUCAÇÃO;1285431;20250513001413600;11021.5;2025-05-13;17071170000160;COOPERATIVA SERTANEJA CEARENSE - FAPE;Nota Fiscal;211;Gêneros Alimentícios ( Proteínas, Carboidratos, Hortaliças, Sódios e Lipídios);11021.5;8493;11021.5;2025-05-14;14;1ªQuinzena;mai.;2025;Efetivada;17071170000160;17071170;0001;60;1;FAPE;02;20121025;00;4724500;0119999,0122900,0159801,1031700,1042200,1051100,1052000,1064300,1065101,1065103,1071600,1091101,4623199,4631100,4633801,4637104,4721102,4789099,8211300;RUA;ROMEU MARTINS;446;;CENTRO;62700000;;;17071170000160;1355;2302800.0;Canindé;CANINDÉ;Sertão de Canindé;Sertão de Canindé;LOTE 32;CACTUS;Canindé;10.0;31.0;10.0;31.0;0.0;0.0;2.0;2.0;33.0;3.3;COOPERATIVA SERTANEJA CEARENSE FAPE;17071170000160.0;Processo Enviado;OCB;22/07/2027;06/02/2025 15:13:33;23/05/2025 10:54:40;294.0;42.0;97,62;17071170000160
7235;INSTITUTO DE ARTE, CULTURA, LAZER E EDUCAÇÃO;1285431;20250513001413600;4915.5;2025-05-13;17071170000160;COOPERATIVA SERTANEJA CEARENSE - FAPE;Nota Fiscal;211;Gêneros Alimentícios ( Proteínas, Carboidratos, Hortaliças, Sódios e Lipídios);4915.5;8494;4915.5;2025-05-14;14;1ªQuinzena;mai.;2025;Efetivada;17071170000160;17071170;0001;60;1;FAPE;02;20121025;00;4724500;0119999,0122900,0159801,1031700,1042200,1051100,1052000,1064300,1065101,1065103,1071600,1091101,4623199,4631100,4633801,4637104,4721102,4789099,8211300;RUA;ROMEU MARTINS;446;;CENTRO;62700000;;;17071170000160;1355;2302800.0;Canindé;CANINDÉ;Sertão de Canindé;Sertão de Canindé;LOTE 32;CACTUS;Canindé;10.0;31.0;10.0;31.0;0.0;0.0;2.0;2.0;33.0;3.3;COOPERATIVA SERTANEJA CEARENSE FAPE;17071170000160.0;Processo Enviado;OCB;22/07/2027;06/02/2025 15:13:33;23/05/2025 10:54:40;294.0;42.0;97,62;17071170000160
7241;INSTITUTO DE ARTE, CULTURA, LAZER E EDUCAÇÃO;1285431;20250523001417300;8392.5;2025-05-23;17071170000160;COOPERATIVA SERTANEJA CEARENSE - FAPE;Nota Fiscal;211;Gêneros Alimentícios ( Proteínas, Carboidratos, Hortaliças, Sódios e Lipídios);8392.5;8492;8392.5;2025-05-26;26;2ªQuinzena;mai.;2025;Efetivada;17071170000160;17071170;0001;60;1;FAPE;02;20121025;00;4724500;0119999,0122900,0159801,1031700,1042200,1051100,1052000,1064300,1065101,1065103,1071600,1091101,4623199,4631100,4633801,4637104,4721102,4789099,8211300;RUA;ROMEU MARTINS;446;;CENTRO;62700000;;;17071170000160;1355;2302800.0;Canindé;CANINDÉ;Sertão de Canindé;Sertão de Canindé;LOTE 32;CACTUS;Canindé;10.0;31.0;10.0;31.0;0.0;0.0;2.0;2.0;33.0;3.3;COOPERATIVA SERTANEJA CEARENSE FAPE;17071170000160.0;Processo Enviado;OCB;22/07/2027;06/02/2025 15:13:33;23/05/2025 10:54:40;294.0;42.0;97,62;17071170000160
7243;INSTITUTO DE ARTE, CULTURA, LAZER E EDUCAÇÃO;1285431;20250529001420900;16385.0;2025-05-29;17071170000160;COOPERATIVA SERTANEJA CEARENSE - FAPE;Nota Fiscal;211;Gêneros Alimentícios ( Proteínas, Carboidratos, Hortaliças, Sódios e Lipídios);16385.0;8495;16385.0;2025-05-30;30;2ªQuinzena;mai.;2025;Efetivada;17071170000160;17071170;0001;60;1;FAPE;02;20121025;00;4724500;0119999,0122900,0159801,1031700,1042200,1051100,1052000,1064300,1065101,1065103,1071600,1091101,4623199,4631100,4633801,4637104,4721102,4789099,8211300;RUA;ROMEU MARTINS;446;;CENTRO;62700000;;;17071170000160;1355;2302800.0;Canindé;CANINDÉ;Sertão de Canindé;Sertão de Canindé;LOTE 32;CACTUS;Canindé;10.0;31.0;10.0;31.0;0.0;0.0;2.0;2.0;33.0;3.3;COOPERATIVA SERTANEJA CEARENSE FAPE;17071170000160.0;Processo Enviado;OCB;22/07/2027;06/02/2025 15:13:33;23/05/2025 10:54:40;294.0;42.0;97,62;17071170000160
7244;INSTITUTO DE ARTE, CULTURA, LAZER E EDUCAÇÃO;1285431;20250529001420900;6538.0;2025-05-29;17071170000160;COOPERATIVA SERTANEJA CEARENSE - FAPE;Nota Fiscal;211;Gêneros Alimentícios ( Proteínas, Carboidratos, Hortaliças, Sódios e Lipídios);6538.0;8496;6538.0;2025-05-30;30;2ªQuinzena;mai.;2025;Efetivada;17071170000160;17071170;0001;60;1;FAPE;02;20121025;00;4724500;0119999,0122900,0159801,1031700,1042200,1051100,1052000,1064300,1065101,1065103,1071600,1091101,4623199,4631100,4633801,4637104,4721102,4789099,8211300;RUA;ROMEU MARTINS;446;;CENTRO;62700000;;;17071170000160;1355;2302800.0;Canindé;CANINDÉ;Sertão de Canindé;Sertão de Canindé;LOTE 32;CACTUS;Canindé;10.0;31.0;10.0;31.0;0.0;0.0;2.0;2.0;33.0;3.3;COOPERATIVA SERTANEJA CEARENSE FAPE;17071170000160.0;Processo Enviado;OCB;22/07/2027;06/02/2025 15:13:33;23/05/2025 10:54:40;294.0;42.0;97,62;17071170000160
7245;INSTITUTO DE ARTE, CULTURA, LAZER E EDUCAÇÃO;1285431;20250527001419700;3245.0;2025-05-27;17071170000160;COOPERATIVA SERTANEJA CEARENSE - FAPE;Nota Fiscal;211;Gêneros Alimentícios ( Proteínas, Carboidratos, Hortaliças, Sódios e Lipídios);3245.0;8533;3245.0;2025-05-28;28;2ªQuinzena;mai.;2025;Efetivada;17071170000160;17071170;0001;60;1;FAPE;02;20121025;00;4724500;0119999,0122900,0159801,1031700,1042200,1051100,1052000,1064300,1065101,1065103,1071600,1091101,4623199,4631100,4633801,4637104,4721102,4789099,8211300;RUA;ROMEU MARTINS;446;;CENTRO;62700000;;;17071170000160;1355;2302800.0;Canindé;CANINDÉ;Sertão de Canindé;Sertão de Canindé;LOTE 32;CACTUS;Canindé;10.0;31.0;10.0;31.0;0.0;0.0;2.0;2.0;33.0;3.3;COOPERATIVA SERTANEJA CEARENSE FAPE;17071170000160.0;Processo Enviado;OCB;22/07/2027;06/02/2025 15:13:33;23/05/2025 10:54:40;294.0;42.0;97,62;17071170000160
7246;INSTITUTO DE ARTE, CULTURA, LAZER E EDUCAÇÃO;1285431;20250527001419700;11021.5;2025-05-27;17071170000160;COOPERATIVA SERTANEJA CEARENSE - FAPE;Nota Fiscal;211;Gêneros Alimentícios ( Proteínas, Carboidratos, Hortaliças, Sódios e Lipídios);11021.5;8529;11021.5;2025-05-28;28;2ªQuinzena;mai.;2025;Efetivada;17071170000160;17071170;0001;60;1;FAPE;02;20121025;00;4724500;0119999,0122900,0159801,1031700,1042200,1051100,1052000,1064300,1065101,1065103,1071600,1091101,4623199,4631100,4633801,4637104,4721102,4789099,8211300;RUA;ROMEU MARTINS;446;;CENTRO;62700000;;;17071170000160;1355;2302800.0;Canindé;CANINDÉ;Sertão de Canindé;Sertão de Canindé;LOTE 32;CACTUS;Canindé;10.0;31.0;10.0;31.0;0.0;0.0;2.0;2.0;33.0;3.3;COOPERATIVA SERTANEJA CEARENSE FAPE;17071170000160.0;Processo Enviado;OCB;22/07/2027;06/02/2025 15:13:33;23/05/2025 10:54:40;294.0;42.0;97,62;17071170000160
7247;INSTITUTO DE ARTE, CULTURA, LAZER E EDUCAÇÃO;1285431;20250527001419700;8192.5;2025-05-27;17071170000160;COOPERATIVA SERTANEJA CEARENSE - FAPE;Nota Fiscal;211;Gêneros Alimentícios ( Proteínas, Carboidratos, Hortaliças, Sódios e Lipídios);8192.5;8528;8192.5;2025-05-28;28;2ªQuinzena;mai.;2025;Efetivada;17071170000160;17071170;0001;60;1;FAPE;02;20121025;00;4724500;0119999,0122900,0159801,1031700,1042200,1051100,1052000,1064300,1065101,1065103,1071600,1091101,4623199,4631100,4633801,4637104,4721102,4789099,8211300;RUA;ROMEU MARTINS;446;;CENTRO;62700000;;;17071170000160;1355;2302800.0;Canindé;CANINDÉ;Sertão de Canindé;Sertão de Canindé;LOTE 32;CACTUS;Canindé;10.0;31.0;10.0;31.0;0.0;0.0;2.0;2.0;33.0;3.3;COOPERATIVA SERTANEJA CEARENSE FAPE;17071170000160.0;Processo Enviado;OCB;22/07/2027;06/02/2025 15:13:33;23/05/2025 10:54:40;294.0;42.0;97,62;17071170000160
7248;INSTITUTO DE ARTE, CULTURA, LAZER E EDUCAÇÃO;1285431;20250527001419700;6538.0;2025-05-27;17071170000160;COOPERATIVA SERTANEJA CEARENSE - FAPE;Nota Fiscal;211;Gêneros Alimentícios ( Proteínas, Carboidratos, Hortaliças, Sódios e Lipídios);6538.0;8532;6538.0;2025-05-28;28;2ªQuinzena;mai.;2025;Efetivada;17071170000160;17071170;0001;60;1;FAPE;02;20121025;00;4724500;0119999,0122900,0159801,1031700,1042200,1051100,1052000,1064300,1065101,1065103,1071600,1091101,4623199,4631100,4633801,4637104,4721102,4789099,8211300;RUA;ROMEU MARTINS;446;;CENTRO;62700000;;;17071170000160;1355;2302800.0;Canindé;CANINDÉ;Sertão de Canindé;Sertão de Canindé;LOTE 32;CACTUS;Canindé;10.0;31.0;10.0;31.0;0.0;0.0;2.0;2.0;33.0;3.3;COOPERATIVA SERTANEJA CEARENSE FAPE;17071170000160.0;Processo Enviado;OCB;22/07/2027;06/02/2025 15:13:33;23/05/2025 10:54:40;294.0;42.0;97,62;17071170000160
7249;INSTITUTO DE ARTE, CULTURA, LAZER E EDUCAÇÃO;1285431;20250527001419700;16385.0;2025-05-27;17071170000160;COOPERATIVA SERTANEJA CEARENSE - FAPE;Nota Fiscal;211;Gêneros Alimentícios ( Proteínas, Carboidratos, Hortaliças, Sódios e Lipídios);16385.0;8530;16385.0;2025-05-28;28;2ªQuinzena;mai.;2025;Efetivada;17071170000160;17071170;0001;60;1;FAPE;02;20121025;00;4724500;0119999,0122900,0159801,1031700,1042200,1051100,1052000,1064300,1065101,1065103,1071600,1091101,4623199,4631100,4633801,4637104,4721102,4789099,8211300;RUA;ROMEU MARTINS;446;;CENTRO;62700000;;;17071170000160;1355;2302800.0;Canindé;CANINDÉ;Sertão de Canindé;Sertão de Canindé;LOTE 32;CACTUS;Canindé;10.0;31.0;10.0;31.0;0.0;0.0;2.0;2.0;33.0;3.3;COOPERATIVA SERTANEJA CEARENSE FAPE;17071170000160.0;Processo Enviado;OCB;22/07/2027;06/02/2025 15:13:33;23/05/2025 10:54:40;294.0;42.0;97,62;17071170000160
7250;INSTITUTO DE ARTE, CULTURA, LAZER E EDUCAÇÃO;1285431;20250527001419700;4915.5;2025-05-27;17071170000160;COOPERATIVA SERTANEJA CEARENSE - FAPE;Nota Fiscal;211;Gêneros Alimentícios ( Proteínas, Carboidratos, Hortaliças, Sódios e Lipídios);4915.5;8531;4915.5;2025-05-28;28;2ªQuinzena;mai.;2025;Efetivada;17071170000160;17071170;0001;60;1;FAPE;02;20121025;00;4724500;0119999,0122900,0159801,1031700,1042200,1051100,1052000,1064300,1065101,1065103,1071600,1091101,4623199,4631100,4633801,4637104,4721102,4789099,8211300;RUA;ROMEU MARTINS;446;;CENTRO;62700000;;;17071170000160;1355;2302800.0;Canindé;CANINDÉ;Sertão de Canindé;Sertão de Canindé;LOTE 32;CACTUS;Canindé;10.0;31.0;10.0;31.0;0.0;0.0;2.0;2.0;33.0;3.3;COOPERATIVA SERTANEJA CEARENSE FAPE;17071170000160.0;Processo Enviado;OCB;22/07/2027;06/02/2025 15:13:33;23/05/2025 10:54:40;294.0;42.0;97,62;17071170000160
7289;INSTITUTO DE ARTE, CULTURA, LAZER E EDUCAÇÃO;1285431;20250611001429400;7594.3;2025-06-11;17071170000160;COOPERATIVA SERTANEJA CEARENSE - FAPE;Nota Fiscal;211;Gêneros Alimentícios ( Proteínas, Carboidratos, Hortaliças, Sódios e Lipídios);7594.3;8569;7594.3;2025-06-12;12;1ªQuinzena;jun.;2025;Efetivada;17071170000160;17071170;0001;60;1;FAPE;02;20121025;00;4724500;0119999,0122900,0159801,1031700,1042200,1051100,1052000,1064300,1065101,1065103,1071600,1091101,4623199,4631100,4633801,4637104,4721102,4789099,8211300;RUA;ROMEU MARTINS;446;;CENTRO;62700000;;;17071170000160;1355;2302800.0;Canindé;CANINDÉ;Sertão de Canindé;Sertão de Canindé;LOTE 32;CACTUS;Canindé;10.0;31.0;10.0;31.0;0.0;0.0;2.0;2.0;33.0;3.3;COOPERATIVA SERTANEJA CEARENSE FAPE;17071170000160.0;Processo Enviado;OCB;22/07/2027;06/02/2025 15:13:33;23/05/2025 10:54:40;294.0;42.0;97,62;17071170000160
7290;INSTITUTO DE ARTE, CULTURA, LAZER E EDUCAÇÃO;1285431;20250611001429400;6123.0;2025-06-11;17071170000160;COOPERATIVA SERTANEJA CEARENSE - FAPE;Nota Fiscal;211;Gêneros Alimentícios ( Proteínas, Carboidratos, Hortaliças, Sódios e Lipídios);6123.0;8568;6123.0;2025-06-12;12;1ªQuinzena;jun.;2025;Efetivada;17071170000160;17071170;0001;60;1;FAPE;02;20121025;00;4724500;0119999,0122900,0159801,1031700,1042200,1051100,1052000,1064300,1065101,1065103,1071600,1091101,4623199,4631100,4633801,4637104,4721102,4789099,8211300;RUA;ROMEU MARTINS;446;;CENTRO;62700000;;;17071170000160;1355;2302800.0;Canindé;CANINDÉ;Sertão de Canindé;Sertão de Canindé;LOTE 32;CACTUS;Canindé;10.0;31.0;10.0;31.0;0.0;0.0;2.0;2.0;33.0;3.3;COOPERATIVA SERTANEJA CEARENSE FAPE;17071170000160.0;Processo Enviado;OCB;22/07/2027;06/02/2025 15:13:33;23/05/2025 10:54:40;294.0;42.0;97,62;17071170000160
7291;INSTITUTO DE ARTE, CULTURA, LAZER E EDUCAÇÃO;1285431;20250611001429400;4936.8;2025-06-11;17071170000160;COOPERATIVA SERTANEJA CEARENSE - FAPE;Nota Fiscal;211;Gêneros Alimentícios ( Proteínas, Carboidratos, Hortaliças, Sódios e Lipídios);4936.8;8572;4936.8;2025-06-12;12;1ªQuinzena;jun.;2025;Efetivada;17071170000160;17071170;0001;60;1;FAPE;02;20121025;00;4724500;0119999,0122900,0159801,1031700,1042200,1051100,1052000,1064300,1065101,1065103,1071600,1091101,4623199,4631100,4633801,4637104,4721102,4789099,8211300;RUA;ROMEU MARTINS;446;;CENTRO;62700000;;;17071170000160;1355;2302800.0;Canindé;CANINDÉ;Sertão de Canindé;Sertão de Canindé;LOTE 32;CACTUS;Canindé;10.0;31.0;10.0;31.0;0.0;0.0;2.0;2.0;33.0;3.3;COOPERATIVA SERTANEJA CEARENSE FAPE;17071170000160.0;Processo Enviado;OCB;22/07/2027;06/02/2025 15:13:33;23/05/2025 10:54:40;294.0;42.0;97,62;17071170000160
7292;INSTITUTO DE ARTE, CULTURA, LAZER E EDUCAÇÃO;1285431;20250611001429400;11974.0;2025-06-11;17071170000160;COOPERATIVA SERTANEJA CEARENSE - FAPE;Nota Fiscal;211;Gêneros Alimentícios ( Proteínas, Carboidratos, Hortaliças, Sódios e Lipídios);11974.0;8571;11974.0;2025-06-12;12;1ªQuinzena;jun.;2025;Efetivada;17071170000160;17071170;0001;60;1;FAPE;02;20121025;00;4724500;0119999,0122900,0159801,1031700,1042200,1051100,1052000,1064300,1065101,1065103,1071600,1091101,4623199,4631100,4633801,4637104,4721102,4789099,8211300;RUA;ROMEU MARTINS;446;;CENTRO;62700000;;;17071170000160;1355;2302800.0;Canindé;CANINDÉ;Sertão de Canindé;Sertão de Canindé;LOTE 32;CACTUS;Canindé;10.0;31.0;10.0;31.0;0.0;0.0;2.0;2.0;33.0;3.3;COOPERATIVA SERTANEJA CEARENSE FAPE;17071170000160.0;Processo Enviado;OCB;22/07/2027;06/02/2025 15:13:33;23/05/2025 10:54:40;294.0;42.0;97,62;17071170000160
7293;INSTITUTO DE ARTE, CULTURA, LAZER E EDUCAÇÃO;1285431;20250611001429400;3510.7;2025-06-11;17071170000160;COOPERATIVA SERTANEJA CEARENSE - FAPE;Nota Fiscal;211;Gêneros Alimentícios ( Proteínas, Carboidratos, Hortaliças, Sódios e Lipídios);3510.7;8570;3510.7;2025-06-12;12;1ªQuinzena;jun.;2025;Efetivada;17071170000160;17071170;0001;60;1;FAPE;02;20121025;00;4724500;0119999,0122900,0159801,1031700,1042200,1051100,1052000,1064300,1065101,1065103,1071600,1091101,4623199,4631100,4633801,4637104,4721102,4789099,8211300;RUA;ROMEU MARTINS;446;;CENTRO;62700000;;;17071170000160;1355;2302800.0;Canindé;CANINDÉ;Sertão de Canindé;Sertão de Canindé;LOTE 32;CACTUS;Canindé;10.0;31.0;10.0;31.0;0.0;0.0;2.0;2.0;33.0;3.3;COOPERATIVA SERTANEJA CEARENSE FAPE;17071170000160.0;Processo Enviado;OCB;22/07/2027;06/02/2025 15:13:33;23/05/2025 10:54:40;294.0;42.0;97,62;17071170000160
7294;INSTITUTO DE ARTE, CULTURA, LAZER E EDUCAÇÃO;1285431;20250611001429400;2612.4;2025-06-11;17071170000160;COOPERATIVA SERTANEJA CEARENSE - FAPE;Nota Fiscal;211;Gêneros Alimentícios ( Proteínas, Carboidratos, Hortaliças, Sódios e Lipídios);2612.4;8573;2612.4;2025-06-12;12;1ªQuinzena;jun.;2025;Efetivada;17071170000160;17071170;0001;60;1;FAPE;02;20121025;00;4724500;0119999,0122900,0159801,1031700,1042200,1051100,1052000,1064300,1065101,1065103,1071600,1091101,4623199,4631100,4633801,4637104,4721102,4789099,8211300;RUA;ROMEU MARTINS;446;;CENTRO;62700000;;;17071170000160;1355;2302800.0;Canindé;CANINDÉ;Sertão de Canindé;Sertão de Canindé;LOTE 32;CACTUS;Canindé;10.0;31.0;10.0;31.0;0.0;0.0;2.0;2.0;33.0;3.3;COOPERATIVA SERTANEJA CEARENSE FAPE;17071170000160.0;Processo Enviado;OCB;22/07/2027;06/02/2025 15:13:33;23/05/2025 10:54:40;294.0;42.0;97,62;17071170000160
7315;INSTITUTO DE ARTE, CULTURA, LAZER E EDUCAÇÃO;1285431;20250626001435000;44759.6;2025-06-26;17071170000160;COOPERATIVA SERTANEJA CEARENSE - FAPE;Nota Fiscal;211;Gêneros Alimentícios ( Proteínas, Carboidratos, Hortaliças, Sódios e Lipídios);44759.6;8625;44759.6;2025-06-27;27;2ªQuinzena;jun.;2025;Efetivada;17071170000160;17071170;0001;60;1;FAPE;02;20121025;00;4724500;0119999,0122900,0159801,1031700,1042200,1051100,1052000,1064300,1065101,1065103,1071600,1091101,4623199,4631100,4633801,4637104,4721102,4789099,8211300;RUA;ROMEU MARTINS;446;;CENTRO;62700000;;;17071170000160;1355;2302800.0;Canindé;CANINDÉ;Sertão de Canindé;Sertão de Canindé;LOTE 32;CACTUS;Canindé;10.0;31.0;10.0;31.0;0.0;0.0;2.0;2.0;33.0;3.3;COOPERATIVA SERTANEJA CEARENSE FAPE;17071170000160.0;Processo Enviado;OCB;22/07/2027;06/02/2025 15:13:33;23/05/2025 10:54:40;294.0;42.0;97,62;17071170000160
7325;ASSOCIAÇÃO BENEFICENTE DO CENTRINHO DA UV10;1284429;20231105001114500;20237.8;2023-11-05;2981979000151;COOPERATIVA DE PRODUÇÃO AGROPECUÁRIA E SERVIÇOS SANTA BARBARA;Nota Fiscal;211;Gêneros Alimentícios ( Proteínas, Carboidratos, Hortaliças, Sódios e Lipídios);20237.8;11777;3886.0;2023-11-06;6;1ªQuinzena;nov.;2023;Efetivada;02981979000151;02981979;0001;51;1;COPASB;02;20051103;00;4633801;0155505,0322101,1031700,1033301,1033302,4623109,4631100,4632002,4634602,4634603,4637104,4637199,4639701,8129000,9499500;RUA;WE-04 (LOT ESPLANADA DOS COQUEIROS);72;;PAUMIRIM;61611090;;;02981979000151;1373;2303709.0;Caucaia;CAUCAIA;Grande Fortaleza;Grande Fortaleza;LOTE 12;INDACE;Caucaia;56.0;56.0;52.0;52.0;4.0;4.0;20.0;24.0;76.0;7.6;COOPERATIVA DE PRODUCAO AGROPECUARIA E SERVICOS SANTA BARBARA - COPASB;2981979000151.0;CAF Emitido;UNICAFES;14/02/2026;24/03/2022 11:23:17;27/05/2025 13:14:47;309.0;154.0;98,71;02981979000151
7331;ASSOCIAÇÃO BENEFICENTE DO CENTRINHO DA UV10;1284429;20231124001128800;13665.8;2023-11-24;2981979000151;COOPERATIVA DE PRODUÇÃO AGROPECUÁRIA E SERVIÇOS SANTA BARBARA;Nota Fiscal;211;Gêneros Alimentícios ( Proteínas, Carboidratos, Hortaliças, Sódios e Lipídios);13665.8;12115;1325.4;2023-11-27;27;2ªQuinzena;nov.;2023;Efetivada;02981979000151;02981979;0001;51;1;COPASB;02;20051103;00;4633801;0155505,0322101,1031700,1033301,1033302,4623109,4631100,4632002,4634602,4634603,4637104,4637199,4639701,8129000,9499500;RUA;WE-04 (LOT ESPLANADA DOS COQUEIROS);72;;PAUMIRIM;61611090;;;02981979000151;1373;2303709.0;Caucaia;CAUCAIA;Grande Fortaleza;Grande Fortaleza;LOTE 12;INDACE;Caucaia;56.0;56.0;52.0;52.0;4.0;4.0;20.0;24.0;76.0;7.6;COOPERATIVA DE PRODUCAO AGROPECUARIA E SERVICOS SANTA BARBARA - COPASB;2981979000151.0;CAF Emitido;UNICAFES;14/02/2026;24/03/2022 11:23:17;27/05/2025 13:14:47;309.0;154.0;98,71;02981979000151
7336;ASSOCIAÇÃO BENEFICENTE DO CENTRINHO DA UV10;1284429;20231212001143100;41160.84;2023-12-12;32524122000173;COOPADES - COOPERATIVA DA AGRICULTURA FAMILIAR E DO DESENVOLVIMENTO SOLIDARIO;Nota Fiscal;211;Gêneros Alimentícios ( Proteínas, Carboidratos, Hortaliças, Sódios e Lipídios);41160.84;1237;3477.0;2023-12-13;13;1ªQuinzena;dez.;2023;Efetivada;32524122000173;32524122;0001;73;1;COOPADES;02;20190122;00;0161099;0111302,0119901,0119905,0119906,0133402,0133408,0133410,0133499,0151201,0151202,0153901,0154700,0155501,0155502,0155503,0155504,0155505,0321301,0322101,1011203;AVENIDA;DA ASSOCIACAO;000;;MATA FRESCA;62808000;;;32524122000173;1321;2301109.0;Aracati;ARACATI;Litoral Leste;Litoral Leste;LOTE 17;IMBRA;Aracati;18.0;35.0;17.0;34.0;1.0;1.0;2.0;3.0;37.0;3.7;COOPADES - COOPERATIVA DA AGRICULTURA FAMILIAR E DESENVOLVIMENTO SOLIDARIO;32524122000173.0;Finalizado;OCB;11/05/2025;19/09/2022 09:50:22;08/07/2025 17:28:14;232.0;60.0;98,71;32524122000173
7340;ASSOCIAÇÃO BENEFICENTE DO CENTRINHO DA UV10;1284429;20231225001154600;54885.87;2023-12-25;32524122000173;COOPADES - COOPERATIVA DA AGRICULTURA FAMILIAR E DO DESENVOLVIMENTO SOLIDARIO;Nota Fiscal;211;Gêneros Alimentícios ( Proteínas, Carboidratos, Hortaliças, Sódios e Lipídios);54885.87;1251;2462.4;2023-12-26;26;2ªQuinzena;dez.;2023;Efetivada;32524122000173;32524122;0001;73;1;COOPADES;02;20190122;00;0161099;0111302,0119901,0119905,0119906,0133402,0133408,0133410,0133499,0151201,0151202,0153901,0154700,0155501,0155502,0155503,0155504,0155505,0321301,0322101,1011203;AVENIDA;DA ASSOCIACAO;000;;MATA FRESCA;62808000;;;32524122000173;1321;2301109.0;Aracati;ARACATI;Litoral Leste;Litoral Leste;LOTE 17;IMBRA;Aracati;18.0;35.0;17.0;34.0;1.0;1.0;2.0;3.0;37.0;3.7;COOPADES - COOPERATIVA DA AGRICULTURA FAMILIAR E DESENVOLVIMENTO SOLIDARIO;32524122000173.0;Finalizado;OCB;11/05/2025;19/09/2022 09:50:22;08/07/2025 17:28:14;232.0;60.0;98,71;32524122000173
7342;ASSOCIAÇÃO BENEFICENTE DO CENTRINHO DA UV10;1284429;20231227001158500;3590.33;2023-12-27;32524122000173;COOPADES - COOPERATIVA DA AGRICULTURA FAMILIAR E DO DESENVOLVIMENTO SOLIDARIO;Nota Fiscal;211;Gêneros Alimentícios ( Proteínas, Carboidratos, Hortaliças, Sódios e Lipídios);3590.33;1254;236.06;2023-12-28;28;2ªQuinzena;dez.;2023;Efetivada;32524122000173;32524122;0001;73;1;COOPADES;02;20190122;00;0161099;0111302,0119901,0119905,0119906,0133402,0133408,0133410,0133499,0151201,0151202,0153901,0154700,0155501,0155502,0155503,0155504,0155505,0321301,0322101,1011203;AVENIDA;DA ASSOCIACAO;000;;MATA FRESCA;62808000;;;32524122000173;1321;2301109.0;Aracati;ARACATI;Litoral Leste;Litoral Leste;LOTE 17;IMBRA;Aracati;18.0;35.0;17.0;34.0;1.0;1.0;2.0;3.0;37.0;3.7;COOPADES - COOPERATIVA DA AGRICULTURA FAMILIAR E DESENVOLVIMENTO SOLIDARIO;32524122000173.0;Finalizado;OCB;11/05/2025;19/09/2022 09:50:22;08/07/2025 17:28:14;232.0;60.0;98,71;32524122000173
7344;ASSOCIAÇÃO BENEFICENTE DO CENTRINHO DA UV10;1284429;20240106001163700;28598.41;2024-01-06;32524122000173;COOPADES - COOPERATIVA DA AGRICULTURA FAMILIAR E DO DESENVOLVIMENTO SOLIDARIO;Nota Fiscal;211;Gêneros Alimentícios ( Proteínas, Carboidratos, Hortaliças, Sódios e Lipídios);28598.41;1277;1500.6;2024-01-08;8;1ªQuinzena;jan.;2024;Efetivada;32524122000173;32524122;0001;73;1;COOPADES;02;20190122;00;0161099;0111302,0119901,0119905,0119906,0133402,0133408,0133410,0133499,0151201,0151202,0153901,0154700,0155501,0155502,0155503,0155504,0155505,0321301,0322101,1011203;AVENIDA;DA ASSOCIACAO;000;;MATA FRESCA;62808000;;;32524122000173;1321;2301109.0;Aracati;ARACATI;Litoral Leste;Litoral Leste;LOTE 17;IMBRA;Aracati;18.0;35.0;17.0;34.0;1.0;1.0;2.0;3.0;37.0;3.7;COOPADES - COOPERATIVA DA AGRICULTURA FAMILIAR E DESENVOLVIMENTO SOLIDARIO;32524122000173.0;Finalizado;OCB;11/05/2025;19/09/2022 09:50:22;08/07/2025 17:28:14;232.0;60.0;98,71;32524122000173
7348;ASSOCIAÇÃO BENEFICENTE DO CENTRINHO DA UV10;1284429;20240204001178300;30182.61;2024-02-04;32524122000173;COOPADES - COOPERATIVA DA AGRICULTURA FAMILIAR E DO DESENVOLVIMENTO SOLIDARIO;Nota Fiscal;211;Gêneros Alimentícios ( Proteínas, Carboidratos, Hortaliças, Sódios e Lipídios);30182.61;1350;4711.05;2024-02-05;5;1ªQuinzena;fev.;2024;Efetivada;32524122000173;32524122;0001;73;1;COOPADES;02;20190122;00;0161099;0111302,0119901,0119905,0119906,0133402,0133408,0133410,0133499,0151201,0151202,0153901,0154700,0155501,0155502,0155503,0155504,0155505,0321301,0322101,1011203;AVENIDA;DA ASSOCIACAO;000;;MATA FRESCA;62808000;;;32524122000173;1321;2301109.0;Aracati;ARACATI;Litoral Leste;Litoral Leste;LOTE 17;IMBRA;Aracati;18.0;35.0;17.0;34.0;1.0;1.0;2.0;3.0;37.0;3.7;COOPADES - COOPERATIVA DA AGRICULTURA FAMILIAR E DESENVOLVIMENTO SOLIDARIO;32524122000173.0;Finalizado;OCB;11/05/2025;19/09/2022 09:50:22;08/07/2025 17:28:14;232.0;60.0;98,71;32524122000173
7355;ASSOCIAÇÃO BENEFICENTE DO CENTRINHO DA UV10;1284429;20240222001186800;37746.66;2024-02-22;32524122000173;COOPADES - COOPERATIVA DA AGRICULTURA FAMILIAR E DO DESENVOLVIMENTO SOLIDARIO;Nota Fiscal;211;Gêneros Alimentícios ( Proteínas, Carboidratos, Hortaliças, Sódios e Lipídios);37746.66;1415;1482.3;2024-02-23;23;2ªQuinzena;fev.;2024;Efetivada;32524122000173;32524122;0001;73;1;COOPADES;02;20190122;00;0161099;0111302,0119901,0119905,0119906,0133402,0133408,0133410,0133499,0151201,0151202,0153901,0154700,0155501,0155502,0155503,0155504,0155505,0321301,0322101,1011203;AVENIDA;DA ASSOCIACAO;000;;MATA FRESCA;62808000;;;32524122000173;1321;2301109.0;Aracati;ARACATI;Litoral Leste;Litoral Leste;LOTE 17;IMBRA;Aracati;18.0;35.0;17.0;34.0;1.0;1.0;2.0;3.0;37.0;3.7;COOPADES - COOPERATIVA DA AGRICULTURA FAMILIAR E DESENVOLVIMENTO SOLIDARIO;32524122000173.0;Finalizado;OCB;11/05/2025;19/09/2022 09:50:22;08/07/2025 17:28:14;232.0;60.0;98,71;32524122000173
7359;ASSOCIAÇÃO BENEFICENTE DO CENTRINHO DA UV10;1284429;20240313001199200;36263.49;2024-03-13;32524122000173;COOPADES - COOPERATIVA DA AGRICULTURA FAMILIAR E DO DESENVOLVIMENTO SOLIDARIO;Nota Fiscal;211;Gêneros Alimentícios ( Proteínas, Carboidratos, Hortaliças, Sódios e Lipídios);36263.49;1472;3739.98;2024-03-14;14;1ªQuinzena;mar.;2024;Efetivada;32524122000173;32524122;0001;73;1;COOPADES;02;20190122;00;0161099;0111302,0119901,0119905,0119906,0133402,0133408,0133410,0133499,0151201,0151202,0153901,0154700,0155501,0155502,0155503,0155504,0155505,0321301,0322101,1011203;AVENIDA;DA ASSOCIACAO;000;;MATA FRESCA;62808000;;;32524122000173;1321;2301109.0;Aracati;ARACATI;Litoral Leste;Litoral Leste;LOTE 17;IMBRA;Aracati;18.0;35.0;17.0;34.0;1.0;1.0;2.0;3.0;37.0;3.7;COOPADES - COOPERATIVA DA AGRICULTURA FAMILIAR E DESENVOLVIMENTO SOLIDARIO;32524122000173.0;Finalizado;OCB;11/05/2025;19/09/2022 09:50:22;08/07/2025 17:28:14;232.0;60.0;98,71;32524122000173
7361;ASSOCIAÇÃO BENEFICENTE DO CENTRINHO DA UV10;1284429;20240325001206600;33632.52;2024-03-25;32524122000173;COOPADES - COOPERATIVA DA AGRICULTURA FAMILIAR E DO DESENVOLVIMENTO SOLIDARIO;Nota Fiscal;211;Gêneros Alimentícios ( Proteínas, Carboidratos, Hortaliças, Sódios e Lipídios);33632.52;1511;5959.8;2024-03-26;26;2ªQuinzena;mar.;2024;Efetivada;32524122000173;32524122;0001;73;1;COOPADES;02;20190122;00;0161099;0111302,0119901,0119905,0119906,0133402,0133408,0133410,0133499,0151201,0151202,0153901,0154700,0155501,0155502,0155503,0155504,0155505,0321301,0322101,1011203;AVENIDA;DA ASSOCIACAO;000;;MATA FRESCA;62808000;;;32524122000173;1321;2301109.0;Aracati;ARACATI;Litoral Leste;Litoral Leste;LOTE 17;IMBRA;Aracati;18.0;35.0;17.0;34.0;1.0;1.0;2.0;3.0;37.0;3.7;COOPADES - COOPERATIVA DA AGRICULTURA FAMILIAR E DESENVOLVIMENTO SOLIDARIO;32524122000173.0;Finalizado;OCB;11/05/2025;19/09/2022 09:50:22;08/07/2025 17:28:14;232.0;60.0;98,71;32524122000173
7367;ASSOCIAÇÃO BENEFICENTE DO CENTRINHO DA UV10;1284429;20240429001225600;101368.0;2024-04-29;32524122000173;COOPADES - COOPERATIVA DA AGRICULTURA FAMILIAR E DO DESENVOLVIMENTO SOLIDARIO;Nota Fiscal;211;Gêneros Alimentícios ( Proteínas, Carboidratos, Hortaliças, Sódios e Lipídios);101368.0;1667;10260.0;2024-04-30;30;2ªQuinzena;abr.;2024;Efetivada;32524122000173;32524122;0001;73;1;COOPADES;02;20190122;00;0161099;0111302,0119901,0119905,0119906,0133402,0133408,0133410,0133499,0151201,0151202,0153901,0154700,0155501,0155502,0155503,0155504,0155505,0321301,0322101,1011203;AVENIDA;DA ASSOCIACAO;000;;MATA FRESCA;62808000;;;32524122000173;1321;2301109.0;Aracati;ARACATI;Litoral Leste;Litoral Leste;LOTE 17;IMBRA;Aracati;18.0;35.0;17.0;34.0;1.0;1.0;2.0;3.0;37.0;3.7;COOPADES - COOPERATIVA DA AGRICULTURA FAMILIAR E DESENVOLVIMENTO SOLIDARIO;32524122000173.0;Finalizado;OCB;11/05/2025;19/09/2022 09:50:22;08/07/2025 17:28:14;232.0;60.0;98,71;32524122000173
7374;ASSOCIAÇÃO BENEFICENTE DO CENTRINHO DA UV10;1284429;20240603001242200;66902.6;2024-06-03;32524122000173;COOPADES - COOPERATIVA DA AGRICULTURA FAMILIAR E DO DESENVOLVIMENTO SOLIDARIO;Nota Fiscal;211;Gêneros Alimentícios ( Proteínas, Carboidratos, Hortaliças, Sódios e Lipídios);66902.6;1791;6384.0;2024-06-04;4;1ªQuinzena;jun.;2024;Efetivada;32524122000173;32524122;0001;73;1;COOPADES;02;20190122;00;0161099;0111302,0119901,0119905,0119906,0133402,0133408,0133410,0133499,0151201,0151202,0153901,0154700,0155501,0155502,0155503,0155504,0155505,0321301,0322101,1011203;AVENIDA;DA ASSOCIACAO;000;;MATA FRESCA;62808000;;;32524122000173;1321;2301109.0;Aracati;ARACATI;Litoral Leste;Litoral Leste;LOTE 17;IMBRA;Aracati;18.0;35.0;17.0;34.0;1.0;1.0;2.0;3.0;37.0;3.7;COOPADES - COOPERATIVA DA AGRICULTURA FAMILIAR E DESENVOLVIMENTO SOLIDARIO;32524122000173.0;Finalizado;OCB;11/05/2025;19/09/2022 09:50:22;08/07/2025 17:28:14;232.0;60.0;98,71;32524122000173
7376;ASSOCIAÇÃO BENEFICENTE DO CENTRINHO DA UV10;1284429;20240612001248300;31998.09;2024-06-12;32524122000173;COOPADES - COOPERATIVA DA AGRICULTURA FAMILIAR E DO DESENVOLVIMENTO SOLIDARIO;Nota Fiscal;211;Gêneros Alimentícios ( Proteínas, Carboidratos, Hortaliças, Sódios e Lipídios);31998.09;1874;3192.0;2024-06-13;13;1ªQuinzena;jun.;2024;Efetivada;32524122000173;32524122;0001;73;1;COOPADES;02;20190122;00;0161099;0111302,0119901,0119905,0119906,0133402,0133408,0133410,0133499,0151201,0151202,0153901,0154700,0155501,0155502,0155503,0155504,0155505,0321301,0322101,1011203;AVENIDA;DA ASSOCIACAO;000;;MATA FRESCA;62808000;;;32524122000173;1321;2301109.0;Aracati;ARACATI;Litoral Leste;Litoral Leste;LOTE 17;IMBRA;Aracati;18.0;35.0;17.0;34.0;1.0;1.0;2.0;3.0;37.0;3.7;COOPADES - COOPERATIVA DA AGRICULTURA FAMILIAR E DESENVOLVIMENTO SOLIDARIO;32524122000173.0;Finalizado;OCB;11/05/2025;19/09/2022 09:50:22;08/07/2025 17:28:14;232.0;60.0;98,71;32524122000173
7378;ASSOCIAÇÃO BENEFICENTE DO CENTRINHO DA UV10;1284429;20240626001254300;34807.93;2024-06-26;32524122000173;COOPADES - COOPERATIVA DA AGRICULTURA FAMILIAR E DO DESENVOLVIMENTO SOLIDARIO;Nota Fiscal;211;Gêneros Alimentícios ( Proteínas, Carboidratos, Hortaliças, Sódios e Lipídios);34807.93;1957;3192.0;2024-06-27;27;2ªQuinzena;jun.;2024;Efetivada;32524122000173;32524122;0001;73;1;COOPADES;02;20190122;00;0161099;0111302,0119901,0119905,0119906,0133402,0133408,0133410,0133499,0151201,0151202,0153901,0154700,0155501,0155502,0155503,0155504,0155505,0321301,0322101,1011203;AVENIDA;DA ASSOCIACAO;000;;MATA FRESCA;62808000;;;32524122000173;1321;2301109.0;Aracati;ARACATI;Litoral Leste;Litoral Leste;LOTE 17;IMBRA;Aracati;18.0;35.0;17.0;34.0;1.0;1.0;2.0;3.0;37.0;3.7;COOPADES - COOPERATIVA DA AGRICULTURA FAMILIAR E DESENVOLVIMENTO SOLIDARIO;32524122000173.0;Finalizado;OCB;11/05/2025;19/09/2022 09:50:22;08/07/2025 17:28:14;232.0;60.0;98,71;32524122000173
7384;ASSOCIAÇÃO BENEFICENTE DO CENTRINHO DA UV10;1284429;20240717001265200;74764.52;2024-07-17;32524122000173;COOPADES - COOPERATIVA DA AGRICULTURA FAMILIAR E DO DESENVOLVIMENTO SOLIDARIO;Nota Fiscal;211;Gêneros Alimentícios ( Proteínas, Carboidratos, Hortaliças, Sódios e Lipídios);74764.52;2079;6283.68;2024-07-18;18;2ªQuinzena;jul.;2024;Efetivada;32524122000173;32524122;0001;73;1;COOPADES;02;20190122;00;0161099;0111302,0119901,0119905,0119906,0133402,0133408,0133410,0133499,0151201,0151202,0153901,0154700,0155501,0155502,0155503,0155504,0155505,0321301,0322101,1011203;AVENIDA;DA ASSOCIACAO;000;;MATA FRESCA;62808000;;;32524122000173;1321;2301109.0;Aracati;ARACATI;Litoral Leste;Litoral Leste;LOTE 17;IMBRA;Aracati;18.0;35.0;17.0;34.0;1.0;1.0;2.0;3.0;37.0;3.7;COOPADES - COOPERATIVA DA AGRICULTURA FAMILIAR E DESENVOLVIMENTO SOLIDARIO;32524122000173.0;Finalizado;OCB;11/05/2025;19/09/2022 09:50:22;08/07/2025 17:28:14;232.0;60.0;98,71;32524122000173
7388;ASSOCIAÇÃO BENEFICENTE DO CENTRINHO DA UV10;1284429;20240804001275300;7702.5;2024-08-04;32524122000173;COOPADES - COOPERATIVA DA AGRICULTURA FAMILIAR E DO DESENVOLVIMENTO SOLIDARIO;Nota Fiscal;211;Gêneros Alimentícios ( Proteínas, Carboidratos, Hortaliças, Sódios e Lipídios);7702.5;2125;440.96;2024-08-05;5;1ªQuinzena;ago.;2024;Efetivada;32524122000173;32524122;0001;73;1;COOPADES;02;20190122;00;0161099;0111302,0119901,0119905,0119906,0133402,0133408,0133410,0133499,0151201,0151202,0153901,0154700,0155501,0155502,0155503,0155504,0155505,0321301,0322101,1011203;AVENIDA;DA ASSOCIACAO;000;;MATA FRESCA;62808000;;;32524122000173;1321;2301109.0;Aracati;ARACATI;Litoral Leste;Litoral Leste;LOTE 17;IMBRA;Aracati;18.0;35.0;17.0;34.0;1.0;1.0;2.0;3.0;37.0;3.7;COOPADES - COOPERATIVA DA AGRICULTURA FAMILIAR E DESENVOLVIMENTO SOLIDARIO;32524122000173.0;Finalizado;OCB;11/05/2025;19/09/2022 09:50:22;08/07/2025 17:28:14;232.0;60.0;98,71;32524122000173
7395;ASSOCIAÇÃO BENEFICENTE DO CENTRINHO DA UV10;1284429;20240826001284600;83115.81;2024-08-26;32524122000173;COOPADES - COOPERATIVA DA AGRICULTURA FAMILIAR E DO DESENVOLVIMENTO SOLIDARIO;Nota Fiscal;211;Gêneros Alimentícios ( Proteínas, Carboidratos, Hortaliças, Sódios e Lipídios);83115.81;2281;6090.76;2024-08-27;27;2ªQuinzena;ago.;2024;Efetivada;32524122000173;32524122;0001;73;1;COOPADES;02;20190122;00;0161099;0111302,0119901,0119905,0119906,0133402,0133408,0133410,0133499,0151201,0151202,0153901,0154700,0155501,0155502,0155503,0155504,0155505,0321301,0322101,1011203;AVENIDA;DA ASSOCIACAO;000;;MATA FRESCA;62808000;;;32524122000173;1321;2301109.0;Aracati;ARACATI;Litoral Leste;Litoral Leste;LOTE 17;IMBRA;Aracati;18.0;35.0;17.0;34.0;1.0;1.0;2.0;3.0;37.0;3.7;COOPADES - COOPERATIVA DA AGRICULTURA FAMILIAR E DESENVOLVIMENTO SOLIDARIO;32524122000173.0;Finalizado;OCB;11/05/2025;19/09/2022 09:50:22;08/07/2025 17:28:14;232.0;60.0;98,71;32524122000173
7405;ASSOCIAÇÃO BENEFICENTE DO CENTRINHO DA UV10;1284429;20240923001299900;91209.17;2024-09-23;32524122000173;COOPADES - COOPERATIVA DA AGRICULTURA FAMILIAR E DO DESENVOLVIMENTO SOLIDARIO;Nota Fiscal;211;Gêneros Alimentícios ( Proteínas, Carboidratos, Hortaliças, Sódios e Lipídios);91209.17;2774;8641.2;2024-09-24;24;2ªQuinzena;set.;2024;Efetivada;32524122000173;32524122;0001;73;1;COOPADES;02;20190122;00;0161099;0111302,0119901,0119905,0119906,0133402,0133408,0133410,0133499,0151201,0151202,0153901,0154700,0155501,0155502,0155503,0155504,0155505,0321301,0322101,1011203;AVENIDA;DA ASSOCIACAO;000;;MATA FRESCA;62808000;;;32524122000173;1321;2301109.0;Aracati;ARACATI;Litoral Leste;Litoral Leste;LOTE 17;IMBRA;Aracati;18.0;35.0;17.0;34.0;1.0;1.0;2.0;3.0;37.0;3.7;COOPADES - COOPERATIVA DA AGRICULTURA FAMILIAR E DESENVOLVIMENTO SOLIDARIO;32524122000173.0;Finalizado;OCB;11/05/2025;19/09/2022 09:50:22;08/07/2025 17:28:14;232.0;60.0;98,71;32524122000173
7409;ASSOCIAÇÃO BENEFICENTE DO CENTRINHO DA UV10;1284429;20241023001315600;107135.19;2024-10-23;32524122000173;COOPADES - COOPERATIVA DA AGRICULTURA FAMILIAR E DO DESENVOLVIMENTO SOLIDARIO;Nota Fiscal;211;Gêneros Alimentícios ( Proteínas, Carboidratos, Hortaliças, Sódios e Lipídios);107135.19;3151;11218.4;2024-10-24;24;2ªQuinzena;out.;2024;Efetivada;32524122000173;32524122;0001;73;1;COOPADES;02;20190122;00;0161099;0111302,0119901,0119905,0119906,0133402,0133408,0133410,0133499,0151201,0151202,0153901,0154700,0155501,0155502,0155503,0155504,0155505,0321301,0322101,1011203;AVENIDA;DA ASSOCIACAO;000;;MATA FRESCA;62808000;;;32524122000173;1321;2301109.0;Aracati;ARACATI;Litoral Leste;Litoral Leste;LOTE 17;IMBRA;Aracati;18.0;35.0;17.0;34.0;1.0;1.0;2.0;3.0;37.0;3.7;COOPADES - COOPERATIVA DA AGRICULTURA FAMILIAR E DESENVOLVIMENTO SOLIDARIO;32524122000173.0;Finalizado;OCB;11/05/2025;19/09/2022 09:50:22;08/07/2025 17:28:14;232.0;60.0;98,71;32524122000173
7419;ASSOCIAÇÃO BENEFICENTE DO CENTRINHO DA UV10;1284429;20241128001337300;184811.3;2024-11-28;32524122000173;COOPADES - COOPERATIVA DA AGRICULTURA FAMILIAR E DO DESENVOLVIMENTO SOLIDARIO;Nota Fiscal;211;Gêneros Alimentícios ( Proteínas, Carboidratos, Hortaliças, Sódios e Lipídios);184811.3;4589;21276.48;2024-11-29;29;2ªQuinzena;nov.;2024;Efetivada;32524122000173;32524122;0001;73;1;COOPADES;02;20190122;00;0161099;0111302,0119901,0119905,0119906,0133402,0133408,0133410,0133499,0151201,0151202,0153901,0154700,0155501,0155502,0155503,0155504,0155505,0321301,0322101,1011203;AVENIDA;DA ASSOCIACAO;000;;MATA FRESCA;62808000;;;32524122000173;1321;2301109.0;Aracati;ARACATI;Litoral Leste;Litoral Leste;LOTE 17;IMBRA;Aracati;18.0;35.0;17.0;34.0;1.0;1.0;2.0;3.0;37.0;3.7;COOPADES - COOPERATIVA DA AGRICULTURA FAMILIAR E DESENVOLVIMENTO SOLIDARIO;32524122000173.0;Finalizado;OCB;11/05/2025;19/09/2022 09:50:22;08/07/2025 17:28:14;232.0;60.0;98,71;32524122000173
7430;ASSOCIAÇÃO BENEFICENTE DO CENTRINHO DA UV10;1284429;20241229001358500;13529.05;2024-12-29;32524122000173;COOPADES - COOPERATIVA DA AGRICULTURA FAMILIAR E DO DESENVOLVIMENTO SOLIDARIO;Nota Fiscal;211;Gêneros Alimentícios ( Proteínas, Carboidratos, Hortaliças, Sódios e Lipídios);13529.05;5445;2664.0;2024-12-30;30;2ªQuinzena;dez.;2024;Efetivada;32524122000173;32524122;0001;73;1;COOPADES;02;20190122;00;0161099;0111302,0119901,0119905,0119906,0133402,0133408,0133410,0133499,0151201,0151202,0153901,0154700,0155501,0155502,0155503,0155504,0155505,0321301,0322101,1011203;AVENIDA;DA ASSOCIACAO;000;;MATA FRESCA;62808000;;;32524122000173;1321;2301109.0;Aracati;ARACATI;Litoral Leste;Litoral Leste;LOTE 17;IMBRA;Aracati;18.0;35.0;17.0;34.0;1.0;1.0;2.0;3.0;37.0;3.7;COOPADES - COOPERATIVA DA AGRICULTURA FAMILIAR E DESENVOLVIMENTO SOLIDARIO;32524122000173.0;Finalizado;OCB;11/05/2025;19/09/2022 09:50:22;08/07/2025 17:28:14;232.0;60.0;98,71;32524122000173
7434;ASSOCIAÇÃO BENEFICENTE DO CENTRINHO DA UV10;1284429;20250119001366000;118870.28;2025-01-19;32524122000173;COOPADES - COOPERATIVA DA AGRICULTURA FAMILIAR E DO DESENVOLVIMENTO SOLIDARIO;Nota Fiscal;211;Gêneros Alimentícios ( Proteínas, Carboidratos, Hortaliças, Sódios e Lipídios);118870.28;5701;5758.1;2025-01-20;20;2ªQuinzena;jan.;2025;Efetivada;32524122000173;32524122;0001;73;1;COOPADES;02;20190122;00;0161099;0111302,0119901,0119905,0119906,0133402,0133408,0133410,0133499,0151201,0151202,0153901,0154700,0155501,0155502,0155503,0155504,0155505,0321301,0322101,1011203;AVENIDA;DA ASSOCIACAO;000;;MATA FRESCA;62808000;;;32524122000173;1321;2301109.0;Aracati;ARACATI;Litoral Leste;Litoral Leste;LOTE 17;IMBRA;Aracati;18.0;35.0;17.0;34.0;1.0;1.0;2.0;3.0;37.0;3.7;COOPADES - COOPERATIVA DA AGRICULTURA FAMILIAR E DESENVOLVIMENTO SOLIDARIO;32524122000173.0;Finalizado;OCB;11/05/2025;19/09/2022 09:50:22;08/07/2025 17:28:14;232.0;60.0;98,71;32524122000173
7445;ASSOCIAÇÃO BENEFICENTE DO CENTRINHO DA UV10;1284429;20250320001391000;100927.37;2025-03-20;32524122000173;COOPADES - COOPERATIVA DA AGRICULTURA FAMILIAR E DO DESENVOLVIMENTO SOLIDARIO;Nota Fiscal;211;Gêneros Alimentícios ( Proteínas, Carboidratos, Hortaliças, Sódios e Lipídios);100927.37;6816;8957.0;2025-03-21;21;2ªQuinzena;mar.;2025;Efetivada;32524122000173;32524122;0001;73;1;COOPADES;02;20190122;00;0161099;0111302,0119901,0119905,0119906,0133402,0133408,0133410,0133499,0151201,0151202,0153901,0154700,0155501,0155502,0155503,0155504,0155505,0321301,0322101,1011203;AVENIDA;DA ASSOCIACAO;000;;MATA FRESCA;62808000;;;32524122000173;1321;2301109.0;Aracati;ARACATI;Litoral Leste;Litoral Leste;LOTE 17;IMBRA;Aracati;18.0;35.0;17.0;34.0;1.0;1.0;2.0;3.0;37.0;3.7;COOPADES - COOPERATIVA DA AGRICULTURA FAMILIAR E DESENVOLVIMENTO SOLIDARIO;32524122000173.0;Finalizado;OCB;11/05/2025;19/09/2022 09:50:22;08/07/2025 17:28:14;232.0;60.0;98,71;32524122000173
7446;ASSOCIAÇÃO BENEFICENTE DO CENTRINHO DA UV10;1284429;20250320001391000;100927.57;2025-03-20;32524122000173;COOPADES - COOPERATIVA DA AGRICULTURA FAMILIAR E DO DESENVOLVIMENTO SOLIDARIO;Nota Fiscal;211;Gêneros Alimentícios ( Proteínas, Carboidratos, Hortaliças, Sódios e Lipídios);100927.57;6853;9349.73;2025-03-21;21;2ªQuinzena;mar.;2025;Efetivada;32524122000173;32524122;0001;73;1;COOPADES;02;20190122;00;0161099;0111302,0119901,0119905,0119906,0133402,0133408,0133410,0133499,0151201,0151202,0153901,0154700,0155501,0155502,0155503,0155504,0155505,0321301,0322101,1011203;AVENIDA;DA ASSOCIACAO;000;;MATA FRESCA;62808000;;;32524122000173;1321;2301109.0;Aracati;ARACATI;Litoral Leste;Litoral Leste;LOTE 17;IMBRA;Aracati;18.0;35.0;17.0;34.0;1.0;1.0;2.0;3.0;37.0;3.7;COOPADES - COOPERATIVA DA AGRICULTURA FAMILIAR E DESENVOLVIMENTO SOLIDARIO;32524122000173.0;Finalizado;OCB;11/05/2025;19/09/2022 09:50:22;08/07/2025 17:28:14;232.0;60.0;98,71;32524122000173
7453;ASSOCIAÇÃO BENEFICENTE DO CENTRINHO DA UV10;1284429;20250423001404600;91606.08;2025-04-23;32524122000173;COOPADES - COOPERATIVA DA AGRICULTURA FAMILIAR E DO DESENVOLVIMENTO SOLIDARIO;Nota Fiscal;211;Gêneros Alimentícios ( Proteínas, Carboidratos, Hortaliças, Sódios e Lipídios);91606.08;7722;9816.1;2025-04-24;24;2ªQuinzena;abr.;2025;Efetivada;32524122000173;32524122;0001;73;1;COOPADES;02;20190122;00;0161099;0111302,0119901,0119905,0119906,0133402,0133408,0133410,0133499,0151201,0151202,0153901,0154700,0155501,0155502,0155503,0155504,0155505,0321301,0322101,1011203;AVENIDA;DA ASSOCIACAO;000;;MATA FRESCA;62808000;;;32524122000173;1321;2301109.0;Aracati;ARACATI;Litoral Leste;Litoral Leste;LOTE 17;IMBRA;Aracati;18.0;35.0;17.0;34.0;1.0;1.0;2.0;3.0;37.0;3.7;COOPADES - COOPERATIVA DA AGRICULTURA FAMILIAR E DESENVOLVIMENTO SOLIDARIO;32524122000173.0;Finalizado;OCB;11/05/2025;19/09/2022 09:50:22;08/07/2025 17:28:14;232.0;60.0;98,71;32524122000173
7460;ASSOCIAÇÃO BENEFICENTE DO CENTRINHO DA UV10;1284429;20250520001416300;95046.68;2025-05-20;32524122000173;COOPADES - COOPERATIVA DA AGRICULTURA FAMILIAR E DO DESENVOLVIMENTO SOLIDARIO;Nota Fiscal;211;Gêneros Alimentícios ( Proteínas, Carboidratos, Hortaliças, Sódios e Lipídios);95046.68;8356;9535.64;2025-05-21;21;2ªQuinzena;mai.;2025;Efetivada;32524122000173;32524122;0001;73;1;COOPADES;02;20190122;00;0161099;0111302,0119901,0119905,0119906,0133402,0133408,0133410,0133499,0151201,0151202,0153901,0154700,0155501,0155502,0155503,0155504,0155505,0321301,0322101,1011203;AVENIDA;DA ASSOCIACAO;000;;MATA FRESCA;62808000;;;32524122000173;1321;2301109.0;Aracati;ARACATI;Litoral Leste;Litoral Leste;LOTE 17;IMBRA;Aracati;18.0;35.0;17.0;34.0;1.0;1.0;2.0;3.0;37.0;3.7;COOPADES - COOPERATIVA DA AGRICULTURA FAMILIAR E DESENVOLVIMENTO SOLIDARIO;32524122000173.0;Finalizado;OCB;11/05/2025;19/09/2022 09:50:22;08/07/2025 17:28:14;232.0;60.0;98,71;32524122000173
7470;ASSOCIAÇÃO BENEFICENTE DO CENTRINHO DA UV10;1284429;20250623001433200;90003.98;2025-06-23;32524122000173;COOPADES - COOPERATIVA DA AGRICULTURA FAMILIAR E DO DESENVOLVIMENTO SOLIDARIO;Nota Fiscal;211;Gêneros Alimentícios ( Proteínas, Carboidratos, Hortaliças, Sódios e Lipídios);90003.98;9146;10096.56;2025-06-24;24;2ªQuinzena;jun.;2025;Efetivada;32524122000173;32524122;0001;73;1;COOPADES;02;20190122;00;0161099;0111302,0119901,0119905,0119906,0133402,0133408,0133410,0133499,0151201,0151202,0153901,0154700,0155501,0155502,0155503,0155504,0155505,0321301,0322101,1011203;AVENIDA;DA ASSOCIACAO;000;;MATA FRESCA;62808000;;;32524122000173;1321;2301109.0;Aracati;ARACATI;Litoral Leste;Litoral Leste;LOTE 17;IMBRA;Aracati;18.0;35.0;17.0;34.0;1.0;1.0;2.0;3.0;37.0;3.7;COOPADES - COOPERATIVA DA AGRICULTURA FAMILIAR E DESENVOLVIMENTO SOLIDARIO;32524122000173.0;Finalizado;OCB;11/05/2025;19/09/2022 09:50:22;08/07/2025 17:28:14;232.0;60.0;98,71;32524122000173
